DBRep_DrawableShape

CASCADE Topology V3, (c) Open Cascade
Locations 81
1
              1               0               0               0 
              0               1               0               0 
              0               0               1               0 
1
              1               0               0               0 
              0               1               0               0 
              0               0               1               0 
1
              1               0               0               0 
              0               1               0               0 
              0               0               1               0 
2  1 1 2 1 3 1 0
1
0.919612461750143 0.392826832324171               0 -0.0692753186946238 
-0.392826832324171 0.919612461750143               0 6.0298426181205 
              0               0               1               0 
1
0.0878458861333288               0 -0.996134077466207 11.9440425227557 
              0               1               0               0 
0.996134077466207               0 0.0878458861333288 -15.9811449172514 
1
              1               0               0               0 
              0 0.979556316520354 0.201170133879452 0.360559192206458 
              0 -0.201170133879452 0.979556316520354 0.610536637349538 
2  5 1 6 1 7 1 0
1
              1 6.12323399573677e-17               0               0 
-6.12323399573677e-17               1               0 9.40116624285165e-16 
              0               0               1               0 
1
1.11022302462516e-16               0               1 17.0129599990496 
              0               1               0               0 
             -1               0 1.11022302462516e-16 13.6935792231886 
1
              1               0               0               0 
              0 1.11022302462516e-16               1 1.65969038793052 
              0              -1 1.11022302462516e-16 -1.65969038793052 
2  9 1 10 1 11 1 0
1
0.969828618615075 0.243787716087533               0 0.903345116802779 
-0.243787716087533 0.969828618615075               0 3.81223029668678 
              0               0               1               0 
1
1.11022302462516e-16               0               1 17.5199955261195 
              0               1               0               0 
             -1               0 1.11022302462516e-16 14.1865436961187 
1
              1               0               0               0 
              0 -0.122823819727537 -0.992428490777818 -3.61168600951254 
              0 0.992428490777818 -0.122823819727537 -0.141196702697184 
2  13 1 14 1 15 1 0
1
0.999989904644688 0.00449339612185444               0 -0.00431954408218793 
-0.00449339612185444 0.999989904644688               0 0.0622888390491362 
              0               0               1               0 
1
0.0846585706117968               0 -0.996410019230019 11.0376848741589 
              0               1               0               0 
0.996410019230019               0 0.0846585706117968 -15.3251737149979 
1
              1               0               0               0 
              0 0.999997457939103 0.00225479829095877 0.00373412349096869 
              0 -0.00225479829095877 0.999997457939103 0.00223356530271501 
2  17 1 18 1 19 1 0
1
0.918918708055862 0.394446964730299               0 0.19903986639795 
-0.394446964730299 0.918918708055862               0 5.98844819793452 
              0               0               1               0 
1
0.0921653670436913               0 -0.995743714576046 11.7246482315068 
              0               1               0               0 
0.995743714576046               0 0.0921653670436913 -16.0527451353666 
1
              1               0               0               0 
              0 0.979363792985224 0.202105321527159 0.374434800574621 
              0 -0.202105321527159 0.979363792985224 0.474356588849299 
2  21 1 22 1 23 1 0
1
              1 1.21856911002324e-17               0               0 
-1.21856911002324e-17               1               0 2.22044604925031e-16 
              0               0               1               0 
1
0.995037190209989               0 -0.099503719020999 -0.0782695048360029 
              0               1               0               0 
0.099503719020999               0 0.995037190209989 -1.40042113155345 
1
              1               0               0               0 
              0              -1 -1.22464679914735e-16 -1.49315461294667 
              0 1.22464679914735e-16              -1 -2.96971496844202 
2  25 1 26 1 27 1 0
1
0.999989904644688 -0.00449339612185444               0 -0.00431954408218793 
0.00449339612185444 0.999989904644688               0 -0.0622888390491362 
              0               0               1               0 
1
0.0846585706117968               0 -0.996410019230019 11.0376848741589 
              0               1               0               0 
0.996410019230019               0 0.0846585706117968 -15.3251737149979 
1
              1               0               0               0 
              0 0.999997457939103 -0.00225479829095877 -0.00373412349096869 
              0 0.00225479829095877 0.999997457939103 0.00223356530271501 
2  29 1 30 1 31 1 0
1
              1               0               0               0 
              0            -0.5 -0.866025403784439 -15.6979393525017 
              0 0.866025403784439            -0.5 7.70318405204068 
1
0.977242755988646 -0.212124010587478               0 -1.72740814075554 
0.212124010587478 0.977242755988646               0 -4.04391963461174 
              0               0               1               0 
1
0.0250533761158439               0 -0.999686114910674 16.8529735540952 
              0               1               0               0 
0.999686114910674               0 0.0250533761158439 -18.6406470275096 
1
              1               0               0               0 
              0 0.994290940177328 -0.1067029815951 -0.130064960518496 
              0 0.1067029815951 0.994290940177328 1.07090354162526 
2  33 1 34 1 35 1 36 1 0
1
0.919612461750143 -0.392826832324171               0 -0.0692753186946238 
0.392826832324171 0.919612461750143               0 -6.0298426181205 
              0               0               1               0 
1
0.0878458861333288               0 -0.996134077466207 11.9440425227557 
              0               1               0               0 
0.996134077466207               0 0.0878458861333288 -15.9811449172514 
1
              1               0               0               0 
              0 0.979556316520354 -0.201170133879452 -0.360559192206458 
              0 0.201170133879452 0.979556316520354 0.610536637349538 
2  38 1 39 1 40 1 0
1
              1 2.4488038864837e-18               0               0 
-2.4488038864837e-18               1               0               0 
              0               0               1               0 
1
0.999800059980007               0 -0.0199960011996002 -0.0100600831726325 
              0               1               0               0 
0.0199960011996002               0 0.999800059980007 -0.360064597971855 
1
              1               0               0               0 
              0              -1 -1.22464679914735e-16 -19.1328865323667 
              0 1.22464679914735e-16              -1 -1.36617350600865 
2  42 1 43 1 44 1 0
1
              1 1.21856911002324e-17               0               0 
-1.21856911002324e-17               1               0               0 
              0               0               1               0 
1
0.995037190209989               0 -0.099503719020999 -0.0653414470598968 
              0               1               0               0 
0.099503719020999               0 0.995037190209989 -1.45962708198705 
1
              1               0               0               0 
              0              -1 -1.22464679914735e-16 5.53288653236667 
              0 1.22464679914735e-16              -1 -2.76971496844202 
2  46 1 47 1 48 1 0
1
              1 -8.78288963454364e-18               0               0 
8.78288963454364e-18               1               0 -1.11022302462516e-16 
              0               0               1               0 
1
-0.999914494469084               0 0.0130768402389648 32.3311962394937 
              0               1               0               0 
-0.0130768402389648               0 -0.999914494469084 -2.5885960179159 
1
              1               0               0               0 
              0 -4.44089209850063e-16               1 0.402055006231782 
              0              -1 -4.44089209850063e-16 -2.39794499376822 
2  50 1 51 1 52 1 0
1
              1               0               0               0 
              0               1               0               0 
              0               0               1               0 
1
              1               0               0               0 
              0               1               0               0 
              0               0               1               0 
1
              1               0               0               0 
              0               1               0               0 
              0               0               1               0 
2  54 1 55 1 56 1 0
1
              1 1.21856911002324e-17               0               0 
-1.21856911002324e-17               1               0 2.22044604925031e-16 
              0               0               1               0 
1
0.995037190209989               0 -0.099503719020999 -0.0782695048360029 
              0               1               0               0 
0.099503719020999               0 0.995037190209989 -1.40042113155345 
1
              1               0               0               0 
              0              -1 -1.22464679914735e-16 1.49315461294667 
              0 1.22464679914735e-16              -1 -2.96971496844202 
2  58 1 59 1 60 1 0
1
0.969828618615075 -0.243787716087533               0 0.903345116802779 
0.243787716087533 0.969828618615075               0 -3.81223029668678 
              0               0               1               0 
1
1.11022302462516e-16               0               1 17.5199955261195 
              0               1               0               0 
             -1               0 1.11022302462516e-16 14.1865436961187 
1
              1               0               0               0 
              0 -0.122823819727537 0.992428490777818 3.61168600951254 
              0 -0.992428490777818 -0.122823819727537 -0.141196702697184 
2  62 1 63 1 64 1 0
1
              1 6.12323399573677e-17               0               0 
-6.12323399573677e-17               1               0 9.70732794263849e-16 
              0               0               1               0 
1
1.11022302462516e-16               0               1 17.6129599990496 
              0               1               0               0 
             -1               0 1.11022302462516e-16 14.0935792231886 
1
              1               0               0               0 
              0 1.11022302462516e-16               1 1.75969038793052 
              0              -1 1.11022302462516e-16 -1.75969038793052 
2  66 1 67 1 68 1 0
1
0.918918708055862 -0.394446964730299               0 0.19903986639795 
0.394446964730299 0.918918708055862               0 -5.98844819793452 
              0               0               1               0 
1
0.0921653670436913               0 -0.995743714576046 11.7246482315068 
              0               1               0               0 
0.995743714576046               0 0.0921653670436913 -16.0527451353666 
1
              1               0               0               0 
              0 0.979363792985224 -0.202105321527159 -0.374434800574621 
              0 0.202105321527159 0.979363792985224 0.474356588849299 
2  70 1 71 1 72 1 0
1
              1 2.4488038864837e-18               0               0 
-2.4488038864837e-18               1               0               0 
              0               0               1               0 
1
0.999800059980007               0 -0.0199960011996002 -0.0100600831726325 
              0               1               0               0 
0.0199960011996002               0 0.999800059980007 -0.360064597971855 
1
              1               0               0               0 
              0              -1 -1.22464679914735e-16 19.1328865323667 
              0 1.22464679914735e-16              -1 -1.36617350600865 
2  74 1 75 1 76 1 0
1
              1 1.21856911002324e-17               0               0 
-1.21856911002324e-17               1               0               0 
              0               0               1               0 
1
0.995037190209989               0 -0.099503719020999 -0.0653414470598968 
              0               1               0               0 
0.099503719020999               0 0.995037190209989 -1.45962708198705 
1
              1               0               0               0 
              0              -1 -1.22464679914735e-16 -5.53288653236667 
              0 1.22464679914735e-16              -1 -2.76971496844202 
2  78 1 79 1 80 1 0
Curve2ds 1700
1 0 0 1 0 
2 3.3300031398342471e-16 0 1 0 -0 1 0.023999999999999876
1 0 0 1 0 
2 3.3300031398342535e-16 0 1 0 -0 1 0.021599999999999921
2 3.3300031398342471e-16 0 1 0 -0 1 0.021599999999999883
8 0 0.068339998000399541
1 6.2831853071795862 0 0 1 
1 0 0 0 1 
1 0 0.068339998000399541 1 0 
2 3.3300031398342471e-16 0 1 0 -0 1 0.023999999999999876
8 0 0.068339998000399541
1 6.2831853071795862 0 0 1 
1 0 0 0 1 
1 0 0.068339998000399541 1 0 
2 3.3300031398342535e-16 0 1 0 -0 1 0.021599999999999921
2 3.3300031398342471e-16 0 1 0 -0 1 0.021599999999999883
1 0 0 1 0 
1 0 0 1 0 
1 0.052799999999999958 0 0 -1 
1 0 0 0 1 
1 0 0 0 -1 
1 0 0 0 1 
1 0 -0.052800000000000402 1 0 
1 0 0 1 0 
1 0 0 1 0 
2 0 0 1 0 -0 1 0.024
2 0.026399999999999979 -0.026399999999999757 -1 0 0 1 0.024000000000000021
1 0 0 0 1 
1 0 0 1 0 
1 0 0 1 0 
1 0 0.052799999999999514 1 0 
1 0.052799999999999958 0 0 1 
1 0 0 1 0 
1 0.052799999999999958 0 0 1 
1 0 0.052800000000000402 1 0 
1 0.052799999999999958 0 0 -1 
1 0.052799999999999514 0 0 1 
1 0 0 0 1 
1 0 0.052800000000000402 1 0 
1 0 0 0 -1 
1 0.052799999999999514 0 0 1 
1 0 -0.052800000000000402 1 0 
1 0 0.052799999999999514 1 0 
1 0 0.052800000000000007 1 0 
2 0 0 1 0 -0 1 0.024
1 6.2831853071795862 -0 0 1 
1 0 -0 0 1 
1 0 0 1 0 
2 0 0 1 0 -0 1 0.024
2 0.026399999999999979 -0.026399999999999757 1 0 -0 1 0.024000000000000021
1 0 0.052800000000000007 1 0 
2 0 0 1 0 -0 1 0.02
2 0 -0 1 0 -0 1 0.020000000000000018
1 0 0.052800000000000007 1 0 
2 0 0 1 0 -0 1 0.024
1 6.2831853071795862 -0 0 1 
1 0 -0 0 1 
1 6.2831853071795862 -0 0 1 
1 0 -0 0 1 
1 0 0 1 0 
2 0 0 1 0 -0 1 0.02
2 0 -0 1 0 -0 1 0.020000000000000018
2 0.026399999999999979 -0.026399999999999757 -1 0 0 1 0.020000000000000018
1 0 0.052800000000000007 1 0 
2 0 0 1 0 -0 1 0.02
2 0 0 1 0 -0 1 0.020000000000000018
1 6.2831853071795862 -0 0 1 
1 0 -0 0 1 
1 0 0 1 0 
2 0 0 1 0 -0 1 0.02
2 0 0 1 0 -0 1 0.020000000000000018
2 0.026399999999999979 -0.026399999999999757 1 0 -0 1 0.020000000000000018
1 6.2831853071795862 -0 0 1 
1 0 -0 0 1 
1 0 0 1 0 
2 0 0 1 0 -0 1 0.10000000000000001
1 0 0.20000000000000001 1 0 
2 0 0 1 0 -0 1 0.10000000000000001
7 0 0  7 38 7  2.9606062023432456 0.050000000000000711  2.9606062023432456 0.046732955376649454  2.9676395756069609 0.043492209953367042  2.9814994885293271 0.040438231730158578  3.0015663271065591 0.037724106509098285  3.0267579154018884 0.035490512617159554  3.0556031032412365 0.033865190504066625  3.1044128413914085 0.032281721240873501  3.1236377071026014 0.031913911114176095  3.1431956430998746 0.031790730965914227  3.1627731352736395 0.03191423205662125  3.1820441956962027 0.032281159445178696  3.2006544577516545 0.03288483654447831  3.2443817673115936 0.034936435599150349  3.2685376805540942 0.036658544122690907  3.2893199755268125 0.038833904321872399  3.3056827775949986 0.041367815524320561  3.3169095130634885 0.044149516349300755  3.3225791048363402 0.047066494401651705  3.3225791048363407 0.053267044623491439  3.3155457315720112 0.056507790046325591  3.3016858186528899 0.059561768270064062  3.2816189800686741 0.062275893490927089  3.2564273917810582 0.064509487382742536  3.2275822039372764 0.066134809495969629  3.1787714474558455 0.06771831179552619  3.1595466596928103 0.068086109215417565  3.1399886983866887 0.068209273892822539  3.1204112191144264 0.06808574968335375  3.1011405548539175 0.067718812411123305  3.0825309178522136 0.067115166665855402  3.0388036887614644 0.065063571386638847  3.0146481113518555 0.063341486496311744  2.9938652068888061 0.061166121324447507  2.977501940247103 0.058632137766203032  2.9662754549221089 0.055850361985325454  2.960606202343246 0.052933417509989741  2.960606202343246 0.050000000000000717 
 0 8 0.19919432131274553 6 0.32047915698434315 6 0.49961072919685356 6 0.69910952688921502 6 0.82058644769559108 6 1 8
7 0 0  7 38 7  0 0.0083666610188634222  0.18150247907506978 0.0083666610188634222  0.36155272510898595 0.0084932724545423201  0.5409397111515073 0.0087426924383905234  0.72042563522616487 0.0090734127437734763  0.89994191779885213 0.0094087913763158428  1.0796946538635428 0.0096764359733681055  1.3643732191954572 0.0099479306677971949  1.4722249822463538 0.010015077142477119  1.5797602911487605 0.010038621009665852  1.6872478483134918 0.010015503457990951  1.7948579300908238 0.0099475975773669206  1.9025460250282891 0.0098411792988578085  2.1702380605911284 0.0095060520069012184  2.3317251290058789 0.0092419319703768849  2.4933639945361992 0.0089453015874420682  2.6549159673888485 0.0086709461005353202  2.8165832296177724 0.0084686482048822002  2.9786201203481815 0.0083666610188634222  3.3230951326726115 0.0083666610188634222  3.5031453786839846 0.0084932724545456768  3.6825323647444828 0.0087426924383713737  3.862018288832294 0.009073412743806384  4.041534571370887 0.0094087913762925177  4.2212873074595976 0.0096764359733740746  4.5059718121202765 0.0099479363320731286  4.6138229379333211 0.010015080638846449  4.7213581618074283 0.010038621592819374  4.8288458122781908 0.010015500148260402  4.9364539218817685 0.0099475928723060068  5.0441382597348792 0.0098411798232633761  5.3118298026774058 0.0095060531480248411  5.4733147397604096 0.0092419387703742729  5.6349561519598934 0.0089453003252926398  5.7965125254402379 0.008670937390746836  5.958182109852225 0.0084686422117732918  6.1202176677357514 0.0083666610188634222  6.2831853071795862 0.0083666610188634222 
 0 8 0.19919432131274553 6 0.32047915698434315 6 0.49961072919685356 6 0.69910952688921502 6 0.82058644769559108 6 1 8
1 6.2831853071795862 -0 0 1 
1 0 -0 0 1 
1 0 0 1 0 
2 0 0 1 0 -0 1 0.017999999999999999
1 0 0 1 0 
2 1.7763568394002505e-15 2.2204460492503131e-16 0 -1 1 0 0.020000000000000018
1 0 0 1 0 
2 0 0 1 0 -0 1 0.018000000000000016
2 1.7763568394002505e-15 2.2204460492503131e-16 0 -1 1 0 0.018000000000000016
8 0 0.96255246301134567
1 6.2831853071795862 0 0 1 
1 0 0 0 1 
1 0 0.96255246301134567 1 0 
8 0 6.2831853071795862
1 0 0 1 0 
8 0 0.96255246301134567
1 6.2831853071795862 0 0 1 
1 0 0 0 1 
1 0 0.96255246301134567 1 0 
8 0 6.2831853071795862
1 0 0 1 0 
8 0 1
1 6.2831853071795862 0 0 1 
1 0 0 0 1 
1 0 1 1 0 
8 0 6.2831853071795862
1 0 0 1 0 
8 0 1
1 6.2831853071795862 0 0 1 
1 0 0 0 1 
1 0 1 1 0 
8 0 6.2831853071795862
1 0 0 1 0 
8 0 0.7271640207040424
1 6.2831853071795862 0 0 1 
1 0 0 0 1 
1 0 0.7271640207040424 1 0 
2 1.7763568394002505e-15 2.2036339215110669e-16 1.139255651496076e-42 -1 1 1.139255651496076e-42 0.019999999999999938
8 0 0.7271640207040424
1 6.2831853071795862 0 0 1 
1 0 0 0 1 
1 0 0.7271640207040424 1 0 
2 0 0 1 0 -0 1 0.017999999999999877
2 1.7763568394002505e-15 2.2036339215110669e-16 1.139255651496076e-42 -1 1 1.139255651496076e-42 0.017999999999999877
1 0 0 1 0 
2 0 0 1 6.5127350793957688e-57 -6.5127350793957688e-57 1 0.018000000000000682
1 0 0 1 0 
2 0 1.1102230246251565e-16 1 4.6244334495886437e-56 -4.6244334495886437e-56 1 0.015999999999998238
2 0 0 1 6.5127350793957688e-57 -6.5127350793957688e-57 1 0.015999999999998238
8 0 0.15882260575760387
1 6.2831853071795862 0 0 1 
1 0 0 0 1 
1 0 0.15882260575760387 1 0 
8 0 6.2831853071795862
1 0 0 1 0 
8 0 0.15882260575760387
1 6.2831853071795862 0 0 1 
1 0 0 0 1 
1 0 0.15882260575760387 1 0 
8 0 6.2831853071795862
1 0 0 1 0 
8 0 1
1 6.2831853071795862 0 0 1 
1 0 0 0 1 
1 0 1 1 0 
8 0 6.2831853071795862
1 0 0 1 0 
8 0 1
1 6.2831853071795862 0 0 1 
1 0 0 0 1 
1 0 1 1 0 
8 0 6.2831853071795862
1 0 0 1 0 
8 0 0.22215987110675348
1 6.2831853071795862 0 0 1 
1 0 0 0 1 
1 0 0.22215987110675348 1 0 
2 -2.0303724769821303e-18 1.1097177681523081e-16 1 -1.3877787807814457e-17 1.3877787807814457e-17 1 0.017999999999999995
8 0 0.22215987110675348
1 6.2831853071795862 0 0 1 
1 0 0 0 1 
1 0 0.22215987110675348 1 0 
2 -4.0607449539642607e-18 2.2194355363046163e-16 1 -1.3877787807814457e-17 1.3877787807814457e-17 1 0.016000000000000025
2 -2.0303724769821303e-18 1.1097177681523081e-16 1 -1.3877787807814457e-17 1.3877787807814457e-17 1 0.016000000000000025
1 0 0 1 0 
2 0 0 1 0 -0 1 0.024000000000000066
1 0 0 1 0 
2 -2.2094263978589032e-16 -1.1102230246251568e-16 1 -1.2942249226282225e-30 1.2942249226282225e-30 1 0.021599999999999928
2 0 0 1 0 -0 1 0.021599999999999928
8 0 0.37031502484483592
1 6.2831853071795862 0 0 1 
1 0 0 0 1 
1 0 0.37031502484483592 1 0 
2 0 0 1 0 -0 1 0.024000000000000066
8 0 0.37031502484483592
1 6.2831853071795862 0 0 1 
1 0 0 0 1 
1 0 0.37031502484483592 1 0 
2 -2.2094263978589032e-16 -1.1102230246251568e-16 1 -1.2942249226282225e-30 1.2942249226282225e-30 1 0.021599999999999928
2 0 0 1 0 -0 1 0.021599999999999928
1 0 0 1 0 
2 -1.7763568394002505e-15 -2.2204460492503131e-16 0 1 -1 0 0.020000000000000018
1 0 0 1 0 
2 -2.2204460492503131e-16 0 1 0 -0 1 0.018000000000000016
2 -1.7763568394002505e-15 -2.2204460492503131e-16 0 1 -1 0 0.018000000000000016
8 0 0.96255246301134567
1 6.2831853071795862 0 0 1 
1 0 0 0 1 
1 0 0.96255246301134567 1 0 
8 0 6.2831853071795862
1 0 0 1 0 
8 0 0.96255246301134567
1 6.2831853071795862 0 0 1 
1 0 0 0 1 
1 0 0.96255246301134567 1 0 
8 0 6.2831853071795862
1 0 0 1 0 
8 0 1
1 6.2831853071795862 0 0 1 
1 0 0 0 1 
1 0 1 1 0 
8 0 6.2831853071795862
1 0 0 1 0 
8 0 1
1 6.2831853071795862 0 0 1 
1 0 0 0 1 
1 0 1 1 0 
8 0 6.2831853071795862
1 0 0 1 0 
8 0 0.7271640207040424
1 6.2831853071795862 0 0 1 
1 0 0 0 1 
1 0 0.7271640207040424 1 0 
2 -1.7763568394002505e-15 -2.2036339215110669e-16 1.139255651496076e-42 1 -1 1.139255651496076e-42 0.019999999999999938
8 0 0.7271640207040424
1 6.2831853071795862 0 0 1 
1 0 0 0 1 
1 0 0.7271640207040424 1 0 
2 -2.2036339215110669e-16 0 1 0 -0 1 0.017999999999999877
2 -1.7763568394002505e-15 -2.2036339215110669e-16 1.139255651496076e-42 1 -1 1.139255651496076e-42 0.017999999999999877
1 0 0 1 0 
2 0 0 1 0 -0 1 0.024000000000000066
1 0 0 1 0 
2 -2.2094263978589032e-16 -1.1102230246251568e-16 1 -1.4174844390690056e-30 1.4174844390690056e-30 1 0.021599999999999928
2 0 0 1 0 -0 1 0.021599999999999928
8 0 0.068818756211208532
1 6.2831853071795862 0 0 1 
1 0 0 0 1 
1 0 0.068818756211208532 1 0 
2 0 0 1 0 -0 1 0.024000000000000066
8 0 0.068818756211208532
1 6.2831853071795862 0 0 1 
1 0 0 0 1 
1 0 0.068818756211208532 1 0 
2 -2.2094263978589032e-16 -1.1102230246251568e-16 1 -1.4174844390690056e-30 1.4174844390690056e-30 1 0.021599999999999928
2 0 0 1 0 -0 1 0.021599999999999928
1 0 0 1 0 
2 -4.4188527957178114e-16 0 1 0 -0 1 0.024000000000000066
1 0 0 1 0 
2 -2.2094263978589032e-16 -1.3133955632650705e-32 1 -1.3435287292045357e-30 1.3435287292045357e-30 1 0.021599999999999928
2 -4.4188527957178114e-16 0 1 0 -0 1 0.021599999999999928
8 0 0.068818756211208532
1 6.2831853071795862 0 0 1 
1 0 0 0 1 
1 0 0.068818756211208532 1 0 
2 -4.4188527957178114e-16 0 1 0 -0 1 0.024000000000000066
8 0 0.068818756211208532
1 6.2831853071795862 0 0 1 
1 0 0 0 1 
1 0 0.068818756211208532 1 0 
2 -2.2094263978589032e-16 -1.3133955632650705e-32 1 -1.3435287292045357e-30 1.3435287292045357e-30 1 0.021599999999999928
2 -4.4188527957178114e-16 0 1 0 -0 1 0.021599999999999928
1 0 0 1 0 
1 0 0 1 0 
1 0.052799999999999958 0 0 -1 
1 0 0 0 1 
1 0 0 0 -1 
1 0 0 0 1 
1 0 -0.052800000000000007 1 0 
1 0 0 1 0 
1 0 0 1 0 
2 0 0 1 0 -0 1 0.024
2 0.026399999999999979 -0.026400000000000003 -1 0 0 1 0.024000000000000021
1 0 0 0 1 
1 0 0 1 0 
1 0 0 1 0 
1 0 0.052799999999999514 1 0 
1 0.052799999999999958 0 0 1 
1 0 0 1 0 
1 0.052799999999999958 0 0 1 
1 0 0.052800000000000007 1 0 
1 0.052799999999999958 0 0 -1 
1 0.052799999999999514 0 0 1 
1 0 0 0 1 
1 0 0.052800000000000007 1 0 
1 0 0 0 -1 
1 0.052799999999999514 0 0 1 
1 0 -0.052800000000000007 1 0 
1 0 0.052799999999999514 1 0 
1 0 0.052800000000000007 1 0 
2 0 0 1 0 -0 1 0.024
1 6.2831853071795862 -0 0 1 
1 0 -0 0 1 
1 0 0 1 0 
2 0 0 1 0 -0 1 0.024
2 0.026399999999999979 -0.026400000000000003 1 0 -0 1 0.024000000000000021
1 0 0.052800000000000007 1 0 
2 0 0 1 0 -0 1 0.02
2 0 -0 1 0 -0 1 0.020000000000000018
1 0 0.052800000000000007 1 0 
2 0 0 1 0 -0 1 0.024
1 6.2831853071795862 -0 0 1 
1 0 -0 0 1 
1 6.2831853071795862 -0 0 1 
1 0 -0 0 1 
1 0 0 1 0 
2 0 0 1 0 -0 1 0.02
2 0 -0 1 0 -0 1 0.020000000000000018
2 0.026399999999999979 -0.026400000000000003 -1 0 0 1 0.020000000000000018
1 0 0.052800000000000007 1 0 
2 0 0 1 0 -0 1 0.02
2 0 0 1 0 -0 1 0.020000000000000018
1 6.2831853071795862 -0 0 1 
1 0 -0 0 1 
1 0 0 1 0 
2 0 0 1 0 -0 1 0.02
2 0 0 1 0 -0 1 0.020000000000000018
2 0.026399999999999979 -0.026400000000000003 1 0 -0 1 0.020000000000000018
1 0 0 1 0 
1 0 0 1 0 
1 0.052799999999999958 0 0 -1 
1 0 0 0 1 
1 0 0 0 -1 
1 0 0 0 1 
1 0 -0.052799999999999958 1 0 
1 0 0 1 0 
1 0 0 1 0 
2 0 0 1 0 -0 1 0.024
2 0.026399999999999979 -0.026399999999999979 -1 0 0 1 0.024000000000000021
1 0 0 0 1 
1 0 0 1 0 
1 0 0 1 0 
1 0 0.052799999999999514 1 0 
1 0.052799999999999958 0 0 1 
1 0 0 1 0 
1 0.052799999999999958 0 0 1 
1 0 0.052799999999999958 1 0 
1 0.052799999999999958 0 0 -1 
1 0.052799999999999514 0 0 1 
1 0 0 0 1 
1 0 0.052799999999999958 1 0 
1 0 0 0 -1 
1 0.052799999999999514 0 0 1 
1 0 -0.052799999999999958 1 0 
1 0 0.052799999999999514 1 0 
1 0 0.052800000000000007 1 0 
2 0 0 1 0 -0 1 0.024
1 6.2831853071795862 -0 0 1 
1 0 -0 0 1 
1 0 0 1 0 
2 0 0 1 0 -0 1 0.024
2 0.026399999999999979 -0.026399999999999979 1 0 -0 1 0.024000000000000021
1 0 0.052800000000000007 1 0 
2 0 0 1 0 -0 1 0.02
2 0 -0 1 0 -0 1 0.020000000000000018
1 0 0.052800000000000007 1 0 
2 0 0 1 0 -0 1 0.024
1 6.2831853071795862 -0 0 1 
1 0 -0 0 1 
1 6.2831853071795862 -0 0 1 
1 0 -0 0 1 
1 0 0 1 0 
2 0 0 1 0 -0 1 0.02
2 0 -0 1 0 -0 1 0.020000000000000018
2 0.026399999999999979 -0.026399999999999979 -1 0 0 1 0.020000000000000018
1 0 0.052800000000000007 1 0 
2 0 0 1 0 -0 1 0.02
2 0 0 1 0 -0 1 0.020000000000000018
1 6.2831853071795862 -0 0 1 
1 0 -0 0 1 
1 0 0 1 0 
2 0 0 1 0 -0 1 0.02
2 0 0 1 0 -0 1 0.020000000000000018
2 0.026399999999999979 -0.026399999999999979 1 0 -0 1 0.020000000000000018
1 0 0 1 0 
2 0 -1.7763568394002505e-15 1 0 -0 1 0.040000000000000036
1 0 0 1 0 
2 0 1.7763568394002505e-15 1 0 -0 1 0.036000000000000032
2 0 -1.7763568394002505e-15 1 0 -0 1 0.036000000000000032
8 0 1.8499063479617575
1 6.2831853071795862 0 0 1 
1 0 0 0 1 
1 0 1.8499063479617575 1 0 
7 0 0  8 30 5  1.1102230246251565e-16 0  0.19923156561542116 0  0.39944015850238757 0  0.58105299438426372 0  0.80715971274737597 0  0.97198615286764001 0  1.1786781540224109 0  1.3745656836402251 0  1.7671595309883354 0  1.9634793593327613 0  2.1598169731709396 0  2.3561672533264257 0  2.5525250806226083 0  2.7488853358828758 0  2.9452428999308462 0  3.337942407248716 0  3.5342999712968552 0  3.730660226556695 0  3.9270180538535095 0  4.123368334008366 0  4.3197059478469662 0  4.5160257761912357 0  4.9086196235393089 0  5.1045071531574431 0  5.3111991543122965 0  5.4760255944303173 0  5.7021323127967545 0  5.8837451486757919 0  6.0839537415641507 0  6.2831853071795862 0 
 0 9 1.5707963267948966 7 3.1415926535897931 7 4.7123889803846897 7 6.2831853071795862 9
8 0 1.8499063479617575
1 6.2831853071795862 0 0 1 
1 0 0 0 1 
1 0 1.8499063479617575 1 0 
7 0 0  11 62 7  5.5511151231257827e-17 0  0.072447842041969399 0  0.14174655887369367 0  0.23725139666689829 0  0.24939958621587918 0  0.36425746879858273 0  0.45761428359800443 0  0.48431925584037305 0  0.57651828470340993 0  0.64884395002880013 0  0.71703922760279459 0  0.85604620241733365 0  0.9242695186388864 0  1.0061576872124225 0  1.0932342829844492 0  1.1130166037708704 0  1.2064902863253602 0  1.3228406627538225 0  1.3345840950803574 0  1.4316061125718682 0  1.4999910715848079 0  1.7145686287931465 0  1.8482732622154039 0  2.0239747488339299 0  2.0992887040389512 0  2.3335828277247908 0  2.3894661499823986 0  2.5905223550959331 0  2.7065221427458557 0  2.8570914602893631 0  2.998793406212183 0  3.2843919009674112 0  3.4260938468904127 0  3.5766631644320728 0  3.6926629520888579 0  3.8937191571888889 0  3.9496024794627318 0  4.1838966031358353 0  4.2592105583476751 0  4.4349120449635757 0  4.5686166783866229 0  4.7831942355946078 0  4.851579194608977 0  4.948601212095781 0  4.960344644432193 0  5.0766950208445332 0  5.1701687034194279 0  5.1899510241869367 0  5.2770276199713679 0  5.3589157885390186 0  5.4271391047627233 0  5.5661460795762041 0  5.6343413571526497 0  5.7066670224709268 0  5.7988660513496022 0  5.8255710235682754 0  5.9189278383900614 0  6.0337857209602443 0  6.0459339105140524 0  6.1414387483046102 0  6.2107374651379699 0  6.2831853071795862 0 
 0 12 0.78539816339744828 10 1.5707963267948966 10 3.1415926535897931 10 4.7123889803846897 10 5.497787143782138 10 6.2831853071795862 12
8 0 1
1 6.2831853071795862 0 0 1 
1 0 0 0 1 
1 0 1 1 0 
7 0 0  7 8 2  0 0  0.88461351588206549 0  1.8191341519275943 0  2.6642559638960317 0  3.6189293432836562 0  4.4640511552519087 0  5.3985717912974325 0  6.2831853071795862 0 
 0 8 6.2831853071795862 8
8 0 1
1 6.2831853071795862 0 0 1 
1 0 0 0 1 
1 0 1 1 0 
7 0 0  7 8 2  4.4408920985006262e-16 0  0.88461351588203219 0  1.8213136996641597 0  2.6591205702560359 0  3.6240647369241716 0  4.4618716075150804 0  5.3985717912973765 0  6.2831853071795862 0 
 0 8 6.2831853071795862 8
8 0 1.0663802761982764
1 6.2831853071795862 0 0 1 
1 0 0 0 1 
1 0 1.0663802761982764 1 0 
7 0 0  8 30 5  -1.1102230246251565e-16 0  0.19923156561541527 0  0.39944015850224196 0  0.58105299438450431 0  0.8071597127470187 0  0.97198615286778478 0  1.1786781540223972 0  1.3745656836402271 0  1.7671595309883312 0  1.9634793593327733 0  2.1598169731709178 0  2.3561672533264559 0  2.5525250806225799 0  2.7488853358828944 0  2.9452428999308418 0  3.33794240724872 0  3.5342999712968455 0  3.7306602265567097 0  3.9270180538534829 0  4.1233683340083873 0  4.3197059478469519 0  4.5160257761912375 0  4.9086196235393249 0  5.1045071531573845 0  5.31119915431149 0  5.476025594432735 0  5.7021323127950794 0  5.8837451486775718 0  6.083953741564156 0  6.2831853071795853 0 
 0 9 1.5707963267948966 7 3.1415926535897931 7 4.7123889803846897 7 6.2831853071795862 9
8 0 1.0663802761982764
1 6.2831853071795862 0 0 1 
1 0 0 0 1 
1 0 1.0663802761982764 1 0 
7 0 0  11 62 7  0 0  0.072447842041961946 0  0.14174655887367504 0  0.23725139666825942 0  0.24939958621398048 0  0.36425746879882076 0  0.45761428359971895 0  0.4843192558390238 0  0.57651828470354471 0  0.6488439500288371 0  0.71703922760283911 0  0.85604620241737372 0  0.92426951863868956 0  1.0061576872127345 0  1.0932342829835007 0  1.1130166037720743 0  1.2064902863245419 0  1.3228406627542324 0  1.3345840950801533 0  1.4316061125719619 0  1.4999910715847848 0  1.7145686287931934 0  1.8482732622149396 0  2.0239747488360798 0  2.0992887040332611 0  2.333582827734793 0  2.3894661499705849 0  2.5905223551055072 0  2.7065221427408463 0  2.8570914602908877 0  2.9987934062121417 0  3.2843919009674312 0  3.4260938468919631 0  3.5766631644264533 0  3.6926629521005845 0  3.8937191571732988 0  3.9496024794772189 0  4.1838966031269011 0  4.2592105583511053 0  4.4349120449630757 0  4.5686166783865731 0  4.7831942355946628 0  4.8515791946082647 0  4.9486012120985334 0  4.9603446444272388 0  5.0766950208480859 0  5.1701687034186925 0  5.1899510241876872 0  5.277027619969016 0  5.3589157885401315 0  5.4271391047627002 0  5.5661460795758151 0  5.6343413571519898 0  5.7066670224690386 0  5.798866051354425 0  5.8255710235613583 0  5.9189278383878356 0  6.0337857209710544 0  6.0459339105062346 0  6.1414387483048349 0  6.210737465137921 0  6.2831853071795862 0 
 0 12 0.78539816339744828 10 1.5707963267948966 10 3.1415926535897931 10 4.7123889803846897 10 5.497787143782138 10 6.2831853071795862 12
8 0 1
1 6.2831853071795862 0 0 1 
1 0 0 0 1 
1 0 1 1 0 
7 0 0  7 8 2  4.4408920985006262e-16 0  0.88461351588208947 0  1.8191341519268402 0  2.6642559638981447 0  3.6189293432810188 0  4.4640511552534656 0  5.3985717912971838 0  6.2831853071795862 0 
 0 8 6.2831853071795862 8
8 0 1
1 6.2831853071795862 0 0 1 
1 0 0 0 1 
1 0 1 1 0 
7 0 0  7 8 2  -4.4408920985006262e-16 0  0.88461351588199233 0  1.8213136996643573 0  2.6591205702554079 0  3.6240647369251913 0  4.4618716075146292 0  5.3985717912972246 0  6.2831853071795862 0 
 0 8 6.2831853071795862 8
8 0 3.368173914878934
1 6.2831853071795862 0 0 1 
1 0 0 0 1 
1 0 3.368173914878934 1 0 
7 0 0  8 30 5  -1.1102230246251565e-16 0  0.19923156561540728 0  0.39944015850286918 0  0.58105299438360836 0  0.80715971274755449 0  0.97198615286772627 0  1.178678154022355 0  1.3745656836402269 0  1.7671595309883341 0  1.9634793593327653 0  2.1598169731709285 0  2.3561672533264453 0  2.5525250806225843 0  2.7488853358828935 0  2.9452428999308404 0  3.3379424072487209 0  3.5342999712968366 0  3.7306602265567244 0  3.9270180538534549 0  4.1233683340084086 0  4.3197059478469377 0  4.5160257761912392 0  4.9086196235393311 0  5.1045071531572699 0  5.3111991543114776 0  5.4760255944332377 0  5.7021323127945731 0  5.883745148679326 0  6.0839537415640912 0  6.2831853071795862 0 
 0 9 1.5707963267948966 7 3.1415926535897931 7 4.7123889803846897 7 6.2831853071795862 9
8 0 3.368173914878934
1 6.2831853071795862 0 0 1 
1 0 0 0 1 
1 0 3.368173914878934 1 0 
7 0 0  11 62 7  5.5511151231257827e-17 0  0.072447842041962654 0  0.14174655887381879 0  0.23725139666640074 0  0.24939958621688316 0  0.36425746879813259 0  0.45761428359734341 0  0.48431925584056079 0  0.57651828470326383 0  0.64884395002852724 0  0.7170392276027121 0  0.85604620241736062 0  0.92426951863913764 0  1.0061576872117497 0  1.0932342829837427 0  1.1130166037718623 0  1.2064902863262623 0  1.3228406627515839 0  1.3345840950815915 0  1.4316061125715971 0  1.4999910715848388 0  1.7145686287931066 0  1.8482732622148756 0  2.0239747488374547 0  2.099288704030644 0  2.3335828277364459 0  2.3894661499726486 0  2.5905223551006316 0  2.7065221427454316 0  2.857091460288959 0  2.9987934062122501 0  3.2843919009673241 0  3.4260938468887172 0  3.576663164440113 0  3.6926629520684724 0  3.8937191572192842 0  3.9496024794320745 0  4.1838966031555209 0  4.2592105583396362 0  4.4349120449648964 0  4.5686166783866629 0  4.7831942355944816 0  4.8515791946093278 0  4.9486012120939415 0  4.9603446444356543 0  5.0766950208449648 0  5.1701687034136166 0  5.1899510241914557 0  5.2770276199721176 0  5.3589157885386172 0  5.4271391047625022 0  5.5661460795768001 0  5.6343413571535113 0  5.7066670224736908 0  5.7988660513420074 0  5.8255710235800739 0  5.9189278383915163 0  6.0337857209462893 0  6.0459339105239973 0  6.1414387483047612 0  6.2107374651378917 0  6.2831853071795862 0 
 0 12 0.78539816339744828 10 1.5707963267948966 10 3.1415926535897931 10 4.7123889803846897 10 5.497787143782138 10 6.2831853071795862 12
8 0 1
1 6.2831853071795862 0 0 1 
1 0 0 0 1 
1 0 1 1 0 
7 0 0  7 8 2  4.4408920985006262e-16 0  0.88461351588206061 0  1.8191341519269564 0  2.6642559638985661 0  3.6189293432799694 0  4.4640511552541833 0  5.3985717912971714 0  6.2831853071795862 0 
 0 8 6.2831853071795862 8
8 0 1
1 6.2831853071795862 0 0 1 
1 0 0 0 1 
1 0 1 1 0 
7 0 0  7 8 2  0 0  0.88461351588204096 0  1.82131369966297 0  2.6591205702604959 0  3.6240647369169827 0  4.4618716075191207 0  5.3985717912971527 0  6.2831853071795862 0 
 0 8 6.2831853071795862 8
8 0 4.4505799621139293
1 6.2831853071795862 0 0 1 
1 0 0 0 1 
1 0 4.4505799621139293 1 0 
7 0 0  8 30 5  -1.1102230246251565e-16 0  0.19923156561542588 0  0.39944015850309522 0  0.58105299438367275 0  0.80715971274850884 0  0.97198615286721157 0  1.1786781540223985 0  1.3745656836402349 0  1.7671595309883337 0  1.9634793593327664 0  2.1598169731709294 0  2.3561672533264351 0  2.5525250806225954 0  2.7488853358828838 0  2.9452428999308444 0  3.3379424072487156 0  3.5342999712968655 0  3.7306602265566684 0  3.9270180538535366 0  4.1233683340083482 0  4.3197059478469768 0  4.5160257761912277 0  4.908619623539324 0  5.1045071531574715 0  5.3111991543119821 0  5.4760255944308893 0  5.7021323127967527 0  5.8837451486750485 0  6.0839537415641933 0  6.2831853071795862 0 
 0 9 1.5707963267948966 7 3.1415926535897931 7 4.7123889803846897 7 6.2831853071795862 9
8 0 4.4505799621139293
1 6.2831853071795862 0 0 1 
1 0 0 0 1 
1 0 4.4505799621139293 1 0 
7 0 0  11 62 7  0 0  0.072447842041956409 0  0.14174655887373899 0  0.23725139667209783 0  0.24939958620883837 0  0.36425746879939452 0  0.45761428360351636 0  0.48431925583645263 0  0.57651828470477817 0  0.64884395002943063 0  0.7170392276032076 0  0.85604620241728357 0  0.92426951863825169 0  1.006157687213513 0  1.093234282985553 0  1.1130166037692684 0  1.2064902863238807 0  1.3228406627577058 0  1.3345840950781862 0  1.4316061125723067 0  1.4999910715847962 0  1.7145686287932176 0  1.848273262215993 0  2.0239747488290427 0  2.0992887040537895 0  2.3335828276975508 0  2.3894661500147976 0  2.5905223550694956 0  2.7065221427594497 0  2.8570914602853148 0  2.9987934062122088 0  3.2843919009673632 0  3.426093846886205 0  3.5766631644475337 0  3.692662952056835 0  3.8937191572305148 0  3.9496024794261264 0  4.1838966031565912 0  4.2592105583402935 0  4.434912044964614 0  4.5686166783866708 0  4.783194235594558 0  4.8515791946088402 0  4.9486012120960829 0  4.9603446444318147 0  5.0766950208460209 0  5.1701687034168557 0  5.1899510241889031 0  5.2770276199709034 0  5.358915788539182 0  5.4271391047626771 0  5.5661460795762094 0  5.6343413571534482 0  5.7066670224690395 0  5.7988660513522756 0  5.8255710235648088 0  5.9189278383937616 0  6.0337857209579813 0  6.0459339105150152 0  6.141438748303834 0  6.2107374651381182 0  6.2831853071795871 0 
 0 12 0.78539816339744828 10 1.5707963267948966 10 3.1415926535897931 10 4.7123889803846897 10 5.497787143782138 10 6.2831853071795862 12
8 0 1
1 6.2831853071795862 0 0 1 
1 0 0 0 1 
1 0 1 1 0 
7 0 0  7 8 2  0 0  0.88461351588206805 0  1.8191341519274942 0  2.664255963896208 0  3.6189293432836465 0  4.464051155251628 0  5.3985717912977282 0  6.2831853071795862 0 
 0 8 6.2831853071795862 8
8 0 1
1 6.2831853071795862 0 0 1 
1 0 0 0 1 
1 0 1 1 0 
7 0 0  7 8 2  4.4408920985006262e-16 0  0.88461351588203652 0  1.8213136996639938 0  2.6591205702570271 0  3.6240647369221106 0  4.4618716075159224 0  5.3985717912976785 0  6.2831853071795862 0 
 0 8 6.2831853071795862 8
8 0 0.043565271345034517
1 6.2831853071795862 0 0 1 
1 0 0 0 1 
1 0 0.043565271345034517 1 0 
7 0 0  8 30 5  0 0  0.1992315656154133 0  0.39944015850314507 0  0.5810529943828644 0  0.80715971274889386 0  0.97198615286717338 0  1.1786781540223892 0  1.3745656836402316 0  1.767159530988337 0  1.9634793593327511 0  2.159816973170964 0  2.3561672533263867 0  2.5525250806226363 0  2.7488853358828678 0  2.9452428999308418 0  3.3379424072487316 0  3.5342999712967877 0  3.7306602265568247 0  3.9270180538533381 0  4.1233683340085072 0  4.3197059478468924 0  4.5160257761912517 0  4.9086196235393222 0  5.104507153157293 0  5.3111991543116348 0  5.4760255944328113 0  5.7021323127946788 0  5.8837451486788765 0  6.083953741564061 0  6.2831853071795853 0 
 0 9 1.5707963267948966 7 3.1415926535897931 7 4.7123889803846897 7 6.2831853071795862 9
8 0 0.043565271345034517
1 6.2831853071795862 0 0 1 
1 0 0 0 1 
1 0 0.043565271345034517 1 0 
7 0 0  11 62 7  0 0  0.072447842041962515 0  0.14174655887368906 0  0.23725139666682213 0  0.24939958621596253 0  0.36425746879855087 0  0.45761428359813139 0  0.4843192558401796 0  0.57651828470322586 0  0.64884395002869644 0  0.71703922760274519 0  0.85604620241735607 0  0.92426951863896378 0  1.0061576872121745 0  1.0932342829841641 0  1.1130166037712463 0  1.206490286325518 0  1.3228406627534324 0  1.3345840950805323 0  1.4316061125718129 0  1.4999910715848439 0  1.7145686287931452 0  1.8482732622148128 0  2.0239747488373565 0  2.0992887040304606 0  2.3335828277386623 0  2.3894661499668497 0  2.5905223551088916 0  2.706522142738641 0  2.8570914602916448 0  2.9987934062121857 0  3.2843919009673943 0  3.4260938468922788 0  3.5766631644268387 0  3.6926629520968719 0  3.8937191571811165 0  3.9496024794679934 0  4.1838966031334692 0  4.2592105583481201 0  4.4349120449636681 0  4.5686166783865731 0  4.7831942355945767 0  4.8515791946087372 0  4.9486012120967375 0  4.9603446444305215 0  5.0766950208464605 0  5.1701687034174517 0  5.1899510241886952 0  5.2770276199702248 0  5.3589157885394902 0  5.4271391047626532 0  5.5661460795762041 0  5.6343413571529348 0  5.7066670224702278 0  5.7988660513501475 0  5.825571023567905 0  5.9189278383926567 0  6.0337857209566819 0  6.0459339105162178 0  6.1414387483039947 0  6.2107374651380525 0  6.2831853071795853 0 
 0 12 0.78539816339744828 10 1.5707963267948966 10 3.1415926535897931 10 4.7123889803846897 10 5.497787143782138 10 6.2831853071795862 12
8 0 1
1 6.2831853071795862 0 0 1 
1 0 0 0 1 
1 0 1 1 0 
7 0 0  7 8 2  4.4408920985006262e-16 0  0.88461351588200188 0  1.8191341519259603 0  2.6642559639015286 0  3.6189293432764109 0  4.4640511552559641 0  5.3985717912972184 0  6.2831853071795862 0 
 0 8 6.2831853071795862 8
8 0 1
1 6.2831853071795862 0 0 1 
1 0 0 0 1 
1 0 1 1 0 
7 0 0  7 8 2  0 0  0.88461351588207804 0  1.8213136996654598 0  2.6591205702519698 0  3.6240647369291277 0  4.4618716075126823 0  5.3985717912974485 0  6.2831853071795862 0 
 0 8 6.2831853071795862 8
8 0 0.16900788232698319
1 6.2831853071795862 0 0 1 
1 0 0 0 1 
1 0 0.16900788232698319 1 0 
2 -1.1065302559979352e-16 1.8140535484709938e-18 1 -1.3877787807814454e-17 1.3877787807814454e-17 1 0.040000000000000063
8 0 0.16900788232698319
1 6.2831853071795862 0 0 1 
1 0 0 0 1 
1 0 0.16900788232698319 1 0 
2 0 0 1 -1.3877787807814454e-17 1.3877787807814454e-17 1 0.036000000000000205
2 -1.1065302559979352e-16 1.8140535484709938e-18 1 -1.3877787807814454e-17 1.3877787807814454e-17 1 0.036000000000000074
1 0 0 1 0 
2 4.4227577412708195e-16 8.8877111857351982e-16 1 2.938187887435717e-16 -2.938187887435717e-16 1 0.018000000000000071
1 0 0 1 0 
2 4.4227577412708176e-16 4.4475895806182648e-16 1 3.7751919645945264e-16 -3.7751919645945264e-16 1 0.016000000000000042
2 4.4227577412708195e-16 8.8877111857351982e-16 1 2.938187887435717e-16 -2.938187887435717e-16 1 0.016000000000000042
8 0 0.19750622798708589
1 6.2831853071795862 0 0 1 
1 0 0 0 1 
1 0 0.19750622798708589 1 0 
8 0 6.2831853071795862
1 0 0 1 0 
8 0 0.19750622798708589
1 6.2831853071795862 0 0 1 
1 0 0 0 1 
1 0 0.19750622798708589 1 0 
8 0 6.2831853071795862
1 0 0 1 0 
8 0 1
1 6.2831853071795862 0 0 1 
1 0 0 0 1 
1 0 1 1 0 
8 0 6.2831853071795862
1 0 0 1 0 
8 0 1
1 6.2831853071795862 0 0 1 
1 0 0 0 1 
1 0 1 1 0 
8 0 6.2831853071795862
1 0 0 1 0 
8 0 0.89185466013548087
1 6.2831853071795862 0 0 1 
1 0 0 0 1 
1 0 0.89185466013548087 1 0 
2 6.6575938318514069e-16 4.4465034487000368e-16 1 2.932766876573289e-16 -2.932766876573289e-16 1 0.01799999999999994
8 0 0.89185466013548087
1 6.2831853071795862 0 0 1 
1 0 0 0 1 
1 0 0.89185466013548087 1 0 
2 6.661335782989452e-16 5.6129267070695665e-19 1 3.7697709537320989e-16 -3.7697709537320989e-16 1 0.01600000000000007
2 6.6575938318514069e-16 4.4465034487000368e-16 1 2.932766876573289e-16 -2.932766876573289e-16 1 0.01600000000000007
1 0 0 1 0 
2 2.2113788706354098e-16 -8.8839771979845434e-16 1 -2.938187887435717e-16 2.938187887435717e-16 1 0.018000000000000071
1 0 0 1 0 
2 1.3909695736230082e-34 -4.4401216051169418e-16 1 -3.7773603689394974e-16 3.7773603689394974e-16 1 0.016000000000000042
2 2.2113788706354098e-16 -8.8839771979845434e-16 1 -2.938187887435717e-16 2.938187887435717e-16 1 0.016000000000000042
8 0 0.19750622798708589
1 6.2831853071795862 0 0 1 
1 0 0 0 1 
1 0 0.19750622798708589 1 0 
8 0 6.2831853071795862
1 0 0 1 0 
8 0 0.19750622798708589
1 6.2831853071795862 0 0 1 
1 0 0 0 1 
1 0 0.19750622798708589 1 0 
8 0 6.2831853071795862
1 0 0 1 0 
8 0 1
1 6.2831853071795862 0 0 1 
1 0 0 0 1 
1 0 1 1 0 
8 0 6.2831853071795862
1 0 0 1 0 
8 0 1
1 6.2831853071795862 0 0 1 
1 0 0 0 1 
1 0 1 1 0 
8 0 6.2831853071795862
1 0 0 1 0 
8 0 0.89185466013548087
1 6.2831853071795862 0 0 1 
1 0 0 0 1 
1 0 0.89185466013548087 1 0 
2 4.4371485708549223e-16 -4.4446324731310133e-16 1 -2.930598472228318e-16 2.930598472228318e-16 1 0.01799999999999994
8 0 0.89185466013548087
1 6.2831853071795862 0 0 1 
1 0 0 0 1 
1 0 0.89185466013548087 1 0 
2 0 -0 1 -3.7719393580770699e-16 3.7719393580770699e-16 1 0.01600000000000007
2 4.4371485708549223e-16 -4.4446324731310133e-16 1 -2.930598472228318e-16 2.930598472228318e-16 1 0.01600000000000007
1 0 0 1 0 
2 4.4249494618841197e-16 1.1101512384071018e-16 1 4.0826988057657276e-18 -4.0826988057657276e-18 1 0.017999999999999874
1 0 0 1 0 
2 2.2124747309420596e-16 -2.2204818917911475e-16 1 4.0488174878755556e-18 -4.0488174878755556e-18 1 0.01599999999999991
2 4.4249494618841197e-16 1.1101512384071018e-16 1 4.0826988057657276e-18 -4.0826988057657276e-18 1 0.01599999999999991
8 0 0.19826788492754083
1 6.2831853071795862 0 0 1 
1 0 0 0 1 
1 0 0.19826788492754083 1 0 
8 0 6.2831853071795862
1 0 0 1 0 
8 0 0.19826788492754083
1 6.2831853071795862 0 0 1 
1 0 0 0 1 
1 0 0.19826788492754083 1 0 
8 0 6.2831853071795862
1 0 0 1 0 
8 0 1
1 6.2831853071795862 0 0 1 
1 0 0 0 1 
1 0 1 1 0 
8 0 6.2831853071795862
1 0 0 1 0 
8 0 1
1 6.2831853071795862 0 0 1 
1 0 0 0 1 
1 0 1 1 0 
8 0 6.2831853071795862
1 0 0 1 0 
8 0 0.19828142483416317
1 6.2831853071795862 0 0 1 
1 0 0 0 1 
1 0 0.19828142483416317 1 0 
8 0 6.2831853071795862
1 0 0 1 0 
8 0 0.19828142483416317
1 6.2831853071795862 0 0 1 
1 0 0 0 1 
1 0 0.19828142483416317 1 0 
8 0 6.2831853071795862
1 0 0 1 0 
8 0 1
1 6.2831853071795862 0 0 1 
1 0 0 0 1 
1 0 1 1 0 
8 0 6.2831853071795862
1 0 0 1 0 
8 0 1
1 6.2831853071795862 0 0 1 
1 0 0 0 1 
1 0 1 1 0 
8 0 6.2831853071795862
1 0 0 1 0 
8 0 1.5011056935823464
1 6.2831853071795862 0 0 1 
1 0 0 0 1 
1 0 1.5011056935823464 1 0 
2 2.2155145160679109e-16 2.2204596147503201e-16 1 4.081004739871219e-18 -4.081004739871219e-18 1 0.018000000000000134
8 0 1.5011056935823464
1 6.2831853071795862 0 0 1 
1 0 0 0 1 
1 0 1.5011056935823464 1 0 
2 -2.2155213138948388e-16 -1.1102365901459683e-16 1 4.0454293560865384e-18 -4.0454293560865384e-18 1 0.016000000000000125
2 2.2155145160679109e-16 2.2204596147503201e-16 1 4.081004739871219e-18 -4.081004739871219e-18 1 0.016000000000000125
1 6.2831853071795862 -0 0 1 
1 0 -0 0 1 
1 0 0 1 0 
2 0 0 1 0 -0 1 0.10000000000000001
1 0 0.20000000000000001 1 0 
2 0 0 1 0 -0 1 0.10000000000000001
7 0 0  7 38 7  2.9606062023432456 0.050000000000000711  2.9606062023432456 0.04673295537664441  2.9676395756069769 0.043492209953387616  2.981499488529189 0.040438231730132126  3.0015663271069126 0.037724106509102018  3.0267579154015651 0.035490512617168492  3.0556031032413355 0.033865190504063419  3.1044128414347694 0.032281721239466786  3.1236377071040002 0.031913911115975128  3.1431956430517642 0.031790730965074329  3.1627731352642074 0.031914232055638751  3.1820441957421393 0.032281159446952243  3.2006544577352378 0.032884836543708072  3.2443817703085784 0.034936435739763017  3.2685376755609323 0.036658543612134824  3.2893199766798724 0.038833904776992965  3.3056827809441804 0.041367815818493213  3.3169095107315338 0.044149515640187174  3.3225791048363402 0.047066494751331477  3.3225791048363407 0.053267044243061223  3.3155457284800343 0.05650779130714087  3.3016858284165584 0.059561766352957846  3.2816189667048219 0.062275895052209942  3.256427401161802 0.064509486733824589  3.2275822009313195 0.066134809593487887  3.1787714474710169 0.067718311795033986  3.1595466597704664 0.068086109216906623  3.139988698269303 0.068209273890494776  3.1204112190490898 0.068085749682708752  3.1011405549992572 0.067718812414923821  3.0825309178101867 0.067115166663883549  3.0388036887615435 0.065063571386642566  3.0146481113517392 0.06334148649630468  2.9938652068887732 0.061166121324445606  2.9775019402471607 0.058632137766203463  2.966275454922116 0.055850361985324525  2.960606202343246 0.052933417510000101  2.960606202343246 0.050000000000000717 
 0 8 0.19919429925604426 6 0.32047912178288945 6 0.49961069500477573 6 0.6991094943713414 6 0.82058642813378146 6 1 8
7 0 0  7 38 7  0 0.0083666610188634222  0.18150247907535005 0.0083666610188634222  0.36155272510800424 0.0084932724545419506  0.54093971115226425 0.0087426924383905893  0.72042563522733327 0.0090734127437754122  0.89994191779715027 0.0094087913763137472  1.0796946538641186 0.0096764359733686484  1.3643732194483569 0.0099479306680383857  1.4722249822480207 0.010015077142175472  1.5797602908726556 0.010038621009803331  1.687247848266497 0.010015503458155958  1.7948579303565413 0.0099475975770726942  1.9025460249277892 0.0098411792989836228  2.170238078938227 0.0095060519839322392  2.3317250844107753 0.0092419320139129225  2.493364022649839 0.008945301573883957  2.6549159943304419 0.008670946070192467  2.816583183429112 0.0084686482280999977  2.978620139774836 0.0083666610188634222  3.3230951115375991 0.0083666610188634222  3.5031454584916788 0.0084932724821712678  3.6825322257206281 0.008742692357190697  3.8620184228602383 0.0090734128443341541  4.0415344999129799 0.0094087913144614635  4.2212873249915797 0.0096764359900941201  4.50597181203179 0.0099479363319887465  4.6138229374873845 0.01001508063909046  4.7213581624873155 0.010038621592433874  4.8288458126471108 0.010015500148154251  4.9364539210328076 0.0099475928729363585  5.0441382599921649 0.0098411798229412744  5.3118298026769208 0.0095060531480254482  5.4733147397612862 0.0092419387703734073  5.6349561519599627 0.0089453003252920205  5.796512525439927 0.0086709373907471517  5.9581821098524355 0.008468642211773781  6.1202176677351758 0.0083666610188634222  6.2831853071795862 0.0083666610188634222 
 0 8 0.19919429925604426 6 0.32047912178288945 6 0.49961069500477573 6 0.6991094943713414 6 0.82058642813378146 6 1 8
1 6.2831853071795862 -0 0 1 
1 0 -0 0 1 
1 0 0 1 0 
2 0 0 1 0 -0 1 0.017999999999999999
1 6.2831853071795862 -0 0 1 
1 0 -0 0 1 
1 0 0 1 0 
2 0 0 1 0 -0 1 0.10000000000000001
1 0 0.20000000000000001 1 0 
2 0 0 1 0 -0 1 0.10000000000000001
7 0 0  7 38 7  2.9606062023432456 0.050000000000000711  2.9606062023432456 0.046732955376649454  2.9676395756069609 0.043492209953367042  2.9814994885293271 0.040438231730158578  3.0015663271065591 0.037724106509098285  3.0267579154018884 0.035490512617159554  3.0556031032412365 0.033865190504066625  3.1044128413914085 0.032281721240873501  3.1236377071026014 0.031913911114176095  3.1431956430998746 0.031790730965914227  3.1627731352736395 0.03191423205662125  3.1820441956962027 0.032281159445178696  3.2006544577516545 0.03288483654447831  3.2443817673115936 0.034936435599150349  3.2685376805540942 0.036658544122690907  3.2893199755268125 0.038833904321872399  3.3056827775949986 0.041367815524320561  3.3169095130634885 0.044149516349300755  3.3225791048363402 0.047066494401651705  3.3225791048363407 0.053267044623510076  3.3155457315718437 0.056507790046233616  3.3016858186539944 0.059561768270155163  3.2816189800663422 0.062275893490949072  3.2564273917831068 0.064509487382678476  3.2275822039365805 0.066134809495992208  3.1787714474093116 0.067718311797035816  3.1595466598522219 0.068086109213065502  3.1399886983055909 0.068209273893030914  3.1204112189771074 0.068085749684230701  3.1011405549473112 0.067718812409953436  3.0825309178887284 0.06711516666756856  3.0388036887614644 0.065063571386638847  3.0146481113518555 0.063341486496311744  2.9938652068888061 0.061166121324447507  2.977501940247103 0.058632137766203032  2.9662754549221089 0.055850361985325454  2.960606202343246 0.052933417509989741  2.960606202343246 0.050000000000000717 
 0 8 0.19919432123344527 6 0.32047915685671396 6 0.49961072899820869 6 0.69910952661267312 6 0.82058644768041811 6 1 8
7 0 0  7 38 7  0 0.0083666610188634222  0.18150247907506978 0.0083666610188634222  0.36155272510898595 0.0084932724545423201  0.5409397111515073 0.0087426924383905234  0.72042563522616487 0.0090734127437734763  0.89994191779885213 0.0094087913763158428  1.0796946538635428 0.0096764359733681055  1.3643732191954572 0.0099479306677971949  1.4722249822463538 0.010015077142477119  1.5797602911487605 0.010038621009665852  1.6872478483134918 0.010015503457990951  1.7948579300908238 0.0099475975773669206  1.9025460250282891 0.0098411792988578085  2.1702380605911284 0.0095060520069012184  2.3317251290058789 0.0092419319703768849  2.4933639945361992 0.0089453015874420682  2.6549159673888485 0.0086709461005353202  2.8165832296177724 0.0084686482048822002  2.9786201203481815 0.0083666610188634222  3.3230951326736471 0.0083666610188634222  3.5031453786803479 0.008493272454544544  3.6825323647438379 0.0087426924383676233  3.8620182888432151 0.0090734127438206972  4.0415345713592705 0.0094087913762793095  4.2212873074636557 0.0096764359733779465  4.505971812391679 0.0099479363323319633  4.6138229370263115 0.010015080638447487  4.7213581622579435 0.010038621592842628  4.8288458130604557 0.010015500148409223  4.9364539213626939 0.0099475928721233231  5.0441382595113451 0.00984117982354322  5.3118298026774058 0.0095060531480248411  5.4733147397604096 0.0092419387703742729  5.6349561519598934 0.0089453003252926398  5.7965125254402379 0.008670937390746836  5.958182109852225 0.0084686422117732918  6.1202176677357514 0.0083666610188634222  6.2831853071795862 0.0083666610188634222 
 0 8 0.19919432123344527 6 0.32047915685671396 6 0.49961072899820869 6 0.69910952661267312 6 0.82058644768041811 6 1 8
1 6.2831853071795862 -0 0 1 
1 0 -0 0 1 
1 0 0 1 0 
2 0 0 1 0 -0 1 0.017999999999999999
1 0 0 1 0 
1 0 0 1 0 
1 0.063360000000000083 0 0 -1 
1 0 0 0 1 
1 0 0 0 -1 
1 0 0 0 1 
1 0 -0.063359999999999972 1 0 
1 0 0 1 0 
1 0 0 1 0 
2 0 0 1 0 -0 1 0.028799999999999999
2 0.03167999999999993 -0.031680000000000041 -1 0 0 1 0.028799999999999937
1 0 0 0 1 
1 0 0 1 0 
1 0 0 1 0 
1 0 0.063359999999999417 1 0 
1 0.063360000000000083 0 0 1 
1 0 0 1 0 
1 0.063360000000000083 0 0 1 
1 0 0.063359999999999972 1 0 
1 0.063360000000000083 0 0 -1 
1 0.063359999999999417 0 0 1 
1 0 0 0 1 
1 0 0.063359999999999972 1 0 
1 0 0 0 -1 
1 0.063359999999999417 0 0 1 
1 0 -0.063359999999999972 1 0 
1 0 0.063359999999999417 1 0 
1 0 0.06336 1 0 
2 0 0 1 0 -0 1 0.028799999999999999
1 6.2831853071795862 -0 0 1 
1 0 -0 0 1 
1 0 0 1 0 
2 0 0 1 0 -0 1 0.028799999999999999
2 0.03167999999999993 -0.031680000000000041 1 0 -0 1 0.028799999999999937
1 0 0.06336 1 0 
2 0 0 1 0 -0 1 0.024
2 0 -0 1 0 -0 1 0.024000000000000021
1 0 0.06336 1 0 
2 0 0 1 0 -0 1 0.028799999999999999
1 6.2831853071795862 -0 0 1 
1 0 -0 0 1 
1 6.2831853071795862 -0 0 1 
1 0 -0 0 1 
1 0 0 1 0 
2 0 0 1 0 -0 1 0.024
2 0 -0 1 0 -0 1 0.024000000000000021
2 0.03167999999999993 -0.031680000000000041 -1 0 0 1 0.024000000000000021
1 0 0.06336 1 0 
2 0 0 1 0 -0 1 0.024
2 0 0 1 0 -0 1 0.024000000000000021
1 6.2831853071795862 -0 0 1 
1 0 -0 0 1 
1 0 0 1 0 
2 0 0 1 0 -0 1 0.024
2 0 0 1 0 -0 1 0.024000000000000021
2 0.03167999999999993 -0.031680000000000041 1 0 -0 1 0.024000000000000021
1 6.2831853071795862 -0 0 1 
1 0 -0 0 1 
1 0 0 1 0 
2 0 0 1 0 -0 1 0.10000000000000001
1 0 0.20000000000000001 1 0 
2 0 0 1 0 -0 1 0.10000000000000001
7 0 0  7 38 7  2.9606062023432456 0.050000000000000711  2.9606062023432456 0.046732955376648413  2.9676395756069658 0.043492209953358021  2.9814994885293826 0.040438231730178797  3.0015663271063264 0.037724106509087973  3.026757915402202 0.035490512617154447  3.0556031032410749 0.033865190504071871  3.1044128414394736 0.0322817212393142  3.1236377070913579 0.031913911116785369  3.1431956430417038 0.03179073096405198  3.1627731352845379 0.03191423205552843  3.1820441957667165 0.032281159448776735  3.200654457699645 0.032884836542038116  3.2443817672696227 0.034936435597181181  3.2685376806239481 0.036658544129819386  3.2893199755107765 0.038833904315534892  3.3056827775481876 0.041367815520216879  3.3169095130960407 0.044149516359183703  3.3225791048363402 0.047066494396776862  3.3225791048363407 0.053267044623370848  3.3155457315725645 0.056507790046594598  3.3016858186505047 0.059561768269854667  3.2816189800728148 0.062275893490929407  3.2564273917774433 0.064509487382838709  3.2275822039386282 0.066134809495925775  3.1787714474275881 0.067718311796442901  3.1595466598260358 0.068086109211880727  3.1399886983652467 0.068209273896228093  3.1204112189650535 0.068085749684014901  3.1011405548255433 0.067718812404686732  3.0825309179788039 0.067115166671794721  3.0388036913285825 0.065063571507082987  3.0146481104881384 0.063341486563026669  2.9938652051335333 0.061166121161384493  2.977501940038374 0.058632137568396948  2.9662754557802593 0.055850362029339178  2.960606202343246 0.052933417736045631  2.960606202343246 0.050000000000000717 
 0 8 0.19919432537019521 6 0.32047916382726072 6 0.49961073933785571 6 0.69910954036441697 6 0.82058646338157082 6 1 8
7 0 0  7 38 7  0 0.0083666610188634222  0.18150247907512776 0.0083666610188634222  0.3615527251093415 0.0084932724545429689  0.54093971115101658 0.0087426924383892813  0.72042563522545344 0.009073412743773485  0.8999419178004977 0.009408791376317234  1.0796946538625991 0.0096764359733671999  1.3643732194757909 0.0099479306680645471  1.472224982183411 0.010015077142043641  1.5797602908039188 0.010038621009967353  1.6872478483802402 0.010015503458172524  1.794857930514288 0.0099475975767773107  1.9025460247098926 0.0098411792992564133  2.17023806033419 0.0095060520072228882  2.3317251296290258 0.0092419319697680385  2.493363994144723 0.0089453015876304141  2.6549159670126459 0.0086709461009590715  2.8165832302617466 0.0084686482045584748  2.9786201200773568 0.0083666610188634222  3.3230951326659119 0.0083666610188634222  3.5031453786964093 0.0084932724545434702  3.6825323647424337 0.0087426924383854493  3.8620182888163761 0.0090734127437800301  4.0415345713902386 0.0094087913763152026  4.2212873074517123 0.0096764359733665494  4.5059718122850887 0.0099479363322303137  4.61382293719966 0.010015080638260263  4.7213581618860934 0.010038621593362423  4.8288458131198109 0.010015500148366829  4.9364539221064394 0.0099475928712631188  5.0441382589599186 0.0098411798242335601  5.3118297869618916 0.009506053167699308  5.4733147422117749 0.0092419387757712822  5.6349561637355503 0.0089453002987332601  5.7965125338955401 0.0086709373765121618  5.9581821078219495 0.0084686422311533137  6.1202176551770906 0.0083666610188634222  6.2831853071795862 0.0083666610188634222 
 0 8 0.19919432537019521 6 0.32047916382726072 6 0.49961073933785571 6 0.69910954036441697 6 0.82058646338157082 6 1 8
1 6.2831853071795862 -0 0 1 
1 0 -0 0 1 
1 0 0 1 0 
2 0 0 1 0 -0 1 0.017999999999999999
1 0 0 1 0 
1 0 0 1 0 
1 0.40000000000000002 0 0 -1 
1 0 0 0 1 
1 0 0 0 -1 
1 0 0 0 1 
1 0 -0.25 1 0 
1 0 0 1 0 
1 0 0.050000000000000003 1 0 
2 0 0 1 0 -0 1 0.050000000000000003
2 0.20000000000000007 -0.125 -1 0 0 1 0.050000000000000044
1 0 0 0 1 
1 0 0 1 0 
1 0 0 1 0 
1 0 0.10000000000000142 1 0 
1 0.40000000000000002 0 0 1 
1 0 0 1 0 
1 0.40000000000000002 0 0 1 
1 0 0.25 1 0 
1 0.40000000000000002 0 0 -1 
1 0.10000000000000142 0 0 1 
1 0 0 0 1 
1 0 0.25 1 0 
1 0 0 0 -1 
1 0.10000000000000142 0 0 1 
1 0 0.050000000000000003 1 0 
2 0 0 1 0 -0 1 0.040000000000000001
2 0.050000000000000711 0.125 -1 0 0 1 0.039999999999999147
1 0 -0.25 1 0 
1 0 0.10000000000000142 1 0 
1 6.2831853071795862 -0 0 1 
1 0 -0 0 1 
1 0 0 1 0 
2 0 0 1 0 -0 1 0.050000000000000003
1 6.2831853071795862 -0 0 1 
1 0 -0 0 1 
1 0 0 1 0 
2 0 0 1 0 -0 1 0.040000000000000001
1 0 0 1 0 
2 0 0 1 0 -0 1 0.020000000000000021
1 0 0 1 0 
2 4.4072678430221146e-16 0 1 0 -0 1 0.01799999999999996
2 0 0 1 0 -0 1 0.01799999999999996
8 0 0.72258677690499806
1 6.2831853071795862 0 0 1 
1 0 0 0 1 
1 0 0.72258677690499806 1 0 
8 0 6.2831853071795862
1 0 0 1 0 
8 0 0.72258677690499806
1 6.2831853071795862 0 0 1 
1 0 0 0 1 
1 0 0.72258677690499806 1 0 
8 0 6.2831853071795862
1 0 0 1 0 
8 0 1
1 6.2831853071795862 0 0 1 
1 0 0 0 1 
1 0 1 1 0 
8 0 6.2831853071795862
1 0 0 1 0 
8 0 1
1 6.2831853071795862 0 0 1 
1 0 0 0 1 
1 0 1 1 0 
8 0 6.2831853071795862
1 0 0 1 0 
8 0 0.69903484479096023
1 6.2831853071795862 0 0 1 
1 0 0 0 1 
1 0 0.69903484479096023 1 0 
8 0 6.2831853071795862
1 0 0 1 0 
8 0 0.69903484479096023
1 6.2831853071795862 0 0 1 
1 0 0 0 1 
1 0 0.69903484479096023 1 0 
8 0 6.2831853071795862
1 0 0 1 0 
8 0 1
1 6.2831853071795862 0 0 1 
1 0 0 0 1 
1 0 1 1 0 
8 0 6.2831853071795862
1 0 0 1 0 
8 0 1
1 6.2831853071795862 0 0 1 
1 0 0 0 1 
1 0 1 1 0 
8 0 6.2831853071795862
1 0 0 1 0 
8 0 2.8330959294232878
1 6.2831853071795862 0 0 1 
1 0 0 0 1 
1 0 2.8330959294232878 1 0 
8 0 6.2831853071795862
1 0 0 1 0 
8 0 2.8330959294232878
1 6.2831853071795862 0 0 1 
1 0 0 0 1 
1 0 2.8330959294232878 1 0 
8 0 6.2831853071795862
1 0 0 1 0 
8 0 1
1 6.2831853071795862 0 0 1 
1 0 0 0 1 
1 0 1 1 0 
8 0 6.2831853071795862
1 0 0 1 0 
8 0 1
1 6.2831853071795862 0 0 1 
1 0 0 0 1 
1 0 1 1 0 
8 0 6.2831853071795862
1 0 0 1 0 
8 0 0.22058487650790326
1 6.2831853071795862 0 0 1 
1 0 0 0 1 
1 0 0.22058487650790326 1 0 
2 2.8089528959833288e-16 -1.7575173992907137e-15 1 5.5511151231257827e-17 -5.5511151231257827e-17 1 0.020000000000000118
8 0 0.22058487650790326
1 6.2831853071795862 0 0 1 
1 0 0 0 1 
1 0 0.22058487650790326 1 0 
2 7.1419308102328366e-16 -1.6602124649270712e-15 1 5.5511151231257827e-17 -5.5511151231257827e-17 1 0.01800000000000011
2 2.8089528959833288e-16 -1.7575173992907137e-15 1 5.5511151231257827e-17 -5.5511151231257827e-17 1 0.01800000000000011
1 6.2831853071795862 -0 0 1 
1 0 -0 0 1 
1 0 0 1 0 
2 0 0 1 0 -0 1 0.10000000000000001
1 0 0.20000000000000001 1 0 
2 0 0 1 0 -0 1 0.10000000000000001
7 0 0  7 38 7  2.9606062023432456 0.050000000000000711  2.9606062023432456 0.046732955376649454  2.9676395756069609 0.043492209953367042  2.9814994885293271 0.040438231730158578  3.0015663271065591 0.037724106509098285  3.0267579154018884 0.035490512617159554  3.0556031032412365 0.033865190504066625  3.1044128413914085 0.032281721240873501  3.1236377071026014 0.031913911114176095  3.1431956430998746 0.031790730965914227  3.1627731352736395 0.03191423205662125  3.1820441956962027 0.032281159445178696  3.2006544577516545 0.03288483654447831  3.2443817673115936 0.034936435599150349  3.2685376805540942 0.036658544122690907  3.2893199755268125 0.038833904321872399  3.3056827775949986 0.041367815524320561  3.3169095130634885 0.044149516349300755  3.3225791048363402 0.047066494401651705  3.3225791048363407 0.053267044623491439  3.3155457315720112 0.056507790046325591  3.3016858186528899 0.059561768270064062  3.2816189800686741 0.062275893490927089  3.2564273917810582 0.064509487382742536  3.2275822039372764 0.066134809495969629  3.1787714474558455 0.06771831179552619  3.1595466596928103 0.068086109215417565  3.1399886983866887 0.068209273892822539  3.1204112191144264 0.06808574968335375  3.1011405548539175 0.067718812411123305  3.0825309178522136 0.067115166665855402  3.0388036887614644 0.065063571386638847  3.0146481113518555 0.063341486496311744  2.9938652068888061 0.061166121324447507  2.977501940247103 0.058632137766203032  2.9662754549221089 0.055850361985325454  2.960606202343246 0.052933417509989741  2.960606202343246 0.050000000000000717 
 0 8 0.1991943213127412 6 0.32047915698436252 6 0.49961072919685801 6 0.69910952688920291 6 0.82058644769556888 6 1 8
7 0 0  7 38 7  0 0.0083666610188634222  0.18150247907506978 0.0083666610188634222  0.36155272510898595 0.0084932724545423201  0.5409397111515073 0.0087426924383905234  0.72042563522616487 0.0090734127437734763  0.89994191779885213 0.0094087913763158428  1.0796946538635428 0.0096764359733681055  1.3643732191954572 0.0099479306677971949  1.4722249822463538 0.010015077142477119  1.5797602911487605 0.010038621009665852  1.6872478483134918 0.010015503457990951  1.7948579300908238 0.0099475975773669206  1.9025460250282891 0.0098411792988578085  2.1702380605911284 0.0095060520069012184  2.3317251290058789 0.0092419319703768849  2.4933639945361992 0.0089453015874420682  2.6549159673888485 0.0086709461005353202  2.8165832296177724 0.0084686482048822002  2.9786201203481815 0.0083666610188634222  3.3230951326726115 0.0083666610188634222  3.5031453786839846 0.0084932724545456768  3.6825323647444828 0.0087426924383713737  3.862018288832294 0.009073412743806384  4.041534571370887 0.0094087913762925177  4.2212873074595976 0.0096764359733740746  4.5059718121202765 0.0099479363320731286  4.6138229379333211 0.010015080638846449  4.7213581618074283 0.010038621592819374  4.8288458122781908 0.010015500148260402  4.9364539218817685 0.0099475928723060068  5.0441382597348792 0.0098411798232633761  5.3118298026774058 0.0095060531480248411  5.4733147397604096 0.0092419387703742729  5.6349561519598934 0.0089453003252926398  5.7965125254402379 0.008670937390746836  5.958182109852225 0.0084686422117732918  6.1202176677357514 0.0083666610188634222  6.2831853071795862 0.0083666610188634222 
 0 8 0.1991943213127412 6 0.32047915698436252 6 0.49961072919685801 6 0.69910952688920291 6 0.82058644769556888 6 1 8
1 6.2831853071795862 -0 0 1 
1 0 -0 0 1 
1 0 0 1 0 
2 0 0 1 0 -0 1 0.017999999999999999
1 0 0 1 0 
1 0 0 1 0 
1 0.063359999999999972 0 0 -1 
1 0 0 0 1 
1 0 0 0 -1 
1 0 0 0 1 
1 0 -0.063359999999999417 1 0 
1 0 0 1 0 
1 0 0 1 0 
2 0 0 1 0 -0 1 0.028799999999999999
2 0.031680000000000041 -0.031679999999999708 -1 0 0 1 0.028800000000000048
1 0 0 0 1 
1 0 0 1 0 
1 0 0 1 0 
1 0 0.063359999999999417 1 0 
1 0.063359999999999972 0 0 1 
1 0 0 1 0 
1 0.063359999999999972 0 0 1 
1 0 0.063359999999999417 1 0 
1 0.063359999999999972 0 0 -1 
1 0.063359999999999417 0 0 1 
1 0 0 0 1 
1 0 0.063359999999999417 1 0 
1 0 0 0 -1 
1 0.063359999999999417 0 0 1 
1 0 -0.063359999999999417 1 0 
1 0 0.063359999999999417 1 0 
1 0 0.06336 1 0 
2 0 0 1 0 -0 1 0.028799999999999999
1 6.2831853071795862 -0 0 1 
1 0 -0 0 1 
1 0 0 1 0 
2 0 0 1 0 -0 1 0.028799999999999999
2 0.031680000000000041 -0.031679999999999708 1 0 -0 1 0.028800000000000048
1 0 0.06336 1 0 
2 0 0 1 0 -0 1 0.024
2 0 -0 1 0 -0 1 0.024000000000000021
1 0 0.06336 1 0 
2 0 0 1 0 -0 1 0.028799999999999999
1 6.2831853071795862 -0 0 1 
1 0 -0 0 1 
1 6.2831853071795862 -0 0 1 
1 0 -0 0 1 
1 0 0 1 0 
2 0 0 1 0 -0 1 0.024
2 0 -0 1 0 -0 1 0.024000000000000021
2 0.031680000000000041 -0.031679999999999708 -1 0 0 1 0.024000000000000021
1 0 0.06336 1 0 
2 0 0 1 0 -0 1 0.024
2 0 0 1 0 -0 1 0.024000000000000021
1 6.2831853071795862 -0 0 1 
1 0 -0 0 1 
1 0 0 1 0 
2 0 0 1 0 -0 1 0.024
2 0 0 1 0 -0 1 0.024000000000000021
2 0.031680000000000041 -0.031679999999999708 1 0 -0 1 0.024000000000000021
1 0 0 1 0 
2 -1.1102230246251565e-16 0 1 0 -0 1 0.020000000000000018
1 0 0 1 0 
2 0 0 1 -0 0 1 0.018000000000000016
2 -1.1102230246251565e-16 0 1 0 -0 1 0.018000000000000016
8 0 0.67359999999999864
1 6.2831853071795862 0 0 1 
1 0 0 0 1 
1 0 0.67359999999999864 1 0 
2 -1.1102230246251565e-16 0 1 0 -0 1 0.020000000000000018
8 0 0.67359999999999864
1 6.2831853071795862 0 0 1 
1 0 0 0 1 
1 0 0.67359999999999864 1 0 
2 0 0 1 -0 0 1 0.018000000000000016
2 -1.1102230246251565e-16 0 1 0 -0 1 0.018000000000000016
1 0 0 1 0 
2 0 0 1 0 -0 1 0.020000000000000018
1 0 0 1 0 
2 0 1.7763568394002505e-15 1 0 -0 1 0.018000000000000016
2 0 0 1 0 -0 1 0.018000000000000016
8 0 0.42894065416776234
1 6.2831853071795862 0 0 1 
1 0 0 0 1 
1 0 0.42894065416776234 1 0 
8 0 6.2831853071795862
1 0 0 1 0 
8 0 0.42894065416776234
1 6.2831853071795862 0 0 1 
1 0 0 0 1 
1 0 0.42894065416776234 1 0 
8 0 6.2831853071795862
1 0 0 1 0 
8 0 1
1 6.2831853071795862 0 0 1 
1 0 0 0 1 
1 0 1 1 0 
8 0 6.2831853071795862
1 0 0 1 0 
8 0 1
1 6.2831853071795862 0 0 1 
1 0 0 0 1 
1 0 1 1 0 
8 0 6.2831853071795862
1 0 0 1 0 
8 0 0.45590195135927897
1 6.2831853071795862 0 0 1 
1 0 0 0 1 
1 0 0.45590195135927897 1 0 
2 -8.7093059492362971e-17 4.3546529746182151e-16 1 1.1102230246251565e-16 -1.1102230246251565e-16 1 0.020000000000000299
8 0 0.45590195135927897
1 6.2831853071795862 0 0 1 
1 0 0 0 1 
1 0 0.45590195135927897 1 0 
2 -4.3546529746181486e-16 2.1773264873091076e-15 1 1.1102230246251565e-16 -1.1102230246251565e-16 1 0.017999999999999888
2 -8.7093059492362971e-17 4.3546529746182151e-16 1 1.1102230246251565e-16 -1.1102230246251565e-16 1 0.017999999999999888
1 0 0 1 0 
2 -2.2122074383140242e-16 4.4435757016596581e-16 1 1.2012960071139387e-16 -1.2012960071139387e-16 1 0.017999999999999992
1 0 0 1 0 
2 1.9187840884869261e-34 -4.4401986024329115e-16 1 1.1926223897340549e-16 -1.1926223897340549e-16 1 0.015999999999999719
2 -2.2122074383140242e-16 4.4435757016596581e-16 1 1.2012960071139387e-16 -1.2012960071139387e-16 1 0.015999999999999941
8 0 0.1976235675224666
1 6.2831853071795862 0 0 1 
1 0 0 0 1 
1 0 0.1976235675224666 1 0 
8 0 6.2831853071795862
1 0 0 1 0 
8 0 0.1976235675224666
1 6.2831853071795862 0 0 1 
1 0 0 0 1 
1 0 0.1976235675224666 1 0 
8 0 6.2831853071795862
1 0 0 1 0 
8 0 1
1 6.2831853071795862 0 0 1 
1 0 0 0 1 
1 0 1 1 0 
8 0 6.2831853071795862
1 0 0 1 0 
8 0 1
1 6.2831853071795862 0 0 1 
1 0 0 0 1 
1 0 1 1 0 
8 0 6.2831853071795862
1 0 0 1 0 
8 0 1.0597074567771081
1 6.2831853071795862 0 0 1 
1 0 0 0 1 
1 0 1.0597074567771081 1 0 
2 0 0 1 1.1893697832165984e-16 -1.1893697832165984e-16 1 0.01800000000000004
8 0 1.0597074567771081
1 6.2831853071795862 0 0 1 
1 0 0 0 1 
1 0 1.0597074567771081 1 0 
2 -6.7672793656830141e-19 -8.88178161891133e-16 1 1.1850329745266563e-16 -1.1850329745266563e-16 1 0.016000000000000084
2 0 0 1 1.1893697832165984e-16 -1.1893697832165984e-16 1 0.016000000000000084
1 0 0 1 0 
2 -2.2094263978589057e-16 0 1 0 -0 1 0.024000000000000066
1 0 0 1 0 
2 0 0 1 -1.3435287292045357e-30 1.3435287292045357e-30 1 0.021599999999999928
2 -2.2094263978589057e-16 0 1 0 -0 1 0.021599999999999928
8 0 0.37031502484483592
1 6.2831853071795862 0 0 1 
1 0 0 0 1 
1 0 0.37031502484483592 1 0 
2 -2.2094263978589057e-16 0 1 0 -0 1 0.024000000000000066
8 0 0.37031502484483592
1 6.2831853071795862 0 0 1 
1 0 0 0 1 
1 0 0.37031502484483592 1 0 
2 0 0 1 -1.3435287292045357e-30 1.3435287292045357e-30 1 0.021599999999999928
2 -2.2094263978589057e-16 0 1 0 -0 1 0.021599999999999928
1 0 0 1 0 
1 0 0 1 0 
1 0.063360000000000083 0 0 -1 
1 0 0 0 1 
1 0 0 0 -1 
1 0 0 0 1 
1 0 -0.063359999999999861 1 0 
1 0 0 1 0 
1 0 0 1 0 
2 0 0 1 0 -0 1 0.028799999999999999
2 0.03167999999999993 -0.031680000000000152 -1 0 0 1 0.028799999999999937
1 0 0 0 1 
1 0 0 1 0 
1 0 0 1 0 
1 0 0.063359999999999417 1 0 
1 0.063360000000000083 0 0 1 
1 0 0 1 0 
1 0.063360000000000083 0 0 1 
1 0 0.063359999999999861 1 0 
1 0.063360000000000083 0 0 -1 
1 0.063359999999999417 0 0 1 
1 0 0 0 1 
1 0 0.063359999999999861 1 0 
1 0 0 0 -1 
1 0.063359999999999417 0 0 1 
1 0 -0.063359999999999861 1 0 
1 0 0.063359999999999417 1 0 
1 0 0.06336 1 0 
2 0 0 1 0 -0 1 0.028799999999999999
1 6.2831853071795862 -0 0 1 
1 0 -0 0 1 
1 0 0 1 0 
2 0 0 1 0 -0 1 0.028799999999999999
2 0.03167999999999993 -0.031680000000000152 1 0 -0 1 0.028799999999999937
1 0 0.06336 1 0 
2 0 0 1 0 -0 1 0.024
2 0 -0 1 0 -0 1 0.024000000000000021
1 0 0.06336 1 0 
2 0 0 1 0 -0 1 0.028799999999999999
1 6.2831853071795862 -0 0 1 
1 0 -0 0 1 
1 6.2831853071795862 -0 0 1 
1 0 -0 0 1 
1 0 0 1 0 
2 0 0 1 0 -0 1 0.024
2 0 -0 1 0 -0 1 0.024000000000000021
2 0.03167999999999993 -0.031680000000000152 -1 0 0 1 0.024000000000000021
1 0 0.06336 1 0 
2 0 0 1 0 -0 1 0.024
2 0 0 1 0 -0 1 0.024000000000000021
1 6.2831853071795862 -0 0 1 
1 0 -0 0 1 
1 0 0 1 0 
2 0 0 1 0 -0 1 0.024
2 0 0 1 0 -0 1 0.024000000000000021
2 0.03167999999999993 -0.031680000000000152 1 0 -0 1 0.024000000000000021
1 0 0 1 0 
2 0 2.213357889241201e-16 1 -6.1556801244518021e-16 6.1556801244518021e-16 1 0.040000000000001326
1 0 0 1 0 
2 -3.9631522755409291e-15 3.1078361822520657e-16 1 -3.7352629430948082e-16 3.7352629430948082e-16 1 0.036000000000000795
2 0 2.213357889241201e-16 1 -6.1556801244518021e-16 6.1556801244518021e-16 1 0.036000000000000795
8 0 0.16900788232698319
1 6.2831853071795862 0 0 1 
1 0 0 0 1 
1 0 0.16900788232698319 1 0 
7 0 0  8 30 5  -1.1102230246251565e-16 0  0.19923156561541813 0  0.39944015850321035 0  0.58105299438288072 0  0.80715971274913856 0  0.97198615286703782 0  1.1786781540224003 0  1.3745656836402349 0  1.7671595309883337 0  1.9634793593327737 0  2.1598169731709085 0  2.3561672533264697 0  2.5525250806225603 0  2.7488853358829068 0  2.9452428999308351 0  3.3379424072487294 0  3.5342999712968086 0  3.7306602265567776 0  3.9270180538533959 0  4.1233683340084593 0  4.3197059478469155 0  4.5160257761912428 0  4.908619623539324 0  5.1045071531574422 0  5.3111991543112014 0  5.47602559443333 0  5.7021323127947641 0  5.8837451486768728 0  6.0839537415641205 0  6.2831853071795853 0 
 0 9 1.5707963267948966 7 3.1415926535897931 7 4.7123889803846897 7 6.2831853071795862 9
8 0 0.16900788232698319
1 6.2831853071795862 0 0 1 
1 0 0 0 1 
1 0 0.16900788232698319 1 0 
7 0 0  10 56 7  0 0  0.079692626246174403 0  0.15553632167972478 0  0.26789454978910882 0  0.23883103559942467 0  0.46877949646518702 0  0.44421602816087935 0  0.55449990427604612 0  0.63523396584377634 0  0.7100888788621762 0  0.86299655115804108 0  0.93788573363446359 0  1.0317596698044424 0  1.1283626333733781 0  1.100228245768136 0  1.3340047349937565 0  1.3033035363351646 0  1.4179989184002872 0  1.4928384863444433 0  1.7288737992736982 0  1.877670136937498 0  2.0623013375501635 0  2.1676747441569737 0  2.3874638459579445 0  2.4931197764935806 0  2.6782886639473422 0  2.8259117948476362 0  2.9845134814743295 0  3.2986718257053891 0  3.4572735123304144 0  3.6048966432364886 0  3.7900655306785538 0  3.8957214612308895 0  4.1155105630140536 0  4.2208839696352927 0  4.4055151702394504 0  4.5543115079063394 0  4.7903468208352402 0  4.8651863887798452 0  4.9798817708402936 0  4.9491805721952584 0  5.1829570614024583 0  5.1548226738094396 0  5.2514256373762143 0  5.3452995735445814 0  5.4201887560215001 0  5.5730964283176565 0  5.6479513413366327 0  5.7286854029027232 0  5.8389692790179 0  5.8144058107171004 0  6.0443542715778573 0  6.0152907573912557 0  6.1276489854998974 0  6.2034926809333593 0  6.2831853071795862 0 
 0 11 0.78539816339744828 9 1.5707963267948966 9 3.1415926535897931 9 4.7123889803846897 9 5.497787143782138 9 6.2831853071795862 11
8 0 1
1 6.2831853071795862 0 0 1 
1 0 0 0 1 
1 0 1 1 0 
7 0 0  7 8 2  4.4408920985006262e-16 0  0.8846135158820555 0  1.8191341519268709 0  2.6642559638982468 0  3.6189293432809171 0  4.4640511552532764 0  5.3985717912975133 0  6.2831853071795862 0 
 0 8 6.2831853071795862 8
8 0 1
1 6.2831853071795862 0 0 1 
1 0 0 0 1 
1 0 1 1 0 
7 0 0  7 8 2  -4.4408920985006262e-16 0  0.88461351588205783 0  1.8213136996633006 0  2.6591205702586058 0  3.6240647369204129 0  4.4618716075171285 0  5.3985717912974795 0  6.2831853071795862 0 
 0 8 6.2831853071795862 8
8 0 0.043565271345034517
1 6.2831853071795862 0 0 1 
1 0 0 0 1 
1 0 0.043565271345034517 1 0 
7 0 0  8 30 5  -2.2204460492503131e-16 0  0.19923156561541722 0  0.39944015850314474 0  0.58105299438331015 0  0.8071597127484742 0  0.9719861528673055 0  1.1786781540223843 0  1.374565683640232 0  1.7671595309883332 0  1.9634793593327728 0  2.1598169731709111 0  2.3561672533264644 0  2.5525250806225666 0  2.7488853358829015 0  2.9452428999308387 0  3.3379424072487218 0  3.5342999712968495 0  3.7306602265566942 0  3.9270180538535167 0  4.1233683340083624 0  4.3197059478469679 0  4.5160257761912357 0  4.9086196235393169 0  5.1045071531573667 0  5.3111991543123702 0  5.4760255944304888 0  5.7021323127963752 0  5.883745148676538 0  6.0839537415641081 0  6.2831853071795871 0 
 0 9 1.5707963267948966 7 3.1415926535897931 7 4.7123889803846897 7 6.2831853071795862 9
8 0 0.043565271345034517
1 6.2831853071795862 0 0 1 
1 0 0 0 1 
1 0 0.043565271345034517 1 0 
7 0 0  11 62 7  5.5511151231257827e-17 0  0.072447842041963126 0  0.14174655887362064 0  0.23725139666859341 0  0.24939958621339339 0  0.36425746879905369 0  0.45761428360005674 0  0.4843192558389085 0  0.57651828470361444 0  0.64884395002909268 0  0.7170392276029246 0  0.85604620241733065 0  0.924269518638556 0  1.0061576872130007 0  1.0932342829851724 0  1.1130166037697871 0  1.2064902863240483 0  1.3228406627574119 0  1.3345840950781875 0  1.4316061125722799 0  1.4999910715848759 0  1.7145686287933 0  1.8482732622136437 0  2.0239747488411934 0  2.0992887040235053 0  2.3335828277466995 0  2.3894661499615859 0  2.5905223551092984 0  2.706522142740492 0  2.8570914602905058 0  2.9987934062122124 0  3.2843919009673446 0  3.4260938468894957 0  3.5766631644372864 0  3.6926629520744543 0  3.8937191572123351 0  3.9496024794372202 0  4.1838966031541913 0  4.2592105583390332 0  4.4349120449655848 0  4.5686166783865154 0  4.7831942355944514 0  4.8515791946088775 0  4.9486012120967349 0  4.960344644430756 0  5.0766950208456345 0  5.1701687034182262 0  5.1899510241881011 0  5.2770276199709167 0  5.3589157885392558 0  5.4271391047626825 0  5.5661460795761499 0  5.6343413571533336 0  5.7066670224693654 0  5.7988660513517063 0  5.8255710235659173 0  5.9189278383938344 0  6.0337857209564518 0  6.0459339105161822 0  6.1414387483039405 0  6.2107374651380791 0  6.2831853071795871 0 
 0 12 0.78539816339744828 10 1.5707963267948966 10 3.1415926535897931 10 4.7123889803846897 10 5.497787143782138 10 6.2831853071795862 12
8 0 1
1 6.2831853071795862 0 0 1 
1 0 0 0 1 
1 0 1 1 0 
7 0 0  7 8 2  4.4408920985006262e-16 0  0.88461351588205039 0  1.8191341519275663 0  2.6642559638965162 0  3.6189293432828102 0  4.4640511552523776 0  5.3985717912974982 0  6.2831853071795862 0 
 0 8 6.2831853071795862 8
8 0 1
1 6.2831853071795862 0 0 1 
1 0 0 0 1 
1 0 1 1 0 
7 0 0  7 8 2  -4.4408920985006262e-16 0  0.88461351588205139 0  1.8213136996638033 0  2.6591205702575302 0  3.6240647369219148 0  4.4618716075160636 0  5.3985717912975169 0  6.2831853071795862 0 
 0 8 6.2831853071795862 8
8 0 4.4505799621139293
1 6.2831853071795862 0 0 1 
1 0 0 0 1 
1 0 4.4505799621139293 1 0 
7 0 0  8 30 5  -1.1102230246251565e-16 0  0.19923156561546185 0  0.39944015850322595 0  0.58105299438304692 0  0.80715971274957687 0  0.9719861528667697 0  1.1786781540224305 0  1.3745656836402378 0  1.7671595309883361 0  1.9634793593327593 0  2.1598169731709422 0  2.3561672533264115 0  2.5525250806226176 0  2.7488853358828713 0  2.9452428999308453 0  3.3379424072487218 0  3.5342999712968317 0  3.7306602265567377 0  3.9270180538534385 0  4.1233683340084335 0  4.3197059478469209 0  4.5160257761912455 0  4.9086196235393222 0  5.1045071531574102 0  5.3111991543115007 0  5.4760255944326346 0  5.7021323127951851 0  5.8837451486773569 0  6.0839537415640699 0  6.2831853071795862 0 
 0 9 1.5707963267948966 7 3.1415926535897931 7 4.7123889803846897 7 6.2831853071795862 9
8 0 4.4505799621139293
1 6.2831853071795862 0 0 1 
1 0 0 0 1 
1 0 4.4505799621139293 1 0 
7 0 0  10 56 7  0 0  0.079692626246190362 0  0.15553632167959078 0  0.26789454979022809 0  0.23883103559664842 0  0.4687794964682549 0  0.44421602815975636 0  0.55449990427605789 0  0.63523396584419656 0  0.7100888788623444 0  0.86299655115798879 0  0.9378857336341867 0  1.0317596698050164 0  1.1283626333760923 0  1.1002282457609116 0  1.3340047350013924 0  1.3033035363318382 0  1.4179989184006319 0  1.4928384863446267 0  1.7288737992738201 0  1.877670136936042 0  2.0623013375559651 0  2.1676747441467477 0  2.3874638459688322 0  2.4931197764865893 0  2.6782886639498904 0  2.8259117948473014 0  2.9845134814742926 0  3.2986718257054073 0  3.4572735123305418 0  3.6048966432363101 0  3.7900655306790552 0  3.8957214612303428 0  4.1155105630148814 0  4.2208839696343761 0  4.4055151702401218 0  4.5543115079062364 0  4.7903468208351816 0  4.8651863887799003 0  4.9798817708410752 0  4.9491805721929936 0  5.1829570614042888 0  5.1548226738092024 0  5.2514256373756059 0  5.3452995735449873 0  5.4201887560214841 0  5.5730964283174833 0  5.6479513413363227 0  5.7286854029033041 0  5.8389692790179284 0  5.8144058107171199 0  6.0443542715771539 0  6.0152907573918233 0  6.127648985499988 0  6.2034926809333681 0  6.2831853071795862 0 
 0 11 0.78539816339744828 9 1.5707963267948966 9 3.1415926535897931 9 4.7123889803846897 9 5.497787143782138 9 6.2831853071795862 11
8 0 1
1 6.2831853071795862 0 0 1 
1 0 0 0 1 
1 0 1 1 0 
7 0 0  7 8 2  -4.4408920985006262e-16 0  0.88461351588186943 0  1.8191341519277977 0  2.6642559638957111 0  3.6189293432842544 0  4.4640511552513127 0  5.3985717912976812 0  6.2831853071795862 0 
 0 8 6.2831853071795862 8
8 0 1
1 6.2831853071795862 0 0 1 
1 0 0 0 1 
1 0 1 1 0 
7 0 0  7 8 2  0 0  0.88461351588186043 0  1.8213136996650068 0  2.6591205702539296 0  3.6240647369270373 0  4.4618716075127791 0  5.3985717912976749 0  6.2831853071795862 0 
 0 8 6.2831853071795862 8
8 0 3.368173914878934
1 6.2831853071795862 0 0 1 
1 0 0 0 1 
1 0 3.368173914878934 1 0 
7 0 0  8 30 5  0 0  0.19923156561541955 0  0.39944015850320114 0  0.58105299438268632 0  0.80715971274941833 0  0.97198615286693946 0  1.1786781540223963 0  1.3745656836402398 0  1.7671595309883306 0  1.9634793593327771 0  2.1598169731709072 0  2.3561672533264586 0  2.5525250806225799 0  2.7488853358828909 0  2.9452428999308387 0  3.3379424072487276 0  3.5342999712968135 0  3.7306602265567679 0  3.9270180538534167 0  4.1233683340084415 0  4.3197059478469262 0  4.5160257761912446 0  4.908619623539324 0  5.1045071531574111 0  5.3111991543115744 0  5.476025594432322 0  5.7021323127956602 0  5.8837451486768266 0  6.0839537415641187 0  6.2831853071795871 0 
 0 9 1.5707963267948966 7 3.1415926535897931 7 4.7123889803846897 7 6.2831853071795862 9
8 0 3.368173914878934
1 6.2831853071795862 0 0 1 
1 0 0 0 1 
1 0 3.368173914878934 1 0 
7 0 0  10 56 7  -1.1102230246251565e-16 0  0.079692626246176568 0  0.15553632167968065 0  0.26789454978937832 0  0.23883103559876509 0  0.46877949646591177 0  0.44421602816063649 0  0.55449990427607054 0  0.63523396584379088 0  0.71008887886216443 0  0.8629965511580413 0  0.9378857336344526 0  1.0317596698043554 0  1.1283626333745997 0  1.1002282457649393 0  1.3340047349973874 0  1.3033035363337127 0  1.4179989184004136 0  1.4928384863444979 0  1.7288737992737042 0  1.8776701369373447 0  2.0623013375513897 0  2.1676747441546484 0  2.387463845960859 0  2.4931197764912922 0  2.6782886639485901 0  2.8259117948473857 0  2.9845134814743361 0  3.2986718257053491 0  3.457273512331668 0  3.6048966432311564 0  3.7900655306902991 0  3.8957214612140669 0  4.1155105630301092 0  4.2208839696248148 0  4.405515170243107 0  4.5543115079058687 0  4.7903468208347988 0  4.8651863887790556 0  4.9798817708490235 0  4.9491805721745017 0  5.1829570614219564 0  5.1548226738026699 0  5.2514256373739627 0  5.3452995735456188 0  5.4201887560215951 0  5.5730964283172337 0  5.6479513413351787 0  5.7286854029037091 0  5.8389692790200547 0  5.8144058107100598 0  6.0443542715842549 0  6.015290757388958 0  6.1276489854997367 0  6.203492680933488 0  6.2831853071795862 0 
 0 11 0.78539816339744828 9 1.5707963267948966 9 3.1415926535897931 9 4.7123889803846897 9 5.497787143782138 9 6.2831853071795862 11
8 0 1
1 6.2831853071795862 0 0 1 
1 0 0 0 1 
1 0 1 1 0 
7 0 0  7 8 2  0 0  0.88461351588205461 0  1.8191341519278905 0  2.6642559638951226 0  3.6189293432848606 0  4.4640511552511972 0  5.3985717912974982 0  6.2831853071795862 0 
 0 8 6.2831853071795862 8
8 0 1
1 6.2831853071795862 0 0 1 
1 0 0 0 1 
1 0 1 1 0 
7 0 0  7 8 2  -8.8817841970012523e-16 0  0.88461351588204751 0  1.8213136996640789 0  2.6591205702565577 0  3.6240647369232799 0  4.4618716075152314 0  5.3985717912975009 0  6.2831853071795862 0 
 0 8 6.2831853071795862 8
8 0 1.0663802761982764
1 6.2831853071795862 0 0 1 
1 0 0 0 1 
1 0 1.0663802761982764 1 0 
7 0 0  8 30 5  -1.1102230246251565e-16 0  0.19923156561541755 0  0.39944015850317705 0  0.58105299438306324 0  0.80715971274899534 0  0.97198615286707135 0  1.1786781540224061 0  1.3745656836402329 0  1.7671595309883374 0  1.9634793593327566 0  2.1598169731709489 0  2.356167253326408 0  2.5525250806226207 0  2.7488853358828713 0  2.9452428999308444 0  3.3379424072487245 0  3.5342999712968184 0  3.7306602265567577 0  3.9270180538534349 0  4.1233683340084175 0  4.3197059478469448 0  4.5160257761912357 0  4.9086196235393276 0  5.1045071531573951 0  5.3111991543116934 0  5.4760255944320981 0  5.7021323127956132 0  5.8837451486768968 0  6.0839537415641116 0  6.2831853071795862 0 
 0 9 1.5707963267948966 7 3.1415926535897931 7 4.7123889803846897 7 6.2831853071795862 9
8 0 1.0663802761982764
1 6.2831853071795862 0 0 1 
1 0 0 0 1 
1 0 1.0663802761982764 1 0 
7 0 0  11 62 7  0 0  0.072447842041951857 0  0.14174655887367624 0  0.23725139666822789 0  0.24939958621396266 0  0.36425746879870685 0  0.45761428360007461 0  0.48431925583885749 0  0.57651828470367905 0  0.64884395002886852 0  0.71703922760285488 0  0.85604620241733043 0  0.92426951863870066 0  1.0061576872128488 0  1.0932342829845976 0  1.113016603770645 0  1.2064902863246683 0  1.3228406627551534 0  1.334584095079578 0  1.4316061125720205 0  1.4999910715848368 0  1.7145686287931605 0  1.8482732622151616 0  2.0239747488348341 0  2.0992887040371184 0  2.3335828277273318 0  2.3894661499798295 0  2.5905223550979461 0  2.7065221427448591 0  2.8570914602895439 0  2.9987934062123069 0  3.2843919009672695 0  3.4260938468896693 0  3.5766631644377376 0  3.6926629520722618 0  3.8937191572160046 0  3.9496024794344047 0  4.1838966031550537 0  4.2592105583389142 0  4.4349120449656416 0  4.5686166783864666 0  4.7831942355944612 0  4.8515791946083091 0  4.9486012120992111 0  4.9603446444265105 0  5.0766950208474819 0  5.1701687034193915 0  5.1899510241872679 0  5.2770276199699504 0  5.358915788539707 0  5.4271391047626683 0  5.5661460795760966 0  5.6343413571524206 0  5.7066670224706693 0  5.7988660513500392 0  5.8255710235678038 0  5.9189278383907169 0  6.0337857209595143 0  6.0459339105144982 0  6.1414387483045338 0  6.2107374651379743 0  6.2831853071795862 0 
 0 12 0.78539816339744828 10 1.5707963267948966 10 3.1415926535897931 10 4.7123889803846897 10 5.497787143782138 10 6.2831853071795862 12
8 0 1
1 6.2831853071795862 0 0 1 
1 0 0 0 1 
1 0 1 1 0 
7 0 0  7 8 2  0 0  0.88461351588204928 0  1.8191341519274711 0  2.6642559638965797 0  3.6189293432828733 0  4.4640511552523066 0  5.3985717912975231 0  6.2831853071795862 0 
 0 8 6.2831853071795862 8
8 0 1
1 6.2831853071795862 0 0 1 
1 0 0 0 1 
1 0 1 1 0 
7 0 0  7 8 2  4.4408920985006262e-16 0  0.88461351588204917 0  1.8213136996636656 0  2.6591205702575498 0  3.6240647369218779 0  4.4618716075161871 0  5.3985717912974858 0  6.2831853071795862 0 
 0 8 6.2831853071795862 8
8 0 1.8499063479617575
1 6.2831853071795862 0 0 1 
1 0 0 0 1 
1 0 1.8499063479617575 1 0 
2 3.5522363514725447e-15 5.8235614646141291e-17 1 -6.0715321659188248e-16 6.0715321659188248e-16 1 0.040000000000000827
8 0 1.8499063479617575
1 6.2831853071795862 0 0 1 
1 0 0 0 1 
1 0 1.8499063479617575 1 0 
2 -3.6397259153838862e-18 2.2201477196703402e-16 1 -3.6429192995512949e-16 3.6429192995512949e-16 1 0.035999999999999678
2 3.5522363514725447e-15 5.8235614646141291e-17 1 -6.0715321659188248e-16 6.0715321659188248e-16 1 0.035999999999999678
1 6.2831853071795862 -0 0 1 
1 0 -0 0 1 
1 0 0 1 0 
2 0 0 1 0 -0 1 0.10000000000000001
1 0 0.20000000000000001 1 0 
2 0 0 1 0 -0 1 0.10000000000000001
7 0 0  8 30 5  4.8933754316312372 0.050000000000000704  4.8933754316312372 0.053598429753691508  4.8850186236099313 0.057145955885646971  4.868711072722185 0.060450713916955827  4.845307993651863 0.06334176347247597  4.816000093145739 0.065645914629137742  4.782580097209542 0.067239349598469028  4.746990617991468 0.068000000000000727  4.6777873397923777 0.068000000000000699  4.6421978751014619 0.067239349981211435  4.6087778460818658 0.065645913113135779  4.5794699898874507 0.063341766201594998  4.5560668746257109 0.060450711182853972  4.5397593407466994 0.057145957424362848  4.5314025291381421 0.053598429343226055  4.5314025291381421 0.046401570250330024  4.5397593371955507 0.042854044099349335  4.5560668879107755 0.03954928610968577  4.5794699673520451 0.036658236500876372  4.6087778673980493 0.034354085385746372  4.6421978636829158 0.032760650397743514  4.6777873427455923 0.032000000000000701  4.7469906180089216 0.032000000000000715  4.7825800971414409 0.03276065039905747  4.8160000932740887 0.034354085380785035  4.8453079935144423 0.036658236509391796  4.8687110728045404 0.039549286101526443  4.8850186235874862 0.042854044103781949  4.8933754316312372 0.04640157024915903  4.8933754316312372 0.050000000000000704 
 0 9 0.24999996972997707 7 0.49999996103069233 7 0.74999998056904982 7 1 9
7 0 0  8 30 5  0 0.0083666610188635471  0.1999127640939336 0.0083666610188635471  0.39697350757501565 0.008517115164053431  0.5928803962094924 0.0088104701542645932  0.78820266111090387 0.0091937517695394461  0.9846397051119693 0.0095759828393779493  1.1808556987131955 0.0098631353427598017  1.3785650067572415 0.010000000000000037  1.7630276634188551 0.010000000000000037  1.9607368740985047 0.0098631353600650735  2.1569531358397831 0.0095759827768112926  2.3533897393307734 0.0091937518642784734  2.5487124653196247 0.0088104700841168688  2.7446190463803966 0.0085171151858094412  2.9416799122994965 0.0083666610188635332  3.3415054174603873 0.0083666610188635332  3.5385661621441087 0.0085171151642598076  3.7344730477387653 0.0088104701535935831  3.9297953172419273 0.0091937517704571182  4.1262323567852182 0.0095759828387602178  4.3224483531504445 0.0098631353429352812  4.5201576601674809 0.010000000000000037  4.9046203005193139 0.010000000000000037  5.1023296079778095 0.0098631353428606742  5.2985456032316467 0.009575982839004217  5.4949826444534775 0.0091937517701220026  5.6903049123349358 0.0088104701538183894  5.8862117989312104 0.0085171151641970956  6.0832725432439378 0.0083666610188635471  6.2831853071795862 0.0083666610188635471 
 0 9 0.24999996972997707 7 0.49999996103069233 7 0.74999998056904982 7 1 9
7 0 0  7 38 7  3.0414252324282334 0.10000000000000142  3.0414252324282334 0.098196037614319859  3.0452400433707512 0.096401216940034451  3.0528073986036701 0.094703862158127816  3.0638123922924305 0.093195014534464271  3.0777164809758091 0.091949810286546238  3.0937200305346271 0.091040430439256512  3.1209283038655404 0.090156802246002782  3.1316245079436471 0.089951743055825734  3.1424964215534392 0.089883624252735467  3.1533741380406672 0.089952698703062356  3.164077537694713 0.090156485414674914  3.1743984426936724 0.090491699162100286  3.1987391389046311 0.091636046688884837  3.2121225758214824 0.092597980425426316  3.2235735823777532 0.093809194093513307  3.2325475819226797 0.095217847032951414  3.2386778100253175 0.096762381848930587  3.2417600747513537 0.098378596337158633  3.2417600747513529 0.10180396238567482  3.2379452638088813 0.10359878305995709  3.2303779085759237 0.10529613784189476  3.2193729148870243 0.10680498546552951  3.2054688262039552 0.10805018971344982  3.1894652766449778 0.10895956956074573  3.1622559292125501 0.10984323263700613  3.151559755458448 0.1100482793654687  3.1406878466204415 0.11011637802312382  3.1298102282378695 0.11004728192753442  3.1191072492377585 0.10984348939701342  3.1087868704522612 0.109508301118403  3.0844448793618087 0.10836389271447119  3.0710623529179171 0.10740194779675642  3.0596122915715371 0.10619081103165083  3.0506385267661003 0.10478226078344978  3.0445079395842805 0.10323777809762756  3.0414252324282338 0.10162152478313848  3.0414252324282338 0.10000000000000142 
 0 8 0.1999397898105067 6 0.32064218756415669 6 0.50019280873308869 6 0.69995957523041086 6 0.8205701669380272 6 1 8
7 0 0  7 38 7  0 0.0094987437106619221  0.18039623856815662 0.0094987437106619221  0.35988294861537762 0.0095368981928709868  0.53917866634655653 0.0096125406674083102  0.71849152501639457 0.0097135421287093439  0.89820958588978095 0.0098168022317014995  1.078331139031508 0.0098998150110295342  1.3642792290519468 0.0099838931994980402  1.4723302138460286 0.010004690844626903  1.5798906291827319 0.010011938836802672  1.6873577382468221 0.010004751350811204  1.7949700647765519 0.0099837839728403755  1.9025749846461426 0.0099509774474695768  2.1713404106437793 0.0098473398035805459  2.3331774855593901 0.0097656889420210131  2.4948881390151505 0.0096746162784408455  2.6563802295255163 0.0095909188193783659  2.8178457212357055 0.0095295454872687136  2.9794522873055138 0.0094987437106619221  3.3219888921571328 0.0094987437106619221  3.5014756022041515 0.0095368981928703762  3.6807713199376719 0.0096125406674089156  3.8600841786065292 0.0097135421287094931  4.0398022394777895 0.0098168022317006581  4.2199237926211071 0.009899815011029477  4.5058831710196339 0.0099838965186541985  4.6139334277582362 0.010004692979713587  4.7214934355402551 0.010011938915207188  4.8289598357231451 0.010004749402210716  4.9365683124676938 0.0099837816316678245  5.0441675723566357 0.0099509774728730495  5.3129472961720401 0.0098473343156552842  5.4747769702460118 0.0097656823612554643  5.636476512794947 0.0096746204197887351  5.7979605504427028 0.0095909277467217582  5.9594230031620112 0.0095295487124707583  6.1210328288658804 0.0094987437106619221  6.2831853071795862 0.0094987437106619221 
 0 8 0.1999397898105067 6 0.32064218756415669 6 0.50019280873308869 6 0.69995957523041086 6 0.8205701669380272 6 1 8
1 6.2831853071795862 -0 0 1 
1 0 -0 0 1 
1 0 0 1 0 
2 0 0 1 0 -0 1 0.017999999999999999
1 6.2831853071795862 -0 0 1 
1 0 -0 0 1 
1 0 0 1 0 
2 0 0 1 0 -0 1 0.01
1 0 0 1 0 
1 0 0 1 0 
1 0.052799999999999958 0 0 -1 
1 0 0 0 1 
1 0 0 0 -1 
1 0 0 0 1 
1 0 -0.052800000000000402 1 0 
1 0 0 1 0 
1 0 0 1 0 
2 0 0 1 0 -0 1 0.024
2 0.026399999999999979 -0.026399999999999757 -1 0 0 1 0.024000000000000021
1 0 0 0 1 
1 0 0 1 0 
1 0 0 1 0 
1 0 0.052799999999999514 1 0 
1 0.052799999999999958 0 0 1 
1 0 0 1 0 
1 0.052799999999999958 0 0 1 
1 0 0.052800000000000402 1 0 
1 0.052799999999999958 0 0 -1 
1 0.052799999999999514 0 0 1 
1 0 0 0 1 
1 0 0.052800000000000402 1 0 
1 0 0 0 -1 
1 0.052799999999999514 0 0 1 
1 0 -0.052800000000000402 1 0 
1 0 0.052799999999999514 1 0 
1 0 0.052800000000000007 1 0 
2 0 0 1 0 -0 1 0.024
1 6.2831853071795862 -0 0 1 
1 0 -0 0 1 
1 0 0 1 0 
2 0 0 1 0 -0 1 0.024
2 0.026399999999999979 -0.026399999999999757 1 0 -0 1 0.024000000000000021
1 0 0.052800000000000007 1 0 
2 0 0 1 0 -0 1 0.02
2 0 -0 1 0 -0 1 0.020000000000000018
1 0 0.052800000000000007 1 0 
2 0 0 1 0 -0 1 0.024
1 6.2831853071795862 -0 0 1 
1 0 -0 0 1 
1 6.2831853071795862 -0 0 1 
1 0 -0 0 1 
1 0 0 1 0 
2 0 0 1 0 -0 1 0.02
2 0 -0 1 0 -0 1 0.020000000000000018
2 0.026399999999999979 -0.026399999999999757 -1 0 0 1 0.020000000000000018
1 0 0.052800000000000007 1 0 
2 0 0 1 0 -0 1 0.02
2 0 0 1 0 -0 1 0.020000000000000018
1 6.2831853071795862 -0 0 1 
1 0 -0 0 1 
1 0 0 1 0 
2 0 0 1 0 -0 1 0.02
2 0 0 1 0 -0 1 0.020000000000000018
2 0.026399999999999979 -0.026399999999999757 1 0 -0 1 0.020000000000000018
1 0 0 1 0 
2 -3.7480779841510362e-37 1.1102230043978761e-16 1 -4.0826988057657276e-18 4.0826988057657276e-18 1 0.017999999999999874
1 0 0 1 0 
2 2.2124747309420596e-16 2.2204818917911475e-16 1 -4.0488174878755556e-18 4.0488174878755556e-18 1 0.01599999999999991
2 -3.7480779841510362e-37 1.1102230043978761e-16 1 -4.0826988057657276e-18 4.0826988057657276e-18 1 0.01599999999999991
8 0 0.19826788492754083
1 6.2831853071795862 0 0 1 
1 0 0 0 1 
1 0 0.19826788492754083 1 0 
8 0 6.2831853071795862
1 0 0 1 0 
8 0 0.19826788492754083
1 6.2831853071795862 0 0 1 
1 0 0 0 1 
1 0 0.19826788492754083 1 0 
8 0 6.2831853071795862
1 0 0 1 0 
8 0 1
1 6.2831853071795862 0 0 1 
1 0 0 0 1 
1 0 1 1 0 
8 0 6.2831853071795862
1 0 0 1 0 
8 0 1
1 6.2831853071795862 0 0 1 
1 0 0 0 1 
1 0 1 1 0 
8 0 6.2831853071795862
1 0 0 1 0 
8 0 0.19828142483416317
1 6.2831853071795862 0 0 1 
1 0 0 0 1 
1 0 0.19828142483416317 1 0 
8 0 6.2831853071795862
1 0 0 1 0 
8 0 0.19828142483416317
1 6.2831853071795862 0 0 1 
1 0 0 0 1 
1 0 0.19828142483416317 1 0 
8 0 6.2831853071795862
1 0 0 1 0 
8 0 1
1 6.2831853071795862 0 0 1 
1 0 0 0 1 
1 0 1 1 0 
8 0 6.2831853071795862
1 0 0 1 0 
8 0 1
1 6.2831853071795862 0 0 1 
1 0 0 0 1 
1 0 1 1 0 
8 0 6.2831853071795862
1 0 0 1 0 
8 0 1.5011056935823464
1 6.2831853071795862 0 0 1 
1 0 0 0 1 
1 0 1.5011056935823464 1 0 
2 0 -0 1 -4.0793106739767104e-18 4.0793106739767104e-18 1 0.017999999999999908
8 0 1.5011056935823464
1 6.2831853071795862 0 0 1 
1 0 0 0 1 
1 0 1.5011056935823464 1 0 
2 -2.2155213138948388e-16 1.1102365901459683e-16 1 -4.0454293560865384e-18 4.0454293560865384e-18 1 0.016000000000000125
2 0 -0 1 -4.0793106739767104e-18 4.0793106739767104e-18 1 0.015999999999999907
1 0 0 1 0 
1 0 0 1 0 
1 0.063360000000000083 0 0 -1 
1 0 0 0 1 
1 0 0 0 -1 
1 0 0 0 1 
1 0 -0.063359999999999972 1 0 
1 0 0 1 0 
1 0 0 1 0 
2 0 0 1 0 -0 1 0.028799999999999999
2 0.03167999999999993 -0.031680000000000041 -1 0 0 1 0.028799999999999937
1 0 0 0 1 
1 0 0 1 0 
1 0 0 1 0 
1 0 0.063359999999999417 1 0 
1 0.063360000000000083 0 0 1 
1 0 0 1 0 
1 0.063360000000000083 0 0 1 
1 0 0.063359999999999972 1 0 
1 0.063360000000000083 0 0 -1 
1 0.063359999999999417 0 0 1 
1 0 0 0 1 
1 0 0.063359999999999972 1 0 
1 0 0 0 -1 
1 0.063359999999999417 0 0 1 
1 0 -0.063359999999999972 1 0 
1 0 0.063359999999999417 1 0 
1 0 0.06336 1 0 
2 0 0 1 0 -0 1 0.028799999999999999
1 6.2831853071795862 -0 0 1 
1 0 -0 0 1 
1 0 0 1 0 
2 0 0 1 0 -0 1 0.028799999999999999
2 0.03167999999999993 -0.031680000000000041 1 0 -0 1 0.028799999999999937
1 0 0.06336 1 0 
2 0 0 1 0 -0 1 0.024
2 0 -0 1 0 -0 1 0.024000000000000021
1 0 0.06336 1 0 
2 0 0 1 0 -0 1 0.028799999999999999
1 6.2831853071795862 -0 0 1 
1 0 -0 0 1 
1 6.2831853071795862 -0 0 1 
1 0 -0 0 1 
1 0 0 1 0 
2 0 0 1 0 -0 1 0.024
2 0 -0 1 0 -0 1 0.024000000000000021
2 0.03167999999999993 -0.031680000000000041 -1 0 0 1 0.024000000000000021
1 0 0.06336 1 0 
2 0 0 1 0 -0 1 0.024
2 0 0 1 0 -0 1 0.024000000000000021
1 6.2831853071795862 -0 0 1 
1 0 -0 0 1 
1 0 0 1 0 
2 0 0 1 0 -0 1 0.024
2 0 0 1 0 -0 1 0.024000000000000021
2 0.03167999999999993 -0.031680000000000041 1 0 -0 1 0.024000000000000021
1 0 0 1 0 
2 0 0 1 0 -0 1 0.024000000000000066
1 0 0 1 0 
2 -2.2094263978589032e-16 1.1102230246251564e-16 1 -1.4298103907130839e-30 1.4298103907130839e-30 1 0.021599999999999928
2 0 0 1 0 -0 1 0.021599999999999928
8 0 0.068818756211208532
1 6.2831853071795862 0 0 1 
1 0 0 0 1 
1 0 0.068818756211208532 1 0 
2 0 0 1 0 -0 1 0.024000000000000066
8 0 0.068818756211208532
1 6.2831853071795862 0 0 1 
1 0 0 0 1 
1 0 0.068818756211208532 1 0 
2 -2.2094263978589032e-16 1.1102230246251564e-16 1 -1.4298103907130839e-30 1.4298103907130839e-30 1 0.021599999999999928
2 0 0 1 0 -0 1 0.021599999999999928
1 0 0 1 0 
2 3.5524099021312041e-15 0 1 0 -0 1 0.0099999999999988327
1 0 0 1 0 
2 0 0 1 0 -0 1 0.0069999999999988257
2 3.5524099021312041e-15 0 1 0 -0 1 0.0069999999999988257
8 0 0.17872356710229101
1 6.2831853071795862 0 0 1 
1 0 0 0 1 
1 0 0.17872356710229101 1 0 
8 0 6.2831853071795862
1 0 0 1 0 
8 0 0.17872356710229101
1 6.2831853071795862 0 0 1 
1 0 0 0 1 
1 0 0.17872356710229101 1 0 
8 0 6.2831853071795862
1 0 0 1 0 
8 0 1
1 6.2831853071795862 0 0 1 
1 0 0 0 1 
1 0 1 1 0 
8 0 6.2831853071795862
1 0 0 1 0 
8 0 1
1 6.2831853071795862 0 0 1 
1 0 0 0 1 
1 0 1 1 0 
8 0 6.2831853071795862
1 0 0 1 0 
8 0 4.9787235671022927
1 6.2831853071795862 0 0 1 
1 0 0 0 1 
1 0 4.9787235671022927 1 0 
2 2.886579864025407e-15 0 1 0 -0 1 0.010000000000000009
8 0 4.9787235671022927
1 6.2831853071795862 0 0 1 
1 0 0 0 1 
1 0 4.9787235671022927 1 0 
2 -6.6613381477509392e-16 0 1 0 -0 1 0.0070000000000000062
2 2.886579864025407e-15 0 1 0 -0 1 0.0070000000000000062
1 0 0 1 0 
2 2.2200020932228313e-16 0 1 0 -0 1 0.023999999999999876
1 0 0 1 0 
2 2.2200020932228358e-16 0 1 0 -0 1 0.021599999999999921
2 2.2200020932228313e-16 0 1 0 -0 1 0.021599999999999883
8 0 0.3683999920015964
1 6.2831853071795862 0 0 1 
1 0 0 0 1 
1 0 0.3683999920015964 1 0 
2 2.2200020932228313e-16 0 1 0 -0 1 0.023999999999999876
8 0 0.3683999920015964
1 6.2831853071795862 0 0 1 
1 0 0 0 1 
1 0 0.3683999920015964 1 0 
2 2.2200020932228358e-16 0 1 0 -0 1 0.021599999999999921
2 2.2200020932228313e-16 0 1 0 -0 1 0.021599999999999883
1 0 0 1 0 
2 2.2200020932228313e-16 0 1 0 -0 1 0.023999999999999876
1 0 0 1 0 
2 2.2200020932228358e-16 0 1 0 -0 1 0.021599999999999921
2 2.2200020932228313e-16 0 1 0 -0 1 0.021599999999999883
8 0 0.3683999920015964
1 6.2831853071795862 0 0 1 
1 0 0 0 1 
1 0 0.3683999920015964 1 0 
2 2.2200020932228313e-16 0 1 0 -0 1 0.023999999999999876
8 0 0.3683999920015964
1 6.2831853071795862 0 0 1 
1 0 0 0 1 
1 0 0.3683999920015964 1 0 
2 2.2200020932228358e-16 0 1 0 -0 1 0.021599999999999921
2 2.2200020932228313e-16 0 1 0 -0 1 0.021599999999999883
1 0 0 1 0 
2 -4.4072678430221121e-16 0 1 0 -0 1 0.020000000000000021
1 0 0 1 0 
2 -4.4072678430221146e-16 0 1 0 -0 1 0.017999999999999933
2 -4.4072678430221121e-16 0 1 0 -0 1 0.01799999999999996
8 0 0.72258677690499806
1 6.2831853071795862 0 0 1 
1 0 0 0 1 
1 0 0.72258677690499806 1 0 
8 0 6.2831853071795862
1 0 0 1 0 
8 0 0.72258677690499806
1 6.2831853071795862 0 0 1 
1 0 0 0 1 
1 0 0.72258677690499806 1 0 
8 0 6.2831853071795862
1 0 0 1 0 
8 0 1
1 6.2831853071795862 0 0 1 
1 0 0 0 1 
1 0 1 1 0 
8 0 6.2831853071795862
1 0 0 1 0 
8 0 1
1 6.2831853071795862 0 0 1 
1 0 0 0 1 
1 0 1 1 0 
8 0 6.2831853071795862
1 0 0 1 0 
8 0 0.69903484479096023
1 6.2831853071795862 0 0 1 
1 0 0 0 1 
1 0 0.69903484479096023 1 0 
8 0 6.2831853071795862
1 0 0 1 0 
8 0 0.69903484479096023
1 6.2831853071795862 0 0 1 
1 0 0 0 1 
1 0 0.69903484479096023 1 0 
8 0 6.2831853071795862
1 0 0 1 0 
8 0 1
1 6.2831853071795862 0 0 1 
1 0 0 0 1 
1 0 1 1 0 
8 0 6.2831853071795862
1 0 0 1 0 
8 0 1
1 6.2831853071795862 0 0 1 
1 0 0 0 1 
1 0 1 1 0 
8 0 6.2831853071795862
1 0 0 1 0 
8 0 2.8330959294232878
1 6.2831853071795862 0 0 1 
1 0 0 0 1 
1 0 2.8330959294232878 1 0 
8 0 6.2831853071795862
1 0 0 1 0 
8 0 2.8330959294232878
1 6.2831853071795862 0 0 1 
1 0 0 0 1 
1 0 2.8330959294232878 1 0 
8 0 6.2831853071795862
1 0 0 1 0 
8 0 1
1 6.2831853071795862 0 0 1 
1 0 0 0 1 
1 0 1 1 0 
8 0 6.2831853071795862
1 0 0 1 0 
8 0 1
1 6.2831853071795862 0 0 1 
1 0 0 0 1 
1 0 1 1 0 
8 0 6.2831853071795862
1 0 0 1 0 
8 0 0.22058487650790326
1 6.2831853071795862 0 0 1 
1 0 0 0 1 
1 0 0.22058487650790326 1 0 
2 -7.1419308102328366e-16 -1.6602124649270712e-15 1 -5.5511151231257827e-17 5.5511151231257827e-17 1 0.020000000000000118
8 0 0.22058487650790326
1 6.2831853071795862 0 0 1 
1 0 0 0 1 
1 0 0.22058487650790326 1 0 
2 -7.1419308102328366e-16 -1.6602124649270712e-15 1 -5.5511151231257827e-17 5.5511151231257827e-17 1 0.01800000000000011
2 -7.1419308102328366e-16 -1.6602124649270712e-15 1 -5.5511151231257827e-17 5.5511151231257827e-17 1 0.01800000000000011
1 0 0 1 0 
1 0 0 1 0 
1 0.052799999999999958 0 0 -1 
1 0 0 0 1 
1 0 0 0 -1 
1 0 0 0 1 
1 0 -0.052799999999999958 1 0 
1 0 0 1 0 
1 0 0 1 0 
2 0 0 1 0 -0 1 0.024
2 0.026399999999999979 -0.026399999999999979 -1 0 0 1 0.024000000000000021
1 0 0 0 1 
1 0 0 1 0 
1 0 0 1 0 
1 0 0.052799999999999514 1 0 
1 0.052799999999999958 0 0 1 
1 0 0 1 0 
1 0.052799999999999958 0 0 1 
1 0 0.052799999999999958 1 0 
1 0.052799999999999958 0 0 -1 
1 0.052799999999999514 0 0 1 
1 0 0 0 1 
1 0 0.052799999999999958 1 0 
1 0 0 0 -1 
1 0.052799999999999514 0 0 1 
1 0 -0.052799999999999958 1 0 
1 0 0.052799999999999514 1 0 
1 0 0.052800000000000007 1 0 
2 0 0 1 0 -0 1 0.024
1 6.2831853071795862 -0 0 1 
1 0 -0 0 1 
1 0 0 1 0 
2 0 0 1 0 -0 1 0.024
2 0.026399999999999979 -0.026399999999999979 1 0 -0 1 0.024000000000000021
1 0 0.052800000000000007 1 0 
2 0 0 1 0 -0 1 0.02
2 0 -0 1 0 -0 1 0.020000000000000018
1 0 0.052800000000000007 1 0 
2 0 0 1 0 -0 1 0.024
1 6.2831853071795862 -0 0 1 
1 0 -0 0 1 
1 6.2831853071795862 -0 0 1 
1 0 -0 0 1 
1 0 0 1 0 
2 0 0 1 0 -0 1 0.02
2 0 -0 1 0 -0 1 0.020000000000000018
2 0.026399999999999979 -0.026399999999999979 -1 0 0 1 0.020000000000000018
1 0 0.052800000000000007 1 0 
2 0 0 1 0 -0 1 0.02
2 0 0 1 0 -0 1 0.020000000000000018
1 6.2831853071795862 -0 0 1 
1 0 -0 0 1 
1 0 0 1 0 
2 0 0 1 0 -0 1 0.02
2 0 0 1 0 -0 1 0.020000000000000018
2 0.026399999999999979 -0.026399999999999979 1 0 -0 1 0.020000000000000018
1 0 0 1 0 
2 -2.2094263978589057e-16 0 1 0 -0 1 0.024000000000000066
1 0 0 1 0 
2 0 0 1 -1.3435287292045357e-30 1.3435287292045357e-30 1 0.021599999999999928
2 -2.2094263978589057e-16 0 1 0 -0 1 0.021599999999999928
8 0 0.37031502484483592
1 6.2831853071795862 0 0 1 
1 0 0 0 1 
1 0 0.37031502484483592 1 0 
2 -2.2094263978589057e-16 0 1 0 -0 1 0.024000000000000066
8 0 0.37031502484483592
1 6.2831853071795862 0 0 1 
1 0 0 0 1 
1 0 0.37031502484483592 1 0 
2 0 0 1 -1.3435287292045357e-30 1.3435287292045357e-30 1 0.021599999999999928
2 -2.2094263978589057e-16 0 1 0 -0 1 0.021599999999999928
1 0 0 1 0 
2 -2.2204460492503131e-16 0 1 0 -0 1 0.020000000000000018
1 0 0 1 0 
2 -2.2204460492503131e-16 1.7763568394002505e-15 1 0 -0 1 0.018000000000000016
2 -2.2204460492503131e-16 0 1 0 -0 1 0.018000000000000016
8 0 0.42894065416776234
1 6.2831853071795862 0 0 1 
1 0 0 0 1 
1 0 0.42894065416776234 1 0 
8 0 6.2831853071795862
1 0 0 1 0 
8 0 0.42894065416776234
1 6.2831853071795862 0 0 1 
1 0 0 0 1 
1 0 0.42894065416776234 1 0 
8 0 6.2831853071795862
1 0 0 1 0 
8 0 1
1 6.2831853071795862 0 0 1 
1 0 0 0 1 
1 0 1 1 0 
8 0 6.2831853071795862
1 0 0 1 0 
8 0 1
1 6.2831853071795862 0 0 1 
1 0 0 0 1 
1 0 1 1 0 
8 0 6.2831853071795862
1 0 0 1 0 
8 0 0.45590195135927897
1 6.2831853071795862 0 0 1 
1 0 0 0 1 
1 0 0.45590195135927897 1 0 
2 -1.2641136832016714e-16 4.7816618302432689e-16 1 -1.1102230246251565e-16 1.1102230246251565e-16 1 0.020000000000000299
8 0 0.45590195135927897
1 6.2831853071795862 0 0 1 
1 0 0 0 1 
1 0 0.45590195135927897 1 0 
2 2.2196086964928475e-16 2.220027372871613e-15 1 -1.1102230246251565e-16 1.1102230246251565e-16 1 0.017999999999999888
2 -1.2641136832016714e-16 4.7816618302432689e-16 1 -1.1102230246251565e-16 1.1102230246251565e-16 1 0.017999999999999888
1 0 0 1 0 
1 0 0 1 0 
1 0.052799999999999958 0 0 -1 
1 0 0 0 1 
1 0 0 0 -1 
1 0 0 0 1 
1 0 -0.052800000000000007 1 0 
1 0 0 1 0 
1 0 0 1 0 
2 0 0 1 0 -0 1 0.024
2 0.026399999999999979 -0.026400000000000003 -1 0 0 1 0.024000000000000021
1 0 0 0 1 
1 0 0 1 0 
1 0 0 1 0 
1 0 0.052799999999999514 1 0 
1 0.052799999999999958 0 0 1 
1 0 0 1 0 
1 0.052799999999999958 0 0 1 
1 0 0.052800000000000007 1 0 
1 0.052799999999999958 0 0 -1 
1 0.052799999999999514 0 0 1 
1 0 0 0 1 
1 0 0.052800000000000007 1 0 
1 0 0 0 -1 
1 0.052799999999999514 0 0 1 
1 0 -0.052800000000000007 1 0 
1 0 0.052799999999999514 1 0 
1 0 0.052800000000000007 1 0 
2 0 0 1 0 -0 1 0.024
1 6.2831853071795862 -0 0 1 
1 0 -0 0 1 
1 0 0 1 0 
2 0 0 1 0 -0 1 0.024
2 0.026399999999999979 -0.026400000000000003 1 0 -0 1 0.024000000000000021
1 0 0.052800000000000007 1 0 
2 0 0 1 0 -0 1 0.02
2 0 -0 1 0 -0 1 0.020000000000000018
1 0 0.052800000000000007 1 0 
2 0 0 1 0 -0 1 0.024
1 6.2831853071795862 -0 0 1 
1 0 -0 0 1 
1 6.2831853071795862 -0 0 1 
1 0 -0 0 1 
1 0 0 1 0 
2 0 0 1 0 -0 1 0.02
2 0 -0 1 0 -0 1 0.020000000000000018
2 0.026399999999999979 -0.026400000000000003 -1 0 0 1 0.020000000000000018
1 0 0.052800000000000007 1 0 
2 0 0 1 0 -0 1 0.02
2 0 0 1 0 -0 1 0.020000000000000018
1 6.2831853071795862 -0 0 1 
1 0 -0 0 1 
1 0 0 1 0 
2 0 0 1 0 -0 1 0.02
2 0 0 1 0 -0 1 0.020000000000000018
2 0.026399999999999979 -0.026400000000000003 1 0 -0 1 0.020000000000000018
1 0 0 1 0 
2 -1.9187840884869261e-34 -4.4401986024329086e-16 1 -1.1991276027689677e-16 1.1991276027689677e-16 1 0.017999999999999992
1 0 0 1 0 
2 0 0 1 -1.1969591984239969e-16 1.1969591984239969e-16 1 0.015999999999999719
2 -1.9187840884869261e-34 -4.4401986024329086e-16 1 -1.1991276027689677e-16 1.1991276027689677e-16 1 0.015999999999999941
8 0 0.1976235675224666
1 6.2831853071795862 0 0 1 
1 0 0 0 1 
1 0 0.1976235675224666 1 0 
8 0 6.2831853071795862
1 0 0 1 0 
8 0 0.1976235675224666
1 6.2831853071795862 0 0 1 
1 0 0 0 1 
1 0 0.1976235675224666 1 0 
8 0 6.2831853071795862
1 0 0 1 0 
8 0 1
1 6.2831853071795862 0 0 1 
1 0 0 0 1 
1 0 1 1 0 
8 0 6.2831853071795862
1 0 0 1 0 
8 0 1
1 6.2831853071795862 0 0 1 
1 0 0 0 1 
1 0 1 1 0 
8 0 6.2831853071795862
1 0 0 1 0 
8 0 1.0597074567771081
1 6.2831853071795862 0 0 1 
1 0 0 0 1 
1 0 1.0597074567771081 1 0 
2 0 0 1 -1.1872013788716274e-16 1.1872013788716274e-16 1 0.01800000000000004
8 0 1.0597074567771081
1 6.2831853071795862 0 0 1 
1 0 0 0 1 
1 0 1.0597074567771081 1 0 
2 -3.3836396828415061e-19 4.440890809455665e-16 1 -1.1893697832165984e-16 1.1893697832165984e-16 1 0.016000000000000084
2 0 0 1 -1.1872013788716274e-16 1.1872013788716274e-16 1 0.016000000000000084
1 0 0 1 0 
2 3.3300031398342471e-16 0 1 0 -0 1 0.023999999999999876
1 0 0 1 0 
2 3.3300031398342535e-16 0 1 0 -0 1 0.021599999999999921
2 3.3300031398342471e-16 0 1 0 -0 1 0.021599999999999883
8 0 0.068339998000399541
1 6.2831853071795862 0 0 1 
1 0 0 0 1 
1 0 0.068339998000399541 1 0 
2 3.3300031398342471e-16 0 1 0 -0 1 0.023999999999999876
8 0 0.068339998000399541
1 6.2831853071795862 0 0 1 
1 0 0 0 1 
1 0 0.068339998000399541 1 0 
2 3.3300031398342535e-16 0 1 0 -0 1 0.021599999999999921
2 3.3300031398342471e-16 0 1 0 -0 1 0.021599999999999883
1 0 0 1 0 
2 0 0 1 0 -0 1 0.024000000000000066
1 0 0 1 0 
2 -2.2094263978589032e-16 1.1102230246251564e-16 1 -1.3065508742723008e-30 1.3065508742723008e-30 1 0.021599999999999928
2 0 0 1 0 -0 1 0.021599999999999928
8 0 0.37031502484483592
1 6.2831853071795862 0 0 1 
1 0 0 0 1 
1 0 0.37031502484483592 1 0 
2 0 0 1 0 -0 1 0.024000000000000066
8 0 0.37031502484483592
1 6.2831853071795862 0 0 1 
1 0 0 0 1 
1 0 0.37031502484483592 1 0 
2 -2.2094263978589032e-16 1.1102230246251564e-16 1 -1.3065508742723008e-30 1.3065508742723008e-30 1 0.021599999999999928
2 0 0 1 0 -0 1 0.021599999999999928
1 6.2831853071795862 -0 0 1 
1 0 -0 0 1 
1 0 0 1 0 
2 0 0 1 0 -0 1 0.10000000000000001
1 0 0.20000000000000001 1 0 
2 0 0 1 0 -0 1 0.10000000000000001
7 0 0  7 38 7  2.9606062023432456 0.050000000000000711  2.9606062023432456 0.046732955376649454  2.9676395756069609 0.043492209953367042  2.9814994885293271 0.040438231730158578  3.0015663271065591 0.037724106509098285  3.0267579154018884 0.035490512617159554  3.0556031032412365 0.033865190504066625  3.1044128413914085 0.032281721240873501  3.1236377071026014 0.031913911114176095  3.1431956430998746 0.031790730965914227  3.1627731352736395 0.03191423205662125  3.1820441956962027 0.032281159445178696  3.2006544577516545 0.03288483654447831  3.2443817673115936 0.034936435599150349  3.2685376805540942 0.036658544122690907  3.2893199755268125 0.038833904321872399  3.3056827775949986 0.041367815524320561  3.3169095130634885 0.044149516349300755  3.3225791048363402 0.047066494401651705  3.3225791048363407 0.053267044623510076  3.3155457315718437 0.056507790046233616  3.3016858186539944 0.059561768270155163  3.2816189800663422 0.062275893490949072  3.2564273917831068 0.064509487382678476  3.2275822039365805 0.066134809495992208  3.1787714474093116 0.067718311797035816  3.1595466598522219 0.068086109213065502  3.1399886983055909 0.068209273893030914  3.1204112189771074 0.068085749684230701  3.1011405549473112 0.067718812409953436  3.0825309178887284 0.06711516666756856  3.0388036887614644 0.065063571386638847  3.0146481113518555 0.063341486496311744  2.9938652068888061 0.061166121324447507  2.977501940247103 0.058632137766203032  2.9662754549221089 0.055850361985325454  2.960606202343246 0.052933417509989741  2.960606202343246 0.050000000000000717 
 0 8 0.19919432123346412 6 0.32047915685674433 6 0.499610728998231 6 0.69910952661268655 6 0.8205864476804261 6 1 8
7 0 0  7 38 7  0 0.0083666610188634222  0.18150247907506978 0.0083666610188634222  0.36155272510898595 0.0084932724545423201  0.5409397111515073 0.0087426924383905234  0.72042563522616487 0.0090734127437734763  0.89994191779885213 0.0094087913763158428  1.0796946538635428 0.0096764359733681055  1.3643732191954572 0.0099479306677971949  1.4722249822463538 0.010015077142477119  1.5797602911487605 0.010038621009665852  1.6872478483134918 0.010015503457990951  1.7948579300908238 0.0099475975773669206  1.9025460250282891 0.0098411792988578085  2.1702380605911284 0.0095060520069012184  2.3317251290058789 0.0092419319703768849  2.4933639945361992 0.0089453015874420682  2.6549159673888485 0.0086709461005353202  2.8165832296177724 0.0084686482048822002  2.9786201203481815 0.0083666610188634222  3.3230951326736471 0.0083666610188634222  3.5031453786803479 0.008493272454544544  3.6825323647438379 0.0087426924383676233  3.8620182888432151 0.0090734127438206972  4.0415345713592705 0.0094087913762793095  4.2212873074636557 0.0096764359733779465  4.505971812391679 0.0099479363323319633  4.6138229370263115 0.010015080638447487  4.7213581622579435 0.010038621592842628  4.8288458130604557 0.010015500148409223  4.9364539213626939 0.0099475928721233231  5.0441382595113451 0.00984117982354322  5.3118298026774058 0.0095060531480248411  5.4733147397604096 0.0092419387703742729  5.6349561519598934 0.0089453003252926398  5.7965125254402379 0.008670937390746836  5.958182109852225 0.0084686422117732918  6.1202176677357514 0.0083666610188634222  6.2831853071795862 0.0083666610188634222 
 0 8 0.19919432123346412 6 0.32047915685674433 6 0.499610728998231 6 0.69910952661268655 6 0.8205864476804261 6 1 8
1 6.2831853071795862 -0 0 1 
1 0 -0 0 1 
1 0 0 1 0 
2 0 0 1 0 -0 1 0.017999999999999999
1 0 0 1 0 
2 -4.4188527957178114e-16 0 1 0 -0 1 0.024000000000000066
1 0 0 1 0 
2 -2.2094263978589032e-16 -1.3133955632650705e-32 1 -1.3435287292045357e-30 1.3435287292045357e-30 1 0.021599999999999928
2 -4.4188527957178114e-16 0 1 0 -0 1 0.021599999999999928
8 0 0.068818756211208532
1 6.2831853071795862 0 0 1 
1 0 0 0 1 
1 0 0.068818756211208532 1 0 
2 -4.4188527957178114e-16 0 1 0 -0 1 0.024000000000000066
8 0 0.068818756211208532
1 6.2831853071795862 0 0 1 
1 0 0 0 1 
1 0 0.068818756211208532 1 0 
2 -2.2094263978589032e-16 -1.3133955632650705e-32 1 -1.3435287292045357e-30 1.3435287292045357e-30 1 0.021599999999999928
2 -4.4188527957178114e-16 0 1 0 -0 1 0.021599999999999928
1 0 0 1 0 
2 -1.1102230246251565e-16 0 1 0 -0 1 0.020000000000000018
1 0 0 1 0 
2 0 0 1 -0 0 1 0.018000000000000016
2 -1.1102230246251565e-16 0 1 0 -0 1 0.018000000000000016
8 0 0.67359999999999864
1 6.2831853071795862 0 0 1 
1 0 0 0 1 
1 0 0.67359999999999864 1 0 
2 -1.1102230246251565e-16 0 1 0 -0 1 0.020000000000000018
8 0 0.67359999999999864
1 6.2831853071795862 0 0 1 
1 0 0 0 1 
1 0 0.67359999999999864 1 0 
2 0 0 1 -0 0 1 0.018000000000000016
2 -1.1102230246251565e-16 0 1 0 -0 1 0.018000000000000016
1 0 0 1 0 
1 0 0 1 0 
1 0.063359999999999972 0 0 -1 
1 0 0 0 1 
1 0 0 0 -1 
1 0 0 0 1 
1 0 -0.063359999999999417 1 0 
1 0 0 1 0 
1 0 0 1 0 
2 0 0 1 0 -0 1 0.028799999999999999
2 0.031680000000000041 -0.031679999999999708 -1 0 0 1 0.028800000000000048
1 0 0 0 1 
1 0 0 1 0 
1 0 0 1 0 
1 0 0.063359999999999417 1 0 
1 0.063359999999999972 0 0 1 
1 0 0 1 0 
1 0.063359999999999972 0 0 1 
1 0 0.063359999999999417 1 0 
1 0.063359999999999972 0 0 -1 
1 0.063359999999999417 0 0 1 
1 0 0 0 1 
1 0 0.063359999999999417 1 0 
1 0 0 0 -1 
1 0.063359999999999417 0 0 1 
1 0 -0.063359999999999417 1 0 
1 0 0.063359999999999417 1 0 
1 0 0.06336 1 0 
2 0 0 1 0 -0 1 0.028799999999999999
1 6.2831853071795862 -0 0 1 
1 0 -0 0 1 
1 0 0 1 0 
2 0 0 1 0 -0 1 0.028799999999999999
2 0.031680000000000041 -0.031679999999999708 1 0 -0 1 0.028800000000000048
1 0 0.06336 1 0 
2 0 0 1 0 -0 1 0.024
2 0 -0 1 0 -0 1 0.024000000000000021
1 0 0.06336 1 0 
2 0 0 1 0 -0 1 0.028799999999999999
1 6.2831853071795862 -0 0 1 
1 0 -0 0 1 
1 6.2831853071795862 -0 0 1 
1 0 -0 0 1 
1 0 0 1 0 
2 0 0 1 0 -0 1 0.024
2 0 -0 1 0 -0 1 0.024000000000000021
2 0.031680000000000041 -0.031679999999999708 -1 0 0 1 0.024000000000000021
1 0 0.06336 1 0 
2 0 0 1 0 -0 1 0.024
2 0 0 1 0 -0 1 0.024000000000000021
1 6.2831853071795862 -0 0 1 
1 0 -0 0 1 
1 0 0 1 0 
2 0 0 1 0 -0 1 0.024
2 0 0 1 0 -0 1 0.024000000000000021
2 0.031680000000000041 -0.031679999999999708 1 0 -0 1 0.024000000000000021
1 0 0 1 0 
1 0 0 1 0 
1 0.063360000000000083 0 0 -1 
1 0 0 0 1 
1 0 0 0 -1 
1 0 0 0 1 
1 0 -0.063359999999999861 1 0 
1 0 0 1 0 
1 0 0 1 0 
2 0 0 1 0 -0 1 0.028799999999999999
2 0.03167999999999993 -0.031680000000000152 -1 0 0 1 0.028799999999999937
1 0 0 0 1 
1 0 0 1 0 
1 0 0 1 0 
1 0 0.063359999999999417 1 0 
1 0.063360000000000083 0 0 1 
1 0 0 1 0 
1 0.063360000000000083 0 0 1 
1 0 0.063359999999999861 1 0 
1 0.063360000000000083 0 0 -1 
1 0.063359999999999417 0 0 1 
1 0 0 0 1 
1 0 0.063359999999999861 1 0 
1 0 0 0 -1 
1 0.063359999999999417 0 0 1 
1 0 -0.063359999999999861 1 0 
1 0 0.063359999999999417 1 0 
1 0 0.06336 1 0 
2 0 0 1 0 -0 1 0.028799999999999999
1 6.2831853071795862 -0 0 1 
1 0 -0 0 1 
1 0 0 1 0 
2 0 0 1 0 -0 1 0.028799999999999999
2 0.03167999999999993 -0.031680000000000152 1 0 -0 1 0.028799999999999937
1 0 0.06336 1 0 
2 0 0 1 0 -0 1 0.024
2 0 -0 1 0 -0 1 0.024000000000000021
1 0 0.06336 1 0 
2 0 0 1 0 -0 1 0.028799999999999999
1 6.2831853071795862 -0 0 1 
1 0 -0 0 1 
1 6.2831853071795862 -0 0 1 
1 0 -0 0 1 
1 0 0 1 0 
2 0 0 1 0 -0 1 0.024
2 0 -0 1 0 -0 1 0.024000000000000021
2 0.03167999999999993 -0.031680000000000152 -1 0 0 1 0.024000000000000021
1 0 0.06336 1 0 
2 0 0 1 0 -0 1 0.024
2 0 0 1 0 -0 1 0.024000000000000021
1 6.2831853071795862 -0 0 1 
1 0 -0 0 1 
1 0 0 1 0 
2 0 0 1 0 -0 1 0.024
2 0 0 1 0 -0 1 0.024000000000000021
2 0.03167999999999993 -0.031680000000000152 1 0 -0 1 0.024000000000000021
Curves 771
2 18.031673665900165 -9.5664432661833345 -0.68372022632232821 0.99980005998000698 0 -0.019996001199600096 0.019996001199600096 0 0.99980005998000698 0 -1 0 0.024
2 18.031673665900165 -9.5664432661833345 -0.68372022632232821 0.99980005998000698 0 -0.019996001199600096 0.019996001199600096 0 0.99980005998000698 0 -1 0 0.021599999999999998
1 18.032153569928955 -9.5664432661833345 -0.65972502488280804 0.99980005998000698 0 -0.019996001199600096 
2 18.099999999999998 -9.5664432661833345 -0.68508675300432487 0.99980005998000698 0 -0.019996001199600096 0.019996001199600096 0 0.99980005998000698 0 -1 0 0.024
1 18.032105579526075 -9.5664432661833345 -0.6621245450267601 0.99980005998000698 0 -0.019996001199600096 
2 18.099999999999998 -9.5664432661833345 -0.68508675300432487 0.99980005998000698 0 -0.019996001199600096 0.019996001199600096 0 0.99980005998000698 0 -1 0 0.021599999999999998
1 15.673599999999999 5.9736000000000002 -0.87125748422101157 0 0 1 
1 15.673599999999999 5.9736000000000002 -0.81845748422101161 -0 1 0 
1 15.673599999999999 5.9736000000000002 -0.87125748422101157 -0 1 0 
1 15.673599999999999 6.0264000000000006 -0.87125748422101157 0 0 1 
2 15.673599999999999 6 -0.84485748422101159 -1 0 0 0 0 -1 -0 -1 -0 0.024
1 15.673599999999999 5.9736000000000002 -0.87125748422101157 1 0 -0 
1 15.726399999999998 5.9736000000000002 -0.87125748422101157 0 0 1 
1 15.673599999999999 5.9736000000000002 -0.81845748422101161 1 0 -0 
1 15.673599999999999 6.0264000000000006 -0.81845748422101161 1 0 -0 
1 15.726399999999998 5.9736000000000002 -0.81845748422101161 -0 1 0 
1 15.673599999999999 6.0264000000000006 -0.87125748422101157 1 0 -0 
1 15.726399999999998 5.9736000000000002 -0.87125748422101157 -0 1 0 
1 15.726399999999998 6.0264000000000006 -0.87125748422101157 0 0 1 
2 15.620799999999999 6 -0.84485748422101159 -1 0 0 0 0 -1 -0 -1 -0 0.024
1 15.673599999999999 6 -0.86885748422101161 -1 0 0 
2 15.7264 6 -0.84485748422101159 1 0 0 -0 0 1 0 -1 0 0.024
2 15.620799999999999 6 -0.84485748422101159 -1 0 0 0 0 -1 -0 -1 -0 0.02
2 15.779199999999999 6 -0.84485748422101159 1 0 0 -0 0 1 0 -1 0 0.024
1 15.7264 6 -0.82085748422101157 1 0 0 
1 15.673599999999999 6 -0.86485748422101161 -1 0 0 
2 15.673599999999999 6 -0.84485748422101159 -1 0 0 0 0 -1 -0 -1 -0 0.02
2 15.779199999999999 6 -0.84485748422101159 1 0 0 -0 0 1 0 -1 0 0.02
1 15.7264 6 -0.82485748422101157 1 0 0 
2 15.7264 6 -0.84485748422101159 1 0 0 -0 0 1 0 -1 0 0.02
1 14.698267630819153 3.1841838875240511 -1.3687207239518837 1 0 0 
2 14.698267630819153 3.1841838875240511 -1.4687207239518838 1 0 0 -0 0 1 0 -1 0 0.10000000000000001
2 14.898267630819152 3.1841838875240511 -1.4687207239518838 1 0 0 -0 0 1 0 -1 0 0.10000000000000001
7 0 0  7 38 7  14.748267630819154 3.1661838875240513 -1.5670873849707474  14.745000586195802 3.1661838875240513 -1.5670873849707474  14.741759840772524 3.1668757378179522 -1.567213996406426  14.738705862549304 3.1682390952460286 -1.5674634163902745  14.735991737328259 3.1702185539165839 -1.5677941366956574  14.73375814343631 3.17271843020605 -1.5681295153281996  14.732132821323219 3.1755925014901503 -1.568397159925252  14.730549352060027 3.1804659187731028 -1.5686686546196806  14.73018154193333 3.1823876409243157 -1.5687358010943611  14.730058361785064 3.1843441385467139 -1.5687593449615498  14.730181862875776 3.1863027271076523 -1.5687362274098751  14.730548790264335 3.1882294027431564 -1.5686683215292507  14.73115246736363 3.1900877375887768 -1.5685619032507419  14.733204066418301 3.1944476075079025 -1.5682267759587849  14.734926174941846 3.1968501175256208 -1.5679626559222604  14.737101535141022 3.1989084487757098 -1.5676660255393262  14.739635446343472 3.2005220911646188 -1.5673916700524193  14.742417147168457 3.2016260923338615 -1.567189372156766  14.745334125220806 3.2021838875240509 -1.5670873849707474  14.751534675442644 3.2021838875240509 -1.5670873849707474  14.754775420865474 3.2014920372300897 -1.5672139964064293  14.757829399089225 3.2001286798023334 -1.5674634163902554  14.760543524310073 3.1981492211310871 -1.5677941366956905  14.7627771182019 3.1956493448423866 -1.5681295153281762  14.764402440315122 3.1927752735578445 -1.568397159925258  14.765985942614677 3.1879017545994208 -1.5686686602839572  14.766353740034573 3.1859800398638356 -1.56873580459073  14.766476904711977 3.1840235397804237 -1.5687593455447033  14.766353380502506 3.1820649527621141 -1.5687362241001443  14.765986443230275 3.1801383167820041 -1.5686683168241895  14.765382797485008 3.1782800442816281 -1.5685619037751473  14.763331202205794 3.1739201823857539 -1.5682267770999088  14.761609117315464 3.1715177048170906 -1.5679626627222578  14.759433752143599 3.1694593148182357 -1.5676660242771767  14.75689976858536 3.1678456261388321 -1.5673916613426309  14.754117992804476 3.1667416479095096 -1.5671893661636569  14.751201048329142 3.1661838875240518 -1.5670873849707474  14.748267630819155 3.1661838875240518 -1.5670873849707474 
 0 8 0.19919432131274553 6 0.32047915698434315 6 0.49961072919685356 6 0.69910952688921502 6 0.82058644769559108 6 1 8
1 14.748267630819154 3.1661838875240513 -1.5587207239518839 0 6.123233995736766e-17 -1 
2 14.748267630819154 3.1841838875240511 -1.5587207239518839 0 6.123233995736766e-17 -1 0 -1 -6.123233995736766e-17 -1 0 -0 0.017999999999999999
2 15.853269611119078 0.026400000000000645 -1.7596903879305206 0 1 0 0 -0 1 1 0 -0 0.02
2 15.853269611119078 0.026400000000000645 -1.7596903879305206 0 1 0 0 -0 1 1 0 -0 0.017999999999999999
1 15.853269611119078 0.026400000000000645 -1.7396903879305206 0 1 0 
2 15.853269611119078 0.98895246301134632 -1.7596903879305206 0 1 0 0 -0 1 1 0 -0 0.02
1 15.853269611119078 0.026400000000000645 -1.7416903879305206 0 1 0 
2 15.853269611119078 0.98895246301134632 -1.7596903879305206 0 1 0 0 -0 1 1 0 -0 0.017999999999999999
7 1 0  5 6 2  15.853269611119078 0.98895246301134632 -1.7396903879305206  1.6690784610682365 15.853269611119078 0.98979004433610984 -1.7396903879305206  1.6690784610682319 15.853269611119078 0.99062722618455701 -1.7396645959645043  1.6690784610682436 15.853269611119078 0.99146322232589812 -1.7396130607451312  1.6690784610682303 15.853269611119078 0.992297233312044 -1.7395358315546063  1.6690784610682388 15.853269611119078 0.99312847288208328 -1.7394329566169664  1.6690784610682365
 0 6 1 6
7 1 1  6 6 2  15.853269611119078 0.99312847288208328 -1.7394329566169664  1.6690784610682365 15.886500472630502 0.99312847288208328 -1.7394329566169664  1.0367296232096121 15.891271858783988 0.9981754220136303 -1.7802127998164863  1.0383466998475064 15.853269611119078 1.0023380900989487 -1.8138475655702868  0.85353433019614966 15.815267363454167 0.9981754220136303 -1.7802127998164863  1.0383466998475068 15.820038749607654 0.99312847288208328 -1.7394329566169664  1.0367296232096115
 0 6 6.2831853071795862 6
7 1 0  5 6 2  15.853269611119078 0.98895246301134632 -1.7416903879305206  1.6690784610682365 15.853269611119078 0.98983931375557532 -1.7416903879305206  1.6690784610682319 15.853269611119078 0.99072574184083373 -1.741663078792195  1.6690784610682436 15.853269611119078 0.99161091387637856 -1.7416085121108689  1.6690784610682303 15.853269611119078 0.99249398457589733 -1.7415267399944561  1.6690784610682388 15.853269611119078 0.99337412052153828 -1.7414178135985219  1.6690784610682365
 0 6 1 6
7 1 1  6 6 2  15.853269611119078 0.99337412052153828 -1.7414178135985219  1.6690784610682365 15.883177386479357 0.99337412052153817 -1.7414178135985221  1.0367296232096121 15.8874716340175 0.99791637473993045 -1.7781196724780899  1.0383466998475064 15.853269611119078 1.0016627760167172 -1.8083909616565104  0.85353433019614966 15.819067588220655 0.99791637473993045 -1.7781196724780899  1.0383466998475068 15.823361835758799 0.99337412052153817 -1.7414178135985221  1.0367296232096115
 0 6 6.2831853071795862 6
1 15.853269611119078 0.99312847288208261 -1.7394329566169664 0 0.99242849077781792 0.1228238197275371 
2 15.853269611119078 1.7172432408918761 -1.6699684638412184 0 0.99242849077781792 0.1228238197275371 0 -0.1228238197275371 0.99242849077781792 1 0 -0 0.02
1 15.853269611119078 0.99337412052153762 -1.7414178135985221 0 0.99242849077781792 0.1228238197275371 
2 15.853269611119078 1.7172432408918761 -1.6699684638412184 0 0.99242849077781792 0.1228238197275371 0 -0.1228238197275371 0.99242849077781792 1 0 -0 0.017999999999999999
2 16.10713936906328 -0.99859883578016562 -1.4899999999999998 0 0 -1 -1 0 0 0 1 0 0.017999999999999999
2 16.10713936906328 -0.99859883578016562 -1.4899999999999998 0 0 -1 -1 0 0 0 1 0 0.016
1 16.089139369063279 -0.99859883578016562 -1.4899999999999998 0 0 -1 
2 16.10713936906328 -0.99859883578016562 -1.6488226057576036 0 0 -1 -1 0 0 0 1 0 0.017999999999999999
1 16.091139369063281 -0.99859883578016562 -1.4899999999999998 0 0 -1 
2 16.10713936906328 -0.99859883578016562 -1.6488226057576036 0 0 -1 -1 0 0 0 1 0 0.016
7 1 0  6 7 2  16.089139369063279 -0.99859883578016562 -1.6488226057576036  1.6690784610682365 16.089139369063279 -0.99859883578016562 -1.6569728986202583  1.6690784610682405 16.086960782933023 -0.99854462184866044 -1.6645742676428568  1.6690784610682217 16.082983476919047 -0.998445646925052 -1.6715828559401102  1.6690784610682554 16.077279428107229 -0.99830370215303177 -1.6772743186623631  1.6690784610682214 16.070527891446073 -0.99813569073451647 -1.6813875306154873  1.6690784610682423 16.062670618099389 -0.99794016315214629 -1.6835444493128568  1.6690784610682365
 0 7 1 7
7 1 1  6 6 2  16.062670618099389 -0.99794016315214629 -1.6835444493128568  1.6690784610682365 16.063217570581841 -0.96804599865811125 -1.682826954235219  1.0367296232096121 16.073099929611871 -0.96307738214652994 -1.7183762286368365  1.0383466998475064 16.08056053179164 -0.99670601590848273 -1.7486023638150896  0.85353433019614966 16.071848958511293 -1.0314502976333879 -1.7200172589561606  1.0383466998475068 16.062123665616937 -1.0278343276461812 -1.6842619443904949  1.0367296232096115
 0 6 6.2831853071795862 6
7 1 0  6 7 2  16.091139369063281 -0.99859883578016562 -1.6488226057576036  1.6690784610682365 16.091139369063281 -0.99859883578016562 -1.657418401247581  1.6690784610682405 16.088841699378452 -0.99854165846448151 -1.6654595848408318  1.6690784610682217 16.084634341606829 -0.99843695872235072 -1.6728411590467789  1.6690784610682554 16.078631598092549 -0.99828758095793413 -1.6788532481842966  1.6690784610682214 16.071487573724266 -0.9981098025160382 -1.683197727377173  1.6690784610682423 16.063200814470939 -0.99790358721322314 -1.6854725452669757  1.6690784610682365
 0 7 1 7
7 1 1  6 6 2  16.063200814470939 -0.99790358721322314 -1.6854725452669757  1.6690784610682365 16.063686994455338 -0.97133099655185895 -1.6848347718646308  1.0367296232096121 16.072471313593141 -0.96691444854156416 -1.716434126888291  1.0383466998475064 16.07910295997516 -0.9968065674410781 -1.7433018026022935  0.85353433019614966 16.071359339281518 -1.0276903734187712 -1.717892820505468  1.0383466998475068 16.062714634486536 -1.0244761778745877 -1.6861103186693205  1.0367296232096115
 0 6 6.2831853071795862 6
1 16.062670618099389 -0.99794016315214629 -1.6835444493128568 -0.96404797705940315 0.023990252333880861 -0.26464309120139401 
2 15.853269611119078 -0.99228130833552541 -1.7596903879305206 -0.96404797705940315 0.023990252333880861 -0.26464309120139401 -0.26509818577396338 -0.018287969461520479 0.96404797705940326 0.018287969461529 0.99954490542743069 0.023990252333874369 0.017999999999999999
1 16.063200814470939 -0.99790358721322325 -1.6854725452669757 -0.96404797705940315 0.023990252333880861 -0.26464309120139401 
2 15.853269611119078 -0.99228130833552541 -1.7596903879305206 -0.96404797705940315 0.023990252333880861 -0.26464309120139401 -0.26509818577396338 -0.018287969461520479 0.96404797705940326 0.018287969461529 0.99954490542743069 0.023990252333874369 0.016
2 13.6 -0.74657730647333365 -1.4448574842210116 0.99503719020998926 0 -0.09950371902099879 0.09950371902099879 0 0.99503719020998926 0 -1 0 0.024
2 13.6 -0.74657730647333365 -1.4448574842210116 0.99503719020998926 0 -0.09950371902099879 0.09950371902099879 0 0.99503719020998926 0 -1 0 0.021599999999999998
1 13.602388089256504 -0.74657730647333365 -1.4209765916559718 0.99503719020998926 0 -0.09950371902099879 
2 13.968477221814148 -0.74657730647333365 -1.4817052064024263 0.99503719020998926 0 -0.09950371902099879 0.09950371902099879 0 0.99503719020998926 0 -1 0 0.024
1 13.602149280330853 -0.74657730647333365 -1.4233646809124758 0.99503719020998926 0 -0.09950371902099879 
2 13.968477221814148 -0.74657730647333365 -1.4817052064024263 0.99503719020998926 0 -0.09950371902099879 0.09950371902099879 0 0.99503719020998926 0 -1 0 0.021599999999999998
2 15.853269611119078 -0.026400000000000645 -1.7596903879305206 0 -1 0 0 0 -1 1 0 0 0.02
2 15.853269611119078 -0.026400000000000645 -1.7596903879305206 0 -1 0 0 0 -1 1 0 0 0.017999999999999999
1 15.853269611119078 -0.026400000000000645 -1.7796903879305206 0 -1 0 
2 15.853269611119078 -0.98895246301134632 -1.7596903879305206 0 -1 0 0 0 -1 1 0 0 0.02
1 15.853269611119078 -0.026400000000000645 -1.7776903879305206 0 -1 0 
2 15.853269611119078 -0.98895246301134632 -1.7596903879305206 0 -1 0 0 0 -1 1 0 0 0.017999999999999999
7 1 0  5 6 2  15.853269611119078 -0.98895246301134632 -1.7796903879305206  1.6690784610682365 15.853269611119078 -0.99077543272542012 -1.7796903879305206  1.6690784610682319 15.853269611119078 -0.99259753931008987 -1.7796342525183233  1.6690784610682436 15.853269611119078 -0.99441705333550412 -1.7795220880598828  1.6690784610682303 15.853269611119078 -0.99623225858911191 -1.7793540003516091  1.6690784610682388 15.853269611119078 -0.99804142567118337 -1.7791300962480792  1.6690784610682365
 0 6 1 6
7 1 1  6 6 2  15.853269611119078 -0.99804142567118337 -1.7791300962480792  1.6690784610682365 15.886500472630502 -0.99804142567118337 -1.7791300962480792  1.0367296232096121 15.891271858783988 -0.99299447653963646 -1.7383502530485593  1.0383466998475064 15.853269611119078 -0.98883180845431806 -1.7047154872947587  0.85353433019614966 15.815267363454167 -0.99299447653963646 -1.7383502530485593  1.0383466998475068 15.820038749607654 -0.99804142567118337 -1.7791300962480792  1.0367296232096115
 0 6 6.2831853071795862 6
7 1 0  5 6 2  15.853269611119078 -0.98895246301134632 -1.7776903879305206  1.6690784610682365 15.853269611119078 -0.99072616330595464 -1.7776903879305206  1.6690784610682319 15.853269611119078 -0.99249902365381304 -1.7776357696906324  1.6690784610682436 15.853269611119078 -0.99426936178502368 -1.7775266366941456  1.6690784610682303 15.853269611119078 -0.99603550732525847 -1.7773630919117591  1.6690784610682388 15.853269611119078 -0.99779577803172848 -1.7771452392665237  1.6690784610682365
 0 6 1 6
7 1 1  6 6 2  15.853269611119078 -0.99779577803172848 -1.7771452392665237  1.6690784610682365 15.883177386479357 -0.99779577803172825 -1.7771452392665235  1.0367296232096121 15.8874716340175 -0.9932535238133362 -1.7404433803869557  1.0383466998475064 15.853269611119078 -0.98950712253654949 -1.7101720912085352  0.85353433019614966 15.819067588220655 -0.9932535238133362 -1.7404433803869557  1.0383466998475068 15.823361835758799 -0.99779577803172825 -1.7771452392665235  1.0367296232096115
 0 6 6.2831853071795862 6
1 15.853269611119078 -0.99804142567118403 -1.7791300962480792 0 -0.99242849077781792 0.1228238197275371 
2 15.853269611119078 -1.7172432408918761 -1.6699684638412184 0 -0.99242849077781792 0.1228238197275371 0 -0.1228238197275371 -0.99242849077781792 1 0 0 0.02
1 15.853269611119078 -0.99779577803172903 -1.7771452392665235 0 -0.99242849077781792 0.1228238197275371 
2 15.853269611119078 -1.7172432408918761 -1.6699684638412184 0 -0.99242849077781792 0.1228238197275371 0 -0.1228238197275371 -0.99242849077781792 1 0 0 0.017999999999999999
2 14.031522778185852 -0.74657730647333365 -1.4880097620395969 0.99503719020998915 0 -0.099503719020998957 0.099503719020998957 0 0.99503719020998915 0 -1 0 0.024
2 14.031522778185852 -0.74657730647333365 -1.4880097620395969 0.99503719020998915 0 -0.099503719020998957 0.099503719020998957 0 0.99503719020998915 0 -1 0 0.021599999999999998
1 14.033910867442357 -0.74657730647333365 -1.4641288694745571 0.99503719020998915 0 -0.099503719020998957 
2 14.1 -0.74657730647333365 -1.4948574842210116 0.99503719020998915 0 -0.099503719020998957 0.099503719020998957 0 0.99503719020998915 0 -1 0 0.024
1 14.033672058516705 -0.74657730647333365 -1.4665169587310611 0.99503719020998915 0 -0.099503719020998957 
2 14.1 -0.74657730647333365 -1.4948574842210116 0.99503719020998915 0 -0.099503719020998957 0.099503719020998957 0 0.99503719020998915 0 -1 0 0.021599999999999998
2 14.631522778185852 2.7664432661833338 -1.3880097620395968 0.99503719020998926 0 -0.09950371902099879 0.09950371902099879 0 0.99503719020998926 0 -1 0 0.024
2 14.631522778185852 2.7664432661833338 -1.3880097620395968 0.99503719020998926 0 -0.09950371902099879 0.09950371902099879 0 0.99503719020998926 0 -1 0 0.021599999999999998
1 14.633910867442356 2.7664432661833338 -1.364128869474557 0.99503719020998926 0 -0.09950371902099879 
2 14.699999999999999 2.7664432661833338 -1.3948574842210115 0.99503719020998926 0 -0.09950371902099879 0.09950371902099879 0 0.99503719020998926 0 -1 0 0.024
1 14.633672058516705 2.7664432661833338 -1.366516958731061 0.99503719020998926 0 -0.09950371902099879 
2 14.699999999999999 2.7664432661833338 -1.3948574842210115 0.99503719020998926 0 -0.09950371902099879 0.09950371902099879 0 0.99503719020998926 0 -1 0 0.021599999999999998
1 15.326869611119077 -0.026400000000000003 -1.6860903879305205 0 0 1 
1 15.326869611119077 -0.026400000000000003 -1.6332903879305205 -0 1 0 
1 15.326869611119077 -0.026400000000000003 -1.6860903879305205 -0 1 0 
1 15.326869611119077 0.026400000000000003 -1.6860903879305205 0 0 1 
2 15.326869611119077 0 -1.6596903879305205 -1 0 0 0 0 -1 -0 -1 -0 0.024
1 15.326869611119077 -0.026400000000000003 -1.6860903879305205 1 0 -0 
1 15.379669611119077 -0.026400000000000003 -1.6860903879305205 0 0 1 
1 15.326869611119077 -0.026400000000000003 -1.6332903879305205 1 0 -0 
1 15.326869611119077 0.026400000000000003 -1.6332903879305205 1 0 -0 
1 15.379669611119077 -0.026400000000000003 -1.6332903879305205 -0 1 0 
1 15.326869611119077 0.026400000000000003 -1.6860903879305205 1 0 -0 
1 15.379669611119077 -0.026400000000000003 -1.6860903879305205 -0 1 0 
1 15.379669611119077 0.026400000000000003 -1.6860903879305205 0 0 1 
2 15.274069611119078 0 -1.6596903879305205 -1 0 0 0 0 -1 -0 -1 -0 0.024
1 15.326869611119077 5.8783046359072824e-18 -1.6836903879305205 -1 0 0 
2 15.379669611119079 0 -1.6596903879305205 1 0 0 -0 0 1 0 -1 0 0.024
2 15.274069611119078 0 -1.6596903879305205 -1 0 0 0 0 -1 -0 -1 -0 0.02
2 15.432469611119078 0 -1.6596903879305205 1 0 0 -0 0 1 0 -1 0 0.024
1 15.379669611119079 5.8783046359072824e-18 -1.6356903879305205 1 0 0 
1 15.326869611119077 4.898587196589402e-18 -1.6796903879305205 -1 0 0 
2 15.326869611119077 0 -1.6596903879305205 -1 0 0 0 0 -1 -0 -1 -0 0.02
2 15.432469611119078 0 -1.6596903879305205 1 0 0 -0 0 1 0 -1 0 0.02
1 15.379669611119079 4.898587196589402e-18 -1.6396903879305205 1 0 0 
2 15.379669611119079 0 -1.6596903879305205 1 0 0 -0 0 1 0 -1 0 0.02
1 15.826869611119077 -1.769843353048411 -1.6931259150004114 0 0 1 
1 15.826869611119077 -1.769843353048411 -1.6403259150004115 -0 1 0 
1 15.826869611119077 -1.769843353048411 -1.6931259150004114 -0 1 0 
1 15.826869611119077 -1.717043353048411 -1.6931259150004114 0 0 1 
2 15.826869611119077 -1.743443353048411 -1.6667259150004115 -1 0 0 0 0 -1 -0 -1 -0 0.024
1 15.826869611119077 -1.769843353048411 -1.6931259150004114 1 0 -0 
1 15.879669611119077 -1.769843353048411 -1.6931259150004114 0 0 1 
1 15.826869611119077 -1.769843353048411 -1.6403259150004115 1 0 -0 
1 15.826869611119077 -1.717043353048411 -1.6403259150004115 1 0 -0 
1 15.879669611119077 -1.769843353048411 -1.6403259150004115 -0 1 0 
1 15.826869611119077 -1.717043353048411 -1.6931259150004114 1 0 -0 
1 15.879669611119077 -1.769843353048411 -1.6931259150004114 -0 1 0 
1 15.879669611119077 -1.717043353048411 -1.6931259150004114 0 0 1 
2 15.774069611119078 -1.743443353048411 -1.6667259150004115 -1 0 0 0 0 -1 -0 -1 -0 0.024
1 15.826869611119077 -1.743443353048411 -1.6907259150004115 -1 0 0 
2 15.879669611119079 -1.743443353048411 -1.6667259150004115 1 0 0 -0 0 1 0 -1 0 0.024
2 15.774069611119078 -1.743443353048411 -1.6667259150004115 -1 0 0 0 0 -1 -0 -1 -0 0.02
2 15.932469611119078 -1.743443353048411 -1.6667259150004115 1 0 0 -0 0 1 0 -1 0 0.024
1 15.879669611119079 -1.743443353048411 -1.6427259150004114 1 0 0 
1 15.826869611119077 -1.743443353048411 -1.6867259150004115 -1 0 0 
2 15.826869611119077 -1.743443353048411 -1.6667259150004115 -1 0 0 0 0 -1 -0 -1 -0 0.02
2 15.932469611119078 -1.743443353048411 -1.6667259150004115 1 0 0 -0 0 1 0 -1 0 0.02
1 15.879669611119079 -1.743443353048411 -1.6467259150004114 1 0 0 
2 15.879669611119079 -1.743443353048411 -1.6667259150004115 1 0 0 -0 0 1 0 -1 0 0.02
2 13.6 0 -1.4448574842210116 0 1 0 0 -0 1 1 0 -0 0.040000000000000001
2 13.6 0 -1.4448574842210116 0 1 0 0 -0 1 1 0 -0 0.035999999999999997
1 13.6 0 -1.4048574842210115 0 1 0 
2 13.6 1.8499063479617575 -1.4448574842210116 0 1 0 0 -0 1 1 0 -0 0.040000000000000001
1 13.6 0 -1.4088574842210115 0 1 0 
2 13.6 1.8499063479617575 -1.4448574842210116 0 1 0 0 -0 1 1 0 -0 0.035999999999999997
7 1 0  5 6 2  13.6 1.8499063479617575 -1.4048574842210115  1.6690784610682365 13.6 1.8555858008109285 -1.4048574842210113  1.6690784610682319 13.60083817997827 1.861198602367889 -1.4047177875579662  1.6690784610682436 13.602478987975083 1.8666304372127016 -1.4044443195584977  1.6690784610682303 13.604884743072359 1.8717565640446332 -1.4040433603756177  1.6690784610682388 13.608021759154255 1.8764620881674812 -1.4035205243619682  1.6690784610682365
 0 6 1 6
7 1 1  6 6 2  13.608021759154255 1.8764620881674812 -1.4035205243619682  1.6690784610682365 13.663394465153861 1.8397523030015155 -1.4053686938658367  1.0367296232096121 13.673630360746614 1.8420468622812693 -1.4874351009401339  1.0383466998475064 13.6121919811977 1.8902674556755303 -1.5527901641950677  0.85353433019614966 13.546983792372208 1.9260082333774282 -1.4832080305592705  1.0383466998475068 13.552649053154651 1.9131718733334471 -1.4016723548580996  1.0367296232096115
 0 6 6.2831853071795862 6
7 1 0  5 6 2  13.6 1.8499063479617575 -1.4088574842210115  1.6690784610682365 13.6 1.855664510738384 -1.4088574842210113  1.6690784610682319 13.600849796077048 1.861355290831199 -1.4087158515415037  1.6690784610682436 13.602513298173816 1.8668622536636681 -1.408438601192042  1.6690784610682303 13.604952500170482 1.8720595813665395 -1.4080320675259312  1.6690784610682388 13.608132991269212 1.8768303180146404 -1.4075019856761422  1.6690784610682365
 0 6 1 6
7 1 1  6 6 2  13.608132991269212 1.8768303180146404 -1.4075019856761422  1.6690784610682365 13.657968426668857 1.8437915113652712 -1.4091653382296239  1.0367296232096121 13.667180732702336 1.8458566147170499 -1.4830251045964913  1.0383466998475064 13.611886191108313 1.8892551487718847 -1.5418446615259316  0.85353433019614966 13.553198821165369 1.9214218487035928 -1.4792207412537142  1.0383466998475068 13.558297555869569 1.9098691246640096 -1.4058386331226604  1.0367296232096115
 0 6 6.2831853071795862 6
1 13.608021759154257 1.8764620881674814 -1.4035205243619682 0.55234477073899424 0.82851715610849097 0.092057461789832221 
2 14.198143649481148 2.7636587404050563 -1.3451668759741535 0.55234477073899424 0.82851715610849097 0.092057461789832221 -0.027808028739218803 -0.092057461789795625 0.99536532854347459 0.83315182756501638 -0.55234477073900035 -0.027808028739097639 0.040000000000000008
1 13.608132991269214 1.8768303180146406 -1.4075019856761419 0.55234477073899424 0.82851715610849097 0.092057461789832221 
2 14.198143649481148 2.7636587404050563 -1.3451668759741535 0.55234477073899424 0.82851715610849097 0.092057461789832221 -0.027808028739218803 -0.092057461789795625 0.99536532854347459 0.83315182756501638 -0.55234477073900035 -0.027808028739097639 0.036000000000000004
7 1 0  5 6 2  14.19703132833158 2.7599764419334645 -1.3053522628324146  1.6690784610682365 14.197733079201162 2.7610290682378156 -1.3052353043541527  1.6690784610682319 14.198401589891928 2.7621026785343972 -1.3051144400042998  1.6690784610682436 14.199036248055585 2.763196217649841 -1.3049897900610283  1.6690784610682303 14.19963644030037 2.7643086286878198 -1.3048614749974563  1.6690784610682388 14.200201554212544 2.7654388565121377 -1.3047296150846186  1.6690784610682365
 0 6 1 6
7 1 1  6 6 2  14.200201554212544 2.7654388565121377 -1.3047296150846186  1.6690784610682365 14.259687909546695 2.735817038873043 -1.3057698438961687  1.0367296232096121 14.270886385249018 2.7397701587166412 -1.3876471955656318  1.0383466998475064 14.205050470163918 2.780413638326297 -1.4538659561405194  0.85353433019614966 14.134831218137904 2.8075201717470817 -1.3852680196353828  1.0383466998475068 14.140715198878395 2.7950606741512338 -1.3036893862730683  1.0367296232096115
 0 6 6.2831853071795862 6
7 1 0  5 6 2  14.197142560446537 2.760344671780623 -1.3093337241465886  1.6690784610682365 14.197848318481721 2.7614033088333789 -1.309216097807393  1.6690784610682319 14.19852064654647 2.7624830497286377 -1.3090945432901826  1.6690784610682436 14.199158928746067 2.763582833189917 -1.3089691815686644  1.6690784610682303 14.199762548246682 2.7647015963900681 -1.308840133791997  1.6690784610682388 14.200330889094694 2.7658382780860626 -1.3087075209274639  1.6690784610682365
 0 6 1 6
7 1 1  6 6 2  14.200330889094694 2.7658382780860626 -1.3087075209274639  1.6690784610682365 14.253868608895427 2.7391786422108768 -1.3096437268578591  1.0367296232096121 14.263947237027518 2.7427364500701152 -1.3833333433603758  1.0383466998475064 14.204694913450929 2.7793155817188051 -1.4429302278777745  0.85353433019614966 14.141497586627516 2.8037114617975116 -1.3811920850231518  1.0383466998475068 14.146793169293957 2.7924979139612485 -1.3077713149970689  1.0367296232096115
 0 6 6.2831853071795862 6
1 14.200201554212542 2.7654388565121359 -1.3047296150846188 0.44479847163553998 0.88959694327107908 0.10378631004829253 
2 15.699653512574866 5.7657502913330658 -0.99493833128687614 0.44479847163553998 0.88959694327107908 0.10378631004829253 -0.032333720536992738 -0.099855393481160223 0.99447646071134255 0.89504684243168164 -0.44569740734659347 -0.015651547450695476 0.040000000000000008
1 14.20033088909469 2.7658382780860609 -1.3087075209274641 0.44479847163553998 0.88959694327107908 0.10378631004829253 
2 15.699653512574866 5.7657502913330658 -0.99493833128687614 0.44479847163553998 0.88959694327107908 0.10378631004829253 -0.032333720536992738 -0.099855393481160223 0.99447646071134255 0.89504684243168164 -0.44569740734659347 -0.015651547450695476 0.036000000000000004
7 1 0  3 4 2  15.698360163752866 5.7617560755927819 -0.95515927285855207  1.6690784610682365 15.698762218170188 5.7625601844258467 -0.95506546016132432  1.6690784610682354 15.699164856849329 5.7633654617825449 -0.95498462048452226  1.6690784610682372 15.699567954141576 5.7641716563654581 -0.95491677905523331  1.6690784610682365
 0 4 1 4
7 1 1  6 6 2  15.699567954141576 5.7641716563654581 -0.95491677905523331  1.6690784610682365 15.759040870468393 5.7345229607118169 -0.95595970608353686  1.0367296232096121 15.769181549734094 5.7363604876919307 -1.0380494365592974  1.0383466998475064 15.702490135936028 5.7752929698835516 -1.1044399596628238  0.85353433019614966 15.633157119863117 5.8041719752023653 -1.0356640893595324  1.0383466998475068 15.640095037814762 5.7938203520191029 -0.95387385202692976  1.0367296232096115
 0 6 6.2831853071795862 6
7 1 0  3 4 2  15.698489498635066 5.762155497166809 -0.95913717870138449  1.6690784610682365 15.698874445570752 5.7629253910367639 -0.95904735774985661  1.6690784610682354 15.699259951907983 5.7636964037097993 -0.95896995781456862  1.6690784610682372 15.699645897344098 5.7644682945806025 -0.95890500304925508  1.6690784610682365
 0 4 1 4
7 1 1  6 6 2  15.699645897344098 5.7644682945806025 -0.95890500304925508  1.6690784610682365 15.75317152203823 5.7377844684923236 -0.95984363737472844  1.0367296232096121 15.76229813337736 5.739438242774427 -1.0337243948029127  1.0383466998475064 15.702275860959102 5.7744774767468856 -1.0934758655960866  0.85353433019614966 15.639876146493483 5.8004685815338171 -1.0315775823231241  1.0383466998475068 15.646120272649966 5.7911521206688805 -0.95796636872378194  1.0367296232096115
 0 6 6.2831853071795862 6
1 15.69956795414106 5.7641716563644243 -0.95491677905531192 0.44595221887156805 0.89190443774313344 0.075053930061191987 
2 17.685093395536821 9.7366300572569671 -0.66076550178720983 0.44595221887156805 0.89190443774313344 0.075053930061191987 -0.019485800642914067 -0.074159553811554021 0.99705599850348214 0.89484463570880834 -0.44610182079047433 -0.01569214550639491 0.040000000000000029
1 15.699645897343631 5.7644682945796708 -0.9589050030493258 0.44595221887156805 0.89190443774313344 0.075053930061191987 
2 17.685093395536821 9.7366300572569671 -0.66076550178720983 0.44595221887156805 0.89190443774313344 0.075053930061191987 -0.019485800642914067 -0.074159553811554021 0.99705599850348214 0.89484463570880834 -0.44610182079047433 -0.01569214550639491 0.036000000000000018
7 1 0  6 7 2  17.684313963511098 9.7336636751044967 -0.62088326184707121  1.6690784610682365 17.688953996149511 9.7429437403813228 -0.62010234256830554  1.6690784610682405 17.695543161595982 9.7508608977974518 -0.61943611224827566  1.6690784610682217 17.703682050940209 9.7571625538552116 -0.61890582667841609  1.6690784610682554 17.71297188172154 9.7616114278781154 -0.61853145307331259  1.6690784610682214 17.723021685710506 9.7639576598639746 -0.61833401720022763  1.6690784610682423 17.733426461025122 9.7639576598639763 -0.6183340172002274  1.6690784610682365
 0 7 1 7
7 1 1  6 6 2  17.733426461025122 9.7639576598639763 -0.6183340172002274  1.6690784610682365 17.733426461024841 9.6976243785754583 -0.62246395916875252  1.0367296232096121 17.73342646102482 9.6932068462814129 -0.70508005408608321  1.0383466998475064 17.733426461025161 9.7732764885748455 -0.76800887725122158  0.85353433019614966 17.733426461025466 9.8449220693782422 -0.69563419139151195  1.0383466998475068 17.733426461025402 9.8302909411524944 -0.61420407523170273  1.0367296232096115
 0 6 6.2831853071795862 6
7 1 0  6 7 2  17.684391906713667 9.7339603133197468 -0.62487148584108509  1.6690784610682365 17.689024616078655 9.7432257320497193 -0.62409179907205536  1.6690784610682405 17.695603239937689 9.7511301098989289 -0.62342664415504101  1.6690784610682217 17.703729200376731 9.7574219886244542 -0.62289718134957028  1.6690784610682554 17.713004483286387 9.761863691522441 -0.62252341119600796  1.6690784610682214 17.723038107365372 9.7642062204959075 -0.62232628693212866  1.6690784610682423 17.733426461025122 9.764206220495911 -0.62232628693212844  1.6690784610682365
 0 7 1 7
7 1 1  6 6 2  17.733426461025122 9.764206220495911 -0.62232628693212844  1.6690784610682365 17.73342646102487 9.7045062673362459 -0.62604323470380085  1.0367296232096121 17.733426461024852 9.700530488271605 -0.70039772012939849  1.0383466998475064 17.733426461025157 9.7725931663356942 -0.75703366097802294  0.85353433019614966 17.733426461025431 9.8370741890587521 -0.69189644370428438  1.0383466998475068 17.733426461025378 9.8239061736555779 -0.61860933916045602  1.0367296232096115
 0 6 6.2831853071795862 6
1 17.733426461025132 9.7639576598639763 -0.61833401720022751 1 0 0 
2 17.776991732370167 9.7664432661833338 -0.65825671451923606 1 0 0 0 -0.06214015798394918 0.99806743297521228 0 -0.99806743297521228 -0.06214015798394918 0.040000000000000029
1 17.733426461025132 9.764206220495911 -0.62232628693212844 1 0 0 
2 17.776991732370167 9.7664432661833338 -0.65825671451923606 1 0 0 0 -0.06214015798394918 0.99806743297521228 0 -0.99806743297521228 -0.06214015798394918 0.036000000000000018
7 1 0  6 7 2  17.776991732370156 9.7639576598639763 -0.6183340172002274  1.6690784610682365 17.786373088158257 9.7639576598639746 -0.61833401720022774  1.6690784610682405 17.79546910126647 9.7659409668522699 -0.61814984022311903  1.6690784610682217 17.803963688082348 9.7697209827197273 -0.61779881443639151  1.6690784610682554 17.811526617171733 9.7751173445593533 -0.61729768898436987  1.6690784610682214 17.817834901539403 9.7819371209860151 -0.61666438016519631  1.6690784610682423 17.822567284085981 9.7900026894451795 -0.61591538264426982  1.6690784610682365
 0 7 1 7
7 1 1  6 6 2  17.822567284085981 9.7900026894451795 -0.61591538264426982  1.6690784610682365 17.879926683921415 9.7564485454182854 -0.61700133674369761  1.0367296232096121 17.890320614353463 9.7579708254880106 -0.69906583945054046  1.0383466998475064 17.826505355408624 9.8015720050998318 -0.76538125443234017  0.85353433019614966 17.759130147461246 9.8347147215832642 -0.69658208219826467  1.0383466998475068 17.765207884250543 9.8235568334720735 -0.61482942854484202  1.0367296232096115
 0 6 6.2831853071795862 6
7 1 0  6 7 2  17.776991732370156 9.764206220495911 -0.62232628693212844  1.6690784610682365 17.786394612422107 9.764206220495911 -0.62232628693212855  1.6690784610682405 17.795511836787597 9.7661940779163459 -0.62214168738562403  1.6690784610682217 17.804025797475678 9.7699829201147192 -0.62178984195425369  1.6690784610682554 17.811606153455838 9.7753914861304541 -0.62128758317881017  1.6690784610682214 17.817929083692636 9.7822272033726456 -0.62065279403851914  1.6690784610682423 17.822672324056875 9.7903112771979348 -0.6199020780431389  1.6690784610682365
 0 7 1 7
7 1 1  6 6 2  17.822672324056875 9.7903112771979348 -0.6199020780431389  1.6690784610682365 17.874295783908767 9.7601125475737298 -0.62087943673262402  1.0367296232096121 17.883650321297608 9.76148259963648 -0.69473748916878253  1.0383466998475064 17.826216588247256 9.8007236612871207 -0.75442136265240234  0.85353433019614966 17.765578901094614 9.8305521061222105 -0.69250210764173437  1.0383466998475068 17.771048864204982 9.820510006822138 -0.6189247193536539  1.0367296232096115
 0 6 6.2831853071795862 6
1 17.822567284085984 9.7900026894451884 -0.61591538264426893 0.504445482451083 0.8597444379408733 0.079838942029727522 
2 17.9088729465334 9.9383921537715079 -0.64228892611329058 0.504445482451083 0.8597444379408733 0.079838942029727522 -0.026259992723605977 -0.077146938188236716 0.99667384971731687 0.86304412866136238 -0.50486419100379099 -0.016339541769500903 0.040000000000000022
1 17.822672324056878 9.7903112771979419 -0.61990207804313813 0.504445482451083 0.8597444379408733 0.079838942029727522 
2 17.9088729465334 9.9383921537715079 -0.64228892611329058 0.504445482451083 0.8597444379408733 0.079838942029727522 -0.026259992723605977 -0.077146938188236716 0.99667384971731687 0.86304412866136238 -0.50486419100379099 -0.016339541769500903 0.036000000000000011
2 14.759772436055474 2.4983308199893028 -1.5557087573803454 0.99574371457604594 -0.018627111140032689 -0.090263423449782818 0.090279086842982775 8.6736173798840339e-18 0.99591650577686341 -0.018551047439298644 -0.99982650031421805 0.0016816385842449116 0.018000000000000002
2 14.759772436055474 2.4983308199893028 -1.5557087573803454 0.99574371457604594 -0.018627111140032689 -0.090263423449782818 0.090279086842982775 8.6736173798840339e-18 0.99591650577686341 -0.018551047439298644 -0.99982650031421805 0.0016816385842449116 0.016000000000000004
1 14.761397459618648 2.4983308199893028 -1.5377822602763618 0.99574371457604594 -0.018627111140032689 -0.090263423449782818 
2 14.956438021163239 2.4946518495297387 -1.5735363456711131 0.99574371457604594 -0.018627111140032689 -0.090263423449782818 0.090279086842982775 8.6736173798840339e-18 0.99591650577686341 -0.018551047439298644 -0.99982650031421805 0.0016816385842449116 0.018000000000000002
1 14.761216901444962 2.4983308199893028 -1.5397740932879156 0.99574371457604594 -0.018627111140032689 -0.090263423449782818 
2 14.956438021163239 2.4946518495297387 -1.5735363456711131 0.99574371457604594 -0.018627111140032689 -0.090263423449782818 0.090279086842982775 8.6736173798840339e-18 0.99591650577686341 -0.018551047439298644 -0.99982650031421805 0.0016816385842449116 0.016000000000000004
7 1 0  3 4 2  14.958063044898353 2.4946518495257131 -1.5556098485866374  1.6690784610682365 14.959177369905488 2.494631004147128 -1.5557108613103887  1.6690784610682354 14.960295862645264 2.4946205647863668 -1.5557614484589584  1.6690784610682372 14.961414950810552 2.4946205647852664 -1.5557614484641704  1.6690784610682365
 0 4 1 4
7 1 1  6 6 2  14.961414950810552 2.4946205647852664 -1.5557614484641704  1.6690784610682365 14.961414950869635 2.4647128000424616 -1.555736247797844  1.0367296232096121 14.961414951233648 2.4603873926471551 -1.592714483704408  1.0383466998475064 14.961414951459318 2.4945637018390587 -1.6232455290709631  0.85353433019614966 14.961414951098515 2.5287914141600703 -1.5927721218106445  1.0383466998475068 14.961414950751468 2.5245283295280707 -1.5557866491304968  1.0367296232096115
 0 6 6.2831853071795862 6
7 1 0  3 4 2  14.957882486705563 2.4946518495261603 -1.5576016815960236  1.6690784610682365 14.959056837472739 2.4946298812616323 -1.5577081356106377  1.6690784610682354 14.960235580325554 2.4946188795613589 -1.5577614477491075  1.6690784610682372 14.961414950829779 2.4946188795603805 -1.5577614477537407  1.6690784610682365
 0 4 1 4
7 1 1  6 6 2  14.961414950829779 2.4946188795603805 -1.5577614477537407  1.6690784610682365 14.961414950882299 2.468034199788999 -1.5577390471614503  1.0367296232096121 14.961414951205866 2.4641893932153929 -1.5906085901895075  1.0383466998475064 14.961414951406461 2.4945683347193075 -1.6177472971820006  0.85353433019614966 14.961414951085747 2.5249929678935401 -1.5906598240617178  1.0383466998475068 14.961414950777261 2.5212035593317625 -1.5577838483460309  1.0367296232096115
 0 6 6.2831853071795862 6
1 14.961414950983597 2.494620564786072 -1.5557614484602655 1 0 0 
2 15.853269611119078 2.4946053977612963 -1.5737614420703021 1 0 0 -0 0.00084261248754683652 0.99999964500203498 0 -0.99999964500203498 0.00084261248754683652 0.018000000000000002
1 14.961414950983597 2.4946188795610968 -1.5577614477502695 1 0 0 
2 15.853269611119078 2.4946053977612963 -1.5737614420703021 1 0 0 -0 0.00084261248754683652 0.99999964500203498 0 -0.99999964500203498 0.00084261248754683652 0.016000000000000004
2 14.759772436055474 -2.4983308199893028 -1.5557087573803454 0.99574371457604594 0.018627111140032689 -0.090263423449782818 0.090279086842982775 -8.6736173798840339e-18 0.99591650577686341 0.018551047439298644 -0.99982650031421805 -0.0016816385842449116 0.018000000000000002
2 14.759772436055474 -2.4983308199893028 -1.5557087573803454 0.99574371457604594 0.018627111140032689 -0.090263423449782818 0.090279086842982775 -8.6736173798840339e-18 0.99591650577686341 0.018551047439298644 -0.99982650031421805 -0.0016816385842449116 0.016000000000000004
1 14.761397459618648 -2.4983308199893028 -1.5377822602763618 0.99574371457604594 0.018627111140032689 -0.090263423449782818 
2 14.956438021163239 -2.4946518495297387 -1.5735363456711131 0.99574371457604594 0.018627111140032689 -0.090263423449782818 0.090279086842982775 -8.6736173798840339e-18 0.99591650577686341 0.018551047439298644 -0.99982650031421805 -0.0016816385842449116 0.018000000000000002
1 14.761216901444962 -2.4983308199893028 -1.5397740932879156 0.99574371457604594 0.018627111140032689 -0.090263423449782818 
2 14.956438021163239 -2.4946518495297387 -1.5735363456711131 0.99574371457604594 0.018627111140032689 -0.090263423449782818 0.090279086842982775 -8.6736173798840339e-18 0.99591650577686341 0.018551047439298644 -0.99982650031421805 -0.0016816385842449116 0.016000000000000004
7 1 0  3 4 2  14.958063044898353 -2.4946518495257131 -1.5556098485866374  1.6690784610682365 14.959177369905488 -2.494631004147128 -1.5557108613103887  1.6690784610682354 14.960295862645264 -2.4946205647863668 -1.5557614484589584  1.6690784610682372 14.961414950810552 -2.4946205647852664 -1.5557614484641704  1.6690784610682365
 0 4 1 4
7 1 1  6 6 2  14.961414950810552 -2.4946205647852664 -1.5557614484641704  1.6690784610682365 14.961414950751468 -2.5245283295280707 -1.5557866491304968  1.0367296232096121 14.961414951098515 -2.5287914141600703 -1.5927721218106445  1.0383466998475064 14.961414951459318 -2.4945637018390587 -1.6232455290709631  0.85353433019614966 14.961414951233648 -2.4603873926471551 -1.592714483704408  1.0383466998475068 14.961414950869635 -2.4647128000424616 -1.5557362477978438  1.0367296232096115
 0 6 6.2831853071795862 6
7 1 0  3 4 2  14.957882486705563 -2.4946518495261603 -1.5576016815960236  1.6690784610682365 14.959056837472739 -2.4946298812616323 -1.5577081356106377  1.6690784610682354 14.960235580325554 -2.4946188795613589 -1.5577614477491075  1.6690784610682372 14.961414950829779 -2.4946188795603805 -1.5577614477537407  1.6690784610682365
 0 4 1 4
7 1 1  6 6 2  14.961414950829779 -2.4946188795603805 -1.5577614477537407  1.6690784610682365 14.961414950777261 -2.5212035593317625 -1.5577838483460309  1.0367296232096121 14.961414951085747 -2.5249929678935401 -1.5906598240617178  1.0383466998475064 14.961414951406461 -2.4945683347193075 -1.6177472971820006  0.85353433019614966 14.961414951205866 -2.4641893932153929 -1.5906085901895075  1.0383466998475068 14.961414950882299 -2.468034199788999 -1.5577390471614503  1.0367296232096115
 0 6 6.2831853071795862 6
1 14.961414950983597 -2.494620564786072 -1.5557614484602655 1 0 0 
2 15.853269611119078 -2.4946053977612963 -1.5737614420703021 1 0 0 0 -0.00084261248754683652 0.99999964500203498 0 -0.99999964500203498 -0.00084261248754683652 0.018000000000000002
1 14.961414950983597 -2.4946188795610968 -1.5577614477502695 1 0 0 
2 15.853269611119078 -2.4946053977612963 -1.5737614420703021 1 0 0 0 -0.00084261248754683652 0.99999964500203498 0 -0.99999964500203498 -0.00084261248754683652 0.016000000000000004
2 13.953987607273074 -0.99231948593559149 -1.6127587168496098 0.99641001923001948 0.00019088800033051359 -0.084658355404553035 0.084658356946953339 1.0164395367051604e-20 0.99641003738372802 0.00019020271954543213 -0.99999998178088556 -1.6160264468870758e-05 0.017999999999999999
2 13.953987607273074 -0.99231948593559149 -1.6127587168496098 0.99641001923001948 0.00019088800033051359 -0.084658355404553035 0.084658356946953339 1.0164395367051604e-20 0.99641003738372802 0.00019020271954543213 -0.99999998178088556 -1.6160264468870758e-05 0.016
1 13.955511457698119 -0.99231948593559149 -1.5948233361767028 0.99641001923001948 0.00019088800033051359 -0.084658355404553035 
2 14.15154371430642 -0.99228163897550792 -1.6295437499171146 0.99641001923001948 0.00019088800033051359 -0.084658355404553035 0.084658356946953339 1.0164395367051604e-20 0.99641003738372802 0.00019020271954543213 -0.99999998178088556 -1.6160264468870758e-05 0.017999999999999999
1 13.955342140984225 -0.99231948593559149 -1.5968161562514702 0.99641001923001948 0.00019088800033051359 -0.084658355404553035 
2 14.15154371430642 -0.99228163897550792 -1.6295437499171146 0.99641001923001948 0.00019088800033051359 -0.084658355404553035 0.084658356946953339 1.0164395367051604e-20 0.99641003738372802 0.00019020271954543213 -0.99999998178088556 -1.6160264468870758e-05 0.016
7 1 0  3 4 2  14.153067564702923 -0.99228163897551469 -1.6116083692422423  1.6690784610682365 14.15460129917153 -0.99228134514916089 -1.6117386804942595  1.6690784610682354 14.156130460312593 -0.99228119812265347 -1.6119181417351933  1.6690784610682372 14.157652690862504 -0.99228119812263982 -1.6121464763182975  1.6690784610682365
 0 4 1 4
7 1 1  6 6 2  14.157652690862504 -0.99228119812263982 -1.6121464763182975  1.6690784610682365 14.157652718026981 -1.0221889734823582 -1.6121462952208288  1.0367296232096121 14.152166814904703 -1.0264834474581042 -1.64871898230633  1.0383466998475064 14.147642068118165 -0.99228161132363413 -1.6788839605575383  0.85353433019614966 14.152166752775033 -0.95807940166254468 -1.6487193965062965  1.0383466998475068 14.157652663698023 -0.96237342276292137 -1.6121466574157663  1.0367296232096115
 0 6 6.2831853071795862 6
7 1 0  3 4 2  14.1528982479922 -0.99228163897551402 -1.6136011893172282  1.6690784610682365 14.154389378860921 -0.99228135331097866 -1.6137278808237958  1.6690784610682354 14.155876063451199 -0.99228121036852823 -1.6139023570475783  1.6690784610682372 14.157356009953512 -0.99228121036851613 -1.6141243490234753  1.6690784610682365
 0 4 1 4
7 1 1  6 6 2  14.157356009953512 -0.99228121036851613 -1.6141243490234753  1.6690784610682365 14.157356034099715 -1.0188658995771545 -1.6141241880479473  1.0367296232096121 14.152479675768801 -1.0226832097778176 -1.6466332432350597  1.0383466998475064 14.148457678625212 -0.99228157765828873 -1.6734465572361337  0.85353433019614966 14.152479620542428 -0.9618796135150981 -1.6466336114128075  1.0383466998475068 14.157355985807309 -0.96569652115987759 -1.6141245099990031  1.0367296232096115
 0 6 6.2831853071795862 6
1 14.157652690834279 -0.99228119812263849 -1.6121464763136006 0.98893635286829751 0 -0.14834045293024528 
2 14.351070271798612 -0.99228130833552541 -1.6593604870324505 0.98893635286829751 0 -0.14834045293024528 0.14834045292746462 6.1229381640272891e-06 0.98893635284975967 9.0827942051569255e-07 -0.99999999998125488 6.055196136771257e-06 0.018000000000000002
1 14.157356009928424 -0.9922812103685148 -1.6141243490193002 0.98893635286829751 0 -0.14834045293024528 
2 14.351070271798612 -0.99228130833552541 -1.6593604870324505 0.98893635286829751 0 -0.14834045293024528 0.14834045292746462 6.1229381640272891e-06 0.98893635284975967 9.0827942051569255e-07 -0.99999999998125488 6.055196136771257e-06 0.016000000000000004
7 1 0  3 4 2  14.353740400049613 -0.99228119812263849 -1.641559632697974  1.6690784610682365 14.354717469816547 -0.99228119812263849 -1.6417061931602475  1.6690784610682354 14.355700159386851 -0.99228119812263849 -1.641812468827309  1.6690784610682372 14.356685971778338 -0.99228119812263849 -1.6418781896561496  1.6690784610682365
 0 4 1 4
7 1 1  6 6 2  14.356685971778338 -0.99228119812263849 -1.6418781896561496  1.6690784610682365 14.35668598395953 -1.0221889734823568 -1.6418780069382801  1.0367296232096121 14.354225988684524 -1.0264834474581057 -1.6787779391431787  1.0383466998475064 14.352196996289322 -0.9922816113236379 -1.70921282761141  0.85353433019614966 14.354225960824117 -0.95807940166254613 -1.6787783570492707  1.0383466998475068 14.356685959597147 -0.96237342276292004 -1.6418783723740191  1.0367296232096115
 0 6 6.2831853071795862 6
7 1 0  3 4 2  14.353443719132837 -0.9922812103685148 -1.6435375054018051  1.6690784610682365 14.354475070593573 -0.99228121036851469 -1.6436922081184562  1.6690784610682354 14.355512353981251 -0.9922812103685148 -1.6438043879840907  1.6690784610682372 14.356552933768363 -0.9922812103685148 -1.6438737599723352  1.6690784610682365
 0 4 1 4
7 1 1  6 6 2  14.356552933768363 -0.9922812103685148 -1.6438737599723352  1.6690784610682365 14.356552944596089 -1.0188658995771533 -1.6438735975564511  1.0367296232096121 14.354366282129417 -1.0226832097778189 -1.6766735372941388  1.0383466998475064 14.352562733333682 -0.99228157765829206 -1.7037267714881223  0.85353433019614966 14.354366257364612 -0.96187961351509932 -1.6766739087662206  1.0383466998475068 14.356552922940637 -0.96569652115987625 -1.6438739223882193  1.0367296232096115
 0 6 6.2831853071795862 6
1 14.356685971877967 -0.99228119812263849 -1.6418781896607371 0.99778515785660893 0 -0.066519010523774125 
2 15.853269611119078 -0.99228130833552541 -1.7596903879305208 0.99778515785660893 0 -0.066519010523774125 0.066519010522527219 6.1229381640272891e-06 0.99778515783790533 4.0729178816934948e-07 -0.99999999998125488 6.1093768225402235e-06 0.017999999999999999
1 14.356552933856923 -0.9922812103685148 -1.6438737599764128 0.99778515785660893 0 -0.066519010523774125 
2 15.853269611119078 -0.99228130833552541 -1.7596903879305208 0.99778515785660893 0 -0.066519010523774125 0.066519010522527219 6.1229381640272891e-06 0.99778515783790533 4.0729178816934948e-07 -0.99999999998125488 6.1093768225402235e-06 0.016
1 13.860077819744699 0.99244900104423062 -1.5549598428086684 1 0 0 
2 13.860077819744699 0.99244900104423051 -1.6549598428086685 1 0 0 -0 0 1 0 -1 0 0.10000000000000001
2 14.060077819744699 0.99244900104423051 -1.6549598428086685 1 0 0 -0 0 1 0 -1 0 0.10000000000000001
7 0 0  7 38 7  13.9100778197447 0.97444900104423049 -1.7533265038275321  13.906810775121343 0.97444900104423049 -1.7533265038275321  13.90357002969809 0.97514085133813433 -1.7534531152632102  13.900516051474824 0.97650420876619348 -1.7537025352470594  13.897801926253809 0.97848366743679804 -1.7540332555524438  13.895568332361865 0.980983543726198 -1.7543686341849822  13.893943010248762 0.98385761501033941 -1.7546362787820373  13.892359540984168 0.9887310322976115 -1.7549077734767071  13.891991730860676 0.99065275444463929 -1.754974919950844  13.89186855070977 0.99260925206208717 -1.7549984638184719  13.891992051800338 0.99456784062688552 -1.7549753462668247  13.892358979191654 0.9964945162679244 -1.754907440385741  13.892962656288407 0.99835285110731997 -1.754801022107652  13.895014255484458 1.0027127213268991 -1.7544658947926008  13.896736363356837 1.0051152305485289 -1.7542017748225813  13.898911724521687 1.0071735624103051 -1.7539051443825524  13.901445635563192 1.0087872050182121 -1.7536307888788614  13.90422733538489 1.0098912056221589 -1.7534284910367683  13.907144314496032 1.0104490010442306 -1.7533265038275321  13.91334486398776 1.0104490010442304 -1.7533265038275321  13.916585611051838 1.0097571504426319 -1.7534531152908395  13.919639586097663 1.0083937942946681 -1.7537025351658595  13.922353714796904 1.0064143333194799 -1.7540332556530025  13.924587306478527 1.0039144592982963 -1.7543686341231299  13.926212629338186 1.0010403867778941 -1.7546362787987626  13.927796131539733 0.99616686812111488 -1.7549077791406573  13.928163928961608 0.99424515339177166 -1.7549749234477592  13.928287093635195 0.99228865328888027 -1.7549984644011027  13.92816356942741 0.99033006627576381 -1.7549753429568227  13.927796632159621 0.98840343031669398 -1.754907435681605  13.927192986408583 0.9865451577976172 -1.7548010226316098  13.925141391131342 0.98218529590594184 -1.7544658959566939  13.923419306241 0.97978281833725833 -1.7542017815790421  13.921243941069147 0.97772442833841156 -1.7539051431339607  13.918709957510902 0.97611073965901773 -1.7536307801994155  13.91592818173002 0.97500676142968967 -1.7534284850204422  13.913011237254699 0.97444900104423049 -1.7533265038275321  13.9100778197447 0.97444900104423049 -1.7533265038275321 
 0 8 0.19919429925604426 6 0.32047912178288945 6 0.49961069500477573 6 0.6991094943713414 6 0.82058642813378146 6 1 8
1 13.9100778197447 0.97444900104423049 -1.7449598428086686 0 6.123233995736766e-17 -1 
2 13.9100778197447 0.99244900104423051 -1.7449598428086686 0 6.123233995736766e-17 -1 0 -1 -6.123233995736766e-17 -1 0 -0 0.017999999999999999
1 14.665920877743066 2.5100762192375807 -1.4963773029509857 1 0 0 
2 14.665920877743066 2.5100762192375807 -1.5963773029509858 1 0 0 -0 0 1 0 -1 0 0.10000000000000001
2 14.865920877743065 2.5100762192375807 -1.5963773029509858 1 0 0 -0 0 1 0 -1 0 0.10000000000000001
7 0 0  7 38 7  14.715920877743066 2.4920762192375809 -1.6947439639698494  14.712653833119715 2.4920762192375809 -1.6947439639698494  14.709413087696436 2.4927680695314818 -1.694870575405528  14.706359109473217 2.4941314269595583 -1.6951199953893765  14.703644984252172 2.4961108856301135 -1.6954507156947594  14.701411390360223 2.4986107619195796 -1.6957860943273015  14.699786068247132 2.5014848332036799 -1.696053738924354  14.698202598983942 2.5063582504866333 -1.6963252336187833  14.697834788857245 2.5082799726378449 -1.6963923800934626  14.697711608708977 2.5102364702602435 -1.6964159239606518  14.697835109799684 2.5121950588211823 -1.6963928064089768  14.698202037188244 2.514121734456686 -1.6963249005283527  14.698805714287541 2.5159800693023073 -1.6962184822498438  14.700857313342215 2.5203399392214325 -1.6958833549578873  14.70257942186576 2.5227424492391499 -1.6956192349213626  14.704754782064935 2.5248007804892389 -1.6953226045384278  14.707288693267385 2.5264144228781484 -1.6950482490515211  14.710070394092371 2.5275184240473907 -1.6948459511558676  14.712987372144719 2.5280762192375801 -1.6947439639698492  14.719187922366576 2.5280762192375805 -1.6947439639698494  14.722428667789297 2.5273843689436002 -1.6948705754055302  14.725482646013226 2.526021011515978 -1.6951199953893537  14.72819677123401 2.5240415528443796 -1.6954507156948067  14.730430365125747 2.5215416765561218 -1.6957860943272651  14.732055687239058 2.5186676052713048 -1.696053738924364  14.733639189540099 2.5137940863083039 -1.6963252392833177  14.73400698695613 2.5118723715932938 -1.696392383589433  14.734130151636098 2.5099158714858447 -1.6964159245438286  14.734006627427295 2.5079572844619236 -1.6963928030993956  14.733639690153016 2.5060306485048711 -1.6963248958231087  14.733036044410635 2.5041723759987984 -1.6962184827745292  14.730984449129704 2.4998125140992835 -1.6958833560990105  14.729262364239373 2.4974100365306198 -1.69561924172136  14.727086999067515 2.4953516465317658 -1.6953226032762783  14.724553015509269 2.4937379578523626 -1.6950482403417328  14.721771239728389 2.4926339796230392 -1.6948459451627589  14.718854295253054 2.4920762192375814 -1.6947439639698492  14.715920877743063 2.4920762192375814 -1.6947439639698492 
 0 8 0.19919432123344527 6 0.32047915685671396 6 0.49961072899820869 6 0.69910952661267312 6 0.82058644768041811 6 1 8
1 14.715920877743066 2.4920762192375809 -1.6863773029509859 0 6.123233995736766e-17 -1 
2 14.715920877743066 2.5100762192375807 -1.6863773029509859 0 6.123233995736766e-17 -1 0 -1 -6.123233995736766e-17 -1 0 -0 0.017999999999999999
1 13.96832 -0.77825730647333369 -1.5165374842210115 0 0 1 
1 13.96832 -0.77825730647333369 -1.4531774842210115 -0 1 0 
1 13.96832 -0.77825730647333369 -1.5165374842210115 -0 1 0 
1 13.96832 -0.71489730647333372 -1.5165374842210115 0 0 1 
2 13.96832 -0.74657730647333365 -1.4848574842210116 -1 0 0 0 0 -1 -0 -1 -0 0.028799999999999999
1 13.96832 -0.77825730647333369 -1.5165374842210115 1 0 -0 
1 14.03168 -0.77825730647333369 -1.5165374842210115 0 0 1 
1 13.96832 -0.77825730647333369 -1.4531774842210115 1 0 -0 
1 13.96832 -0.71489730647333372 -1.4531774842210115 1 0 -0 
1 14.03168 -0.77825730647333369 -1.4531774842210115 -0 1 0 
1 13.96832 -0.71489730647333372 -1.5165374842210115 1 0 -0 
1 14.03168 -0.77825730647333369 -1.5165374842210115 -0 1 0 
1 14.03168 -0.71489730647333372 -1.5165374842210115 0 0 1 
2 13.904960000000001 -0.74657730647333365 -1.4848574842210116 -1 0 0 0 0 -1 -0 -1 -0 0.028799999999999999
1 13.96832 -0.74657730647333365 -1.5136574842210115 -1 0 0 
2 14.03168 -0.74657730647333365 -1.4848574842210116 1 0 0 -0 0 1 0 -1 0 0.028799999999999999
2 13.904960000000001 -0.74657730647333365 -1.4848574842210116 -1 0 0 0 0 -1 -0 -1 -0 0.024
2 14.095039999999999 -0.74657730647333365 -1.4848574842210116 1 0 0 -0 0 1 0 -1 0 0.028799999999999999
1 14.03168 -0.74657730647333365 -1.4560574842210117 1 0 0 
1 13.96832 -0.74657730647333365 -1.5088574842210116 -1 0 0 
2 13.96832 -0.74657730647333365 -1.4848574842210116 -1 0 0 0 0 -1 -0 -1 -0 0.024
2 14.095039999999999 -0.74657730647333365 -1.4848574842210116 1 0 0 -0 0 1 0 -1 0 0.024
1 14.03168 -0.74657730647333365 -1.4608574842210116 1 0 0 
2 14.03168 -0.74657730647333365 -1.4848574842210116 1 0 0 -0 0 1 0 -1 0 0.024
1 13.860077819744699 -0.99244900104423039 -1.5549598428086684 1 0 0 
2 13.860077819744699 -0.99244900104423051 -1.6549598428086685 1 0 0 -0 0 1 0 -1 0 0.10000000000000001
2 14.060077819744699 -0.99244900104423051 -1.6549598428086685 1 0 0 -0 0 1 0 -1 0 0.10000000000000001
7 0 0  7 38 7  13.9100778197447 -1.0104490010442304 -1.7533265038275321  13.906810775121347 -1.0104490010442304 -1.7533265038275321  13.903570029698061 -1.0097571507503291 -1.7534531152632113  13.90051605147487 -1.0083937933222455 -1.7537025352470579  13.897801926253795 -1.0064143346517236 -1.754033255552442  13.895568332361851 -1.0039144583621988 -1.7543686341849858  13.893943010248771 -1.0010403870781477 -1.7546362787820358  13.892359540984012 -0.99616696979037989 -1.7549077734767331  13.891991730861482 -0.99424524764508859 -1.7549749199507121  13.89186855070875 -0.99228875002737371 -1.754998463818636  13.89199205180023 -0.990330161459543 -1.7549753462668409  13.89235897919348 -0.9884034858180899 -1.7549074403854459  13.892962656286738 -0.98654515098469009 -1.7548010221079247  13.895014255341879 -0.98218528106456382 -1.7544658948158918  13.89673636387452 -0.97978277103570455 -1.7542017747784364  13.89891172406023 -0.97772443979416379 -1.7539051443962992  13.901445635264915 -0.97611079740832274 -1.7536307889096274  13.904227336103887 -0.97500679623118369 -1.7534284910132267  13.907144314141476 -0.97444900104423049 -1.7533265038275321  13.913344864368071 -0.97444900104423049 -1.7533265038275321  13.916585609791291 -0.97514085133813799 -1.7534531152632118  13.91963958801456 -0.97650420876618427 -1.7537025352470541  13.922353713235623 -0.97848366743678283 -1.7540332555524485  13.92458730712754 -0.98098354372625596 -1.7543686341849838  13.926212629240625 -0.98385761501030178 -1.7546362787820351  13.927796131541143 -0.98873113397168255 -1.7549077791408987  13.928163928956579 -0.99065284869112269 -1.7549749234469285  13.928287093640927 -0.9926093487900215 -1.7549984644020313  13.928163569428714 -0.99456793582109682 -1.7549753429570356  13.927796632149384 -0.99649457178908274 -1.7549074356799312  13.927192986416495 -0.9983528442740317 -1.7548010226329021  13.925141391251785 -1.0027127059265706 -1.7544658959763677  13.923419306307721 -1.0051151838386156 -1.7542017815844395  13.921243940906084 -1.0071735739235652 -1.7539051431074018  13.918709957313098 -1.0087872624488632 -1.7536307801851809  13.915928181774035 -1.0098912405746734 -1.7534284850398216  13.913011237480745 -1.0104490010442306 -1.7533265038275321  13.9100778197447 -1.0104490010442306 -1.7533265038275321 
 0 8 0.19919432537019521 6 0.32047916382726072 6 0.49961073933785571 6 0.69910954036441697 6 0.82058646338157082 6 1 8
1 13.9100778197447 -1.0104490010442304 -1.7449598428086686 0 6.123233995736766e-17 -1 
2 13.9100778197447 -0.99244900104423051 -1.7449598428086686 0 6.123233995736766e-17 -1 0 -1 -6.123233995736766e-17 -1 0 -0 0.017999999999999999
1 17.983315607384949 -10.197687369282312 -0.88001272942429787 0 0 1 
1 17.983315607384949 -10.197687369282312 -0.48001272942429785 -0 1 0 
1 17.983315607384949 -10.197687369282312 -0.88001272942429787 -0 1 0 
1 17.983315607384949 -9.9476873692823116 -0.88001272942429787 0 0 1 
2 17.983315607384949 -10.072687369282312 -0.6800127294242978 -1 0 0 0 0 -1 -0 -1 -0 0.050000000000000003
1 17.983315607384949 -10.197687369282312 -0.88001272942429787 1 0 -0 
1 18.08331560738495 -10.197687369282312 -0.88001272942429787 0 0 1 
1 17.983315607384949 -10.197687369282312 -0.48001272942429785 1 0 -0 
1 17.983315607384949 -9.9476873692823116 -0.48001272942429785 1 0 -0 
1 18.08331560738495 -10.197687369282312 -0.48001272942429785 -0 1 0 
1 17.983315607384949 -9.9476873692823116 -0.88001272942429787 1 0 -0 
1 18.08331560738495 -10.197687369282312 -0.88001272942429787 -0 1 0 
2 18.033315607384949 -10.072687369282312 -0.88001272942429787 0 0 -1 -1 0 -0 0 1 0 0.040000000000000001
1 18.08331560738495 -9.9476873692823116 -0.88001272942429787 0 0 1 
1 18.033315607384949 -10.072687369282312 -0.73001272942429785 -1 0 0 
2 18.033315607384949 -10.072687369282312 -0.6800127294242978 -1 0 0 0 0 -1 -0 -1 -0 0.050000000000000003
1 17.99331560738495 -10.072687369282312 -0.83001272942429782 0 0 -1 
2 18.033315607384949 -10.072687369282312 -0.83001272942429782 0 0 -1 -1 0 -0 0 1 0 0.040000000000000001
2 15.853269611119078 1.769643465204946 -1.6634833661596045 0 0.99242849077781792 0.12282381972753754 0 -0.12282381972753754 0.99242849077781792 1 0 -0 0.02
2 15.853269611119078 1.769643465204946 -1.6634833661596045 0 0.99242849077781792 0.12282381972753754 0 -0.12282381972753754 0.99242849077781792 1 0 -0 0.017999999999999999
1 15.853269611119078 1.7671869888103953 -1.6436347963440481 0 0.99242849077781792 0.12282381972753754 
2 15.853269611119078 2.4867591696647811 -1.5747324981355226 0 0.99242849077781792 0.12282381972753754 0 -0.12282381972753754 0.99242849077781792 1 0 -0 0.02
1 15.853269611119078 1.7674326364498503 -1.6456196533256038 0 0.99242849077781792 0.12282381972753754 
2 15.853269611119078 2.4867591696647811 -1.5747324981355226 0 0.99242849077781792 0.12282381972753754 0 -0.12282381972753754 0.99242849077781792 1 0 -0 0.017999999999999999
7 1 0  5 6 2  15.853269611119078 2.4843026932702301 -1.5548839283199662  1.6690784610682365 15.853269611119075 2.4871702470643982 -1.554529037349436  1.6690784610682319 15.853474851405629 2.4900244436974308 -1.554129172821282  1.6690784610682436 15.853883182300482 2.4928504689734652 -1.5536866565189824  1.6690784610682303 15.854492433338027 2.4956333012746144 -1.5532038406192352  1.6690784610682388 15.855300472748818 2.4983581232416094 -1.5526830432284879  1.6690784610682365
 0 6 1 6
7 1 1  6 6 2  15.855300472748818 2.4983581232416094 -1.5526830432284879  1.6690784610682365 15.887204052927807 2.4891721159100371 -1.5541214443750253  1.0367296232096121 15.892154895449531 2.4954610681299263 -1.5947068071434007  1.0383466998475064 15.855975701934751 2.5122409473366138 -1.6263658928995641  0.85353433019614966 15.81918611280496 2.5164709914234371 -1.5914169450016433  1.0383466998475068 15.823396892569827 2.5075441305731823 -1.5512446420819508  1.0367296232096115
 0 6 6.2831853071795862 6
7 1 0  5 6 2  15.853269611119078 2.4845483409096851 -1.5568687853015222  1.6690784610682365 15.853269611119075 2.487441324349474 -1.5565107471357649  1.6690784610682319 15.853476671489274 2.4903208356355124 -1.5561073361559203  1.6690784610682436 15.853888623058518 2.4931719193077693 -1.555660896056855  1.6690784610682303 15.854503277947055 2.4959794332263883 -1.555173797887333  1.6690784610682388 15.855318483101659 2.4987284190842707 -1.5546483820328925  1.6690784610682365
 0 6 1 6
7 1 1  6 6 2  15.855318483101659 2.4987284190842707 -1.5546483820328925  1.6690784610682365 15.884031705262752 2.4904610124858557 -1.5559429430647762  1.0367296232096121 15.8884874635323 2.4961210694837557 -1.5924697695563139  1.0383466998475064 15.855926189368999 2.5112229607697749 -1.6209629467368611  0.85353433019614966 15.82281555915219 2.5150300004479158 -1.5895088936287323  1.0383466998475068 15.826605260940571 2.5069958256826861 -1.5533538210010089  1.0367296232096115
 0 6 6.2831853071795862 6
1 15.855300472748818 2.4983581232416108 -1.5526830432284877 0.27965345744279085 0.94303059208194662 0.18024218745306705 
2 16.050968087496013 3.1612723252373529 -1.4463408617414955 0.27965345744279085 0.94303059208194662 0.18024218745306705 -0.0090051764209993154 -0.18514792133058405 0.98266940220228227 0.96005877452264354 -0.27643000854563038 -0.043285099486346304 0.02
1 15.855318483101659 2.4987284190842716 -1.5546483820328922 0.27965345744279085 0.94303059208194662 0.18024218745306705 
2 16.050968087496013 3.1612723252373529 -1.4463408617414955 0.27965345744279085 0.94303059208194662 0.18024218745306705 -0.0090051764209993154 -0.18514792133058405 0.98266940220228227 0.96005877452264354 -0.27643000854563038 -0.043285099486346304 0.017999999999999999
7 1 0  5 6 2  16.050787983967592 3.1575693668107405 -1.42668747369745  1.6690784610682365 16.051677385093058 3.1605685518650337 -1.4261142370715107  1.6690784610682319 16.052333396462721 3.1636220676812639 -1.4255141515229484  1.6690784610682436 16.052753628696703 3.1667123133631203 -1.4248907678854232  1.6690784610682303 16.052935676606179 3.1698216019657357 -1.4242476540797939  1.6690784610682388 16.052877142725706 3.1729323335442539 -1.4235883602056816  1.6690784610682365
 0 6 1 6
7 1 1  6 6 2  16.052877142725706 3.1729323335442539 -1.4235883602056816  1.6690784610682365 16.086099962460651 3.1734475676014542 -1.4230697664178513  1.0367296232096121 16.091365337873292 3.1820494882933077 -1.4631885427565507  1.0383466998475064 16.053780675902757 3.188494027954019 -1.4969325376831875  0.85353433019614966 16.015379235420895 3.1808710624953256 -1.4643746528160715  1.0383466998475068 16.019654322990757 3.172417099487054 -1.4241069539935123  1.0367296232096115
 0 6 6.2831853071795862 6
7 1 0  5 6 2  16.050805994320434 3.1579396626534022 -1.4286528125018545  1.6690784610682365 16.051697987811139 3.160947589526045 -1.4280779050452181  1.6690784610682319 16.052355911668002 3.1640100068365782 -1.4274760701569635  1.6690784610682436 16.052777368605483 3.1671092585736496 -1.4268508697617956  1.6690784610682303 16.052959947109994 3.1702276112822094 -1.4262058811628979  1.6690784610682388 16.05290124261899 3.1733474098072154 -1.4255446656243396  1.6690784610682365
 0 6 1 6
7 1 1  6 6 2  16.05290124261899 3.1733474098072154 -1.4255446656243396  1.6690784610682365 16.082801780380443 3.1738111204586956 -1.4250779312152921  1.0367296232096121 16.087540618251818 3.1815528490813634 -1.4611848299201218  1.0383466998475064 16.053714422478336 3.1873529347760039 -1.4915544253540947  0.85353433019614966 16.019153126044657 3.1804922658631796 -1.4622523289736904  1.0383466998475068 16.023000704857537 3.1728836991557352 -1.426011400033387  1.0367296232096115
 0 6 6.2831853071795862 6
1 16.052877142725706 3.1729323335442556 -1.4235883602056814 -0.018404746277827396 0.97810404799724737 0.20730107719413143 
2 16.000975729896762 5.9481456931073069 -0.8558475764285034 -0.018404746277827396 0.97810404799724737 0.20730107719413143 -0.012049946641945919 -0.20753813148048811 0.97815270932892373 0.99975800276885762 0.015504685517161098 0.015605788241510907 0.020000000000000011
1 16.05290124261899 3.1733474098072167 -1.4255446656243393 -0.018404746277827396 0.97810404799724737 0.20730107719413143 
2 16.000975729896762 5.9481456931073069 -0.8558475764285034 -0.018404746277827396 0.97810404799724737 0.20730107719413143 -0.012049946641945919 -0.20753813148048811 0.97815270932892373 0.99975800276885762 0.015504685517161098 0.015605788241510907 0.018000000000000006
7 1 0  6 7 2  16.00073473096392 5.9439949304776958 -0.83628452224192484  1.6690784610682365 16.000465034561017 5.9583277085246538 -0.83324680827437436  1.6690784610682405 15.995521672991794 5.9715153296090469 -0.83045180086997761  1.6690784610682217 15.986805485754976 5.9827059914698761 -0.82808003248499351  1.6690784610682554 15.975207764733467 5.9910253681970795 -0.82631680927713047  1.6690784610682214 15.96163850980623 5.9956177753385846 -0.82534348650099298  1.6690784610682423 15.946984876507905 5.9956177753385855 -0.82534348650099287  1.6690784610682365
 0 7 1 7
7 1 1  6 6 2  15.946984876507905 5.9956177753385855 -0.82534348650099287  1.6690784610682365 15.946984876507903 6.0280411231269921 -0.81806223145922363  1.0367296232096121 15.9469848765079 6.0417000558017033 -0.85710921586170064  1.0383466998475064 15.9469848765079 6.0120472479683542 -0.89850374554963541  0.85353433019614966 15.946984876507907 5.9675424783728355 -0.87376265455233504  1.0383466998475068 15.946984876507909 5.9631944275501798 -0.83262474154276234  1.0367296232096115
 0 6 6.2831853071795862 6
7 1 0  6 7 2  16.000758830857205 5.9444100067406556 -0.83824082766058272  1.6690784610682365 16.000489016021032 5.958749078819487 -0.83520177972494403  1.6690784610682405 15.9955434752305 5.9719429383006073 -0.83240545014386846  1.6690784610682217 15.986823206668083 5.9831382916311657 -0.83003268744061087  1.6690784610682554 15.975220615662032 5.9914615739741448 -0.82826863646973115  1.6690784610682214 15.961644944737039 5.996055997804727 -0.82729488627299486  1.6690784610682423 15.946984876507905 5.996055997804727 -0.82729488627299475  1.6690784610682365
 0 7 1 7
7 1 1  6 6 2  15.946984876507905 5.996055997804727 -0.82729488627299475  1.6690784610682365 15.946984876507903 6.0252370108142932 -0.82074175673540239  1.0367296232096121 15.9469848765079 6.037530050221533 -0.85588404269763163  1.0383466998475064 15.9469848765079 6.0108425231715188 -0.89313911941677304  0.85353433019614966 15.946984876507907 5.9707882305355522 -0.87087213751920278  1.0383466998475068 15.946984876507905 5.9668749847951617 -0.83384801581058721  1.0367296232096115
 0 6 6.2831853071795862 6
1 15.946984876507903 5.9956177753385855 -0.82534348650099287 -1 0 0 
2 15.7264 6 -0.84485748422101159 -1 0 0 0 -0.21911123307070585 0.97569988600093371 0 0.97569988600093371 0.21911123307070585 0.020000000000000011
1 15.946984876507903 5.996055997804727 -0.82729488627299475 -1 0 0 
2 15.7264 6 -0.84485748422101159 -1 0 0 0 -0.21911123307070585 0.97569988600093371 0 0.97569988600093371 0.21911123307070585 0.018000000000000006
1 14.698267630819153 -3.1841838875240511 -1.3687207239518837 1 0 0 
2 14.698267630819153 -3.1841838875240511 -1.4687207239518838 1 0 0 -0 0 1 0 -1 0 0.10000000000000001
2 14.898267630819152 -3.1841838875240511 -1.4687207239518838 1 0 0 -0 0 1 0 -1 0 0.10000000000000001
7 0 0  7 38 7  14.748267630819154 -3.2021838875240509 -1.5670873849707474  14.745000586195802 -3.2021838875240509 -1.5670873849707474  14.741759840772524 -3.2014920372301501 -1.567213996406426  14.738705862549304 -3.2001286798020736 -1.5674634163902745  14.735991737328259 -3.1981492211315183 -1.5677941366956574  14.73375814343631 -3.1956493448420522 -1.5681295153281996  14.732132821323219 -3.192775273557952 -1.568397159925252  14.730549352060027 -3.187901856274999 -1.5686686546196806  14.73018154193333 -3.185980134123787 -1.5687358010943611  14.730058361785064 -3.1840236365013879 -1.5687593449615498  14.730181862875776 -3.1820650479404491 -1.5687362274098751  14.730548790264335 -3.1801383723049454 -1.5686683215292507  14.73115246736363 -3.1782800374593245 -1.5685619032507419  14.733204066418301 -3.1739201675401998 -1.5682267759587849  14.734926174941846 -3.1715176575224819 -1.5679626559222604  14.737101535141022 -3.1694593262723929 -1.5676660255393262  14.739635446343472 -3.1678456838834834 -1.5673916700524193  14.742417147168457 -3.1667416827142412 -1.567189372156766  14.745334125220806 -3.1661838875240518 -1.5670873849707474  14.751534675442644 -3.1661838875240513 -1.5670873849707474  14.754775420865474 -3.1668757378180126 -1.5672139964064293  14.757829399089225 -3.1682390952457689 -1.5674634163902554  14.760543524310073 -3.1702185539170151 -1.5677941366956905  14.7627771182019 -3.1727184302057156 -1.5681295153281762  14.764402440315122 -3.1755925014902577 -1.568397159925258  14.765985942614677 -3.1804660204486814 -1.5686686602839572  14.766353740034573 -3.1823877351842667 -1.56873580459073  14.766476904711977 -3.1843442352676781 -1.5687593455447033  14.766353380502506 -3.1863028222859877 -1.5687362241001443  14.765986443230275 -3.1882294582660982 -1.5686683168241895  14.765382797485008 -3.1900877307664737 -1.5685619037751473  14.763331202205794 -3.1944475926623475 -1.5682267770999088  14.761609117315464 -3.1968500702310116 -1.5679626627222578  14.759433752143599 -3.1989084602298661 -1.5676660242771767  14.75689976858536 -3.2005221489092688 -1.5673916613426309  14.754117992804476 -3.2016261271385926 -1.5671893661636569  14.751201048329142 -3.2021838875240509 -1.5670873849707474  14.748267630819155 -3.2021838875240509 -1.5670873849707474 
 0 8 0.1991943213127412 6 0.32047915698436252 6 0.49961072919685801 6 0.69910952688920291 6 0.82058644769556888 6 1 8
1 14.748267630819154 -3.2021838875240509 -1.5587207239518839 0 6.123233995736766e-17 -1 
2 14.748267630819154 -3.1841838875240511 -1.5587207239518839 0 6.123233995736766e-17 -1 0 -1 -6.123233995736766e-17 -1 0 -0 0.017999999999999999
1 17.968319999999995 -9.5981232661833342 -0.71476675300432491 0 0 1 
1 17.968319999999995 -9.5981232661833342 -0.65140675300432493 -0 1 0 
1 17.968319999999995 -9.5981232661833342 -0.71476675300432491 -0 1 0 
1 17.968319999999995 -9.5347632661833348 -0.71476675300432491 0 0 1 
2 17.968319999999995 -9.5664432661833345 -0.68308675300432486 -1 0 0 0 0 -1 -0 -1 -0 0.028799999999999999
1 17.968319999999995 -9.5981232661833342 -0.71476675300432491 1 0 -0 
1 18.031679999999994 -9.5981232661833342 -0.71476675300432491 0 0 1 
1 17.968319999999995 -9.5981232661833342 -0.65140675300432493 1 0 -0 
1 17.968319999999995 -9.5347632661833348 -0.65140675300432493 1 0 -0 
1 18.031679999999994 -9.5981232661833342 -0.65140675300432493 -0 1 0 
1 17.968319999999995 -9.5347632661833348 -0.71476675300432491 1 0 -0 
1 18.031679999999994 -9.5981232661833342 -0.71476675300432491 -0 1 0 
1 18.031679999999994 -9.5347632661833348 -0.71476675300432491 0 0 1 
2 17.904959999999996 -9.5664432661833345 -0.68308675300432486 -1 0 0 0 0 -1 -0 -1 -0 0.028799999999999999
1 17.968319999999995 -9.5664432661833345 -0.71188675300432491 -1 0 0 
2 18.031679999999998 -9.5664432661833345 -0.68308675300432486 1 0 0 -0 0 1 0 -1 0 0.028799999999999999
2 17.904959999999996 -9.5664432661833345 -0.68308675300432486 -1 0 0 0 0 -1 -0 -1 -0 0.024
2 18.095039999999997 -9.5664432661833345 -0.68308675300432486 1 0 0 -0 0 1 0 -1 0 0.028799999999999999
1 18.031679999999998 -9.5664432661833345 -0.65428675300432482 1 0 0 
1 17.968319999999995 -9.5664432661833345 -0.70708675300432489 -1 0 0 
2 17.968319999999995 -9.5664432661833345 -0.68308675300432486 -1 0 0 0 0 -1 -0 -1 -0 0.024
2 18.095039999999997 -9.5664432661833345 -0.68308675300432486 1 0 0 -0 0 1 0 -1 0 0.024
1 18.031679999999998 -9.5664432661833345 -0.65908675300432484 1 0 0 
2 18.031679999999998 -9.5664432661833345 -0.68308675300432486 1 0 0 -0 0 1 0 -1 0 0.024
2 15.673599999999999 -6 -0.84485748422101159 -1 0 0 0 0 -1 -0 -1 -0 0.02
2 15.673599999999999 -6 -0.84485748422101159 -1 0 0 0 0 -1 -0 -1 -0 0.017999999999999999
1 15.673599999999999 -6 -0.86485748422101161 -1 0 0 
2 15 -6 -0.84485748422101159 -1 0 0 0 0 -1 -0 -1 -0 0.02
1 15.673599999999999 -6 -0.86285748422101161 -1 0 0 
2 15 -6 -0.84485748422101159 -1 0 0 0 0 -1 -0 -1 -0 0.017999999999999999
2 15.353269611119078 0.026400000000000645 -1.6596903879305205 0 1 0 0 -0 1 1 0 -0 0.02
2 15.353269611119078 0.026400000000000645 -1.6596903879305205 0 1 0 0 -0 1 1 0 -0 0.017999999999999999
1 15.353269611119078 0.026400000000000645 -1.6396903879305205 0 1 0 
2 15.353269611119078 0.45534065416776298 -1.6596903879305205 0 1 0 0 -0 1 1 0 -0 0.02
1 15.353269611119078 0.026400000000000645 -1.6416903879305205 0 1 0 
2 15.353269611119078 0.45534065416776298 -1.6596903879305205 0 1 0 0 -0 1 1 0 -0 0.017999999999999999
7 1 0  6 7 2  15.353269611119078 0.45534065416776298 -1.6396903879305205  1.6690784610682365 15.353269611119076 0.47131223267852718 -1.6396903879305205  1.6690784610682405 15.358348047294745 0.48615253621961363 -1.6407060751656539  1.6690784610682217 15.367575354673608 0.49867392376232306 -1.6425515366414272  1.6690784610682554 15.37985358533083 0.50808396783887433 -1.6450071827728707  1.6690784610682214 15.394405700204606 0.51326297687052647 -1.6479176057476264  1.6690784610682423 15.410067121452542 0.51326297687052658 -1.6510498899972132  1.6690784610682365
 0 7 1 7
7 1 1  6 6 2  15.410067121452542 0.51326297687052658 -1.6510498899972132  1.6690784610682365 15.411345231510673 0.48067743623586578 -1.6446593397065554  1.0367296232096121 15.403626637937545 0.46794010616578452 -1.6832523075721944  1.0383466998475064 15.395647440987124 0.49855773045593976 -1.7231482923242989  0.85353433019614966 15.400703388117167 0.54246864555185104 -1.6978685566740834  1.0383466998475068 15.408789011394409 0.54584851750518737 -1.6574404402878711  1.0367296232096115
 0 6 6.2831853071795862 6
7 1 0  6 7 2  15.353269611119078 0.45534065416776298 -1.6416903879305205  1.6690784610682365 15.353269611119076 0.47120624365199393 -1.6416903879305205  1.6690784610682405 15.358314346273509 0.48594075060388031 -1.6426993349614065  1.6690784610682217 15.367476357942339 0.4983826487449558 -1.6445317372951724  1.6690784610682554 15.37967664282839 0.50772610400158058 -1.6469717942723832  1.6690784610682214 15.394125015611245 0.51287074460025028 -1.6498614688289537  1.6690784610682423 15.409682506067925 0.51287074460025028 -1.6529729669202902  1.6690784610682365
 0 7 1 7
7 1 1  6 6 2  15.409682506067925 0.51287074460025028 -1.6529729669202902  1.6690784610682365 15.410832805120243 0.48354375802905553 -1.6472214716586981  1.0367296232096121 15.403886070904429 0.47208016096598232 -1.6819551427377732  1.0383466998475064 15.396704793649048 0.49963602282712211 -1.7178615290146673  0.85353433019614966 15.40125514606609 0.53915584641344216 -1.6951097669294735  1.0383466998475068 15.408532207015607 0.54219773117144487 -1.6587244621818822  1.0367296232096115
 0 6 6.2831853071795862 6
1 15.410067121452542 0.51326297687052658 -1.6510498899972132 0.98058067569092011 0 -0.19611613513818421 
2 15.853269611119078 0.50934065416776297 -1.7596903879305206 0.98058067569092011 0 -0.19611613513818421 0.1923076923076926 0.19611613513818116 0.96153846153846212 0.038461538461537936 -0.98058067569092078 0.19230769230768949 0.020000000000000004
1 15.409682506067925 0.51287074460025028 -1.6529729669202902 0.98058067569092011 0 -0.19611613513818421 
2 15.853269611119078 0.50934065416776297 -1.7596903879305206 0.98058067569092011 0 -0.19611613513818421 0.1923076923076926 0.19611613513818116 0.96153846153846212 0.038461538461537936 -0.98058067569092078 0.19230769230768949 0.018000000000000002
2 14.791958906371196 -3.1725677786951691 -1.4276474856925654 0.9961340774662063 0.017671968674203523 -0.086049992642231413 0.0860634324310489 2.3852447794681101e-18 0.99628965948572723 0.01760639965286467 -0.99984383856839265 -0.0015209102819159256 0.017999999999999999
2 14.791958906371196 -3.1725677786951691 -1.4276474856925654 0.9961340774662063 0.017671968674203523 -0.086049992642231413 0.0860634324310489 2.3852447794681101e-18 0.99628965948572723 0.01760639965286467 -0.99984383856839265 -0.0015209102819159256 0.016
1 14.793508048154955 -3.1725677786951691 -1.4097142718218223 0.9961340774662063 0.017671968674203523 -0.086049992642231413 
2 14.988818476490769 -3.1690753812006278 -1.4446529922238052 0.9961340774662063 0.017671968674203523 -0.086049992642231413 0.0860634324310489 2.3852447794681101e-18 0.99628965948572723 0.01760639965286467 -0.99984383856839265 -0.0015209102819159256 0.017999999999999999
1 14.793335921290092 -3.1725677786951691 -1.4117068511407938 0.9961340774662063 0.017671968674203523 -0.086049992642231413 
2 14.988818476490769 -3.1690753812006278 -1.4446529922238052 0.9961340774662063 0.017671968674203523 -0.086049992642231413 0.0860634324310489 2.3852447794681101e-18 0.99628965948572723 0.01760639965286467 -0.99984383856839265 -0.0015209102819159256 0.016
7 1 0  3 4 2  14.990367618409792 -3.1690753811976249 -1.426719778367685  1.6690784610682365 14.991429887067124 -3.1690565359658005 -1.4268115413224007  1.6690784610682354 14.992495762963001 -3.1690470996630871 -1.4268574894448403  1.6690784610682372 14.993562154205918 -3.169047099662301 -1.4268574894487465  1.6690784610682365
 0 4 1 4
7 1 1  6 6 2  14.993562154205918 -3.169047099662301 -1.4268574894487465  1.6690784610682365 14.993562154159676 -3.1989548663411318 -1.4268802770188358  1.0367296232096121 14.993562154432562 -3.2032209351166445 -1.4638654056153093  1.0383466998475064 14.993562154715994 -3.1689956816410705 -1.494341574427509  0.85353433019614966 14.993562154538324 -3.1348169091757154 -1.4638132866606499  1.0383466998475068 14.993562154252158 -3.1391393329834703 -1.4268347018786576  1.0367296232096115
 0 6 6.2831853071795862 6
7 1 0  3 4 2  14.990195491529899 -3.1690753811979584 -1.4287123576850316  1.6690784610682365 14.991314997026665 -3.1690555205529014 -1.428809064984246  1.6690784610682354 14.992438304006713 -3.1690455758072251 -1.4288574888644148  1.6690784610682372 14.993562154221033 -3.1690455758065261 -1.4288574888678871  1.6690784610682365
 0 4 1 4
7 1 1  6 6 2  14.993562154221033 -3.1690455758065261 -1.4288574888678871  1.6690784610682365 14.99356215417993 -3.1956302572988204 -1.4288777444857441  1.0367296232096121 14.993562154422497 -3.1994223184326094 -1.4617534143492763  1.0383466998475064 14.993562154674436 -3.1689998708987659 -1.4888433421823426  0.85353433019614966 14.993562154516507 -3.1386187398184502 -1.4617070863895789  1.0383466998475068 14.993562154262136 -3.1424608943142323 -1.4288372332500301  1.0367296232096115
 0 6 6.2831853071795862 6
1 14.993562154341969 -3.1690470996629019 -1.4268574894458197 1 0 0 
2 16.053269611119077 -3.1690333849603287 -1.4448574842210116 1 0 0 0 -0.00076192792074017066 0.99999970973287966 0 -0.99999970973287966 -0.00076192792074017066 0.017999999999999995
1 14.993562154341969 -3.1690455758070604 -1.4288574888652854 1 0 0 
2 16.053269611119077 -3.1690333849603287 -1.4448574842210116 1 0 0 0 -0.00076192792074017066 0.99999970973287966 0 -0.99999970973287966 -0.00076192792074017066 0.015999999999999997
2 14.199999999999999 2.7664432661833338 -1.3448574842210115 0.99503719020998926 0 -0.09950371902099879 0.09950371902099879 0 0.99503719020998926 0 -1 0 0.024
2 14.199999999999999 2.7664432661833338 -1.3448574842210115 0.99503719020998926 0 -0.09950371902099879 0.09950371902099879 0 0.99503719020998926 0 -1 0 0.021599999999999998
1 14.202388089256504 2.7664432661833338 -1.3209765916559717 0.99503719020998926 0 -0.09950371902099879 
2 14.568477221814147 2.7664432661833338 -1.3817052064024262 0.99503719020998926 0 -0.09950371902099879 0.09950371902099879 0 0.99503719020998926 0 -1 0 0.024
1 14.202149280330852 2.7664432661833338 -1.3233646809124757 0.99503719020998926 0 -0.09950371902099879 
2 14.568477221814147 2.7664432661833338 -1.3817052064024262 0.99503719020998926 0 -0.09950371902099879 0.09950371902099879 0 0.99503719020998926 0 -1 0 0.021599999999999998
1 14.56832 2.7347632661833337 -1.4165374842210114 0 0 1 
1 14.56832 2.7347632661833337 -1.3531774842210114 -0 1 0 
1 14.56832 2.7347632661833337 -1.4165374842210114 -0 1 0 
1 14.56832 2.7981232661833335 -1.4165374842210114 0 0 1 
2 14.56832 2.7664432661833338 -1.3848574842210115 -1 0 0 0 0 -1 -0 -1 -0 0.028799999999999999
1 14.56832 2.7347632661833337 -1.4165374842210114 1 0 -0 
1 14.631679999999999 2.7347632661833337 -1.4165374842210114 0 0 1 
1 14.56832 2.7347632661833337 -1.3531774842210114 1 0 -0 
1 14.56832 2.7981232661833335 -1.3531774842210114 1 0 -0 
1 14.631679999999999 2.7347632661833337 -1.3531774842210114 -0 1 0 
1 14.56832 2.7981232661833335 -1.4165374842210114 1 0 -0 
1 14.631679999999999 2.7347632661833337 -1.4165374842210114 -0 1 0 
1 14.631679999999999 2.7981232661833335 -1.4165374842210114 0 0 1 
2 14.504960000000001 2.7664432661833338 -1.3848574842210115 -1 0 0 0 0 -1 -0 -1 -0 0.028799999999999999
1 14.56832 2.7664432661833338 -1.4136574842210115 -1 0 0 
2 14.631679999999999 2.7664432661833338 -1.3848574842210115 1 0 0 -0 0 1 0 -1 0 0.028799999999999999
2 14.504960000000001 2.7664432661833338 -1.3848574842210115 -1 0 0 0 0 -1 -0 -1 -0 0.024
2 14.695039999999999 2.7664432661833338 -1.3848574842210115 1 0 0 -0 0 1 0 -1 0 0.028799999999999999
1 14.631679999999999 2.7664432661833338 -1.3560574842210116 1 0 0 
1 14.56832 2.7664432661833338 -1.4088574842210115 -1 0 0 
2 14.56832 2.7664432661833338 -1.3848574842210115 -1 0 0 0 0 -1 -0 -1 -0 0.024
2 14.695039999999999 2.7664432661833338 -1.3848574842210115 1 0 0 -0 0 1 0 -1 0 0.024
1 14.631679999999999 2.7664432661833338 -1.3608574842210115 1 0 0 
2 14.631679999999999 2.7664432661833338 -1.3848574842210115 1 0 0 -0 0 1 0 -1 0 0.024
2 17.9088729465334 -9.9383921537715079 -0.64228892611329058 -0.504445482451083 0.8597444379408733 -0.079838942029727633 0.86249772342294195 0.50606094207144903 3.1918911957973246e-16 0.040403370217552047 -0.068860905741136139 -0.99680777652242147 0.040000000000000001
2 17.9088729465334 -9.9383921537715079 -0.64228892611329058 -0.504445482451083 0.8597444379408733 -0.079838942029727633 0.86249772342294195 0.50606094207144903 3.1918911957973246e-16 0.040403370217552047 -0.068860905741136139 -0.99680777652242147 0.035999999999999997
1 17.943372855470319 -9.9181497160886494 -0.64228892611329058 -0.504445482451083 0.8597444379408733 -0.079838942029727633 
2 17.823617683794929 -9.7930885669727186 -0.65578233663296159 -0.504445482451083 0.8597444379408733 -0.079838942029727633 0.86249772342294195 0.50606094207144903 3.1918911957973246e-16 0.040403370217552047 -0.068860905741136139 -0.99680777652242147 0.040000000000000001
1 17.939922864576626 -9.9201739598569354 -0.64228892611329058 -0.504445482451083 0.8597444379408733 -0.079838942029727633 
2 17.823617683794929 -9.7930885669727186 -0.65578233663296159 -0.504445482451083 0.8597444379408733 -0.079838942029727633 0.86249772342294195 0.50606094207144903 3.1918911957973246e-16 0.040403370217552047 -0.068860905741136139 -0.99680777652242147 0.035999999999999997
7 1 0  6 7 2  17.858117592731848 -9.7728461292898583 -0.65578233663296159  1.6690784610682365 17.849710430329552 -9.7585175023803323 -0.65711294415155785  1.6690784610682405 17.838445317018831 -9.746302628189218 -0.65824726103621312  1.6690784610682217 17.824984334638941 -9.7367758174961168 -0.65913195473481567  1.6690784610682554 17.809932747374429 -9.7300085693820897 -0.65976038558709382  1.6690784610682214 17.793657879049579 -9.726485188974836 -0.6600875792875347  1.6690784610682423 17.77699173237017 -9.726485188974836 -0.66008757928753481  1.6690784610682365
 0 7 1 7
7 1 1  6 6 2  17.77699173237017 -9.726485188974836 -0.66008757928753481  1.6690784610682365 17.77699173237017 -9.7295272496529108 -0.72647964578644664  1.0367296232096121 17.776991732370163 -9.8120598330196298 -0.73225081670523728  1.0383466998475064 17.776991732370156 -9.8762926923681746 -0.65322345320462794  0.85353433019614966 17.776991732370163 -9.805102135383045 -0.58040114207613924  1.0383466998475068 17.77699173237017 -9.723443128296763 -0.59369551278862298  1.0367296232096115
 0 6 6.2831853071795862 6
7 1 0  6 7 2  17.854667601838155 -9.7748703730581479 -0.65578233663296159  1.6690784610682365 17.846617059603769 -9.7611495466275287 -0.65705650162624452  1.6690784610682405 17.835832983318223 -9.7494582413973312 -0.65814219802546914  1.6690784610682217 17.822944379376608 -9.7403322714134699 -0.65898966822283556  1.6690784610682554 17.808529118284763 -9.7338549201931865 -0.65959117821320101  1.6690784610682214 17.792950924224296 -9.730480996695686 -0.65990449281070485  1.6690784610682423 17.77699173237017 -9.730480996695686 -0.65990449281070496  1.6690784610682365
 0 7 1 7
7 1 1  6 6 2  17.77699173237017 -9.730480996695686 -0.65990449281070496  1.6690784610682365 17.77699173237017 -9.7332188513059528 -0.71965735265972552  1.0367296232096121 17.776991732370163 -9.8074981763360007 -0.72485140648663715  1.0383466998475064 17.776991732370156 -9.8653077497496913 -0.65372677933608869  0.85353433019614966 17.776991732370163 -9.8012362484630735 -0.58818669932044887  1.0383466998475068 17.77699173237017 -9.727743142085421 -0.60015163296168428  1.0367296232096115
 0 6 6.2831853071795862 6
1 17.776991732370167 -9.726485188974836 -0.66008757928753481 -1 0 0 
2 17.733426461025132 -9.7664432661833338 -0.65825671451923606 -1 0 0 0 0.99895193021242346 -0.045771619207468417 -0 -0.045771619207468417 -0.99895193021242346 0.040000000000000008
1 17.776991732370167 -9.730480996695686 -0.65990449281070496 -1 0 0 
2 17.733426461025132 -9.7664432661833338 -0.65825671451923606 -1 0 0 0 0.99895193021242346 -0.045771619207468417 -0 -0.045771619207468417 -0.99895193021242346 0.036000000000000004
7 1 0  6 7 2  17.733426461025136 -9.726485188974836 -0.66008757928753481  1.6690784610682365 17.730723498729585 -9.726485188974836 -0.66008757928753503  1.6690784610682405 17.72826212856873 -9.7258756826277395 -0.66013886936392774  1.6690784610682217 17.725795299995379 -9.7247900910310712 -0.66023022210568294  1.6690784610682554 17.723720111974576 -9.7230740376606697 -0.66037462832701488  1.6690784610682214 17.722074987552258 -9.7211505413991794 -0.66053649090754918  1.6690784610682423 17.72086959551903 -9.7187397573327221 -0.66073935885063773  1.6690784610682365
 0 7 1 7
7 1 1  6 6 2  17.72086959551903 -9.7187397573327221 -0.66073935885063773  1.6690784610682365 17.723139353615998 -9.7231818693353631 -0.72701361076118176  1.0367296232096121 17.649961325311327 -9.7605761643558928 -0.73658317733005774  1.0383466998475064 17.58674043879633 -9.7858125835006327 -0.6608373717765047  0.85353433019614966 17.644770011850447 -9.7504163169850013 -0.58500296421727671  1.0383466998475068 17.718599837422062 -9.7142976453300811 -0.5944651069400938  1.0367296232096115
 0 6 6.2831853071795862 6
7 1 0  6 7 2  17.733426461025136 -9.730480996695686 -0.65990449281070496  1.6690784610682365 17.729969739082549 -9.730480996695686 -0.65990449281070496  1.6690784610682405 17.726765705448859 -9.7297015207971036 -0.65997008585756178  1.6690784610682217 17.723631124526378 -9.7282867720827273 -0.66008913723411033  1.6690784610682554 17.720962495278425 -9.726121935775824 -0.66027130862590611  1.6690784610682214 17.718833508341131 -9.7236118529657869 -0.66048253257737477  1.6690784610682423 17.717291975520808 -9.7205287873251471 -0.66074197314429495  1.6690784610682365
 0 7 1 7
7 1 1  6 6 2  17.717291975520808 -9.7205287873251471 -0.66074197314429495  1.6690784610682365 17.719334757808081 -9.7245266881275239 -0.72038879986378457  1.0367296232096121 17.653474532333874 -9.7581815536460006 -0.72900140977577299  1.0383466998475064 17.596575734470381 -9.7808943308762686 -0.66083018477757516  0.85353433019614966 17.648802350219082 -9.7490376910121981 -0.59257921797426993  1.0383466998475068 17.715249193233539 -9.7165308865227686 -0.60109514642480533  1.0367296232096115
 0 6 6.2831853071795862 6
1 17.72086959551903 -9.7187397573327186 -0.66073935885063795 -0.44595221887156772 0.89190443774313366 -0.075053930061191917 
2 15.700347386166772 -5.7671380385168876 -0.99479901899545076 -0.44595221887156772 0.89190443774313366 -0.075053930061191917 0.89440499955531494 0.44725749810623533 0.00065357341429396444 0.034151358010808777 -0.066837147768705127 -0.99717926193045237 0.040000000000000008
1 17.717291975520808 -9.7205287873251436 -0.66074197314429517 -0.44595221887156772 0.89190443774313366 -0.075053930061191917 
2 15.700347386166772 -5.7671380385168876 -0.99479901899545076 -0.44595221887156772 0.89190443774313366 -0.075053930061191917 0.89440499955531494 0.44725749810623533 0.00065357341429396444 0.034151358010808777 -0.066837147768705127 -0.99717926193045237 0.036000000000000004
7 1 0  3 4 2  15.73612358614899 -5.7492477385926408 -0.9947728760588791  1.6690784610682365 15.735891894987109 -5.7487843562688825 -0.99481186976988034  1.6690784610682354 15.735660467424021 -5.7483215011427031 -0.99485833457845008  1.6690784610682372 15.735429375682937 -5.7478593176605344 -0.99491225598399169  1.6690784610682365
 0 4 1 4
7 1 1  6 6 2  15.735429375682937 -5.7478593176605344 -0.99491225598399169  1.6690784610682365 15.738553134238972 -5.7540094305734311 -1.0610150461732519  1.0367296232096121 15.665498417990058 -5.7916503497043434 -1.0705598548004065  1.0383466998475064 15.601301481940787 -5.8149346697895377 -0.9950100153432565  0.85353433019614966 15.658353863747847 -5.7775840207888116 -0.91937180310029532  1.0383466998475068 15.732305617126897 -5.7417092047476386 -0.92880946579473145  1.0367296232096115
 0 6 6.2831853071795862 6
7 1 0  3 4 2  15.732545966150768 -5.751036768585065 -0.99477549035253643  1.6690784610682365 15.732314286231986 -5.7505734087475009 -0.99481448217139101  1.6690784610682354 15.7320828698992 -5.7501105760819362 -0.99486094472526998  1.6690784610682372 15.731851789372129 -5.7496484150277887 -0.99491486351428016  1.6690784610682365
 0 4 1 4
7 1 1  6 6 2  15.731851789372129 -5.7496484150277887 -0.99491486351428016  1.6690784610682365 15.734663172072562 -5.755183516649395 -1.0544073746846143  1.0367296232096121 15.668913927448541 -5.7890603438672157 -1.0629977024490536  1.0383466998475064 15.611136685004194 -5.8100162319438908 -0.99500284693761842  0.85353433019614966 15.662483828630549 -5.7764006478432375 -0.92692845591895334  1.0383466998475068 15.729040406671698 -5.7441133134061815 -0.935422352343946  1.0367296232096115
 0 6 6.2831853071795862 6
1 15.735429375682868 -5.7478593176603967 -0.99491225598400768 -0.44479847163553998 0.88959694327107908 -0.10378631004829264 
2 14.201494903034023 -2.7694330722513825 -1.3445086735130727 -0.44479847163553998 0.88959694327107908 -0.10378631004829264 0.89439657770003511 0.4472743418167176 0.00065188257171085173 0.047000866259601537 -0.092536164147724878 -0.99459940523593349 0.040000000000000022
1 15.731851789372067 -5.7496484150276643 -0.99491486351429459 -0.44479847163553998 0.88959694327107908 -0.10378631004829264 
2 14.201494903034023 -2.7694330722513825 -1.3445086735130727 -0.44479847163553998 0.88959694327107908 -0.10378631004829264 0.89439657770003511 0.4472743418167176 0.00065188257171085173 0.047000866259601537 -0.092536164147724878 -0.99459940523593349 0.036000000000000011
7 1 0  5 6 2  14.237270766142094 -2.7515420985788523 -1.3444825982101878  1.6690784610682365 14.236232643584163 -2.7494658534629814 -1.344724826807026  1.6690784610682319 14.235130079516717 -2.7474223338509001 -1.3449605439530417  1.6690784610682436 14.233964205233434 -2.7454134900267655 -1.3451895273201366  1.6690784610682303 14.232736138670079 -2.7434412482345931 -1.3454115573403009  1.6690784610682388 14.231447012014252 -2.7415075582508428 -1.3456264117829266  1.6690784610682365
 0 6 1 6
7 1 1  6 6 2  14.231447012014252 -2.7415075582508428 -1.3456264117829266  1.6690784610682365 14.234202595308862 -2.747023291787464 -1.4118015133803135  1.0367296232096121 14.166174886940848 -2.7933259284639105 -1.4203589932642333  1.0383466998475064 14.106588812014916 -2.8245549300855441 -1.3439035583064463  0.85353433019614966 14.159872410624541 -2.7807105304646567 -1.269005553372806  1.0383466998475068 14.228691428719641 -2.7359918247142216 -1.2794513101855398  1.0367296232096115
 0 6 6.2831853071795862 6
7 1 0  5 6 2  14.233693179831288 -2.7533311959461053 -1.3444852057404764  1.6690784610682365 14.232699131202095 -2.7513430986877134 -1.3447171504206099  1.6690784610682319 14.231643377061088 -2.7493863377708703 -1.3449428600714768  1.6690784610682436 14.230527000353824 -2.7474627800717695 -1.3451621218744356  1.6690784610682303 14.229351072003745 -2.7455742708304784 -1.3453747254949264  1.6690784610682388 14.228116675760941 -2.7437226764662639 -1.3455804582020496  1.6690784610682365
 0 6 1 6
7 1 1  6 6 2  14.228116675760941 -2.7437226764662639 -1.3455804582020496  1.6690784610682365 14.230596700726091 -2.748686836649223 -1.4051380496396975  1.0367296232096121 14.169371763194878 -2.7903592096580252 -1.4128397815352254  1.0383466998475064 14.115744295761536 -2.8184653111174951 -1.3440298900732168  0.85353433019614966 14.163699534510203 -2.7790053514586965 -1.2766216856329409  1.0383466998475068 14.22563665079579 -2.7387585162833052 -1.2860228667644011  1.0367296232096115
 0 6 6.2831853071795862 6
1 14.231447012014153 -2.7415075582506954 -1.3456264117829431 -0.55234477073899424 0.82851715610849097 -0.092057461789832221 
2 13.609134080303825 -1.8801443866390728 -1.4433351375037071 -0.55234477073899424 0.82851715610849097 -0.092057461789832221 0.83258406332513513 0.55377955385900846 -0.011488395219736968 0.041461207583659149 -0.082991130620181444 -0.99568742108358932 0.040000000000000022
1 14.228116675760853 -2.7437226764661315 -1.3455804582020641 -0.55234477073899424 0.82851715610849097 -0.092057461789832221 
2 13.609134080303825 -1.8801443866390728 -1.4433351375037071 -0.55234477073899424 0.82851715610849097 -0.092057461789832221 0.83258406332513513 0.55377955385900846 -0.011488395219736968 0.041461207583659149 -0.082991130620181444 -0.99568742108358932 0.036000000000000011
7 1 0  5 6 2  13.642437442836931 -1.8579932044848602 -1.4437946733124802  1.6690784610682365 13.641480953497293 -1.8565584704754439 -1.44395408820242  1.6690784610682319 13.640752756314143 -1.855003484368936 -1.4440754543996124  1.6690784610682436 13.640250190357353 -1.8533397581553233 -1.4441592153924114  1.6690784610682303 13.639994625772081 -1.8516380369183383 -1.4442018094899574  1.6690784610682388 13.63999462577206 -1.8499063479619318 -1.4442018094899614  1.6690784610682365
 0 6 1 6
7 1 1  6 6 2  13.63999462577206 -1.8499063479619318 -1.4442018094899614  1.6690784610682365 13.641084057581262 -1.8499063479619189 -1.5106546030015822  1.0367296232096121 13.559069595436274 -1.8499063479615596 -1.5215432085149923  1.0383466998475064 13.49005009754063 -1.8499063479612792 -1.4466600107188194  0.85353433019614966 13.556577884084575 -1.8499063479615883 -1.369554641129465  1.0383466998475068 13.638905193962856 -1.849906347961944 -1.3777490159783405  1.0367296232096115
 0 6 6.2831853071795862 6
7 1 0  5 6 2  13.639107106583618 -1.8602083227002815 -1.4437487197316028  1.6690784610682365 13.637889089552921 -1.858381297154269 -1.4439517225700531  1.6690784610682319 13.636959689678971 -1.8563979961042789 -1.4441066225490453  1.6690784610682436 13.636320605418218 -1.8542823310398897 -1.4442131365925046  1.6690784610682303 13.635995163194872 -1.8521115232350527 -1.444267376963063  1.6690784610682388 13.635995163194853 -1.849906347961914 -1.4442673769630667  1.6690784610682365
 0 6 1 6
7 1 1  6 6 2  13.635995163194853 -1.849906347961914 -1.4442673769630667  1.6690784610682365 13.636975651823136 -1.8499063479619027 -1.5040748911235251  1.0367296232096121 13.563162635892647 -1.8499063479615794 -1.5138746360855941  1.0383466998475064 13.501045087786565 -1.8499063479613271 -1.4464797580690385  0.85353433019614966 13.560920095676117 -1.8499063479616051 -1.3770849254386197  1.0383466998475068 13.63501467456657 -1.8499063479619253 -1.3844598628026077  1.0367296232096115
 0 6 6.2831853071795862 6
1 13.63999462577206 -1.8499063479617575 -1.4442018094899614 0 1 0 
2 13.6 0 -1.4448574842210116 0 1 0 0.99986564430148006 -0 0.016391868276253965 0.016391868276253965 0 -0.99986564430148006 0.040000000000000008
1 13.635995163194853 -1.8499063479617575 -1.4442673769630665 0 1 0 
2 13.6 0 -1.4448574842210116 0 1 0 0.99986564430148006 -0 0.016391868276253965 0.016391868276253965 0 -0.99986564430148006 0.036000000000000004
1 16.157135093786735 -0.99794499376821733 -1.2999999999999998 1 0 0 
2 16.157135093786735 -0.99794499376821733 -1.3999999999999999 1 0 0 -0 0 1 0 -1 0 0.10000000000000001
2 16.357135093786734 -0.99794499376821733 -1.3999999999999999 1 0 0 -0 0 1 0 -1 0 0.10000000000000001
7 0 0  8 30 5  16.207135093786736 -0.89957833274935384 -1.3819999999999999  16.210733523540426 -0.89957833274935384 -1.3819999999999999  16.21428104967239 -0.89942787860416384 -1.3828220138389644  16.217585807703678 -0.89913452361395252 -1.3844262391764519  16.220476857259222 -0.89875124199867817 -1.3867350311969566  16.222781008415865 -0.89836901092883958 -1.389645133564767  16.224374443385205 -0.89808185842545729 -1.3929809027383191  16.225135093786736 -0.89794499376821735 -1.396539836239322  16.225135093786736 -0.89794499376821735 -1.403460164059231  16.224374443767946 -0.89808185840815191 -1.4070190961084008  16.222781006899876 -0.89836901099140631 -1.41035486858591  16.220476859988324 -0.89875124190393918 -1.4132649665318133  16.217585804969591 -0.89913452368410007 -1.4155737621611135  16.214281051211099 -0.89942787858240814 -1.4171779858038149  16.21073352312996 -0.89957833274935384 -1.4179999999999999  16.203536664037067 -0.89957833274935384 -1.4179999999999999  16.199989137886082 -0.89942787860395768 -1.4171779861574412  16.196684379896421 -0.89913452361462354 -1.4155737608371404  16.193793330287619 -0.89875124199776024 -1.4132649687796555  16.191489179172475 -0.89836901092945753 -1.4103548664577499  16.189895744184479 -0.89808185842528176 -1.4070190972493846  16.189135093786735 -0.89794499376821735 -1.4034601637639097  16.189135093786735 -0.89794499376821735 -1.3965398362375767  16.189895744185801 -0.89808185842535604 -1.3929809027451228  16.191489179167498 -0.89836901092921462 -1.3896451335519573  16.193793330296163 -0.89875124199809375 -1.3867350312106568  16.196684379888236 -0.89913452361439994 -1.38442623916825  16.199989137890523 -0.89942787860401996 -1.3828220138411975  16.203536664035894 -0.89957833274935384 -1.3819999999999999  16.207135093786736 -0.89957833274935384 -1.3819999999999999 
 0 9 0.24999996972997707 7 0.49999996103069233 7 0.74999998056904982 7 1 9
7 0 0  7 38 7  16.257135093786736 -1.0079449937682172 -1.4994987437106619  16.255331131401054 -1.0079449937682172 -1.4994987437106619  16.253536310726769 -1.0075654253687183 -1.4995368981928714  16.251838955944859 -1.0068124791649247 -1.4996125406674075  16.250330108321201 -1.0057165967402082 -1.4997135421287102  16.249084904073282 -1.0043295057411969 -1.4998168022317011  16.248175524225992 -1.0027309538059341 -1.4998998150110296  16.247291896032738 -1.0000114258625732 -1.4999838931994982  16.247086836842559 -0.99894193819730026 -1.5000046908446265  16.247018718039474 -0.99785462481638931 -1.5000119388368027  16.247087792489797 -0.99676670895472663 -1.5000047513508115  16.247291579201409 -0.99569644447735428 -1.4999837839728396  16.247626792948836 -0.99466481503113491 -1.4999509774474695  16.248771140475622 -0.992232952749033 -1.4998473398035805  16.249733074212163 -0.99089685794736604 -1.499765688942021  16.250944287880248 -0.98975515807400227 -1.4996746162784407  16.252352940819691 -0.98886158643800803 -1.4995909188193781  16.253897475635664 -0.98825169065969187 -1.4995295454872686  16.255513690123895 -0.98794499376821743 -1.4994987437106619  16.258939056172409 -0.98794499376821732 -1.4994987437106619  16.26073387684669 -0.98832456216771214 -1.4995368981928705  16.262431231628632 -0.9890775083715091 -1.4996125406674086  16.263940079252265 -0.99017339079623923 -1.4997135421287098  16.265185283500184 -0.99156048179522005 -1.4998168022317004  16.266094663347481 -0.99315903373049874 -1.4998998150110296  16.266978326423747 -0.99587866903271494 -1.499983896518654  16.267183373152204 -0.99694815375299073 -1.5000046929797135  16.26725147180986 -0.99803546665595666 -1.5000119389152076  16.267182375714274 -0.9991233726522234 -1.5000047494022108  16.266978583183747 -1.0001935950456275 -1.4999837816316675  16.266643394905138 -1.0012251719092058 -1.4999509774728732  16.265498986501203 -1.0036571635618314 -1.4998473343156551  16.264537041583491 -1.0049931667122844 -1.4997656823612555  16.263325904818387 -1.0061347734178563 -1.4996746204197886  16.261917354570183 -1.0070283216796139 -1.4995909277467216  16.260372871884361 -1.0076382521180884 -1.4995295487124707  16.258756618569869 -1.0079449937682172 -1.4994987437106619  16.257135093786733 -1.0079449937682172 -1.4994987437106619 
 0 8 0.1999397898105067 6 0.32064218756415669 6 0.50019280873308869 6 0.69995957523041086 6 0.8205701669380272 6 1 8
1 16.207135093786736 -0.90794499376821736 -1.3819999999999999 0 1 0 
2 16.207135093786736 -0.90794499376821736 -1.3999999999999999 0 1 0 0 -0 1 1 0 -0 0.017999999999999999
1 16.257135093786736 -1.0079449937682172 -1.49 0 6.123233995736766e-17 -1 
2 16.257135093786736 -0.99794499376821733 -1.49 0 6.123233995736766e-17 -1 0 -1 -6.123233995736766e-17 -1 0 -0 0.01
1 15.673599999999999 -6.0263999999999998 -0.87125748422101157 0 0 1 
1 15.673599999999999 -6.0263999999999998 -0.81845748422101161 -0 1 0 
1 15.673599999999999 -6.0263999999999998 -0.87125748422101157 -0 1 0 
1 15.673599999999999 -5.9735999999999994 -0.87125748422101157 0 0 1 
2 15.673599999999999 -6 -0.84485748422101159 -1 0 0 0 0 -1 -0 -1 -0 0.024
1 15.673599999999999 -6.0263999999999998 -0.87125748422101157 1 0 -0 
1 15.726399999999998 -6.0263999999999998 -0.87125748422101157 0 0 1 
1 15.673599999999999 -6.0263999999999998 -0.81845748422101161 1 0 -0 
1 15.673599999999999 -5.9735999999999994 -0.81845748422101161 1 0 -0 
1 15.726399999999998 -6.0263999999999998 -0.81845748422101161 -0 1 0 
1 15.673599999999999 -5.9735999999999994 -0.87125748422101157 1 0 -0 
1 15.726399999999998 -6.0263999999999998 -0.87125748422101157 -0 1 0 
1 15.726399999999998 -5.9735999999999994 -0.87125748422101157 0 0 1 
2 15.620799999999999 -6 -0.84485748422101159 -1 0 0 0 0 -1 -0 -1 -0 0.024
1 15.673599999999999 -6 -0.86885748422101161 -1 0 0 
2 15.7264 -6 -0.84485748422101159 1 0 0 -0 0 1 0 -1 0 0.024
2 15.620799999999999 -6 -0.84485748422101159 -1 0 0 0 0 -1 -0 -1 -0 0.02
2 15.779199999999999 -6 -0.84485748422101159 1 0 0 -0 0 1 0 -1 0 0.024
1 15.7264 -6 -0.82085748422101157 1 0 0 
1 15.673599999999999 -6 -0.86485748422101161 -1 0 0 
2 15.673599999999999 -6 -0.84485748422101159 -1 0 0 0 0 -1 -0 -1 -0 0.02
2 15.779199999999999 -6 -0.84485748422101159 1 0 0 -0 0 1 0 -1 0 0.02
1 15.7264 -6 -0.82485748422101157 1 0 0 
2 15.7264 -6 -0.84485748422101159 1 0 0 -0 0 1 0 -1 0 0.02
2 13.953987607273074 0.99231948593559149 -1.6127587168496098 0.99641001923001948 -0.00019088800033051359 -0.084658355404553035 0.084658356946953339 -1.0164395367051604e-20 0.99641003738372802 -0.00019020271954543213 -0.99999998178088556 1.6160264468870758e-05 0.017999999999999999
2 13.953987607273074 0.99231948593559149 -1.6127587168496098 0.99641001923001948 -0.00019088800033051359 -0.084658355404553035 0.084658356946953339 -1.0164395367051604e-20 0.99641003738372802 -0.00019020271954543213 -0.99999998178088556 1.6160264468870758e-05 0.016
1 13.955511457698119 0.99231948593559149 -1.5948233361767028 0.99641001923001948 -0.00019088800033051359 -0.084658355404553035 
2 14.15154371430642 0.99228163897550792 -1.6295437499171146 0.99641001923001948 -0.00019088800033051359 -0.084658355404553035 0.084658356946953339 -1.0164395367051604e-20 0.99641003738372802 -0.00019020271954543213 -0.99999998178088556 1.6160264468870758e-05 0.017999999999999999
1 13.955342140984225 0.99231948593559149 -1.5968161562514702 0.99641001923001948 -0.00019088800033051359 -0.084658355404553035 
2 14.15154371430642 0.99228163897550792 -1.6295437499171146 0.99641001923001948 -0.00019088800033051359 -0.084658355404553035 0.084658356946953339 -1.0164395367051604e-20 0.99641003738372802 -0.00019020271954543213 -0.99999998178088556 1.6160264468870758e-05 0.016
7 1 0  3 4 2  14.153067564702923 0.99228163897551469 -1.6116083692422423  1.6690784610682365 14.15460129917153 0.99228134514916089 -1.6117386804942595  1.6690784610682354 14.156130460312593 0.99228119812265347 -1.6119181417351933  1.6690784610682372 14.157652690862504 0.99228119812263982 -1.6121464763182975  1.6690784610682365
 0 4 1 4
7 1 1  6 6 2  14.157652690862504 0.99228119812263982 -1.6121464763182975  1.6690784610682365 14.157652663698023 0.96237342276292137 -1.6121466574157663  1.0367296232096121 14.152166752775033 0.95807940166254479 -1.6487193965062965  1.0383466998475064 14.147642068118165 0.99228161132363391 -1.6788839605575383  0.85353433019614966 14.152166814904703 1.0264834474581044 -1.64871898230633  1.0383466998475068 14.157652718026981 1.0221889734823582 -1.6121462952208288  1.0367296232096115
 0 6 6.2831853071795862 6
7 1 0  3 4 2  14.1528982479922 0.99228163897551402 -1.6136011893172282  1.6690784610682365 14.154389378860921 0.99228135331097866 -1.6137278808237958  1.6690784610682354 14.155876063451199 0.99228121036852823 -1.6139023570475783  1.6690784610682372 14.157356009953512 0.99228121036851613 -1.6141243490234753  1.6690784610682365
 0 4 1 4
7 1 1  6 6 2  14.157356009953512 0.99228121036851613 -1.6141243490234753  1.6690784610682365 14.157355985807309 0.96569652115987736 -1.6141245099990031  1.0367296232096121 14.152479620542428 0.9618796135150981 -1.6466336114128075  1.0383466998475064 14.148457678625212 0.99228157765828862 -1.6734465572361337  0.85353433019614966 14.152479675768801 1.0226832097778178 -1.6466332432350597  1.0383466998475068 14.157356034099715 1.0188658995771545 -1.6141241880479473  1.0367296232096115
 0 6 6.2831853071795862 6
1 14.157652690834279 0.99228119812263849 -1.6121464763136006 0.98893635286829751 0 -0.14834045293024528 
2 14.351070271798612 0.99228130833552541 -1.6593604870324505 0.98893635286829751 0 -0.14834045293024528 0.14834045292746462 -6.1229381640272891e-06 0.98893635284975967 -9.0827942051569255e-07 -0.99999999998125488 -6.055196136771257e-06 0.018000000000000002
1 14.157356009928424 0.9922812103685148 -1.6141243490193002 0.98893635286829751 0 -0.14834045293024528 
2 14.351070271798612 0.99228130833552541 -1.6593604870324505 0.98893635286829751 0 -0.14834045293024528 0.14834045292746462 -6.1229381640272891e-06 0.98893635284975967 -9.0827942051569255e-07 -0.99999999998125488 -6.055196136771257e-06 0.016000000000000004
7 1 0  3 4 2  14.353740400049613 0.99228119812263849 -1.641559632697974  1.6690784610682365 14.354717469816547 0.99228119812263849 -1.6417061931602475  1.6690784610682354 14.355700159386851 0.99228119812263849 -1.641812468827309  1.6690784610682372 14.356685971778338 0.99228119812263849 -1.6418781896561496  1.6690784610682365
 0 4 1 4
7 1 1  6 6 2  14.356685971778338 0.99228119812263849 -1.6418781896561496  1.6690784610682365 14.356685959597147 0.96237342276292004 -1.6418783723740191  1.0367296232096121 14.354225960824117 0.95807940166254624 -1.6787783570492707  1.0383466998475064 14.352196996289322 0.99228161132363768 -1.70921282761141  0.85353433019614966 14.354225988684524 1.0264834474581057 -1.6787779391431787  1.0383466998475068 14.35668598395953 1.0221889734823568 -1.6418780069382801  1.0367296232096115
 0 6 6.2831853071795862 6
7 1 0  3 4 2  14.353443719132837 0.9922812103685148 -1.6435375054018051  1.6690784610682365 14.354475070593573 0.99228121036851469 -1.6436922081184562  1.6690784610682354 14.355512353981251 0.9922812103685148 -1.6438043879840907  1.6690784610682372 14.356552933768363 0.9922812103685148 -1.6438737599723352  1.6690784610682365
 0 4 1 4
7 1 1  6 6 2  14.356552933768363 0.9922812103685148 -1.6438737599723352  1.6690784610682365 14.356552922940637 0.96569652115987603 -1.6438739223882193  1.0367296232096121 14.354366257364612 0.96187961351509943 -1.6766739087662206  1.0383466998475064 14.352562733333682 0.99228157765829206 -1.7037267714881223  0.85353433019614966 14.354366282129417 1.0226832097778191 -1.6766735372941388  1.0383466998475068 14.356552944596089 1.0188658995771533 -1.6438735975564511  1.0367296232096115
 0 6 6.2831853071795862 6
1 14.356685971877967 0.99228119812263849 -1.6418781896607371 0.99778515785660893 0 -0.066519010523774125 
2 15.853269611119078 0.99228130833552541 -1.7596903879305208 0.99778515785660893 0 -0.066519010523774125 0.066519010522527219 -6.1229381640272891e-06 0.99778515783790533 -4.0729178816934948e-07 -0.99999999998125488 -6.1093768225402235e-06 0.017999999999999999
1 14.356552933856923 0.9922812103685148 -1.6438737599764128 0.99778515785660893 0 -0.066519010523774125 
2 15.853269611119078 0.99228130833552541 -1.7596903879305208 0.99778515785660893 0 -0.066519010523774125 0.066519010522527219 -6.1229381640272891e-06 0.99778515783790533 -4.0729178816934948e-07 -0.99999999998125488 -6.1093768225402235e-06 0.016
1 13.96832 0.7148973064733336 -1.5165374842210115 0 0 1 
1 13.96832 0.7148973064733336 -1.4531774842210115 -0 1 0 
1 13.96832 0.7148973064733336 -1.5165374842210115 -0 1 0 
1 13.96832 0.77825730647333358 -1.5165374842210115 0 0 1 
2 13.96832 0.74657730647333365 -1.4848574842210116 -1 0 0 0 0 -1 -0 -1 -0 0.028799999999999999
1 13.96832 0.7148973064733336 -1.5165374842210115 1 0 -0 
1 14.03168 0.7148973064733336 -1.5165374842210115 0 0 1 
1 13.96832 0.7148973064733336 -1.4531774842210115 1 0 -0 
1 13.96832 0.77825730647333358 -1.4531774842210115 1 0 -0 
1 14.03168 0.7148973064733336 -1.4531774842210115 -0 1 0 
1 13.96832 0.77825730647333358 -1.5165374842210115 1 0 -0 
1 14.03168 0.7148973064733336 -1.5165374842210115 -0 1 0 
1 14.03168 0.77825730647333358 -1.5165374842210115 0 0 1 
2 13.904960000000001 0.74657730647333365 -1.4848574842210116 -1 0 0 0 0 -1 -0 -1 -0 0.028799999999999999
1 13.96832 0.74657730647333365 -1.5136574842210115 -1 0 0 
2 14.03168 0.74657730647333365 -1.4848574842210116 1 0 0 -0 0 1 0 -1 0 0.028799999999999999
2 13.904960000000001 0.74657730647333365 -1.4848574842210116 -1 0 0 0 0 -1 -0 -1 -0 0.024
2 14.095039999999999 0.74657730647333365 -1.4848574842210116 1 0 0 -0 0 1 0 -1 0 0.028799999999999999
1 14.03168 0.74657730647333365 -1.4560574842210117 1 0 0 
1 13.96832 0.74657730647333365 -1.5088574842210116 -1 0 0 
2 13.96832 0.74657730647333365 -1.4848574842210116 -1 0 0 0 0 -1 -0 -1 -0 0.024
2 14.095039999999999 0.74657730647333365 -1.4848574842210116 1 0 0 -0 0 1 0 -1 0 0.024
1 14.03168 0.74657730647333365 -1.4608574842210116 1 0 0 
2 14.03168 0.74657730647333365 -1.4848574842210116 1 0 0 -0 0 1 0 -1 0 0.024
2 14.031522778185852 0.74657730647333365 -1.4880097620395969 0.99503719020998915 0 -0.099503719020998957 0.099503719020998957 0 0.99503719020998915 0 -1 0 0.024
2 14.031522778185852 0.74657730647333365 -1.4880097620395969 0.99503719020998915 0 -0.099503719020998957 0.099503719020998957 0 0.99503719020998915 0 -1 0 0.021599999999999998
1 14.033910867442357 0.74657730647333365 -1.4641288694745571 0.99503719020998915 0 -0.099503719020998957 
2 14.1 0.74657730647333365 -1.4948574842210116 0.99503719020998915 0 -0.099503719020998957 0.099503719020998957 0 0.99503719020998915 0 -1 0 0.024
1 14.033672058516705 0.74657730647333365 -1.4665169587310611 0.99503719020998915 0 -0.099503719020998957 
2 14.1 0.74657730647333365 -1.4948574842210116 0.99503719020998915 0 -0.099503719020998957 0.099503719020998957 0 0.99503719020998915 0 -1 0 0.021599999999999998
2 16.055966728718317 -0.90926037328989617 -1.3999999999999999 -0.013076840238969822 0.99991449446908431 0 0.99991449446908431 0.013076840238969822 0 0 0 -1 0.01
2 16.055966728718317 -0.90926037328989617 -1.3999999999999999 -0.013076840238969822 0.99991449446908431 0 0.99991449446908431 0.013076840238969822 0 0 0 -1 0.0070000000000000001
1 16.065965873663007 -0.90912960488750649 -1.3999999999999999 -0.013076840238969822 0.99991449446908431 0 
2 16.053629589184382 -0.73055208804109739 -1.3999999999999999 -0.013076840238969822 0.99991449446908431 0 0.99991449446908431 0.013076840238969822 0 0 0 -1 0.01
1 16.0629661301796 -0.90916883540822335 -1.3999999999999999 -0.013076840238969822 0.99991449446908431 0 
2 16.053629589184382 -0.73055208804109739 -1.3999999999999999 -0.013076840238969822 0.99991449446908431 0 0.99991449446908431 0.013076840238969822 0 0 0 -1 0.0070000000000000001
7 1 0  6 7 2  16.063628734129072 -0.73042131963870782 -1.3999999999999999  1.6690784610682365 16.063587837979732 -0.72729421463881572 -1.3999999999999999  1.6690784610682405 16.064575497318742 -0.72460292543316129 -1.3999999999999997  1.6690784610682217 16.066270845638787 -0.72202910365826856 -1.3999999999999999  1.6690784610682554 16.068822277538548 -0.72030024284373062 -1.3999999999999999  1.6690784610682214 16.071500421160703 -0.71927747439607914 -1.4000000000000001  1.6690784610682423 16.074627793568233 -0.71927747439607936 -1.3999999999999999  1.6690784610682365
 0 7 1 7
7 1 1  6 6 2  16.074627793568233 -0.71927747439607936 -1.3999999999999999  1.6690784610682365 16.074627793568233 -0.71927747439607925 -1.4166154307557104  1.0367296232096121 16.074627793568233 -0.69873199249059781 -1.419001123832456  1.0383466998475064 16.074627793568229 -0.68178630518599459 -1.3999999999999999  0.85353433019614966 16.074627793568233 -0.69873199249059781 -1.3809988761675438  1.0383466998475068 16.074627793568233 -0.71927747439607925 -1.3833845692442894  1.0367296232096115
 0 6 6.2831853071795862 6
7 1 0  6 7 2  16.060628990645665 -0.73046055015942468 -1.3999999999999999  1.6690784610682365 16.060577402949356 -0.72651592100344675 -1.3999999999999999  1.6690784610682405 16.061821742356479 -0.72300441060957676 -1.3999999999999997  1.6690784610682217 16.064027309799009 -0.71981471683591647 -1.3999999999999999  1.6690784610682554 16.067187888983124 -0.71756762686571496 -1.3999999999999999  1.6690784610682214 16.070682827095801 -0.71627747439607914 -1.4000000000000001  1.6690784610682423 16.074627793568233 -0.71627747439607914 -1.3999999999999999  1.6690784610682365
 0 7 1 7
7 1 1  6 6 2  16.074627793568233 -0.71627747439607914 -1.3999999999999999  1.6690784610682365 16.074627793568233 -0.71627747439607925 -1.4116308015289973  1.0367296232096121 16.074627793568233 -0.70189563706224223 -1.4133007866827192  1.0383466998475064 16.074627793568233 -0.69003365594902 -1.3999999999999999  0.85353433019614966 16.074627793568233 -0.70189563706224223 -1.3866992133172806  1.0383466998475068 16.074627793568233 -0.71627747439607925 -1.3883691984710025  1.0367296232096115
 0 6 6.2831853071795862 6
1 16.074627793568233 -0.71927747439607925 -1.3999999999999999 1 0 0 
2 21.053351360670526 -0.70927747439607924 -1.3999999999999999 1 0 0 0 -1 0 0 0 -1 0.0099999999999999985
1 16.074627793568233 -0.71627747439607925 -1.3999999999999999 1 0 0 
2 21.053351360670526 -0.70927747439607924 -1.3999999999999999 1 0 0 0 -1 0 0 0 -1 0.0069999999999999993
2 17.599999999999998 9.5664432661833345 -0.67508675300432486 0.99980005998000698 0 -0.019996001199600318 0.019996001199600318 0 0.99980005998000698 0 -1 0 0.024
2 17.599999999999998 9.5664432661833345 -0.67508675300432486 0.99980005998000698 0 -0.019996001199600318 0.019996001199600318 0 0.99980005998000698 0 -1 0 0.021599999999999998
1 17.600479904028788 9.5664432661833345 -0.65109155156480469 0.99980005998000698 0 -0.019996001199600318 
2 17.968326334099828 9.5664432661833345 -0.68245327968632152 0.99980005998000698 0 -0.019996001199600318 0.019996001199600318 0 0.99980005998000698 0 -1 0 0.024
1 17.600431913625908 9.5664432661833345 -0.65349107170875675 0.99980005998000698 0 -0.019996001199600318 
2 17.968326334099828 9.5664432661833345 -0.68245327968632152 0.99980005998000698 0 -0.019996001199600318 0.019996001199600318 0 0.99980005998000698 0 -1 0 0.021599999999999998
2 17.599999999999998 -9.5664432661833345 -0.67508675300432486 0.99980005998000698 0 -0.019996001199600318 0.019996001199600318 0 0.99980005998000698 0 -1 0 0.024
2 17.599999999999998 -9.5664432661833345 -0.67508675300432486 0.99980005998000698 0 -0.019996001199600318 0.019996001199600318 0 0.99980005998000698 0 -1 0 0.021599999999999998
1 17.600479904028788 -9.5664432661833345 -0.65109155156480469 0.99980005998000698 0 -0.019996001199600318 
2 17.968326334099828 -9.5664432661833345 -0.68245327968632152 0.99980005998000698 0 -0.019996001199600318 0.019996001199600318 0 0.99980005998000698 0 -1 0 0.024
1 17.600431913625908 -9.5664432661833345 -0.65349107170875675 0.99980005998000698 0 -0.019996001199600318 
2 17.968326334099828 -9.5664432661833345 -0.68245327968632152 0.99980005998000698 0 -0.019996001199600318 0.019996001199600318 0 0.99980005998000698 0 -1 0 0.021599999999999998
2 15.853269611119078 -1.769643465204946 -1.6634833661596045 0 -0.99242849077781792 0.12282381972753754 0 -0.12282381972753754 -0.99242849077781792 1 0 0 0.02
2 15.853269611119078 -1.769643465204946 -1.6634833661596045 0 -0.99242849077781792 0.12282381972753754 0 -0.12282381972753754 -0.99242849077781792 1 0 0 0.017999999999999999
1 15.853269611119078 -1.7720999415994967 -1.6833319359751608 0 -0.99242849077781792 0.12282381972753754 
2 15.853269611119078 -2.4867591696647811 -1.5747324981355226 0 -0.99242849077781792 0.12282381972753754 0 -0.12282381972753754 -0.99242849077781792 1 0 0 0.02
1 15.853269611119078 -1.7718542939600417 -1.6813470789936051 0 -0.99242849077781792 0.12282381972753754 
2 15.853269611119078 -2.4867591696647811 -1.5747324981355226 0 -0.99242849077781792 0.12282381972753754 0 -0.12282381972753754 -0.99242849077781792 1 0 0 0.017999999999999999
7 1 0  5 6 2  15.853269611119078 -2.489215646059332 -1.594581067951079  1.6690784610682365 15.853269611119082 -2.4925917927659005 -1.5941632330760078  1.6690784610682319 15.853511253078485 -2.4959522824590574 -1.5936924395140473  1.6690784610682436 15.853991997461222 -2.4992794756595327 -1.5931714472764347  1.6690784610682303 15.854709325518572 -2.5025559403100801 -1.5926029859811892  1.6690784610682388 15.855660679805659 -2.5057640400948351 -1.5919898193165789  1.6690784610682365
 0 6 1 6
7 1 1  6 6 2  15.855660679805659 -2.5057640400948351 -1.5919898193165789  1.6690784610682365 15.887564259984645 -2.4965780327632623 -1.5934282204631161  1.0367296232096121 15.891775039749517 -2.4876511719130074 -1.5532559175434235  1.0383466998475064 15.854985450619724 -2.4918812159998307 -1.5183069696455027  0.85353433019614966 15.818806257104946 -2.5086610952065183 -1.5499660554016661  1.0383466998475068 15.823757099626668 -2.5149500474264075 -1.5905514181700415  1.0367296232096115
 0 6 6.2831853071795862 6
7 1 0  5 6 2  15.853269611119078 -2.4889699984198765 -1.5925962109695233  1.6690784610682365 15.853269611119082 -2.4923207154808247 -1.592181523289679  1.6690784610682319 15.853509432994842 -2.4956558905209758 -1.591714276179409  1.6690784610682436 15.853986556703184 -2.498958025325229 -1.5911972077385621  1.6690784610682303 15.854698480909546 -2.5022098083583062 -1.5906330287130912  1.6690784610682388 15.855642669452816 -2.5053937442521734 -1.5900244805121744  1.6690784610682365
 0 6 1 6
7 1 1  6 6 2  15.855642669452816 -2.5053937442521734 -1.5900244805121744  1.6690784610682365 15.884355891613904 -2.4971263376537585 -1.5913190415440579  1.0367296232096121 15.888145593402287 -2.4890921628885292 -1.5551639689163346  1.0383466998475064 15.855034963185476 -2.4928992025666696 -1.5237099158082057  0.85353433019614966 15.822473689022177 -2.5080010938526889 -1.5522030929887529  1.0383466998475068 15.826929447291725 -2.5136611508505888 -1.5887299194802909  1.0367296232096115
 0 6 6.2831853071795862 6
1 15.855660679805657 -2.5057640400948338 -1.5919898193165791 0.27965345744279085 -0.94303059208194662 0.18024218745306705 
2 16.050968087496013 -3.1612723252373529 -1.4463408617414955 0.27965345744279085 -0.94303059208194662 0.18024218745306705 0.0090051764209993154 -0.18514792133058405 -0.98266940220228227 0.96005877452264354 0.27643000854563038 -0.043285099486346304 0.02
1 15.855642669452816 -2.505393744252173 -1.5900244805121746 0.27965345744279085 -0.94303059208194662 0.18024218745306705 
2 16.050968087496013 -3.1612723252373529 -1.4463408617414955 0.27965345744279085 -0.94303059208194662 0.18024218745306705 0.0090051764209993154 -0.18514792133058405 -0.98266940220228227 0.96005877452264354 0.27643000854563038 -0.043285099486346304 0.017999999999999999
7 1 0  5 6 2  16.051148191024435 -3.1649752836639662 -1.4659942497855409  1.6690784610682365 16.052089439454665 -3.1681493050852487 -1.4653875965456584  1.6690784610682319 16.052783700568291 -3.1713808507875338 -1.4647525242032533  1.6690784610682436 16.053228426872263 -3.1746512175737078 -1.4640928054128746  1.6690784610682303 16.053421086682455 -3.1779417882952115 -1.4634121957418733  1.6690784610682388 16.053359140591382 -3.1812338588034765 -1.462714468578838  1.6690784610682365
 0 6 1 6
7 1 1  6 6 2  16.053359140591382 -3.1812338588034765 -1.462714468578838  1.6690784610682365 16.086581960326331 -3.1817490928606769 -1.4621958747910075  1.0367296232096121 16.090857047896193 -3.1732951298524052 -1.4219281759684483  1.0383466998475064 16.052455607414331 -3.1656721643937114 -1.3893702911013324  0.85353433019614966 16.014870945443796 -3.1721167040544231 -1.4231142860279691  1.0383466998475068 16.020136320856437 -3.1807186247462766 -1.4632330623666685  1.0367296232096115
 0 6 6.2831853071795862 6
7 1 0  5 6 2  16.051130180671592 -3.1646049878213045 -1.4640289109811364  1.6690784610682365 16.052068836736584 -3.1677702674242378 -1.463423928571951  1.6690784610682319 16.052761185363014 -3.1709929116322204 -1.4627906055692379  1.6690784610682436 16.053204686963483 -3.1742542723631781 -1.4621327035365022  1.6690784610682303 16.05339681617864 -3.1775357789787377 -1.4614539686587693  1.6690784610682388 16.053335040698098 -3.1808187825405154 -1.46075816316018  1.6690784610682365
 0 6 1 6
7 1 1  6 6 2  16.053335040698098 -3.1808187825405154 -1.46075816316018  1.6690784610682365 16.083235578459551 -3.1812824931919956 -1.4602914287511328  1.0367296232096121 16.087083157272431 -3.1736739264845513 -1.4240504998108294  1.0383466998475064 16.052521860838752 -3.1668132575717269 -1.3947484034304252  0.85353433019614966 16.01869566506527 -3.1726133432663675 -1.4251179988643981  1.0383466998475068 16.023434502936645 -3.1803550718890352 -1.4612248975692277  1.0367296232096115
 0 6 6.2831853071795862 6
1 16.053359140591382 -3.1812338588034752 -1.4627144685788385 -0.018404746277827396 -0.97810404799724737 0.20730107719413143 
2 16.000975729896762 -5.9481456931073069 -0.8558475764285034 -0.018404746277827396 -0.97810404799724737 0.20730107719413143 0.012049946641945919 -0.20753813148048811 -0.97815270932892373 0.99975800276885762 -0.015504685517161098 0.015605788241510907 0.020000000000000011
1 16.053335040698098 -3.1808187825405141 -1.4607581631601805 -0.018404746277827396 -0.97810404799724737 0.20730107719413143 
2 16.000975729896762 -5.9481456931073069 -0.8558475764285034 -0.018404746277827396 -0.97810404799724737 0.20730107719413143 0.012049946641945919 -0.20753813148048811 -0.97815270932892373 0.99975800276885762 -0.015504685517161098 0.015605788241510907 0.018000000000000006
7 1 0  6 7 2  16.001216728829597 -5.952296455736918 -0.87541063061508129  1.6690784610682365 16.000944663761317 -5.9667551144213187 -0.87234623728576643  1.6690784610682405 15.995957717765886 -5.9800675034402744 -0.86952478634779373  1.6690784610682217 15.987159904017155 -5.9913519946956528 -0.8671331315973424  1.6690784610682554 15.975464783304785 -5.9997494837383858 -0.86535335312914308  1.6690784610682214 15.96176720842239 -6.0043822246614145 -0.8643714819410302  1.6690784610682423 15.946984876507903 -6.0043822246614145 -0.86437148194103031  1.6690784610682365
 0 7 1 7
7 1 1  6 6 2  15.946984876507903 -6.0043822246614145 -0.86437148194103031  1.6690784610682365 15.9469848765079 -6.0368055724498202 -0.85709022689926084  1.0367296232096121 15.946984876507903 -6.0324575216271645 -0.81595231388968814  1.0383466998475064 15.946984876507907 -5.9879527520316458 -0.79121122289238766  0.85353433019614966 15.94698487650791 -5.9582999441982967 -0.83260575258032266  1.0383466998475068 15.946984876507905 -5.9719588768730079 -0.87165273698279955  1.0367296232096115
 0 6 6.2831853071795862 6
7 1 0  6 7 2  16.001192628936312 -5.9518813794739565 -0.87345432519642341  1.6690784610682365 16.000920682301302 -5.9663337441264854 -0.87039126583519677  1.6690784610682405 15.995935915527181 -5.979639894748713 -0.86757113707390277  1.6690784610682217 15.987142183104046 -5.9909196945343632 -0.86518047664172515  1.6690784610682554 15.975451932376219 -5.9993132779613205 -0.86340152593654251  1.6690784610682214 15.961760773491582 -6.003944002195273 -0.86242008216902832  1.6690784610682423 15.946984876507903 -6.003944002195273 -0.86242008216902843  1.6690784610682365
 0 7 1 7
7 1 1  6 6 2  15.946984876507903 -6.003944002195273 -0.86242008216902843  1.6690784610682365 15.9469848765079 -6.0331250152048383 -0.85586695263143597  1.0367296232096121 15.946984876507903 -6.0292117694644478 -0.81884283092282051  1.0383466998475064 15.946984876507907 -5.9891574768284812 -0.79657584902525014  0.85353433019614966 15.94698487650791 -5.962469949778467 -0.83383092574439155  1.0383466998475068 15.946984876507905 -5.9747629891857068 -0.86897321170662079  1.0367296232096115
 0 6 6.2831853071795862 6
1 15.946984876507903 -6.0043822246614145 -0.86437148194103031 -1 0 0 
2 15.7264 -6 -0.84485748422101159 -1 0 0 -0 -0.21911123307070585 -0.97569988600093371 0 -0.97569988600093371 0.21911123307070585 0.020000000000000011
1 15.946984876507903 -6.003944002195273 -0.86242008216902843 -1 0 0 
2 15.7264 -6 -0.84485748422101159 -1 0 0 -0 -0.21911123307070585 -0.97569988600093371 0 -0.97569988600093371 0.21911123307070585 0.018000000000000006
1 15.826869611119077 1.717043353048411 -1.6931259150004114 0 0 1 
1 15.826869611119077 1.717043353048411 -1.6403259150004115 -0 1 0 
1 15.826869611119077 1.717043353048411 -1.6931259150004114 -0 1 0 
1 15.826869611119077 1.769843353048411 -1.6931259150004114 0 0 1 
2 15.826869611119077 1.743443353048411 -1.6667259150004115 -1 0 0 0 0 -1 -0 -1 -0 0.024
1 15.826869611119077 1.717043353048411 -1.6931259150004114 1 0 -0 
1 15.879669611119077 1.717043353048411 -1.6931259150004114 0 0 1 
1 15.826869611119077 1.717043353048411 -1.6403259150004115 1 0 -0 
1 15.826869611119077 1.769843353048411 -1.6403259150004115 1 0 -0 
1 15.879669611119077 1.717043353048411 -1.6403259150004115 -0 1 0 
1 15.826869611119077 1.769843353048411 -1.6931259150004114 1 0 -0 
1 15.879669611119077 1.717043353048411 -1.6931259150004114 -0 1 0 
1 15.879669611119077 1.769843353048411 -1.6931259150004114 0 0 1 
2 15.774069611119078 1.743443353048411 -1.6667259150004115 -1 0 0 0 0 -1 -0 -1 -0 0.024
1 15.826869611119077 1.743443353048411 -1.6907259150004115 -1 0 0 
2 15.879669611119079 1.743443353048411 -1.6667259150004115 1 0 0 -0 0 1 0 -1 0 0.024
2 15.774069611119078 1.743443353048411 -1.6667259150004115 -1 0 0 0 0 -1 -0 -1 -0 0.02
2 15.932469611119078 1.743443353048411 -1.6667259150004115 1 0 0 -0 0 1 0 -1 0 0.024
1 15.879669611119079 1.743443353048411 -1.6427259150004114 1 0 0 
1 15.826869611119077 1.743443353048411 -1.6867259150004115 -1 0 0 
2 15.826869611119077 1.743443353048411 -1.6667259150004115 -1 0 0 0 0 -1 -0 -1 -0 0.02
2 15.932469611119078 1.743443353048411 -1.6667259150004115 1 0 0 -0 0 1 0 -1 0 0.02
1 15.879669611119079 1.743443353048411 -1.6467259150004114 1 0 0 
2 15.879669611119079 1.743443353048411 -1.6667259150004115 1 0 0 -0 0 1 0 -1 0 0.02
2 14.199999999999999 -2.7664432661833338 -1.3448574842210115 0.99503719020998926 0 -0.09950371902099879 0.09950371902099879 0 0.99503719020998926 0 -1 0 0.024
2 14.199999999999999 -2.7664432661833338 -1.3448574842210115 0.99503719020998926 0 -0.09950371902099879 0.09950371902099879 0 0.99503719020998926 0 -1 0 0.021599999999999998
1 14.202388089256504 -2.7664432661833338 -1.3209765916559717 0.99503719020998926 0 -0.09950371902099879 
2 14.568477221814147 -2.7664432661833338 -1.3817052064024262 0.99503719020998926 0 -0.09950371902099879 0.09950371902099879 0 0.99503719020998926 0 -1 0 0.024
1 14.202149280330852 -2.7664432661833338 -1.3233646809124757 0.99503719020998926 0 -0.09950371902099879 
2 14.568477221814147 -2.7664432661833338 -1.3817052064024262 0.99503719020998926 0 -0.09950371902099879 0.09950371902099879 0 0.99503719020998926 0 -1 0 0.021599999999999998
2 15.353269611119078 -0.026400000000000645 -1.6596903879305205 0 -1 0 0 0 -1 1 0 0 0.02
2 15.353269611119078 -0.026400000000000645 -1.6596903879305205 0 -1 0 0 0 -1 1 0 0 0.017999999999999999
1 15.353269611119078 -0.026400000000000645 -1.6796903879305205 0 -1 0 
2 15.353269611119078 -0.45534065416776298 -1.6596903879305205 0 -1 0 0 0 -1 1 0 0 0.02
1 15.353269611119078 -0.026400000000000645 -1.6776903879305205 0 -1 0 
2 15.353269611119078 -0.45534065416776298 -1.6596903879305205 0 -1 0 0 0 -1 1 0 0 0.017999999999999999
7 1 0  6 7 2  15.353269611119078 -0.45534065416776298 -1.6796903879305205  1.6690784610682365 15.353269611119076 -0.46919245214786165 -1.6796903879305205  1.6690784610682405 15.357674026870017 -0.48191682390494767 -1.6805712710807084  1.6690784610682217 15.365595420048141 -0.49284842341497942 -1.6821555497163327  1.6690784610682554 15.376314735282067 -0.50092669109299692 -1.6842994127631188  1.6690784610682214 15.388792008337372 -0.50541833146499937 -1.6867948673741797  1.6690784610682423 15.402374813760233 -0.50541833146499937 -1.6895114284587516  1.6690784610682365
 0 7 1 7
7 1 1  6 6 2  15.402374813760233 -0.50541833146499937 -1.6895114284587516  1.6690784610682365 15.403652923818365 -0.47283279083033858 -1.6831208781680937  1.0367296232096121 15.411738547095606 -0.47621266278367502 -1.6426927617818814  1.0383466998475064 15.41679449422565 -0.52012357787958607 -1.6174130261316659  0.85353433019614966 15.408815297275229 -0.55074120216974154 -1.6573090108837705  1.0383466998475068 15.401096703702102 -0.53800387209966016 -1.6959019787494094  1.0367296232096115
 0 6 6.2831853071795862 6
7 1 0  6 7 2  15.353269611119078 -0.45534065416776298 -1.6776903879305205  1.6690784610682365 15.353269611119076 -0.46929844117439495 -1.6776903879305205  1.6690784610682405 15.357707727891253 -0.48212860952068093 -1.6785780112849555  1.6690784610682217 15.365694416779411 -0.49313969843234673 -1.6801753490625875  1.6690784610682554 15.376491677784507 -0.50128455493029078 -1.6823348012636061  1.6690784610682214 15.389072692930736 -0.50581056373527566 -1.684851004292852  1.6690784610682423 15.402759429144849 -0.50581056373527566 -1.6875883515356747  1.6690784610682365
 0 7 1 7
7 1 1  6 6 2  15.402759429144849 -0.50581056373527566 -1.6875883515356747  1.6690784610682365 15.403909728197167 -0.47648357716408102 -1.6818368562740826  1.0367296232096121 15.411186789146685 -0.47952546192208384 -1.6454515515264914  1.0383466998475064 15.415737141563724 -0.51904528550840368 -1.6226997894412978  0.85353433019614966 15.408555864308346 -0.54660114736954368 -1.6586061757181916  1.0383466998475068 15.401609130092531 -0.53513755030647037 -1.6933398467972667  1.0367296232096115
 0 6 6.2831853071795862 6
1 15.402374813760233 -0.50541833146499937 -1.6895114284587516 0.98058067569092011 0 -0.19611613513818421 
2 15.853269611119078 -0.50934065416776297 -1.7596903879305206 0.98058067569092011 0 -0.19611613513818421 -0.1923076923076926 0.19611613513818116 -0.96153846153846212 0.038461538461537936 0.98058067569092078 0.19230769230768949 0.020000000000000004
1 15.402759429144849 -0.50581056373527566 -1.6875883515356747 0.98058067569092011 0 -0.19611613513818421 
2 15.853269611119078 -0.50934065416776297 -1.7596903879305206 0.98058067569092011 0 -0.19611613513818421 -0.1923076923076926 0.19611613513818116 -0.96153846153846212 0.038461538461537936 0.98058067569092078 0.19230769230768949 0.018000000000000002
1 15.826869611119077 -0.026400000000000003 -1.7860903879305206 0 0 1 
1 15.826869611119077 -0.026400000000000003 -1.7332903879305206 -0 1 0 
1 15.826869611119077 -0.026400000000000003 -1.7860903879305206 -0 1 0 
1 15.826869611119077 0.026400000000000003 -1.7860903879305206 0 0 1 
2 15.826869611119077 0 -1.7596903879305206 -1 0 0 0 0 -1 -0 -1 -0 0.024
1 15.826869611119077 -0.026400000000000003 -1.7860903879305206 1 0 -0 
1 15.879669611119077 -0.026400000000000003 -1.7860903879305206 0 0 1 
1 15.826869611119077 -0.026400000000000003 -1.7332903879305206 1 0 -0 
1 15.826869611119077 0.026400000000000003 -1.7332903879305206 1 0 -0 
1 15.879669611119077 -0.026400000000000003 -1.7332903879305206 -0 1 0 
1 15.826869611119077 0.026400000000000003 -1.7860903879305206 1 0 -0 
1 15.879669611119077 -0.026400000000000003 -1.7860903879305206 -0 1 0 
1 15.879669611119077 0.026400000000000003 -1.7860903879305206 0 0 1 
2 15.774069611119078 0 -1.7596903879305206 -1 0 0 0 0 -1 -0 -1 -0 0.024
1 15.826869611119077 5.8783046359072824e-18 -1.7836903879305206 -1 0 0 
2 15.879669611119079 0 -1.7596903879305206 1 0 0 -0 0 1 0 -1 0 0.024
2 15.774069611119078 0 -1.7596903879305206 -1 0 0 0 0 -1 -0 -1 -0 0.02
2 15.932469611119078 0 -1.7596903879305206 1 0 0 -0 0 1 0 -1 0 0.024
1 15.879669611119079 5.8783046359073317e-18 -1.7356903879305206 1 0 0 
1 15.826869611119077 4.898587196589402e-18 -1.7796903879305206 -1 0 0 
2 15.826869611119077 0 -1.7596903879305206 -1 0 0 0 0 -1 -0 -1 -0 0.02
2 15.932469611119078 0 -1.7596903879305206 1 0 0 -0 0 1 0 -1 0 0.02
1 15.879669611119079 4.8985871965894513e-18 -1.7396903879305206 1 0 0 
2 15.879669611119079 0 -1.7596903879305206 1 0 0 -0 0 1 0 -1 0 0.02
2 14.791958906371196 3.1725677786951691 -1.4276474856925654 0.9961340774662063 -0.017671968674203523 -0.086049992642231413 0.0860634324310489 -2.3852447794681101e-18 0.99628965948572723 -0.01760639965286467 -0.99984383856839265 0.0015209102819159256 0.017999999999999999
2 14.791958906371196 3.1725677786951691 -1.4276474856925654 0.9961340774662063 -0.017671968674203523 -0.086049992642231413 0.0860634324310489 -2.3852447794681101e-18 0.99628965948572723 -0.01760639965286467 -0.99984383856839265 0.0015209102819159256 0.016
1 14.793508048154955 3.1725677786951691 -1.4097142718218223 0.9961340774662063 -0.017671968674203523 -0.086049992642231413 
2 14.988818476490769 3.1690753812006278 -1.4446529922238052 0.9961340774662063 -0.017671968674203523 -0.086049992642231413 0.0860634324310489 -2.3852447794681101e-18 0.99628965948572723 -0.01760639965286467 -0.99984383856839265 0.0015209102819159256 0.017999999999999999
1 14.793335921290092 3.1725677786951691 -1.4117068511407938 0.9961340774662063 -0.017671968674203523 -0.086049992642231413 
2 14.988818476490769 3.1690753812006278 -1.4446529922238052 0.9961340774662063 -0.017671968674203523 -0.086049992642231413 0.0860634324310489 -2.3852447794681101e-18 0.99628965948572723 -0.01760639965286467 -0.99984383856839265 0.0015209102819159256 0.016
7 1 0  3 4 2  14.990367618409792 3.1690753811976249 -1.426719778367685  1.6690784610682365 14.991429887067124 3.1690565359658005 -1.4268115413224007  1.6690784610682354 14.992495762963001 3.1690470996630871 -1.4268574894448403  1.6690784610682372 14.993562154205918 3.169047099662301 -1.4268574894487465  1.6690784610682365
 0 4 1 4
7 1 1  6 6 2  14.993562154205918 3.169047099662301 -1.4268574894487465  1.6690784610682365 14.993562154252158 3.1391393329834703 -1.4268347018786576  1.0367296232096121 14.993562154538324 3.1348169091757154 -1.4638132866606499  1.0383466998475064 14.993562154715994 3.16899568164107 -1.494341574427509  0.85353433019614966 14.993562154432562 3.2032209351166445 -1.4638654056153093  1.0383466998475068 14.993562154159676 3.1989548663411318 -1.4268802770188358  1.0367296232096115
 0 6 6.2831853071795862 6
7 1 0  3 4 2  14.990195491529899 3.1690753811979584 -1.4287123576850316  1.6690784610682365 14.991314997026665 3.1690555205529014 -1.428809064984246  1.6690784610682354 14.992438304006713 3.1690455758072251 -1.4288574888644148  1.6690784610682372 14.993562154221033 3.1690455758065261 -1.4288574888678871  1.6690784610682365
 0 4 1 4
7 1 1  6 6 2  14.993562154221033 3.1690455758065261 -1.4288574888678871  1.6690784610682365 14.993562154262136 3.1424608943142323 -1.4288372332500301  1.0367296232096121 14.993562154516507 3.1386187398184502 -1.4617070863895789  1.0383466998475064 14.993562154674436 3.1689998708987659 -1.4888433421823426  0.85353433019614966 14.993562154422497 3.1994223184326094 -1.4617534143492763  1.0383466998475068 14.99356215417993 3.1956302572988204 -1.4288777444857441  1.0367296232096115
 0 6 6.2831853071795862 6
1 14.993562154341969 3.1690470996629019 -1.4268574894458197 1 0 0 
2 16.053269611119077 3.1690333849603287 -1.4448574842210116 1 0 0 -0 0.00076192792074017066 0.99999970973287966 0 -0.99999970973287966 0.00076192792074017066 0.017999999999999995
1 14.993562154341969 3.1690455758070604 -1.4288574888652854 1 0 0 
2 16.053269611119077 3.1690333849603287 -1.4448574842210116 1 0 0 -0 0.00076192792074017066 0.99999970973287966 0 -0.99999970973287966 0.00076192792074017066 0.015999999999999997
2 18.031673665900165 9.5664432661833345 -0.68372022632232821 0.99980005998000698 0 -0.019996001199600096 0.019996001199600096 0 0.99980005998000698 0 -1 0 0.024
2 18.031673665900165 9.5664432661833345 -0.68372022632232821 0.99980005998000698 0 -0.019996001199600096 0.019996001199600096 0 0.99980005998000698 0 -1 0 0.021599999999999998
1 18.032153569928955 9.5664432661833345 -0.65972502488280804 0.99980005998000698 0 -0.019996001199600096 
2 18.099999999999998 9.5664432661833345 -0.68508675300432487 0.99980005998000698 0 -0.019996001199600096 0.019996001199600096 0 0.99980005998000698 0 -1 0 0.024
1 18.032105579526075 9.5664432661833345 -0.6621245450267601 0.99980005998000698 0 -0.019996001199600096 
2 18.099999999999998 9.5664432661833345 -0.68508675300432487 0.99980005998000698 0 -0.019996001199600096 0.019996001199600096 0 0.99980005998000698 0 -1 0 0.021599999999999998
2 13.6 0.74657730647333365 -1.4448574842210116 0.99503719020998926 0 -0.09950371902099879 0.09950371902099879 0 0.99503719020998926 0 -1 0 0.024
2 13.6 0.74657730647333365 -1.4448574842210116 0.99503719020998926 0 -0.09950371902099879 0.09950371902099879 0 0.99503719020998926 0 -1 0 0.021599999999999998
1 13.602388089256504 0.74657730647333365 -1.4209765916559718 0.99503719020998926 0 -0.09950371902099879 
2 13.968477221814148 0.74657730647333365 -1.4817052064024263 0.99503719020998926 0 -0.09950371902099879 0.09950371902099879 0 0.99503719020998926 0 -1 0 0.024
1 13.602149280330853 0.74657730647333365 -1.4233646809124758 0.99503719020998926 0 -0.09950371902099879 
2 13.968477221814148 0.74657730647333365 -1.4817052064024263 0.99503719020998926 0 -0.09950371902099879 0.09950371902099879 0 0.99503719020998926 0 -1 0 0.021599999999999998
1 14.665920877743066 -2.5100762192375807 -1.4963773029509857 1 0 0 
2 14.665920877743066 -2.5100762192375807 -1.5963773029509858 1 0 0 -0 0 1 0 -1 0 0.10000000000000001
2 14.865920877743065 -2.5100762192375807 -1.5963773029509858 1 0 0 -0 0 1 0 -1 0 0.10000000000000001
7 0 0  7 38 7  14.715920877743066 -2.5280762192375805 -1.6947439639698494  14.712653833119715 -2.5280762192375805 -1.6947439639698494  14.709413087696436 -2.5273843689436797 -1.694870575405528  14.706359109473217 -2.5260210115156032 -1.6951199953893765  14.703644984252172 -2.5240415528450479 -1.6954507156947594  14.701411390360223 -2.5215416765555818 -1.6957860943273015  14.699786068247132 -2.5186676052714816 -1.696053738924354  14.698202598983942 -2.5137941879885282 -1.6963252336187833  14.697834788857245 -2.5118724658373166 -1.6963923800934626  14.697711608708977 -2.5099159682149179 -1.6964159239606518  14.697835109799684 -2.5079573796539796 -1.6963928064089768  14.698202037188244 -2.5060307040184755 -1.6963249005283527  14.698805714287541 -2.5041723691728541 -1.6962184822498438  14.700857313342215 -2.4998124992537294 -1.6958833549578873  14.70257942186576 -2.4974099892360115 -1.6956192349213626  14.704754782064935 -2.4953516579859225 -1.6953226045384278  14.707288693267385 -2.493738015597013 -1.6950482490515211  14.710070394092371 -2.4926340144277708 -1.6948459511558676  14.712987372144719 -2.4920762192375814 -1.6947439639698492  14.719187922366576 -2.4920762192375809 -1.6947439639698494  14.722428667789297 -2.4927680695315613 -1.6948705754055302  14.725482646013226 -2.4941314269591834 -1.6951199953893537  14.72819677123401 -2.4961108856307819 -1.6954507156948067  14.730430365125747 -2.4986107619190396 -1.6957860943272651  14.732055687239058 -2.5014848332038566 -1.696053738924364  14.733639189540099 -2.5063583521668575 -1.6963252392833177  14.73400698695613 -2.5082800668818677 -1.696392383589433  14.734130151636098 -2.5102365669893167 -1.6964159245438286  14.734006627427295 -2.5121951540132383 -1.6963928030993956  14.733639690153016 -2.5141217899702903 -1.6963248958231087  14.733036044410635 -2.5159800624763631 -1.6962184827745292  14.730984449129704 -2.5203399243758779 -1.6958833560990105  14.729262364239373 -2.5227424019445417 -1.69561924172136  14.727086999067515 -2.5248007919433957 -1.6953226032762783  14.724553015509269 -2.5264144806227988 -1.6950482403417328  14.721771239728389 -2.5275184588521222 -1.6948459451627589  14.718854295253054 -2.5280762192375801 -1.6947439639698492  14.715920877743063 -2.5280762192375801 -1.6947439639698492 
 0 8 0.19919432123346412 6 0.32047915685674433 6 0.499610728998231 6 0.69910952661268655 6 0.8205864476804261 6 1 8
1 14.715920877743066 -2.5280762192375805 -1.6863773029509859 0 6.123233995736766e-17 -1 
2 14.715920877743066 -2.5100762192375807 -1.6863773029509859 0 6.123233995736766e-17 -1 0 -1 -6.123233995736766e-17 -1 0 -0 0.017999999999999999
2 14.631522778185852 -2.7664432661833338 -1.3880097620395968 0.99503719020998926 0 -0.09950371902099879 0.09950371902099879 0 0.99503719020998926 0 -1 0 0.024
2 14.631522778185852 -2.7664432661833338 -1.3880097620395968 0.99503719020998926 0 -0.09950371902099879 0.09950371902099879 0 0.99503719020998926 0 -1 0 0.021599999999999998
1 14.633910867442356 -2.7664432661833338 -1.364128869474557 0.99503719020998926 0 -0.09950371902099879 
2 14.699999999999999 -2.7664432661833338 -1.3948574842210115 0.99503719020998926 0 -0.09950371902099879 0.09950371902099879 0 0.99503719020998926 0 -1 0 0.024
1 14.633672058516705 -2.7664432661833338 -1.366516958731061 0.99503719020998926 0 -0.09950371902099879 
2 14.699999999999999 -2.7664432661833338 -1.3948574842210115 0.99503719020998926 0 -0.09950371902099879 0.09950371902099879 0 0.99503719020998926 0 -1 0 0.021599999999999998
2 15.673599999999999 6 -0.84485748422101159 -1 0 0 0 0 -1 -0 -1 -0 0.02
2 15.673599999999999 6 -0.84485748422101159 -1 0 0 0 0 -1 -0 -1 -0 0.017999999999999999
1 15.673599999999999 6 -0.86485748422101161 -1 0 0 
2 15 6 -0.84485748422101159 -1 0 0 0 0 -1 -0 -1 -0 0.02
1 15.673599999999999 6 -0.86285748422101161 -1 0 0 
2 15 6 -0.84485748422101159 -1 0 0 0 0 -1 -0 -1 -0 0.017999999999999999
1 17.968319999999995 9.5347632661833348 -0.71476675300432491 0 0 1 
1 17.968319999999995 9.5347632661833348 -0.65140675300432493 -0 1 0 
1 17.968319999999995 9.5347632661833348 -0.71476675300432491 -0 1 0 
1 17.968319999999995 9.5981232661833342 -0.71476675300432491 0 0 1 
2 17.968319999999995 9.5664432661833345 -0.68308675300432486 -1 0 0 0 0 -1 -0 -1 -0 0.028799999999999999
1 17.968319999999995 9.5347632661833348 -0.71476675300432491 1 0 -0 
1 18.031679999999994 9.5347632661833348 -0.71476675300432491 0 0 1 
1 17.968319999999995 9.5347632661833348 -0.65140675300432493 1 0 -0 
1 17.968319999999995 9.5981232661833342 -0.65140675300432493 1 0 -0 
1 18.031679999999994 9.5347632661833348 -0.65140675300432493 -0 1 0 
1 17.968319999999995 9.5981232661833342 -0.71476675300432491 1 0 -0 
1 18.031679999999994 9.5347632661833348 -0.71476675300432491 -0 1 0 
1 18.031679999999994 9.5981232661833342 -0.71476675300432491 0 0 1 
2 17.904959999999996 9.5664432661833345 -0.68308675300432486 -1 0 0 0 0 -1 -0 -1 -0 0.028799999999999999
1 17.968319999999995 9.5664432661833345 -0.71188675300432491 -1 0 0 
2 18.031679999999998 9.5664432661833345 -0.68308675300432486 1 0 0 -0 0 1 0 -1 0 0.028799999999999999
2 17.904959999999996 9.5664432661833345 -0.68308675300432486 -1 0 0 0 0 -1 -0 -1 -0 0.024
2 18.095039999999997 9.5664432661833345 -0.68308675300432486 1 0 0 -0 0 1 0 -1 0 0.028799999999999999
1 18.031679999999998 9.5664432661833345 -0.65428675300432482 1 0 0 
1 17.968319999999995 9.5664432661833345 -0.70708675300432489 -1 0 0 
2 17.968319999999995 9.5664432661833345 -0.68308675300432486 -1 0 0 0 0 -1 -0 -1 -0 0.024
2 18.095039999999997 9.5664432661833345 -0.68308675300432486 1 0 0 -0 0 1 0 -1 0 0.024
1 18.031679999999998 9.5664432661833345 -0.65908675300432484 1 0 0 
2 18.031679999999998 9.5664432661833345 -0.68308675300432486 1 0 0 -0 0 1 0 -1 0 0.024
1 14.56832 -2.798123266183334 -1.4165374842210114 0 0 1 
1 14.56832 -2.798123266183334 -1.3531774842210114 -0 1 0 
1 14.56832 -2.798123266183334 -1.4165374842210114 -0 1 0 
1 14.56832 -2.7347632661833341 -1.4165374842210114 0 0 1 
2 14.56832 -2.7664432661833338 -1.3848574842210115 -1 0 0 0 0 -1 -0 -1 -0 0.028799999999999999
1 14.56832 -2.798123266183334 -1.4165374842210114 1 0 -0 
1 14.631679999999999 -2.798123266183334 -1.4165374842210114 0 0 1 
1 14.56832 -2.798123266183334 -1.3531774842210114 1 0 -0 
1 14.56832 -2.7347632661833341 -1.3531774842210114 1 0 -0 
1 14.631679999999999 -2.798123266183334 -1.3531774842210114 -0 1 0 
1 14.56832 -2.7347632661833341 -1.4165374842210114 1 0 -0 
1 14.631679999999999 -2.798123266183334 -1.4165374842210114 -0 1 0 
1 14.631679999999999 -2.7347632661833341 -1.4165374842210114 0 0 1 
2 14.504960000000001 -2.7664432661833338 -1.3848574842210115 -1 0 0 0 0 -1 -0 -1 -0 0.028799999999999999
1 14.56832 -2.7664432661833338 -1.4136574842210115 -1 0 0 
2 14.631679999999999 -2.7664432661833338 -1.3848574842210115 1 0 0 -0 0 1 0 -1 0 0.028799999999999999
2 14.504960000000001 -2.7664432661833338 -1.3848574842210115 -1 0 0 0 0 -1 -0 -1 -0 0.024
2 14.695039999999999 -2.7664432661833338 -1.3848574842210115 1 0 0 -0 0 1 0 -1 0 0.028799999999999999
1 14.631679999999999 -2.7664432661833338 -1.3560574842210116 1 0 0 
1 14.56832 -2.7664432661833338 -1.4088574842210115 -1 0 0 
2 14.56832 -2.7664432661833338 -1.3848574842210115 -1 0 0 0 0 -1 -0 -1 -0 0.024
2 14.695039999999999 -2.7664432661833338 -1.3848574842210115 1 0 0 -0 0 1 0 -1 0 0.024
1 14.631679999999999 -2.7664432661833338 -1.3608574842210115 1 0 0 
2 14.631679999999999 -2.7664432661833338 -1.3848574842210115 1 0 0 -0 0 1 0 -1 0 0.024
Polygon3D 0
PolygonOnTriangulations 0
Surfaces 565
1 18.031673665900161 -9.5664432661833345 -0.68372022632232843 0.99980005998000643 0 -0.019996001199630416 0.019996001199630416 0 0.99980005998000643 0 -1 0 
10 0 6.2831853071795862 0 0.068339998000399541
2 18.031673665900165 -9.5664432661833345 -0.68372022632232821 0.99980005998000698 0 -0.019996001199600096 0.019996001199600096 0 0.99980005998000698 0 -1 0 0.024
10 0 6.2831853071795862 0 0.068339998000399541
2 18.031673665900165 -9.5664432661833345 -0.68372022632232821 0.99980005998000698 0 -0.019996001199600096 0.019996001199600096 0 0.99980005998000698 0 -1 0 0.021599999999999998
1 18.031673665900161 -9.5664432661833345 -0.68372022632232843 0.99980005998000843 0 -0.019996001199531779 0.019996001199531779 0 0.99980005998000843 0 -1 0 
1 18.099999999999994 -9.5664432661833345 -0.68508675300432509 0.99980005998000643 0 -0.019996001199630416 0.019996001199630416 0 0.99980005998000643 0 -1 0 
1 18.099999999999994 -9.5664432661833345 -0.68508675300432509 0.99980005998000843 0 -0.019996001199531779 0.019996001199531779 0 0.99980005998000843 0 -1 0 
1 15.673599999999999 5.9736000000000002 -0.87125748422101157 1 0 -0 0 0 1 0 -1 0 
1 15.673599999999999 5.9736000000000002 -0.87125748422101157 -0 1 0 0 0 1 1 0 -0 
1 15.673599999999999 5.9736000000000002 -0.81845748422101161 0 0 1 1 0 -0 -0 1 0 
1 15.673599999999999 5.9736000000000002 -0.87125748422101157 0 0 1 1 0 -0 -0 1 0 
1 15.673599999999999 6.0264000000000006 -0.87125748422101157 -0 1 0 0 0 1 1 0 -0 
2 15.673599999999999 6 -0.84485748422101159 -1 0 0 0 0 -1 -0 -1 -0 0.024
1 15.673599999999999 6 -0.84485748422101159 -1 0 0 0 0 -1 -0 -1 -0 
1 15.726399999999998 5.9736000000000002 -0.87125748422101157 1 0 -0 0 0 1 0 -1 0 
1 15.620799999999999 6 -0.84485748422101159 -1 0 0 0 0 -1 -0 -1 -0 
2 15.7264 6 -0.84485748422101159 1 0 0 -0 0 1 0 -1 0 0.024
1 15.7264 6 -0.84485748422101159 1 0 0 -0 0 1 0 -1 0 
2 15.673599999999999 6 -0.84485748422101159 -1 0 0 0 0 -1 -0 -1 -0 0.02
1 15.620799999999999 6 -0.84485748422101159 -1 0 0 0 0 -1 -0 -1 -0 
1 15.779199999999999 6 -0.84485748422101159 1 0 0 -0 0 1 0 -1 0 
1 15.673599999999999 6 -0.84485748422101159 -1 0 0 0 0 -1 -0 -1 -0 
2 15.7264 6 -0.84485748422101159 1 0 0 -0 0 1 0 -1 0 0.02
1 15.779199999999999 6 -0.84485748422101159 1 0 0 -0 0 1 0 -1 0 
1 15.7264 6 -0.84485748422101159 1 0 0 -0 0 1 0 -1 0 
2 14.698267630819153 3.1841838875240511 -1.4687207239518838 1 0 0 -0 0 1 0 -1 0 0.10000000000000001
1 14.698267630819153 3.1841838875240511 -1.4687207239518838 1 0 0 -0 0 1 0 -1 0 
1 14.898267630819152 3.1841838875240511 -1.4687207239518838 1 0 0 -0 0 1 0 -1 0 
2 14.748267630819154 3.1841838875240511 -1.5587207239518839 0 6.123233995736766e-17 -1 0 -1 -6.123233995736766e-17 -1 0 -0 0.017999999999999999
1 14.748267630819154 3.1841838875240511 -1.5587207239518839 0 6.123233995736766e-17 -1 0 -1 -6.123233995736766e-17 -1 0 -0 
1 15.853269611119076 0.026400000000000649 -1.7596903879305203 3.0814879110198733e-29 1 -1.8055593228630084e-30 1 -3.0814879110198733e-29 0 -5.5638092260315884e-59 -1.8055593228630084e-30 -1 
10 0 6.2831853071795862 0 0.96255246301134567
2 15.853269611119078 0.026400000000000645 -1.7596903879305206 0 1 0 0 -0 1 1 0 -0 0.02
10 0 6.2831853071795862 0 0.96255246301134567
2 15.853269611119078 0.026400000000000645 -1.7596903879305206 0 1 0 0 -0 1 1 0 -0 0.017999999999999999
1 15.853269611119078 0.026400000000000645 -1.7596903879305206 0 1 0 0 0 1 1 0 0 
9 1 1 1 0 6 5 6 6 2 2 15.853269611119078 0.98895246301134632 -1.7396903879305206  1.6690784610682365 15.853269611119078 0.98979004433610984 -1.7396903879305206  1.6690784610682319 15.853269611119078 0.9906272261845569 -1.7396645959645043  1.6690784610682436 15.853269611119078 0.99146322232589823 -1.7396130607451312  1.6690784610682303 15.853269611119078 0.992297233312044 -1.7395358315546063  1.6690784610682388 15.853269611119078 0.99312847288208328 -1.7394329566169664  1.6690784610682365 
15.8865004726305 0.98895246301134632 -1.7396903879305206  1.0367296232096121 15.8865004726305 0.98979004433610984 -1.7396903879305206  1.036729623209609 15.8865004726305 0.9906272261845569 -1.7396645959645041  1.0367296232096168 15.8865004726305 0.99146322232589823 -1.7396130607451314  1.0367296232096084 15.8865004726305 0.992297233312044 -1.7395358315546063  1.036729623209613 15.8865004726305 0.99312847288208328 -1.7394329566169664  1.0367296232096121 
15.891271858783989 0.98895246301134632 -1.7807813517414834  1.0383466998475064 15.891271858783989 0.99080230830223215 -1.7807813517414834  1.0383466998475042 15.891271858783989 0.99265127781799534 -1.7807243887392441  1.0383466998475097 15.891271858783989 0.99449761640388357 -1.780610570673161  1.0383466998475037 15.891271858783989 0.99633958284342461 -1.7804400048810178  1.038346699847507 15.891271858783989 0.9981754220136303 -1.7802127998164863  1.0383466998475064 
15.853269611119078 0.98895246301134632 -1.8146727263506899  0.85353433019614966 15.853269611119078 0.99163721247817416 -1.8146727263506899  0.85353433019614733 15.853269611119078 0.99432069332386719 -1.8145900538209141  0.85353433019615388 15.853269611119078 0.99700035123585473 -1.8144248655484936  0.85353433019614622 15.853269611119078 0.99967366823746973 -1.8141773167548136  0.8535343301961511 15.853269611119078 1.0023380900989487 -1.8138475655702868  0.85353433019614966 
15.815267363454167 0.98895246301134632 -1.7807813517414834  1.0383466998475068 15.815267363454167 0.99080230830223215 -1.7807813517414834  1.0383466998475039 15.815267363454167 0.99265127781799534 -1.7807243887392441  1.0383466998475108 15.815267363454167 0.99449761640388368 -1.780610570673161  1.0383466998475039 15.815267363454167 0.99633958284342461 -1.7804400048810178  1.0383466998475073 15.815267363454167 0.9981754220136303 -1.7802127998164863  1.0383466998475068 
15.820038749607656 0.98895246301134632 -1.7396903879305206  1.0367296232096115 15.820038749607656 0.98979004433610984 -1.7396903879305206  1.0367296232096086 15.820038749607656 0.9906272261845569 -1.7396645959645041  1.0367296232096157 15.820038749607656 0.99146322232589823 -1.7396130607451312  1.0367296232096084 15.820038749607656 0.992297233312044 -1.7395358315546063  1.0367296232096119 15.820038749607656 0.99312847288208328 -1.7394329566169664  1.0367296232096115 

0 6
6.2831853071795862 6

0 6
1 6

9 1 1 1 0 6 5 6 6 2 2 15.853269611119078 0.98895246301134632 -1.7416903879305206  1.6690784610682365 15.853269611119078 0.98983931375557532 -1.7416903879305206  1.6690784610682319 15.853269611119078 0.99072574184083362 -1.7416630787921952  1.6690784610682436 15.853269611119078 0.99161091387637856 -1.7416085121108689  1.6690784610682303 15.853269611119078 0.99249398457589733 -1.7415267399944563  1.6690784610682388 15.853269611119078 0.99337412052153828 -1.7414178135985219  1.6690784610682365 
15.883177386479357 0.98895246301134632 -1.7416903879305206  1.0367296232096121 15.883177386479357 0.98983931375557532 -1.7416903879305206  1.036729623209609 15.883177386479357 0.99072574184083362 -1.7416630787921952  1.0367296232096168 15.883177386479357 0.99161091387637856 -1.7416085121108691  1.0367296232096084 15.883177386479357 0.99249398457589733 -1.7415267399944565  1.036729623209613 15.883177386479357 0.99337412052153828 -1.7414178135985221  1.0367296232096121 
15.8874716340175 0.98895246301134632 -1.7786722553603871  1.0383466998475064 15.8874716340175 0.99075035132508549 -1.7786722553603871  1.0383466998475042 15.8874716340175 0.99254738831092815 -1.778616892289461  1.0383466998475097 15.8874716340175 0.99434186854656537 -1.7785062710460955  1.0383466998475037 15.8874716340175 0.99613209915413981 -1.7783404959882267  1.038346699847507 15.8874716340175 0.99791637473993056 -1.7781196724780899  1.0383466998475064 
15.853269611119078 0.98895246301134632 -1.8091744925086728  0.85353433019614966 15.853269611119078 0.99150176508343324 -1.8091744925086728  0.85353433019614733 15.853269611119078 0.99404986226621284 -1.809095990862964  0.85353433019615388 15.853269611119078 0.99659432989533936 -1.8089391364338947  0.85353433019614622 15.853269611119078 0.99913277600878048 -1.8087040766746432  0.8535343301961511 15.853269611119078 1.0016627760167172 -1.8083909616565104  0.85353433019614966 
15.819067588220657 0.98895246301134632 -1.7786722553603871  1.0383466998475068 15.819067588220657 0.99075035132508549 -1.7786722553603871  1.0383466998475039 15.819067588220657 0.99254738831092815 -1.778616892289461  1.0383466998475108 15.819067588220657 0.99434186854656537 -1.7785062710460955  1.0383466998475039 15.819067588220657 0.99613209915413981 -1.7783404959882267  1.0383466998475073 15.819067588220657 0.99791637473993056 -1.7781196724780899  1.0383466998475068 
15.823361835758799 0.98895246301134632 -1.7416903879305206  1.0367296232096115 15.823361835758799 0.98983931375557532 -1.7416903879305206  1.0367296232096086 15.823361835758799 0.99072574184083362 -1.7416630787921952  1.0367296232096157 15.823361835758799 0.99161091387637856 -1.7416085121108689  1.0367296232096084 15.823361835758799 0.99249398457589733 -1.7415267399944565  1.0367296232096119 15.823361835758799 0.99337412052153828 -1.7414178135985221  1.0367296232096115 

0 6
6.2831853071795862 6

0 6
1 6

10 0 6.2831853071795862 0 0.7271640207040424
2 15.853269611119078 0.99558494927663332 -1.7592815264325228 0 0.99242849077781792 0.1228238197275371 0 -0.1228238197275371 0.99242849077781792 1 0 -0 0.02
10 0 6.2831853071795862 0 0.7271640207040424
2 15.853269611119078 0.99558494927663332 -1.7592815264325228 0 0.99242849077781792 0.1228238197275371 0 -0.1228238197275371 0.99242849077781792 1 0 -0 0.017999999999999999
1 15.853269611119076 1.7172432408918759 -1.6699684638412182 3.0814879110198733e-29 0.99242849077782258 0.12282381972750044 1 -3.0581563968835584e-29 -3.7848011567557681e-30 -5.5638092260315884e-59 0.12282381972750044 -0.99242849077782258 
1 15.853269611119078 1.7172432408918761 -1.6699684638412184 0 0.99242849077782258 0.12282381972750044 0 -0.12282381972750044 0.99242849077782258 1 0 0 
1 16.10713936906328 -0.99859883578016562 -1.4899999999999995 1.1412918188960445e-28 5.7064590944807144e-29 -1 -1 0 -1.1412918188960445e-28 -6.5127350793957688e-57 1 5.7064590944807144e-29 
10 0 6.2831853071795862 0 0.15882260575760387
2 16.10713936906328 -0.99859883578016562 -1.4899999999999998 0 0 -1 -1 0 0 0 1 0 0.017999999999999999
10 0 6.2831853071795862 0 0.15882260575760387
2 16.10713936906328 -0.99859883578016562 -1.4899999999999998 0 0 -1 -1 0 0 0 1 0 0.016
1 16.10713936906328 -0.99859883578016573 -1.4899999999999995 -3.8418290036484124e-28 -1.2037062152420181e-28 -1 -1 0 3.8418290036484124e-28 -4.6244334495886437e-56 1 -1.2037062152420181e-28 
9 1 1 1 0 6 6 6 7 2 2 16.089139369063279 -0.99859883578016562 -1.6488226057576036  1.6690784610682365 16.089139369063279 -0.99859883578016562 -1.6569728986202583  1.6690784610682405 16.086960782933023 -0.99854462184866044 -1.6645742676428568  1.6690784610682217 16.082983476919047 -0.998445646925052 -1.6715828559401102  1.6690784610682554 16.077279428107229 -0.99830370215303177 -1.6772743186623631  1.6690784610682214 16.070527891446073 -0.99813569073451647 -1.6813875306154873  1.6690784610682423 16.062670618099389 -0.99794016315214629 -1.6835444493128568  1.6690784610682365 
16.089139369063279 -0.96869106041988662 -1.6488226057576036  1.0367296232096121 16.089139369063279 -0.96869106041988662 -1.6568071154072932  1.0367296232096144 16.087005097047186 -0.96863794924136259 -1.6642448178920088  1.0367296232096046 16.08311339932639 -0.96854110467288601 -1.6711146083493806  1.0367296232096215 16.077520502647992 -0.96840192591230034 -1.6766867575726234  1.0367296232096057 16.070915020957436 -0.96823754905936965 -1.6807139089197978  1.0367296232096144 16.063217570581841 -0.96804599865811125 -1.682826954235219  1.0367296232096121 
16.126121236493145 -0.96439681288174472 -1.6488226057576036  1.0383466998475064 16.126121236493145 -0.96439681288174472 -1.6650210713110474  1.0383466998475077 16.121791361115552 -0.96428906429935612 -1.6805678561391755  1.0383466998475006 16.113658083487131 -0.96408666837379009 -1.6943145753032118  1.0383466998475128 16.102558002419027 -0.96381044379567005 -1.7057982749305258  1.0383466998475017 16.088716027560135 -0.96346598742257883 -1.7140894166400535  1.0383466998475084 16.073099929611871 -0.96307738214652994 -1.7183762286368365  1.0383466998475064 
16.156623473641432 -0.99859883578016551 -1.6488226057576036  0.85353433019614966 16.156623473641432 -0.99859883578016551 -1.6720050715663042  0.85353433019615044 16.150426763986076 -0.99844463118474158 -1.6944466868293508  0.85353433019614511 16.138687039536581 -0.99815248913520149 -1.7140405851608309  0.85353433019615621 16.12290441845558 -0.99775973994508493 -1.7305506411522109  0.85353433019614444 16.102909541057766 -0.99726216911295518 -1.7424672844018041  0.85353433019615144 16.08056053179164 -0.99670601590848285 -1.7486023638150896  0.85353433019614966 
16.126121236493145 -1.0328008586785866 -1.6488226057576036  1.0383466998475068 16.126121236493145 -1.0328008586785866 -1.6654002450327772  1.0383466998475082 16.121690007382004 -1.0326905879171151 -1.6813213623954344  1.0383466998475017 16.113360929379393 -1.0324833195158047 -1.6953855352544178  1.0383466998475119 16.102006624935147 -1.0322007686104817 -1.7071421246554495  1.0383466998475039 16.087830598118945 -1.0318479993826994 -1.7156301012535569  1.0383466998475079 16.071848958511293 -1.0314502976333879 -1.7200172589561606  1.0383466998475068 
16.089139369063279 -1.0285066111404446 -1.6488226057576036  1.0367296232096115 16.089139369063279 -1.0285066111404446 -1.6571386818332234  1.0367296232096133 16.086916468818856 -1.0284512944559581 -1.6649037173937049  1.0367296232096055 16.082853554511711 -1.0283501891772182 -1.6720511035308394  1.036729623209619 16.077038353566468 -1.0282054783937631 -1.6778618797521028  1.0367296232096059 16.070140761934709 -1.0280338324096632 -1.682061152311177  1.0367296232096135 16.062123665616937 -1.0278343276461812 -1.6842619443904949  1.0367296232096115 

0 6
6.2831853071795862 6

0 7
1 7

9 1 1 1 0 6 6 6 7 2 2 16.091139369063281 -0.99859883578016562 -1.6488226057576036  1.6690784610682365 16.091139369063281 -0.99859883578016562 -1.657418401247581  1.6690784610682405 16.088841699378452 -0.99854165846448151 -1.665459584840832  1.6690784610682217 16.084634341606829 -0.99843695872235072 -1.6728411590467789  1.6690784610682554 16.078631598092549 -0.99828758095793413 -1.6788532481842966  1.6690784610682214 16.071487573724266 -0.9981098025160382 -1.683197727377173  1.6690784610682423 16.063200814470939 -0.99790358721322314 -1.6854725452669757  1.6690784610682365 
16.091139369063281 -0.97201414657102869 -1.6488226057576036  1.0367296232096121 16.091139369063281 -0.97201414657102869 -1.6572710383916121  1.0367296232096144 16.088881089702156 -0.97195794948021674 -1.6651667406178561  1.0367296232096046 16.084749828191136 -0.97185514338709178 -1.6724249389661305  1.0367296232096215 16.078845886573223 -0.97170822429950621 -1.6783309716600836  1.0367296232096057 16.071831688845474 -0.9715336765825745 -1.6825989525365601  1.0367296232096144 16.063686994455338 -0.97133099655185884 -1.6848347718646308  1.0367296232096121 
16.12401214011205 -0.96819703764823595 -1.6488226057576036  1.0383466998475064 16.12401214011205 -0.96819703764823595 -1.6645723325282824  1.0383466998475077 16.119802213318479 -0.96809227397621112 -1.6796761079486706  1.0383466998475006 16.111900658556245 -0.967895644454562 -1.6930471318139801  1.0383466998475128 16.101101441925255 -0.96762690686250163 -1.7042078759782191  1.0383466998475017 16.08765480582565 -0.96729228846098259 -1.7122660705101209  1.0383466998475084 16.072471313593141 -0.96691444854156428 -1.716434126888291  1.0383466998475064 
16.151125239799416 -0.99859883578016562 -1.6488226057576036  0.85353433019614966 16.151125239799416 -0.99859883578016562 -1.6707803327551773  0.85353433019615044 16.145255904758944 -0.99845277787433151 -1.692012846339938  0.85353433019614511 16.134148619489089 -0.99817637402026094 -1.7105813627985307  0.85353433019615621 16.11918714506886 -0.99780405899531477 -1.7262099792863839  0.85353433019614444 16.100271262267992 -0.99733333885242825 -1.7374908418538988  0.85353433019615144 16.07910295997516 -0.99680656744107798 -1.7433018026022935  0.85353433019614966 
16.12401214011205 -1.0290006339120954 -1.6488226057576036  1.0383466998475068 16.12401214011205 -1.0290006339120954 -1.6649093758364868  1.0383466998475082 16.119712121110883 -1.0288936283031078 -1.6803458912875677  1.0383466998475017 16.111636521571583 -1.0286926676919088 -1.6939990962150522  1.0383466998475119 16.100611328606252 -1.0284183066978896 -1.7054024090670401  1.0383466998475039 16.086867757433485 -1.0280762990922008 -1.713635567944346  1.0383466998475079 16.071359339281518 -1.0276903734187712 -1.717892820505468  1.0383466998475068 
16.091139369063281 -1.0251835249893024 -1.6488226057576036  1.0367296232096115 16.091139369063281 -1.0251835249893024 -1.6575657641035502  1.0367296232096133 16.088802309054749 -1.0251253674487462 -1.6657524290638079  1.0367296232096055 16.08451885502253 -1.0250187740576093 -1.6732573791274272  1.036729623209619 16.078417309611872 -1.0248669376163622 -1.6793755247085096  1.0367296232096059 16.071143458603053 -1.024685928449502 -1.6837965022177859  1.0367296232096135 16.062714634486536 -1.0244761778745877 -1.6861103186693205  1.0367296232096115 

0 6
6.2831853071795862 6

0 7
1 7

10 0 6.2831853071795862 0 0.22215987110675348
2 16.067442385443321 -0.99761097970183887 -1.7008973128999261 -0.96404797705940315 0.023990252333880861 -0.26464309120139401 -0.26509818577396338 -0.018287969461520479 0.96404797705940337 0.018287969461529004 0.9995449054274308 0.023990252333874369 0.017999999999999999
10 0 6.2831853071795862 0 0.22215987110675348
2 16.067442385443321 -0.99761097970183887 -1.7008973128999261 -0.96404797705940315 0.023990252333880861 -0.26464309120139401 -0.26509818577396338 -0.018287969461520479 0.96404797705940337 0.018287969461529004 0.9995449054274308 0.023990252333874369 0.016
1 15.853269611119078 -0.99228130833552552 -1.7596903879305206 -0.9640479770593986 0.023990252333882373 -0.2646430912014105 -0.26509818577397992 -0.018287969461520066 0.96404797705939871 0.018287969461530156 0.99954490542743069 0.023990252333874678 
1 15.853269611119078 -0.99228130833552564 -1.7596903879305206 -0.9640479770593986 0.023990252333882373 -0.2646430912014105 -0.26509818577397992 -0.018287969461520066 0.96404797705939871 0.018287969461530156 0.99954490542743069 0.023990252333874678 
1 13.6 -0.74657730647333365 -1.4448574842210116 0.99503719020999049 0 -0.099503719020985482 0.099503719020985482 0 0.99503719020999049 0 -1 0 
10 0 6.2831853071795862 0 0.37031502484483592
2 13.6 -0.74657730647333365 -1.4448574842210116 0.99503719020998926 0 -0.09950371902099879 0.09950371902099879 0 0.99503719020998926 0 -1 0 0.024
10 0 6.2831853071795862 0 0.37031502484483592
2 13.6 -0.74657730647333365 -1.4448574842210116 0.99503719020998926 0 -0.09950371902099879 0.09950371902099879 0 0.99503719020998926 0 -1 0 0.021599999999999998
1 13.6 -0.74657730647333376 -1.4448574842210113 0.99503719020998938 -5.8674329431335756e-16 -0.099503719020996556 0.099503719020996556 1.2325951644078307e-32 0.99503719020998938 -5.8383139894811631e-16 -1 5.8383139894810255e-17 
1 13.968477221814148 -0.74657730647333365 -1.4817052064024263 0.99503719020999049 0 -0.099503719020985482 0.099503719020985482 0 0.99503719020999049 0 -1 0 
1 13.968477221814148 -0.74657730647333376 -1.4817052064024261 0.99503719020998938 -5.8674329431335756e-16 -0.099503719020996556 0.099503719020996556 1.2325951644078307e-32 0.99503719020998938 -5.8383139894811631e-16 -1 5.8383139894810255e-17 
1 15.853269611119076 -0.026400000000000649 -1.7596903879305208 3.0814879110198733e-29 -1 1.8055593228630084e-30 -1 -3.0814879110198733e-29 0 5.5638092260315884e-59 -1.8055593228630084e-30 -1 
10 0 6.2831853071795862 0 0.96255246301134567
2 15.853269611119078 -0.026400000000000645 -1.7596903879305206 0 -1 0 0 0 -1 1 0 0 0.02
10 0 6.2831853071795862 0 0.96255246301134567
2 15.853269611119078 -0.026400000000000645 -1.7596903879305206 0 -1 0 0 0 -1 1 0 0 0.017999999999999999
1 15.853269611119078 -0.026400000000000645 -1.7596903879305208 -0 -1 -0 0 0 -1 1 0 0 
9 1 1 1 0 6 5 6 6 2 2 15.853269611119078 -0.98895246301134632 -1.7796903879305206  1.6690784610682365 15.853269611119078 -0.99077543272542012 -1.7796903879305206  1.6690784610682319 15.853269611119078 -0.99259753931008987 -1.7796342525183233  1.6690784610682436 15.853269611119078 -0.99441705333550412 -1.779522088059883  1.6690784610682303 15.853269611119078 -0.99623225858911191 -1.7793540003516091  1.6690784610682388 15.853269611119078 -0.99804142567118337 -1.7791300962480792  1.6690784610682365 
15.8865004726305 -0.98895246301134632 -1.7796903879305206  1.0367296232096121 15.8865004726305 -0.99077543272542012 -1.7796903879305206  1.036729623209609 15.8865004726305 -0.99259753931008987 -1.7796342525183233  1.0367296232096168 15.8865004726305 -0.99441705333550412 -1.779522088059883  1.0367296232096084 15.8865004726305 -0.99623225858911191 -1.7793540003516093  1.036729623209613 15.8865004726305 -0.99804142567118337 -1.7791300962480792  1.0367296232096121 
15.891271858783989 -0.98895246301134632 -1.7385994241195577  1.0383466998475064 15.891271858783989 -0.98976316875929782 -1.7385994241195577  1.0383466998475042 15.891271858783989 -0.99057348767665143 -1.7385744597435833  1.0383466998475097 15.891271858783989 -0.99138265925751878 -1.7385245781318532  1.0383466998475037 15.891271858783989 -0.9921899090577313 -1.7384498270251978  1.038346699847507 15.891271858783989 -0.99299447653963635 -1.7383502530485593  1.0383466998475064 
15.853269611119078 -0.98895246301134632 -1.7047080495103513  0.85353433019614966 15.853269611119078 -0.98892826458335581 -1.7047080495103513  0.85353433019614733 15.853269611119078 -0.98890407217077958 -1.7047087946619133  0.85353433019615388 15.853269611119078 -0.98887992442554773 -1.7047102832565206  0.85353433019614622 15.853269611119078 -0.9888558236636863 -1.7047125151514018  0.8535343301961511 15.853269611119078 -0.98883180845431806 -1.7047154872947587  0.85353433019614966 
15.815267363454167 -0.98895246301134632 -1.7385994241195577  1.0383466998475068 15.815267363454167 -0.98976316875929782 -1.7385994241195577  1.0383466998475039 15.815267363454167 -0.99057348767665143 -1.7385744597435833  1.0383466998475108 15.815267363454167 -0.99138265925751878 -1.7385245781318532  1.0383466998475039 15.815267363454167 -0.9921899090577313 -1.7384498270251978  1.0383466998475073 15.815267363454167 -0.99299447653963635 -1.7383502530485593  1.0383466998475068 
15.820038749607656 -0.98895246301134632 -1.7796903879305206  1.0367296232096115 15.820038749607656 -0.99077543272542012 -1.7796903879305206  1.0367296232096086 15.820038749607656 -0.99259753931008987 -1.7796342525183233  1.0367296232096157 15.820038749607656 -0.99441705333550412 -1.779522088059883  1.0367296232096084 15.820038749607656 -0.99623225858911191 -1.7793540003516093  1.0367296232096119 15.820038749607656 -0.99804142567118337 -1.7791300962480792  1.0367296232096115 

0 6
6.2831853071795862 6

0 6
1 6

9 1 1 1 0 6 5 6 6 2 2 15.853269611119078 -0.98895246301134632 -1.7776903879305206  1.6690784610682365 15.853269611119078 -0.99072616330595464 -1.7776903879305206  1.6690784610682319 15.853269611119078 -0.99249902365381315 -1.7776357696906324  1.6690784610682436 15.853269611119078 -0.99426936178502379 -1.7775266366941456  1.6690784610682303 15.853269611119078 -0.99603550732525847 -1.7773630919117591  1.6690784610682388 15.853269611119078 -0.99779577803172836 -1.7771452392665237  1.6690784610682365 
15.883177386479357 -0.98895246301134632 -1.7776903879305206  1.0367296232096121 15.883177386479357 -0.99072616330595464 -1.7776903879305206  1.036729623209609 15.883177386479357 -0.99249902365381315 -1.7776357696906324  1.0367296232096168 15.883177386479357 -0.99426936178502379 -1.7775266366941451  1.0367296232096084 15.883177386479357 -0.99603550732525858 -1.7773630919117589  1.036729623209613 15.883177386479357 -0.99779577803172836 -1.7771452392665235  1.0367296232096121 
15.8874716340175 -0.98895246301134632 -1.7407085205006541  1.0383466998475064 15.8874716340175 -0.98981512573644448 -1.7407085205006541  1.0383466998475042 15.8874716340175 -0.99067737718371862 -1.7406819561933664  1.0383466998475097 15.8874716340175 -0.99153840711483698 -1.7406288777589187  1.0383466998475037 15.8874716340175 -0.99239739274701599 -1.7405493359179889  1.038346699847507 15.8874716340175 -0.99325352381333609 -1.7404433803869557  1.0383466998475064 
15.853269611119078 -0.98895246301134632 -1.7102062833523684  0.85353433019614966 15.853269611119078 -0.98906371197809673 -1.7102062833523684  0.85353433019614733 15.853269611119078 -0.98917490322843404 -1.7102028576198633  0.85353433019615388 15.853269611119078 -0.9892859457660631 -1.7101960123711193  0.85353433019614622 15.853269611119078 -0.98939671589237543 -1.7101857552315725  0.8535343301961511 15.853269611119078 -0.9895071225365496 -1.7101720912085352  0.85353433019614966 
15.819067588220657 -0.98895246301134632 -1.7407085205006541  1.0383466998475068 15.819067588220657 -0.98981512573644448 -1.7407085205006541  1.0383466998475039 15.819067588220657 -0.99067737718371862 -1.7406819561933666  1.0383466998475108 15.819067588220657 -0.99153840711483698 -1.7406288777589187  1.0383466998475039 15.819067588220657 -0.99239739274701599 -1.7405493359179889  1.0383466998475073 15.819067588220657 -0.99325352381333609 -1.7404433803869557  1.0383466998475068 
15.823361835758799 -0.98895246301134632 -1.7776903879305206  1.0367296232096115 15.823361835758799 -0.99072616330595464 -1.7776903879305206  1.0367296232096086 15.823361835758799 -0.99249902365381315 -1.7776357696906324  1.0367296232096157 15.823361835758799 -0.99426936178502379 -1.7775266366941451  1.0367296232096084 15.823361835758799 -0.99603550732525858 -1.7773630919117589  1.0367296232096119 15.823361835758799 -0.99779577803172836 -1.7771452392665235  1.0367296232096115 

0 6
6.2831853071795862 6

0 6
1 6

10 0 6.2831853071795862 0 0.7271640207040424
2 15.853269611119078 -0.99558494927663332 -1.7592815264325228 0 -0.99242849077781792 0.1228238197275371 0 -0.1228238197275371 -0.99242849077781792 1 0 0 0.02
10 0 6.2831853071795862 0 0.7271640207040424
2 15.853269611119078 -0.99558494927663332 -1.7592815264325228 0 -0.99242849077781792 0.1228238197275371 0 -0.1228238197275371 -0.99242849077781792 1 0 0 0.017999999999999999
1 15.853269611119076 -1.7172432408918761 -1.6699684638412187 3.0814879110198733e-29 -0.99242849077782258 0.12282381972750044 -1 -3.0581563968835584e-29 3.7848011567557681e-30 5.5638092260315884e-59 -0.12282381972750044 -0.99242849077782258 
1 15.853269611119078 -1.7172432408918761 -1.6699684638412187 -0 -0.99242849077782258 0.12282381972750044 0 -0.12282381972750044 -0.99242849077782258 1 0 0 
1 14.031522778185852 -0.74657730647333365 -1.4880097620395969 0.99503719020999049 0 -0.099503719020985482 0.099503719020985482 0 0.99503719020999049 0 -1 0 
10 0 6.2831853071795862 0 0.068818756211208532
2 14.031522778185852 -0.74657730647333365 -1.4880097620395969 0.99503719020998915 0 -0.099503719020998957 0.099503719020998957 0 0.99503719020998915 0 -1 0 0.024
10 0 6.2831853071795862 0 0.068818756211208532
2 14.031522778185852 -0.74657730647333365 -1.4880097620395969 0.99503719020998915 0 -0.099503719020998957 0.099503719020998957 0 0.99503719020998915 0 -1 0 0.021599999999999998
1 14.031522778185854 -0.74657730647333376 -1.4880097620395969 0.99503719020998938 -5.9059710905419058e-16 -0.09950371902099657 0.09950371902099657 0 0.99503719020998938 -5.8766608793942447e-16 -1 5.8766608793941054e-17 
1 14.1 -0.74657730647333365 -1.4948574842210116 0.99503719020999049 0 -0.099503719020985482 0.099503719020985482 0 0.99503719020999049 0 -1 0 
1 14.100000000000001 -0.74657730647333376 -1.4948574842210116 0.99503719020998938 -5.9059710905419058e-16 -0.09950371902099657 0.09950371902099657 0 0.99503719020998938 -5.8766608793942447e-16 -1 5.8766608793941054e-17 
1 14.631522778185854 2.7664432661833338 -1.3880097620395966 0.99503719020999049 0 -0.09950371902098544 0.09950371902098544 0 0.99503719020999049 0 -1 0 
10 0 6.2831853071795862 0 0.068818756211208532
2 14.631522778185852 2.7664432661833338 -1.3880097620395968 0.99503719020998926 0 -0.09950371902099879 0.09950371902099879 0 0.99503719020998926 0 -1 0 0.024
10 0 6.2831853071795862 0 0.068818756211208532
2 14.631522778185852 2.7664432661833338 -1.3880097620395968 0.99503719020998926 0 -0.09950371902099879 0.09950371902099879 0 0.99503719020998926 0 -1 0 0.021599999999999998
1 14.631522778185852 2.7664432661833338 -1.3880097620395966 0.99503719020998938 -5.9445092379537031e-16 -0.099503719020996528 0.099503719020996528 0 0.99503719020998938 -5.9150077693107776e-16 -1 5.9150077693106341e-17 
1 14.700000000000001 2.7664432661833338 -1.3948574842210113 0.99503719020999049 0 -0.09950371902098544 0.09950371902098544 0 0.99503719020999049 0 -1 0 
1 14.699999999999999 2.7664432661833338 -1.3948574842210113 0.99503719020998938 -5.9445092379537031e-16 -0.099503719020996528 0.099503719020996528 0 0.99503719020998938 -5.9150077693107776e-16 -1 5.9150077693106341e-17 
1 15.326869611119077 -0.026400000000000003 -1.6860903879305205 1 0 -0 0 0 1 0 -1 0 
1 15.326869611119077 -0.026400000000000003 -1.6860903879305205 -0 1 0 0 0 1 1 0 -0 
1 15.326869611119077 -0.026400000000000003 -1.6332903879305205 0 0 1 1 0 -0 -0 1 0 
1 15.326869611119077 -0.026400000000000003 -1.6860903879305205 0 0 1 1 0 -0 -0 1 0 
1 15.326869611119077 0.026400000000000003 -1.6860903879305205 -0 1 0 0 0 1 1 0 -0 
2 15.326869611119077 0 -1.6596903879305205 -1 0 0 0 0 -1 -0 -1 -0 0.024
1 15.326869611119077 0 -1.6596903879305205 -1 0 0 0 0 -1 -0 -1 -0 
1 15.379669611119077 -0.026400000000000003 -1.6860903879305205 1 0 -0 0 0 1 0 -1 0 
1 15.274069611119078 0 -1.6596903879305205 -1 0 0 0 0 -1 -0 -1 -0 
2 15.379669611119079 0 -1.6596903879305205 1 0 0 -0 0 1 0 -1 0 0.024
1 15.379669611119079 0 -1.6596903879305205 1 0 0 -0 0 1 0 -1 0 
2 15.326869611119077 0 -1.6596903879305205 -1 0 0 0 0 -1 -0 -1 -0 0.02
1 15.274069611119078 0 -1.6596903879305205 -1 0 0 0 0 -1 -0 -1 -0 
1 15.432469611119078 0 -1.6596903879305205 1 0 0 -0 0 1 0 -1 0 
1 15.326869611119077 0 -1.6596903879305205 -1 0 0 0 0 -1 -0 -1 -0 
2 15.379669611119079 0 -1.6596903879305205 1 0 0 -0 0 1 0 -1 0 0.02
1 15.432469611119078 0 -1.6596903879305205 1 0 0 -0 0 1 0 -1 0 
1 15.379669611119079 0 -1.6596903879305205 1 0 0 -0 0 1 0 -1 0 
1 15.826869611119077 -1.769843353048411 -1.6931259150004114 1 0 -0 0 0 1 0 -1 0 
1 15.826869611119077 -1.769843353048411 -1.6931259150004114 -0 1 0 0 0 1 1 0 -0 
1 15.826869611119077 -1.769843353048411 -1.6403259150004115 0 0 1 1 0 -0 -0 1 0 
1 15.826869611119077 -1.769843353048411 -1.6931259150004114 0 0 1 1 0 -0 -0 1 0 
1 15.826869611119077 -1.717043353048411 -1.6931259150004114 -0 1 0 0 0 1 1 0 -0 
2 15.826869611119077 -1.743443353048411 -1.6667259150004115 -1 0 0 0 0 -1 -0 -1 -0 0.024
1 15.826869611119077 -1.743443353048411 -1.6667259150004115 -1 0 0 0 0 -1 -0 -1 -0 
1 15.879669611119077 -1.769843353048411 -1.6931259150004114 1 0 -0 0 0 1 0 -1 0 
1 15.774069611119078 -1.743443353048411 -1.6667259150004115 -1 0 0 0 0 -1 -0 -1 -0 
2 15.879669611119079 -1.743443353048411 -1.6667259150004115 1 0 0 -0 0 1 0 -1 0 0.024
1 15.879669611119079 -1.743443353048411 -1.6667259150004115 1 0 0 -0 0 1 0 -1 0 
2 15.826869611119077 -1.743443353048411 -1.6667259150004115 -1 0 0 0 0 -1 -0 -1 -0 0.02
1 15.774069611119078 -1.743443353048411 -1.6667259150004115 -1 0 0 0 0 -1 -0 -1 -0 
1 15.932469611119078 -1.743443353048411 -1.6667259150004115 1 0 0 -0 0 1 0 -1 0 
1 15.826869611119077 -1.743443353048411 -1.6667259150004115 -1 0 0 0 0 -1 -0 -1 -0 
2 15.879669611119079 -1.743443353048411 -1.6667259150004115 1 0 0 -0 0 1 0 -1 0 0.02
1 15.932469611119078 -1.743443353048411 -1.6667259150004115 1 0 0 -0 0 1 0 -1 0 
1 15.879669611119079 -1.743443353048411 -1.6667259150004115 1 0 0 -0 0 1 0 -1 0 
1 13.600000000000001 0 -1.4448574842210116 0 1 0 0 0 1 1 0 0 
10 0 6.2831853071795862 0 1.8499063479617575
2 13.6 0 -1.4448574842210116 0 1 0 0 -0 1 1 0 -0 0.040000000000000001
10 0 6.2831853071795862 0 1.8499063479617575
2 13.6 0 -1.4448574842210116 0 1 0 0 -0 1 1 0 -0 0.035999999999999997
1 13.599999999999998 0 -1.4448574842210116 0 1 0 0 0 1 1 0 0 
9 1 1 1 0 6 5 6 6 2 2 13.6 1.8499063479617575 -1.4048574842210115  1.6690784610682365 13.6 1.8555858008109285 -1.4048574842210115  1.6690784610682319 13.60083817997827 1.861198602367889 -1.4047177875579662  1.6690784610682436 13.602478987975083 1.8666304372127016 -1.4044443195584977  1.6690784610682303 13.604884743072359 1.8717565640446332 -1.4040433603756179  1.6690784610682388 13.608021759154257 1.8764620881674812 -1.4035205243619682  1.6690784610682365 
13.666461723022842 1.8499063479617575 -1.4048574842210118  1.0367296232096121 13.666461723022842 1.8477390047143905 -1.4048574842210109  1.036729623209609 13.666141864092019 1.8455779244938071 -1.4049107940428134  1.0367296232096168 13.665520238610204 1.8435200560783069 -1.4050143982897811  1.0367296232096084 13.664591585862938 1.8415479840651321 -1.4051691737476579  1.036729623209613 13.663394465153861 1.8397523030015155 -1.4053686938658367  1.0367296232096121 
13.676004495329824 1.8499063479617575 -1.4870394118429371  1.0383466998475064 13.676004495329824 1.8482294717306984 -1.487039411842936  1.0383466998475042 13.675757020067641 1.8465543009887933 -1.4870806577199658  1.0383466998475097 13.675276808862966 1.8449645793641516 -1.4871606929207437  1.0383466998475037 13.674556574564013 1.8434361830073702 -1.4872807319705681  1.038346699847507 13.673630360746614 1.8420468622812693 -1.4874351009401339  1.0383466998475064 
13.6 1.8499063479617575 -1.55482216106135  0.85353433019614966 13.600000000000001 1.8585367280196743 -1.55482216106135  0.85353433019614733 13.601273681103011 1.8670730360591141 -1.5546098808775151  0.85353433019615388 13.603765317441471 1.875321507001561 -1.5541946081544389  0.85353433019614622 13.607425035903219 1.8831170377338111 -1.553584655077481  0.8535343301961511 13.6121919811977 1.8902674556755303 -1.5527901641950677  0.85353433019614966 
13.523995504670175 1.8499063479617575 -1.4870394118429371  1.0383466998475068 13.523995504670175 1.8661763966717939 -1.4870394118429382  1.0383466998475039 13.526396656583296 1.8822813837224535 -1.4866392198574194  1.0383466998475108 13.531091006221745 1.8978218564586944 -1.4858568282510125  1.0383466998475039 13.537997116047555 1.9125282188904453 -1.4847058099467121  1.0383466998475073 13.546983792372208 1.9260082333774282 -1.4832080305592705  1.0383466998475068 
13.533538276977158 1.8499063479617575 -1.4048574842210115  1.0367296232096115 13.533538276977158 1.8634325969074665 -1.4048574842210124  1.0367296232096086 13.535534495864521 1.876819280241971 -1.4045247810731194  1.0367296232096157 13.539437737339957 1.8897408183470967 -1.403874240827214  1.0367296232096084 13.545177900281779 1.9019651440241343 -1.402917547003578  1.0367296232096119 13.552649053154651 1.9131718733334471 -1.4016723548580996  1.0367296232096115 

0 6
6.2831853071795862 6

0 6
1 6

9 1 1 1 0 6 5 6 6 2 2 13.6 1.8499063479617575 -1.4088574842210115  1.6690784610682365 13.6 1.855664510738384 -1.4088574842210115  1.6690784610682319 13.600849796077046 1.861355290831199 -1.4087158515415037  1.6690784610682436 13.602513298173816 1.8668622536636679 -1.408438601192042  1.6690784610682303 13.604952500170482 1.8720595813665395 -1.4080320675259312  1.6690784610682388 13.608132991269214 1.8768303180146404 -1.4075019856761422  1.6690784610682365 
13.659815550720557 1.8499063479617575 -1.4088574842210118  1.0367296232096121 13.659815550720557 1.8486023942514997 -1.4088574842210109  1.036729623209609 13.659623111779419 1.8472966807445252 -1.4088895573778664  1.0367296232096168 13.659250423745428 1.8460629106427127 -1.4089516720501971  1.0367296232096084 13.658688658682003 1.8448718593849884 -1.4090452995607672  1.036729623209613 13.657968426668857 1.8437915113652712 -1.4091653382296239  1.0367296232096121 
13.668404045796841 1.8499063479617575 -1.4828212190807446  1.0383466998475064 13.668404045796841 1.8490438145661769 -1.4828212190807437  1.0383466998475042 13.668276752157478 1.8481754195900129 -1.4828424346873033  1.0383466998475097 13.668031336972913 1.847362981599973 -1.4828833372180634  1.0383466998475037 13.667657148512971 1.8465712384330031 -1.4829457019613863  1.038346699847507 13.667180732702336 1.8458566147170499 -1.4830251045964913  1.0383466998475064 
13.6 1.8499063479617575 -1.5438256933773162  0.85353433019614966 13.600000000000001 1.8583203452262551 -1.5438256933773165  0.85353433019614733 13.601241747089313 1.8666422811533017 -1.5436187355290976  0.85353433019615388 13.603670994693568 1.8746842164736415 -1.5432138609283894  0.85353433019614622 13.607238763718255 1.8822840076867997 -1.5426192327576076  0.8535343301961511 13.611886191108313 1.8892551487718847 -1.5418446615259316  0.85353433019614966 
13.531595954203159 1.8499063479617575 -1.4828212190807446  1.0383466998475068 13.531595954203159 1.8651960470131628 -1.4828212190807455  1.0383466998475039 13.533852425021569 1.880329794050307 -1.4824451406110115  1.0383466998475108 13.538264114595814 1.8949345309850616 -1.4817098590153053  1.0383466998475039 13.544753635848155 1.9087540707277706 -1.4806282721399158  1.0383466998475073 13.553198821165369 1.9214218487035928 -1.4792207412537142  1.0383466998475068 
13.540184449279442 1.8499063479617575 -1.4088574842210115  1.0367296232096115 13.540184449279442 1.8627266272252683 -1.4088574842210124  1.0367296232096086 13.542076480374671 1.8754139009178727 -1.4085421457051415  1.0367296232096157 13.545776172602205 1.8876615966846235 -1.4079255303338869  1.0367296232096084 13.551216341658957 1.8992473033480903 -1.4070188354910951  1.0367296232096119 13.558297555869569 1.9098691246640096 -1.4058386331226604  1.0367296232096115 

0 6
6.2831853071795862 6

0 6
1 6

10 0 6.2831853071795862 0 1.0663802761982764
2 13.609134080303825 1.8801443866390732 -1.4433351375037071 0.55234477073899424 0.82851715610849097 0.092057461789832221 -0.027808028739218817 -0.092057461789795625 0.9953653285434747 0.83315182756501649 -0.55234477073900035 -0.027808028739097625 0.040000000000000008
10 0 6.2831853071795862 0 1.0663802761982764
2 13.609134080303825 1.8801443866390732 -1.4433351375037071 0.55234477073899424 0.82851715610849097 0.092057461789832221 -0.027808028739218817 -0.092057461789795625 0.9953653285434747 0.83315182756501649 -0.55234477073900035 -0.027808028739097625 0.036000000000000004
9 1 1 1 0 6 5 6 6 2 2 14.19703132833158 2.759976441933464 -1.3053522628324146  1.6690784610682365 14.197733079201162 2.7610290682378156 -1.3052353043541527  1.6690784610682319 14.198401589891928 2.7621026785343972 -1.3051144400042998  1.6690784610682436 14.199036248055585 2.763196217649841 -1.3049897900610283  1.6690784610682303 14.19963644030037 2.7643086286878198 -1.3048614749974563  1.6690784610682388 14.200201554212544 2.7654388565121382 -1.3047296150846186  1.6690784610682365 
14.252404034331184 2.7232666567674979 -1.3072004323362831  1.0367296232096121 14.254016368314041 2.7256851577417622 -1.3069317100058313  1.036729623209609 14.255552334116929 2.7281518773289828 -1.3066540129209865  1.0367296232096168 14.257010513507307 2.7306643734915585 -1.3063676194123437  1.0367296232096084 14.2583895109208 2.7332202416212836 -1.3060728035755187  1.036729623209613 14.259687909546695 2.735817038873043 -1.3057698438961687  1.0367296232096121 
14.262639929923937 2.725561216047252 -1.3892668394105803  1.0383466998475064 14.264465337292899 2.7282993271007241 -1.3889626048491093  1.0383466998475042 14.266204284674668 2.7310920295768093 -1.3886482094317172  1.0383466998475097 14.267855165262493 2.7339365569163392 -1.3883239684727342  1.0383466998475037 14.269416400466243 2.7368301891510614 -1.3879901920149231  1.038346699847507 14.270886385249018 2.7397701587166412 -1.3876471955656318  1.0383466998475064 
14.201201550375023 2.773781809441513 -1.4546219026655138  0.85353433019614966 14.20205353456821 2.7750597857313601 -1.4544799052999764  0.85353433019614733 14.2028651630729 2.7763632393403275 -1.4543331657689398  0.85353433019615388 14.203635690581308 2.7776908862820817 -1.4541818304269891  0.85353433019614622 14.204364374654265 2.7790414473069123 -1.4540260450927796  0.8535343301961511 14.205050470163917 2.780413638326297 -1.4538659561405194  0.85353433019614966 
14.135993361549531 2.8095225871434111 -1.3850397690297169  1.0383466998475068 14.135736114216433 2.8091367161437901 -1.3850826435852051  1.0383466998475039 14.135491047792375 2.8087431464692738 -1.3851269506609805  1.0383466998475108 14.135258398661634 2.8083422835493654 -1.385172644079252  1.0383466998475039 14.135038377192652 2.8079344898565441 -1.3852196825226375  1.0383466998475073 14.134831218137904 2.8075201717470817 -1.3852680196353828  1.0383466998475068 
14.141658622331974 2.7966862270994297 -1.303504093328546  1.0367296232096115 14.141449790088283 2.7963729787338689 -1.3035388987024743  1.0367296232096086 14.141250845666926 2.7960534797398107 -1.3035748670876133  1.0367296232096157 14.141061982603862 2.7957280618081239 -1.3036119607097123  1.0367296232096084 14.140883369679942 2.7953970157543564 -1.3036501464193937  1.0367296232096119 14.140715198878395 2.7950606741512338 -1.3036893862730683  1.0367296232096115 

0 6
6.2831853071795862 6

0 6
1 6

9 1 1 1 0 6 5 6 6 2 2 14.197142560446537 2.760344671780623 -1.3093337241465886  1.6690784610682365 14.197848318481721 2.7614033088333789 -1.309216097807393  1.6690784610682319 14.19852064654647 2.7624830497286377 -1.3090945432901826  1.6690784610682436 14.199158928746067 2.763582833189917 -1.3089691815686642  1.6690784610682303 14.199762548246682 2.7647015963900681 -1.308840133791997  1.6690784610682388 14.200330889094692 2.7658382780860626 -1.3087075209274639  1.6690784610682365 
14.24697799584618 2.7273058651312541 -1.3109970767000703  1.0367296232096121 14.248503278683311 2.7295937893869313 -1.3107428628939037  1.036729623209609 14.249956316348969 2.7319273286437658 -1.3104801589152004  1.0367296232096168 14.251335767652618 2.7343041734474629 -1.3102092279848485  1.0367296232096084 14.252640311805068 2.7367220480301855 -1.3099303295122533  1.036729623209613 14.253868608895427 2.7391786422108768 -1.3096437268578591  1.0367296232096121 
14.256190301879659 2.7293709684830323 -1.3848568430669377  1.0383466998475064 14.257907350764285 2.7319465418099966 -1.384570668252854  1.0383466998475042 14.259543071850935 2.7345734656668088 -1.3842749357748583  1.0383466998475097 14.261095954232285 2.7372491385297653 -1.3839699421391998  1.0383466998475037 14.262564512395967 2.7399710008069857 -1.3836559791077174  1.038346699847507 14.263947237027518 2.7427364500701152 -1.3833333433603758  1.0383466998475064 
14.200895760285636 2.7727695025378671 -1.443676399996378  0.85353433019614966 14.201736728312063 2.7740309545775688 -1.4435362386586343  0.85353433019614733 14.202537862409343 2.7753175544539754 -1.4433913964783587  0.85353433019615388 14.203298427019218 2.7766280349589336 -1.443242017898029  0.85353433019614622 14.204017689165187 2.7779611331472513 -1.4430882468777881  0.8535343301961511 14.204694913450927 2.7793155817188056 -1.4429302278777747  0.85353433019614966 
14.142208390342692 2.8049362024695754 -1.3810524797241606  1.0383466998475068 14.142051049995464 2.804700191948756 -1.38107870311534  1.0383466998475039 14.14190115865687 2.804459470870027 -1.3811058028811951  1.0383466998475108 14.141758864291511 2.8042142924994891 -1.3811337501850658  1.0383466998475039 14.141624291449734 2.8039648714419201 -1.3811625205646603  1.0383466998475073 14.141497586627516 2.8037114617975116 -1.3811920850231518  1.0383466998475068 
14.147307125046892 2.793383478429992 -1.3076703715931068  1.0367296232096115 14.147193358280129 2.7932128282798265 -1.3076893327208823  1.0367296232096086 14.147084976743967 2.79303877081351 -1.3077089276651646  1.0367296232096157 14.146982089839517 2.7928614929323712 -1.3077291351524802  1.0367296232096084 14.146884784688295 2.7926811447499511 -1.307749938071741  1.0367296232096119 14.146793169293957 2.7924979139612485 -1.3077713149970689  1.0367296232096115 

0 6
6.2831853071795862 6

0 6
1 6

10 0 6.2831853071795862 0 3.368173914878934
2 14.201494903034023 2.7694330722513825 -1.3445086735130725 0.44479847163553998 0.88959694327107908 0.10378631004829253 -0.032333720536992738 -0.099855393481160223 0.99447646071134255 0.89504684243168164 -0.44569740734659347 -0.015651547450695476 0.040000000000000008
10 0 6.2831853071795862 0 3.368173914878934
2 14.201494903034023 2.7694330722513825 -1.3445086735130725 0.44479847163553998 0.88959694327107908 0.10378631004829253 -0.032333720536992738 -0.099855393481160223 0.99447646071134255 0.89504684243168164 -0.44569740734659347 -0.015651547450695476 0.036000000000000004
9 1 1 1 0 6 3 6 4 2 2 15.698360163752866 5.761756075592781 -0.95515927285855207  1.6690784610682365 15.698762218170188 5.7625601844258467 -0.95506546016132432  1.6690784610682354 15.699164856849327 5.7633654617825449 -0.95498462048452226  1.6690784610682372 15.699567954141576 5.764171656365459 -0.9549167790552332  1.6690784610682365 
15.757846519087032 5.7321342579537129 -0.95619950167009893  1.0367296232096121 15.758244099870245 5.732929419518606 -0.9561067328220052  1.0367296232096117 15.758642258414268 5.7337257366051118 -0.95602679264435009  1.0367296232096121 15.759040870468391 5.7345229607118169 -0.95595970608353686  1.0367296232096121 
15.769044994790425 5.7360873777994534 -1.0380768533392948  1.0383466998475064 15.769090451781549 5.7361782917834176 -1.0380662467092212  1.0383466998475059 15.769135974833683 5.7362693378893956 -1.0380571068313704  1.0383466998475064 15.769181549734093 5.7363604876919307 -1.0380494365592974  1.0383466998475064 
15.703209079706189 5.7767308574108416 -1.1042956139139661  0.85353433019614966 15.702969754634795 5.776252207272397 -1.1043514564302197  0.8535343301961491 15.702730081784376 5.7757728615759012 -1.1043995766845573  0.85353433019614977 15.702490135936028 5.7752929698835516 -1.1044399596628238  0.85353433019614966 
15.63298982767928 5.8038373908298313 -1.0356976774090534  1.0383466998475068 15.633045516614061 5.8039487687010105 -1.0356846833227715  1.0383466998475062 15.633101286478734 5.8040603084319811 -1.0356734861410888  1.038346699847507 15.633157119863117 5.8041719752023653 -1.0356640893595324  1.0383466998475068 
15.638873808418703 5.7913778932318491 -0.95411904404700543  1.0367296232096115 15.639280336470131 5.7921909493330865 -0.95402418750064366  1.0367296232096113 15.639687455284388 5.793005186959979 -0.95394244832469444  1.0367296232096113 15.640095037814763 5.7938203520191029 -0.95387385202692976  1.0367296232096115 

0 6
6.2831853071795862 6

0 4
1 4

9 1 1 1 0 6 3 6 4 2 2 15.698489498635066 5.762155497166809 -0.95913717870138449  1.6690784610682365 15.698874445570752 5.7629253910367639 -0.95904735774985661  1.6690784610682354 15.699259951907983 5.7636964037097984 -0.95896995781456862  1.6690784610682372 15.699645897344098 5.7644682945806025 -0.95890500304925508  1.6690784610682365 
15.752027218435813 5.735495861291648 -0.96007338463177672  1.0367296232096121 15.752408139100805 5.7362577026202475 -0.95998450314446937  1.0367296232096117 15.752789613316427 5.7370206510501083 -0.95990791275841381  1.0367296232096121 15.75317152203823 5.7377844684923236 -0.95984363737472844  1.0367296232096121 
15.762105846568868 5.7390536691528151 -1.0337630011340528  1.0383466998475064 15.762169855820979 5.7391816876585784 -1.0337480656429638  1.0383466998475059 15.762233958093899 5.7393098922059638 -1.033735195526732  1.0383466998475064 15.76229813337736 5.739438242774427 -1.0337243948029127  1.0383466998475064 
15.702853522993058 5.7756328008030637 -1.0933598856512572  0.85353433019614966 15.702661228388902 5.775248211598659 -1.0934047543918626  0.8535343301961491 15.702468654349524 5.774863063523819 -1.0934434183946005  0.85353433019614977 15.702275860959102 5.7744774767468856 -1.0934758655960866  0.85353433019614966 
15.639656196168838 5.8000286808801542 -1.0316217427968355  1.0383466998475068 15.639729414170237 5.8001751168844118 -1.0316046585951593  1.0383466998475062 15.639802738574449 5.8003217656942905 -1.0315899369054784  1.038346699847507 15.639876146493483 5.8004685815338171 -1.0315775823231241  1.0383466998475068 
15.644951778834319 5.7888151330419708 -0.95820097277099248  1.0367296232096115 15.645340752040703 5.7895930794532804 -0.95811021235524407  1.0367296232096113 15.645730290499536 5.7903721563694877 -0.95803200287072376  1.0367296232096113 15.646120272649965 5.7911521206688805 -0.95796636872378194  1.0367296232096115 

0 6
6.2831853071795862 6

0 4
1 4

10 0 6.2831853071795862 0 4.4505799621139293
2 15.700347386166776 5.7671380385168867 -0.9947990189954512 0.44595221887156805 0.89190443774313344 0.075053930061191987 -0.019485800642914067 -0.074159553811554021 0.99705599850348214 0.89484463570880834 -0.44610182079047433 -0.01569214550639491 0.040000000000000029
10 0 6.2831853071795862 0 4.4505799621139293
2 15.700347386166776 5.7671380385168867 -0.9947990189954512 0.44595221887156805 0.89190443774313344 0.075053930061191987 -0.019485800642914067 -0.074159553811554021 0.99705599850348214 0.89484463570880834 -0.44610182079047433 -0.01569214550639491 0.036000000000000018
9 1 1 1 0 6 6 6 7 2 2 17.684313963511098 9.7336636751044967 -0.62088326184707121  1.6690784610682365 17.688953996149511 9.7429437403813228 -0.62010234256830554  1.6690784610682405 17.695543161595982 9.7508608977974518 -0.61943611224827577  1.6690784610682217 17.703682050940209 9.7571625538552116 -0.61890582667841609  1.6690784610682554 17.71297188172154 9.7616114278781154 -0.61853145307331248  1.6690784610682214 17.723021685710506 9.7639576598639746 -0.61833401720022763  1.6690784610682423 17.733426461025122 9.7639576598639763 -0.61833401720022751  1.6690784610682365 
17.743786879837923 9.7040149794508821 -0.62192618887537277  1.0367296232096121 17.742839043190344 9.7021193061558471 -0.62208571014792557  1.0367296232096144 17.741384672743781 9.7002852846493095 -0.62224004341061279  1.0367296232096046 17.739658433744367 9.6991265536216211 -0.62233755084956188  1.0367296232096215 17.737847817969982 9.6981036520704098 -0.62242362821192831  1.0367296232096057 17.735551883003748 9.6976243785754033 -0.62246395916875741  1.0367296232096144 17.733426461024841 9.6976243785754583 -0.62246395916875252  1.0367296232096121 
17.753927559104699 9.7058525064331462 -0.70401591935096963  1.0383466998475064 17.752026939346532 9.7020512669169463 -0.70433579438771288  1.0383466998475077 17.749201072045611 9.6985545797125567 -0.70463004128881368  1.0383466998475006 17.745792737923978 9.6961237840660157 -0.70483459321021669  1.0383466998475128 17.742089393909712 9.6941678944499081 -0.70499918169777487  1.0383466998475017 17.737688396895269 9.6932068462813543 -0.70508005408608831  1.0383466998475084 17.73342646102482 9.6932068462814129 -0.70508005408608321  1.0383466998475064 
17.687236145307505 9.7447849886265061 -0.77040644245436396  0.85353433019614966 17.691601619862741 9.7535159377369638 -0.76967173140666212  0.85353433019615044 17.697795568870934 9.7609539742472844 -0.76904581920305093  0.85353433019614511 17.705449738442791 9.7668890666878241 -0.76854638003211684  0.85353433019615621 17.714194152505719 9.7710690868531245 -0.76819463053086479  0.85353433019614444 17.723637352751908 9.7732764885748509 -0.76800887725122091  0.85353433019615144 17.733426461025161 9.7732764885748455 -0.76800887725122147  0.85353433019614966 
17.617903129233692 9.7736639939435186 -0.70163057215120939  1.0383466998475068 17.628782893905367 9.7954235232867255 -0.69979950356989162  1.0383466998475082 17.644353928111418 9.8142294006015653 -0.69821698537511856  1.0383466998475017 17.663508779746039 9.8288617483586176 -0.69698567049572713  1.0383466998475119 17.685193999254665 9.8394207175861776 -0.69609713120341354  1.0383466998475039 17.709029756151679 9.8449220693783044 -0.6956341913915064  1.0383466998475079 17.733426461025466 9.8449220693782422 -0.69563419139151195  1.0383466998475068 
17.624841047184269 9.7633123707581131 -0.61984033481876977  1.0367296232096115 17.635068949108671 9.7837681746068004 -0.61811897498868562  1.0367296232096133 17.649701650448179 9.8014365109455959 -0.61663218108593876  1.0367296232096055 17.667705668136055 9.8151985540888003 -0.61547410250727097  1.036729623209619 17.688095945473098 9.8251192036858228 -0.61463927793469653  1.0367296232096059 17.710491488417265 9.8302909411525459 -0.61420407523169829  1.0367296232096135 17.733426461025402 9.8302909411524944 -0.61420407523170273  1.0367296232096115 

0 6
6.2831853071795862 6

0 7
1 7

9 1 1 1 0 6 6 6 7 2 2 17.684391906713667 9.733960313319745 -0.62487148584108509  1.6690784610682365 17.689024616078655 9.7432257320497193 -0.62409179907205536  1.6690784610682405 17.695603239937689 9.7511301098989289 -0.6234266441550409  1.6690784610682217 17.703729200376731 9.7574219886244542 -0.62289718134957028  1.6690784610682554 17.713004483286387 9.761863691522441 -0.62252341119600796  1.6690784610682214 17.723038107365372 9.7642062204959092 -0.62232628693212866  1.6690784610682423 17.733426461025122 9.764206220495911 -0.62232628693212844  1.6690784610682365 
17.737917531407813 9.7072764872314892 -0.62581012016655646  1.0367296232096121 17.737521158415408 9.7064837412467888 -0.6258768298937134  1.0367296232096144 17.736860599970711 9.7056120580655971 -0.62595018220114418  1.0367296232096046 17.736107944900468 9.7051895884142265 -0.62598573310360139  1.0367296232096215 17.735392825909987 9.7047066932955062 -0.62602636882076235  1.0367296232096057 17.734315284929291 9.7045062673361961 -0.62604323470380518  1.0367296232096144 17.73342646102487 9.7045062673362459 -0.62604323470380085  1.0367296232096121 
17.747044142747914 9.708930261515528 -0.6996908775945937  1.0383466998475064 17.745790264955978 9.7064225059317781 -0.69990190570952204  1.0383466998475077 17.743895359342364 9.7040544236225212 -0.70010118029152502  1.0383466998475006 17.741628818662107 9.7024870958141776 -0.70023307122819067  1.0383466998475128 17.739210244255744 9.7011645114370548 -0.70034436695802404  1.0383466998475017 17.736238147431663 9.7005304882715517 -0.70039772012940316  1.0383466998475084 17.733426461024852 9.700530488271605 -0.70039772012939849  1.0383466998475064 
17.687021870330437 9.7439694954895533 -0.75944234838764846  0.85353433019614966 17.691407477420565 9.752740709669796 -0.75870424902657618  0.85353433019615044 17.69763040648515 9.7602138787037784 -0.75807538041433875  0.85353433019614511 17.705320119129048 9.7661758501738039 -0.75757367936790065  0.85353433019615621 17.714104526992148 9.7703755845999503 -0.75722027090780519  0.85353433019614444 17.723592207702637 9.7725931663356995 -0.75703366097802238  0.85353433019615144 17.733426461025157 9.7725931663356942 -0.75703366097802294  0.85353433019614966 
17.624622155864007 9.7699606002748638 -0.69754406511480949  1.0383466998475068 17.63487062405893 9.7904575366645794 -0.69581924397348283  1.0383466998475082 17.649532929801587 9.80816176242263 -0.69432942996919955  1.0383466998475017 17.667573256301971 9.8219512636775157 -0.69316904078515007  1.0383466998475119 17.688004389066197 9.8318920522596986 -0.69233252151309888  1.0383466998475039 17.710445370762429 9.8370741890588089 -0.6918964437042795  1.0383466998475079 17.733426461025431 9.8370741890587521 -0.69189644370428438  1.0383466998475068 
17.630866282019522 9.760644139407999 -0.62393285151561373  1.0367296232096115 17.640528073741898 9.7799677228526498 -0.62230676825039732  1.0367296232096133 17.654345879904668 9.7966481617322572 -0.62090310610893762  1.0367296232096055 17.671350455852984 9.8096543888346837 -0.61980862959553973  1.036729623209619 17.69061614066279 9.8190206897493777 -0.61902045357125368  1.0367296232096059 17.711760929801461 9.8239061736556241 -0.61860933916045202  1.0367296232096135 17.733426461025378 9.8239061736555779 -0.61860933916045602  1.0367296232096115 

0 6
6.2831853071795862 6

0 7
1 7

10 0 6.2831853071795862 0 0.043565271345034517
2 17.733426461025132 9.7664432661833338 -0.65825671451923606 1 0 0 0 -0.06214015798394918 0.99806743297521228 0 -0.99806743297521228 -0.06214015798394918 0.040000000000000029
10 0 6.2831853071795862 0 0.043565271345034517
2 17.733426461025132 9.7664432661833338 -0.65825671451923606 1 0 0 0 -0.06214015798394918 0.99806743297521228 0 -0.99806743297521228 -0.06214015798394918 0.036000000000000018
9 1 1 1 0 6 6 6 7 2 2 17.776991732370156 9.7639576598639763 -0.61833401720022751  1.6690784610682365 17.786373088158257 9.7639576598639746 -0.61833401720022774  1.6690784610682405 17.79546910126647 9.7659409668522699 -0.61814984022311903  1.6690784610682217 17.803963688082348 9.7697209827197273 -0.61779881443639151  1.6690784610682554 17.811526617171733 9.7751173445593533 -0.61729768898436999  1.6690784610682214 17.817834901539403 9.7819371209860151 -0.61666438016519631  1.6690784610682423 17.822567284085981 9.7900026894451795 -0.6159153826442697  1.6690784610682365 
17.776991732369876 9.6976243785754583 -0.62246395916875252  1.0367296232096121 17.798126888599363 9.6976243785754068 -0.6224639591687573  1.0367296232096144 17.8188057779868 9.7020925497006694 -0.62204902882468505  1.0367296232096046 17.837879896311179 9.7106923788231327 -0.62125041794862257  1.0367296232096215 17.854959164634433 9.7227531010103867 -0.62013041617012732  1.0367296232096057 17.869265149840508 9.7382777124050008 -0.61868874525669026  1.0367296232096144 17.879926683921415 9.7564485454182854 -0.61700133674369761  1.0367296232096121 
17.776991732369854 9.6932068462814129 -0.70508005408608321  1.0383466998475064 17.800256760676984 9.6932068462813579 -0.7050800540860882  1.0383466998475077 17.823034549470524 9.6981252924277523 -0.70462330959385389  1.0383466998475006 17.844025754006026 9.7075985059268302 -0.70374359312229484  1.0383466998475128 17.862829450552869 9.7208668575179189 -0.70251144656017417  1.0383466998475017 17.878584675924788 9.7379688468024526 -0.70092329469687042  1.0383466998475084 17.890320614353463 9.7579708254880106 -0.69906583945054046  1.0383466998475064 
17.776991732370195 9.7732764885748455 -0.76800887725122147  0.85353433019614966 17.787180057976371 9.7732764885748509 -0.76800887725122113  0.85353433019615044 17.797071305920358 9.7754303965845484 -0.76780885765337881  0.85353433019614511 17.806292241857044 9.7795413219178489 -0.76742710243067691  0.85353433019615621 17.814508525457459 9.7853952325889519 -0.76688348735846112  0.85353433019614444 17.821365900582851 9.7928126488279919 -0.76619467956979193  0.85353433019615144 17.826505355408624 9.8015720050998336 -0.76538125443234017  0.85353433019614966 
17.776991732370501 9.8449220693782422 -0.69563419139151195  1.0383466998475068 17.77337386838644 9.8449220693783008 -0.69563419139150662  1.0383466998475082 17.769659696814525 9.8441572188509543 -0.69570521814575992  1.0383466998475017 17.766453756992121 9.8426067195310072 -0.69584920305553044  1.0383466998475119 17.763492006362416 9.8406325729779081 -0.69603252936187832  1.0383466998475039 17.760955162604176 9.8378251600207527 -0.69629323576537305  1.0383466998475079 17.759130147461246 9.8347147215832642 -0.69658208219826467  1.0383466998475068 
17.776991732370437 9.8302909411524944 -0.61420407523170273  1.0367296232096115 17.774619287717154 9.8302909411525423 -0.6142040752316984  1.0367296232096133 17.772132424546136 9.8297893840038704 -0.61425065162155368  1.0367296232096055 17.770047479853524 9.8287495866163219 -0.61434721092415989  1.036729623209619 17.768094069709029 9.8274815881083217 -0.61446496179861332  1.0367296232096059 17.766404653238297 9.8255965295670276 -0.61464001507370247  1.0367296232096135 17.765207884250543 9.8235568334720735 -0.61482942854484202  1.0367296232096115 

0 6
6.2831853071795862 6

0 7
1 7

9 1 1 1 0 6 6 6 7 2 2 17.776991732370156 9.764206220495911 -0.62232628693212844  1.6690784610682365 17.786394612422107 9.7642062204959092 -0.62232628693212855  1.6690784610682405 17.795511836787597 9.7661940779163459 -0.62214168738562403  1.6690784610682217 17.804025797475678 9.7699829201147192 -0.62178984195425369  1.6690784610682554 17.811606153455838 9.7753914861304541 -0.62128758317881028  1.6690784610682214 17.817929083692636 9.7822272033726456 -0.62065279403851914  1.6690784610682423 17.822672324056875 9.7903112771979348 -0.6199020780431389  1.6690784610682365 
17.776991732369904 9.7045062673362459 -0.62604323470380085  1.0367296232096121 17.796973032819103 9.7045062673361997 -0.62604323470380518  1.0367296232096144 17.816514845835894 9.7087305024799075 -0.62565095712703322  1.0367296232096046 17.834550384881624 9.7168571766077854 -0.62489628511526196  1.0367296232096215 17.850695446172271 9.7282636669363836 -0.62383703764599174  1.0367296232096057 17.86421630716363 9.7429337356497339 -0.62247472262086379  1.0367296232096144 17.874295783908767 9.7601125475737298 -0.62087943673262402  1.0367296232096121 
17.776991732369886 9.700530488271605 -0.70039772012939849  1.0383466998475064 17.79888991768896 9.7005304882715553 -0.70039772012940305  1.0383466998475077 17.820320740171248 9.7051599709342824 -0.69996780981928519  1.0383466998475006 17.840081656806987 9.7140726910011157 -0.69914014277156689  1.0383466998475128 17.857778703498859 9.7265660477931597 -0.69797996499703396  1.0383466998475017 17.872603880639481 9.7426557566074354 -0.69648581711702573  1.0383466998475084 17.883650321297608 9.76148259963648 -0.69473748916878253  1.0383466998475064 
17.776991732370192 9.7725931663356942 -0.75703366097802294  0.85353433019614966 17.787120885258407 9.7725931663356995 -0.7570336609780226  0.85353433019615044 17.796953820976096 9.7747345646753985 -0.756834803072858  0.85353433019614511 17.806121495872897 9.7788212253930293 -0.75645530114911008  0.85353433019615621 17.81428987091299 9.7846415853570932 -0.75591480171549252  0.85353433019614444 17.82110698283174 9.7920151784304235 -0.7552300635026552  0.85353433019615144 17.826216588247256 9.8007236612871225 -0.75442136265240234  0.85353433019614966 
17.776991732370465 9.8370741890587521 -0.69189644370428438  1.0383466998475068 17.774695314627468 9.8370741890588054 -0.6918964437042795  1.0383466998475082 17.772283372780848 9.8365887047151634 -0.69194152751600058  1.0383466998475017 17.770266859494473 9.835580083244869 -0.69203519171147887  1.0383466998475119 17.768375003727453 9.8343551917071537 -0.69214893951856771  1.0383466998475039 17.766737318650932 9.8325264385039084 -0.69231876407867809  1.0383466998475079 17.765578901094614 9.8305521061222105 -0.69250210764173437  1.0383466998475068 
17.776991732370412 9.8239061736555779 -0.61860933916045602  1.0367296232096115 17.775816192025115 9.8239061736556206 -0.61860933916045213  1.0367296232096133 17.7745088277393 9.8236576533527877 -0.61863241764421495  1.0367296232096055 17.773501210069728 9.8231086636216549 -0.61868339879324563  1.036729623209619 17.772516860739405 9.8225193053245246 -0.61873812871162914  1.0367296232096059 17.771641860221639 9.8215206710955556 -0.61883086545617461  1.0367296232096135 17.771048864204982 9.820510006822138 -0.6189247193536539  1.0367296232096115 

0 6
6.2831853071795862 6

0 7
1 7

10 0 6.2831853071795862 0 0.16900788232698319
2 17.823617683794929 9.7930885669727186 -0.65578233663296159 0.504445482451083 0.8597444379408733 0.079838942029727522 -0.02625999272360598 -0.077146938188236716 0.99667384971731687 0.86304412866136238 -0.50486419100379099 -0.0163395417695009 0.040000000000000022
10 0 6.2831853071795862 0 0.16900788232698319
2 17.823617683794929 9.7930885669727186 -0.65578233663296159 0.504445482451083 0.8597444379408733 0.079838942029727522 -0.02625999272360598 -0.077146938188236716 0.99667384971731687 0.86304412866136238 -0.50486419100379099 -0.0163395417695009 0.036000000000000011
1 17.9088729465334 9.9383921537715079 -0.64228892611329047 0.50444548245483012 0.85974443793865718 0.079838942029915386 -0.026259992723737035 -0.077146938188460093 0.99667384971729611 0.86304412865916824 -0.50486419100753066 -0.016339541769848188 
1 17.9088729465334 9.9383921537715096 -0.64228892611329047 0.50444548245483012 0.85974443793865718 0.079838942029915386 -0.026259992723737035 -0.077146938188460093 0.99667384971729611 0.86304412865916824 -0.50486419100753066 -0.016339541769848188 
1 14.759772436055474 2.4983308199893037 -1.5557087573803459 0.99574371457604449 -0.01862711114003469 -0.090263423449798971 0.090279086842998943 -9.6378068175497357e-20 0.99591650577686197 -0.018551047439300607 -0.99982650031421805 0.0016816385842453845 
10 0 6.2831853071795862 0 0.19750622798708589
2 14.759772436055474 2.4983308199893028 -1.5557087573803454 0.99574371457604594 -0.018627111140032689 -0.090263423449782818 0.090279086842982775 8.8904578143811364e-18 0.99591650577686353 -0.01855104743929864 -0.99982650031421794 0.0016816385842449114 0.018000000000000002
10 0 6.2831853071795862 0 0.19750622798708589
2 14.759772436055474 2.4983308199893028 -1.5557087573803454 0.99574371457604594 -0.018627111140032689 -0.090263423449782818 0.090279086842982775 8.8904578143811364e-18 0.99591650577686353 -0.01855104743929864 -0.99982650031421794 0.0016816385842449114 0.016000000000000004
1 14.759772436055474 2.4983308199893033 -1.5557087573803459 0.99574371457604349 -0.018627111140069572 -0.090263423449803426 0.090279086843003439 -3.1321850267261382e-19 0.99591650577686153 -0.01855104743933534 -0.99982650031421738 0.0016816385842486172 
9 1 1 1 0 6 3 6 4 2 2 14.958063044898353 2.4946518495257131 -1.5556098485866374  1.6690784610682365 14.959177369905488 2.4946310041471285 -1.5557108613103887  1.6690784610682354 14.960295862645262 2.4946205647863668 -1.5557614484589584  1.6690784610682372 14.961414950810552 2.4946205647852664 -1.5557614484641704  1.6690784610682365 
14.957508224280136 2.4647492631564361 -1.5555595545109624  1.0367296232096121 14.958806996909278 2.4647249673651883 -1.5556772872756111  1.0367296232096117 14.960110626664711 2.4647128000431953 -1.5557362477943697  1.0367296232096121 14.961414950869635 2.4647128000424616 -1.555736247797844  1.0367296232096121 
14.954089871907334 2.4604557606773612 -1.5923831852854315  1.0383466998475064 14.956525060425962 2.4604102062560305 -1.5926039333120559  1.0383466998475059 14.958969353552545 2.4603873926455742 -1.5927144837118914  1.0383466998475064 14.961414951233648 2.4603873926471551 -1.592714483704408  1.0383466998475064 
14.951970640915993 2.4946518495408059 -1.6228183821404538  0.85353433019614966 14.955110358257107 2.4945931156860066 -1.6231029951850089  0.8535343301961491 14.958261813461558 2.4945637018360327 -1.6232455290852916  0.85353433019614977 14.961414951459318 2.4945637018390587 -1.6232455290709631  0.85353433019614966 
14.955358838740219 2.5288479383906073 -1.5924982161833954  1.0383466998475068 14.957372164936057 2.5288102756356738 -1.5926807227015995  1.0383466998475062 14.959393018982162 2.5287914141593291 -1.5927721218141537  1.038346699847507 14.961414951098515 2.5287914141600703 -1.5927721218106445  1.0383466998475068 
14.958617865516571 2.5245544358949901 -1.5556601426623127  1.0367296232096115 14.959547742901698 2.5245370409290686 -1.5557444353451666  1.0367296232096113 14.960481098625815 2.5245283295295389 -1.5557866491235472  1.0367296232096113 14.961414950751468 2.5245283295280707 -1.5557866491304968  1.0367296232096115 

0 6
6.2831853071795862 6

0 4
1 4

9 1 1 1 0 6 3 6 4 2 2 14.957882486705563 2.4946518495261603 -1.5576016815960236  1.6690784610682365 14.959056837472739 2.4946298812616323 -1.5577081356106377  1.6690784610682354 14.960235580325554 2.4946188795613589 -1.5577614477491075  1.6690784610682372 14.961414950829779 2.4946188795603805 -1.5577614477537405  1.6690784610682365 
14.957389312822704 2.4680717727534693 -1.5575569757509791  1.0367296232096121 14.958727617031663 2.4680467374554631 -1.5576782920241685  1.0367296232096117 14.96007092612062 2.4680341997896509 -1.5577390471583619  1.0367296232096121 14.961414950882299 2.468034199788999 -1.5577390471614503  1.0367296232096121 
14.954350777380212 2.4642553261054032 -1.5902890919949515  1.0383466998475064 14.956699229046491 2.4642113942473229 -1.5905019773898972  1.0383466998475059 14.959056461132029 2.4641893932139873 -1.5906085901961593  1.0383466998475064 14.961414951205866 2.4641893932153929 -1.5906085901895075  1.0383466998475064 
14.952467016499021 2.4946518495395762 -1.6173426003105271  0.85353433019614966 14.955441716007511 2.4945962026295243 -1.6176122546103  0.8535343301961491 14.958427536606706 2.4945683347166177 -1.6177472971947373  0.85353433019614977 14.961414951406461 2.4945683347193075 -1.6177472971820006  0.85353433019614966 
14.955478747898331 2.5250483729616215 -1.5903913416820306  1.0383466998475068 14.957452210833242 2.5250114559181167 -1.590570234625047  1.0383466998475062 14.959433052625021 2.5249929678928815 -1.5906598240648371  1.038346699847507 14.961414951085747 2.5249929678935401 -1.5906598240617178  1.0383466998475068 
14.958375660588421 2.5212319262988512 -1.5576463874410682  1.0367296232096115 14.959386057913813 2.5212130250678015 -1.5577379791971067  1.0367296232096113 14.960400234530489 2.5212035593330677 -1.5577838483398536  1.0367296232096113 14.961414950777261 2.5212035593317625 -1.5577838483460309  1.0367296232096115 

0 6
6.2831853071795862 6

0 4
1 4

10 0 6.2831853071795862 0 0.89185466013548087
2 14.961414950983597 2.4946053977612963 -1.5737614420703021 1 0 0 -0 0.00084261248754683652 0.99999964500203498 0 -0.99999964500203498 0.00084261248754683652 0.018000000000000002
10 0 6.2831853071795862 0 0.89185466013548087
2 14.961414950983597 2.4946053977612963 -1.5737614420703021 1 0 0 -0 0.00084261248754683652 0.99999964500203498 0 -0.99999964500203498 0.00084261248754683652 0.016000000000000004
1 15.853269611119076 2.4946053977612968 -1.5737614420703028 1 4.5196648073425605e-14 -3.8441472227646045e-15 3.8025138593411604e-15 0.0008426124875471298 0.99999964500203498 4.5201337247821586e-14 -0.99999964500203486 0.00084261248754712969 
1 15.853269611119076 2.4946053977612963 -1.5737614420703028 1 1.0308174127650336e-14 -8.3405504724964869e-15 8.3266726846886725e-15 0.00084261248754721361 0.99999964500203486 1.0312199228215689e-14 -0.99999964500203498 0.0008426124875472135 
1 14.759772436055474 -2.4983308199893037 -1.5557087573803456 0.99574371457604449 0.018627111140034687 -0.090263423449798971 0.090279086842998943 9.6378068175497357e-20 0.99591650577686197 0.018551047439300604 -0.99982650031421805 -0.0016816385842453841 
10 0 6.2831853071795862 0 0.19750622798708589
2 14.759772436055474 -2.4983308199893028 -1.5557087573803454 0.99574371457604594 0.018627111140032689 -0.090263423449782818 0.090279086842982775 -8.8904578143811364e-18 0.99591650577686353 0.01855104743929864 -0.99982650031421794 -0.0016816385842449114 0.018000000000000002
10 0 6.2831853071795862 0 0.19750622798708589
2 14.759772436055474 -2.4983308199893028 -1.5557087573803454 0.99574371457604594 0.018627111140032689 -0.090263423449782818 0.090279086842982775 -8.8904578143811364e-18 0.99591650577686353 0.01855104743929864 -0.99982650031421794 -0.0016816385842449114 0.016000000000000004
1 14.759772436055478 -2.4983308199893033 -1.5557087573803456 0.99574371457604349 0.018627111140069572 -0.09026342344980344 0.090279086843003453 3.1321850267261387e-19 0.99591650577686153 0.01855104743933534 -0.99982650031421738 -0.0016816385842486174 
9 1 1 1 0 6 3 6 4 2 2 14.958063044898353 -2.4946518495257131 -1.5556098485866374  1.6690784610682365 14.959177369905488 -2.4946310041471285 -1.5557108613103887  1.6690784610682354 14.960295862645262 -2.4946205647863668 -1.5557614484589584  1.6690784610682372 14.961414950810552 -2.4946205647852664 -1.5557614484641704  1.6690784610682365 
14.958617865516571 -2.5245544358949901 -1.5556601426623127  1.0367296232096121 14.959547742901698 -2.5245370409290686 -1.5557444353451666  1.0367296232096117 14.960481098625815 -2.5245283295295389 -1.5557866491235472  1.0367296232096121 14.961414950751468 -2.5245283295280707 -1.5557866491304968  1.0367296232096121 
14.955358838740219 -2.5288479383906068 -1.5924982161833954  1.0383466998475064 14.957372164936057 -2.5288102756356734 -1.5926807227015995  1.0383466998475059 14.959393018982162 -2.5287914141593295 -1.5927721218141537  1.0383466998475064 14.961414951098515 -2.5287914141600703 -1.5927721218106445  1.0383466998475064 
14.951970640915993 -2.4946518495408059 -1.6228183821404538  0.85353433019614966 14.955110358257107 -2.4945931156860066 -1.6231029951850089  0.8535343301961491 14.958261813461558 -2.4945637018360327 -1.6232455290852916  0.85353433019614977 14.961414951459318 -2.4945637018390587 -1.6232455290709631  0.85353433019614966 
14.954089871907334 -2.4604557606773607 -1.5923831852854315  1.0383466998475068 14.956525060425962 -2.4604102062560296 -1.5926039333120559  1.0383466998475062 14.958969353552545 -2.4603873926455746 -1.5927144837118914  1.038346699847507 14.961414951233648 -2.4603873926471551 -1.592714483704408  1.0383466998475068 
14.957508224280136 -2.4647492631564361 -1.5555595545109624  1.0367296232096115 14.958806996909278 -2.4647249673651883 -1.5556772872756113  1.0367296232096113 14.960110626664711 -2.4647128000431953 -1.5557362477943693  1.0367296232096113 14.961414950869635 -2.4647128000424616 -1.5557362477978438  1.0367296232096115 

0 6
6.2831853071795862 6

0 4
1 4

9 1 1 1 0 6 3 6 4 2 2 14.957882486705563 -2.4946518495261603 -1.5576016815960236  1.6690784610682365 14.959056837472739 -2.4946298812616323 -1.5577081356106377  1.6690784610682354 14.960235580325554 -2.4946188795613589 -1.5577614477491075  1.6690784610682372 14.961414950829779 -2.4946188795603805 -1.5577614477537405  1.6690784610682365 
14.958375660588421 -2.5212319262988512 -1.5576463874410682  1.0367296232096121 14.959386057913813 -2.5212130250678015 -1.5577379791971067  1.0367296232096117 14.960400234530489 -2.5212035593330677 -1.5577838483398536  1.0367296232096121 14.961414950777261 -2.5212035593317625 -1.5577838483460309  1.0367296232096121 
14.955478747898331 -2.5250483729616215 -1.5903913416820308  1.0383466998475064 14.957452210833242 -2.5250114559181167 -1.590570234625047  1.0383466998475059 14.959433052625021 -2.5249929678928815 -1.5906598240648371  1.0383466998475064 14.961414951085747 -2.5249929678935401 -1.5906598240617178  1.0383466998475064 
14.952467016499021 -2.4946518495395762 -1.6173426003105271  0.85353433019614966 14.955441716007511 -2.4945962026295243 -1.6176122546103  0.8535343301961491 14.958427536606706 -2.4945683347166177 -1.6177472971947373  0.85353433019614977 14.961414951406461 -2.4945683347193075 -1.6177472971820006  0.85353433019614966 
14.954350777380212 -2.4642553261054032 -1.5902890919949515  1.0383466998475068 14.956699229046491 -2.4642113942473229 -1.5905019773898972  1.0383466998475062 14.959056461132029 -2.4641893932139873 -1.5906085901961593  1.038346699847507 14.961414951205866 -2.4641893932153929 -1.5906085901895075  1.0383466998475068 
14.957389312822704 -2.4680717727534693 -1.5575569757509791  1.0367296232096115 14.958727617031663 -2.4680467374554631 -1.5576782920241685  1.0367296232096113 14.96007092612062 -2.4680341997896509 -1.5577390471583619  1.0367296232096113 14.961414950882299 -2.468034199788999 -1.5577390471614503  1.0367296232096115 

0 6
6.2831853071795862 6

0 4
1 4

10 0 6.2831853071795862 0 0.89185466013548087
2 14.961414950983597 -2.4946053977612963 -1.5737614420703021 1 0 0 0 -0.00084261248754683652 0.99999964500203498 0 -0.99999964500203498 -0.00084261248754683652 0.018000000000000002
10 0 6.2831853071795862 0 0.89185466013548087
2 14.961414950983597 -2.4946053977612963 -1.5737614420703021 1 0 0 0 -0.00084261248754683652 0.99999964500203498 0 -0.99999964500203498 -0.00084261248754683652 0.016000000000000004
1 15.853269611119076 -2.4946053977612968 -1.5737614420703026 1 -4.5200117520377558e-14 -3.8441472227646045e-15 3.8025138593411604e-15 -0.0008426124875471298 0.99999964500203498 -4.5204833799827851e-14 -0.99999964500203486 -0.00084261248754712947 
1 15.85326961111908 -2.4946053977612963 -1.5737614420703021 1 -1.0308187680177493e-14 -8.3544282603043014e-15 8.3405504724964869e-15 -0.00084261248754721383 0.99999964500203486 -1.0312199228215689e-14 -0.99999964500203498 -0.00084261248754721372 
1 13.953987607273069 -0.99231948593559138 -1.6127587168496098 0.99641001923002137 0.00019088800028987281 -0.084658355404531649 0.084658356946931967 -3.3759685225556333e-21 0.99641003738372991 0.00019020271950493745 -0.99999998178088545 -1.6160264465426095e-05 
10 0 6.2831853071795862 0 0.19826788492754083
2 13.953987607273074 -0.99231948593559149 -1.6127587168496098 0.99641001923001948 0.00019088800033051359 -0.084658355404553035 0.084658356946953339 1.3552527156068805e-20 0.99641003738372802 0.00019020271954543213 -0.99999998178088556 -1.6160264468870754e-05 0.017999999999999999
10 0 6.2831853071795862 0 0.19826788492754083
2 13.953987607273074 -0.99231948593559149 -1.6127587168496098 0.99641001923001948 0.00019088800033051359 -0.084658355404553035 0.084658356946953339 1.3552527156068805e-20 0.99641003738372802 0.00019020271954543213 -0.99999998178088556 -1.6160264468870754e-05 0.016
1 13.953987607273072 -0.99231948593559172 -1.6127587168496098 0.99641001923002126 0.00019088800033252828 -0.084658355404531843 0.084658356946932162 1.216326646156919e-23 0.9964100373837298 0.00019020271954743983 -0.99999998178088556 -1.6160264469037274e-05 
9 1 1 1 0 6 3 6 4 2 2 14.153067564702923 -0.99228163897551469 -1.6116083692422425  1.6690784610682365 14.15460129917153 -0.99228134514916089 -1.6117386804942595  1.6690784610682354 14.156130460312594 -0.99228119812265347 -1.6119181417351931  1.6690784610682372 14.157652690862502 -0.99228119812263982 -1.6121464763182975  1.6690784610682365 
14.153073253243274 -1.0221894137909007 -1.6116088525598118  1.0367296232096121 14.154605093969401 -1.0221891203273419 -1.6117390029130587  1.0367296232096117 14.156132367015356 -1.0221889734823717 -1.6119182425684961  1.0367296232096121 14.157652718026981 -1.0221889734823582 -1.6121462952208288  1.0367296232096121 
14.149943245946053 -1.0264836612507908 -1.6484580258683397  1.0383466998475064 14.15068703442148 -1.0264835187589714 -1.6485212206460937  1.0383466998475059 14.151428605284011 -1.0264834474580899 -1.6486082508639113  1.0383466998475064 14.152166814904703 -1.0264834474581042 -1.64871898230633  1.0383466998475064 
14.147354471396309 -0.99228163897548927 -1.6788502084151338  0.85353433019614966 14.147450672969859 -0.99228162054564772 -1.6788583820269276  0.8535343301961491 14.147546588113096 -0.99228161132359671 -1.6788696385584778  0.85353433019614977 14.147642068118165 -0.99228161132363413 -1.6788839605575383  0.85353433019614966 
14.149930235310192 -0.95807961670021036 -1.6484569204408468  1.0383466998475068 14.150678355088957 -0.95807947337861821 -1.6485204832207909  1.0383466998475062 14.151424244338353 -0.95807940166253036 -1.6486080202414133  1.038346699847507 14.152166752775033 -0.95807940166254468 -1.6487193965062965  1.0383466998475068 
14.153061876162573 -0.96237386416012893 -1.6116078859246732  1.0367296232096115 14.154597504373658 -0.96237356997097989 -1.6117383580754601  1.0367296232096113 14.156128553609831 -0.96237342276293503 -1.6119180409018905  1.0367296232096113 14.157652663698023 -0.96237342276292137 -1.6121466574157663  1.0367296232096115 

0 6
6.2831853071795862 6

0 4
1 4

9 1 1 1 0 6 3 6 4 2 2 14.152898247992201 -0.99228163897551402 -1.6136011893172282  1.6690784610682365 14.154389378860921 -0.99228135331097878 -1.6137278808237958  1.6690784610682354 14.155876063451197 -0.99228121036852812 -1.6139023570475783  1.6690784610682372 14.157356009953512 -0.99228121036851602 -1.6141243490234753  1.6690784610682365 
14.152903304472511 -1.0188663277003014 -1.6136016189328453  1.0367296232096121 14.154392752014584 -1.018866042358251 -1.6137281674182842  1.0367296232096117 14.155877758298098 -1.0188658995771667 -1.6139024466771807  1.0367296232096121 14.157356034099715 -1.0188658995771545 -1.6141241880479473  1.0367296232096121 
14.15012107576387 -1.0226834365535373 -1.6463564396515369  1.0383466998475064 14.150910032416432 -1.0226832854085883 -1.6464234720698709  1.0383466998475059 14.151696636759119 -1.0226832097778049 -1.6465157873842164  1.0383466998475064 14.152479675768801 -1.0226832097778176 -1.6466332432350597  1.0383466998475064 
14.147819942830765 -0.99228163897549126 -1.6733717130264649  0.85353433019614966 14.148033266681658 -0.99228159810785588 -1.6733898377417231  0.8535343301961491 14.14824595482942 -0.99228157765825542 -1.6734147986682759  0.85353433019614977 14.148457678625212 -0.99228157765828873 -1.6734465572361337  0.85353433019614966 
14.150109510754218 -0.96187984139746574 -1.6463554570493208  1.0383466998475068 14.150902317454191 -0.96187968951494096 -1.6464228165807127  1.0383466998475062 14.151692760362979 -0.96187961351508522 -1.6465155823864406  1.038346699847507 14.152479620542428 -0.9618796135150981 -1.6466336114128075  1.0383466998475068 
14.15289319151189 -0.96569695025072655 -1.6136007597016111  1.0367296232096115 14.154386005707257 -0.96569666426370671 -1.6137275942293077  1.0367296232096113 14.155874368604296 -0.96569652115988958 -1.6139022674179757  1.0367296232096113 14.157355985807309 -0.96569652115987747 -1.6141245099990031  1.0367296232096115 

0 6
6.2831853071795862 6

0 4
1 4

10 0 6.2831853071795862 0 0.19828142483416317
2 14.154982562681585 -0.99228130833552541 -1.6299473306648964 0.98893635286829751 0 -0.14834045293024528 0.14834045292746462 6.1229381640272899e-06 0.98893635284975978 9.0827942051569244e-07 -0.99999999998125477 6.0551961367712561e-06 0.018000000000000002
10 0 6.2831853071795862 0 0.19828142483416317
2 14.154982562681585 -0.99228130833552541 -1.6299473306648964 0.98893635286829751 0 -0.14834045293024528 0.14834045292746462 6.1229381640272899e-06 0.98893635284975978 9.0827942051569244e-07 -0.99999999998125477 6.0551961367712561e-06 0.016000000000000004
9 1 1 1 0 6 3 6 4 2 2 14.353740400049615 -0.99228119812263849 -1.641559632697974  1.6690784610682365 14.354717469816547 -0.99228119812263849 -1.6417061931602475  1.6690784610682354 14.355700159386851 -0.99228119812263849 -1.641812468827309  1.6690784610682372 14.356685971778338 -0.99228119812263849 -1.6418781896561496  1.6690784610682365 
14.353740427214234 -1.0221889734823568 -1.6415594516005287  1.0367296232096121 14.354717492011039 -1.0221889734823568 -1.6417060113172834  1.0367296232096117 14.355700176582641 -1.0221889734823568 -1.6418122864437459  1.0367296232096121 14.35668598395953 -1.0221889734823568 -1.6418780069382801  1.0367296232096121 
14.348254523947981 -1.0264834474581057 -1.6781321386611272  1.0383466998475064 14.350235307233206 -1.0264834474581057 -1.6784292561568277  1.0383466998475059 14.352227481745418 -1.0264834474581057 -1.6786447053501297  1.0383466998475064 14.354225988684524 -1.0264834474581057 -1.6787779391431787  1.0383466998475064 
14.343729777042517 -0.9922816113236379 -1.7082971168917669  0.85353433019614966 14.346538422560084 -0.9922816113236379 -1.7087184137270064  0.8535343301961491 14.349363219570947 -0.9922816113236379 -1.7090239091710548  0.85353433019614977 14.352196996289322 -0.9922816113236379 -1.70921282761141  0.85353433019614966 
14.348254461817989 -0.95807940166254613 -1.6781325528610405  1.0383466998475068 14.350235256470716 -0.95807940166254613 -1.6784296720618663  1.0383466998475062 14.352227442415794 -0.95807940166254613 -1.6786451224916068  1.038346699847507 14.354225960824117 -0.95807940166254613 -1.6787783570492707  1.0383466998475068 
14.353740372884996 -0.96237342276292004 -1.6415598137954195  1.0367296232096115 14.354717447622052 -0.96237342276292004 -1.6417063750032121  1.0367296232096113 14.355700142191061 -0.96237342276292004 -1.6418126512108719  1.0367296232096113 14.356685959597147 -0.96237342276292004 -1.6418783723740191  1.0367296232096115 

0 6
6.2831853071795862 6

0 4
1 4

9 1 1 1 0 6 3 6 4 2 2 14.353443719132837 -0.9922812103685148 -1.6435375054018049  1.6690784610682365 14.354475070593573 -0.9922812103685148 -1.6436922081184562  1.6690784610682354 14.355512353981251 -0.9922812103685148 -1.6438043879840907  1.6690784610682372 14.356552933768363 -0.9922812103685148 -1.6438737599723352  1.6690784610682365 
14.353443743279167 -1.0188658995771533 -1.6435373444262975  1.0367296232096121 14.35447509032201 -1.0188658995771533 -1.6436920464802656  1.0367296232096117 14.355512369266398 -1.0188658995771533 -1.643804225865368  1.0367296232096121 14.356552944596089 -1.0188658995771533 -1.6438735975564511  1.0367296232096121 
14.348567384820273 -1.0226832097778189 -1.6760463995912742  1.0383466998475064 14.350490926075043 -1.0226832097778189 -1.676334930782083  1.0383466998475059 14.352425529411089 -1.0226832097778189 -1.6765441537821533  1.0383466998475064 14.354366282129417 -1.0226832097778189 -1.6766735372941388  1.0383466998475064 
14.344545387570971 -0.99228157765829206 -1.7028597135740651  0.85353433019614966 14.347204806365603 -0.99228157765829206 -1.7032586264000193  0.8535343301961491 14.349879518589336 -0.99228157765829206 -1.7035478905118653  0.85353433019614977 14.352562733333681 -0.99228157765829206 -1.7037267714881223  0.85353433019614966 
14.348567329593614 -0.96187961351509932 -1.6760467677689748  1.0383466998475068 14.350490880952831 -0.96187961351509932 -1.6763353004754502  1.0383466998475062 14.352425494451426 -0.96187961351509932 -1.676544524574578  1.038346699847507 14.354366257364612 -0.96187961351509932 -1.6766739087662206  1.0383466998475068 
14.35344369498651 -0.96569652115987625 -1.6435376663773118  1.0367296232096115 14.354475050865133 -0.96569652115987625 -1.6436923697566466  1.0367296232096113 14.355512338696105 -0.96569652115987625 -1.6438045501028136  1.0367296232096113 14.356552922940637 -0.96569652115987625 -1.6438739223882193  1.0367296232096115 

0 6
6.2831853071795862 6

0 4
1 4

10 0 6.2831853071795862 0 1.5011056935823464
2 14.355488629688562 -0.99228130833552541 -1.6598383225018194 0.99778515785660893 0 -0.066519010523774125 0.066519010522527205 6.1229381640272882e-06 0.99778515783790522 4.0729178816934943e-07 -0.99999999998125488 6.1093768225402235e-06 0.017999999999999999
10 0 6.2831853071795862 0 1.5011056935823464
2 14.355488629688562 -0.99228130833552541 -1.6598383225018194 0.99778515785660893 0 -0.066519010523774125 0.066519010522527205 6.1229381640272882e-06 0.99778515783790522 4.0729178816934943e-07 -0.99999999998125488 6.1093768225402235e-06 0.016
1 15.853269611119075 -0.99228130833552519 -1.7596903879305208 0.9977851578566046 -1.9105971619799537e-15 -0.066519010523840544 0.066519010522593611 6.1229381640313667e-06 0.99778515783790089 4.0729178626365627e-07 -0.99999999998125488 6.1093768226713586e-06 
1 15.853269611119078 -0.99228130833552552 -1.7596903879305206 0.99778515785660449 4.0744893412651153e-14 -0.066519010523840738 0.066519010522593805 6.1229381640313294e-06 0.99778515783790078 4.072918288246771e-07 -0.99999999998125477 6.1093768198339219e-06 
2 13.860077819744699 0.99244900104423051 -1.6549598428086685 1 0 0 -0 0 1 0 -1 0 0.10000000000000001
1 13.860077819744699 0.99244900104423051 -1.6549598428086685 1 0 0 -0 0 1 0 -1 0 
1 14.060077819744699 0.99244900104423051 -1.6549598428086685 1 0 0 -0 0 1 0 -1 0 
2 13.9100778197447 0.99244900104423051 -1.7449598428086686 0 6.123233995736766e-17 -1 0 -1 -6.123233995736766e-17 -1 0 -0 0.017999999999999999
1 13.9100778197447 0.99244900104423051 -1.7449598428086686 0 6.123233995736766e-17 -1 0 -1 -6.123233995736766e-17 -1 0 -0 
2 14.665920877743066 2.5100762192375807 -1.5963773029509858 1 0 0 -0 0 1 0 -1 0 0.10000000000000001
1 14.665920877743066 2.5100762192375807 -1.5963773029509858 1 0 0 -0 0 1 0 -1 0 
1 14.865920877743065 2.5100762192375807 -1.5963773029509858 1 0 0 -0 0 1 0 -1 0 
2 14.715920877743066 2.5100762192375807 -1.6863773029509859 0 6.123233995736766e-17 -1 0 -1 -6.123233995736766e-17 -1 0 -0 0.017999999999999999
1 14.715920877743066 2.5100762192375807 -1.6863773029509859 0 6.123233995736766e-17 -1 0 -1 -6.123233995736766e-17 -1 0 -0 
1 13.96832 -0.77825730647333369 -1.5165374842210115 1 0 -0 0 0 1 0 -1 0 
1 13.96832 -0.77825730647333369 -1.5165374842210115 -0 1 0 0 0 1 1 0 -0 
1 13.96832 -0.77825730647333369 -1.4531774842210115 0 0 1 1 0 -0 -0 1 0 
1 13.96832 -0.77825730647333369 -1.5165374842210115 0 0 1 1 0 -0 -0 1 0 
1 13.96832 -0.71489730647333372 -1.5165374842210115 -0 1 0 0 0 1 1 0 -0 
2 13.96832 -0.74657730647333365 -1.4848574842210116 -1 0 0 0 0 -1 -0 -1 -0 0.028799999999999999
1 13.96832 -0.74657730647333365 -1.4848574842210116 -1 0 0 0 0 -1 -0 -1 -0 
1 14.03168 -0.77825730647333369 -1.5165374842210115 1 0 -0 0 0 1 0 -1 0 
1 13.904960000000001 -0.74657730647333365 -1.4848574842210116 -1 0 0 0 0 -1 -0 -1 -0 
2 14.03168 -0.74657730647333365 -1.4848574842210116 1 0 0 -0 0 1 0 -1 0 0.028799999999999999
1 14.03168 -0.74657730647333365 -1.4848574842210116 1 0 0 -0 0 1 0 -1 0 
2 13.96832 -0.74657730647333365 -1.4848574842210116 -1 0 0 0 0 -1 -0 -1 -0 0.024
1 13.904960000000001 -0.74657730647333365 -1.4848574842210116 -1 0 0 0 0 -1 -0 -1 -0 
1 14.095039999999999 -0.74657730647333365 -1.4848574842210116 1 0 0 -0 0 1 0 -1 0 
1 13.96832 -0.74657730647333365 -1.4848574842210116 -1 0 0 0 0 -1 -0 -1 -0 
2 14.03168 -0.74657730647333365 -1.4848574842210116 1 0 0 -0 0 1 0 -1 0 0.024
1 14.095039999999999 -0.74657730647333365 -1.4848574842210116 1 0 0 -0 0 1 0 -1 0 
1 14.03168 -0.74657730647333365 -1.4848574842210116 1 0 0 -0 0 1 0 -1 0 
2 13.860077819744699 -0.99244900104423051 -1.6549598428086685 1 0 0 -0 0 1 0 -1 0 0.10000000000000001
1 13.860077819744699 -0.99244900104423051 -1.6549598428086685 1 0 0 -0 0 1 0 -1 0 
1 14.060077819744699 -0.99244900104423051 -1.6549598428086685 1 0 0 -0 0 1 0 -1 0 
2 13.9100778197447 -0.99244900104423051 -1.7449598428086686 0 6.123233995736766e-17 -1 0 -1 -6.123233995736766e-17 -1 0 -0 0.017999999999999999
1 13.9100778197447 -0.99244900104423051 -1.7449598428086686 0 6.123233995736766e-17 -1 0 -1 -6.123233995736766e-17 -1 0 -0 
1 17.983315607384949 -10.197687369282312 -0.88001272942429787 1 0 -0 0 0 1 0 -1 0 
1 17.983315607384949 -10.197687369282312 -0.88001272942429787 -0 1 0 0 0 1 1 0 -0 
1 17.983315607384949 -10.197687369282312 -0.48001272942429785 0 0 1 1 0 -0 -0 1 0 
1 17.983315607384949 -10.197687369282312 -0.88001272942429787 0 0 1 1 0 -0 -0 1 0 
1 17.983315607384949 -9.9476873692823116 -0.88001272942429787 -0 1 0 0 0 1 1 0 -0 
2 18.033315607384949 -10.072687369282312 -0.6800127294242978 -1 0 0 0 0 -1 -0 -1 -0 0.050000000000000003
1 17.983315607384949 -10.072687369282312 -0.6800127294242978 -1 0 0 0 0 -1 -0 -1 -0 
1 18.08331560738495 -10.197687369282312 -0.88001272942429787 1 0 -0 0 0 1 0 -1 0 
2 18.033315607384949 -10.072687369282312 -0.83001272942429782 0 0 -1 -1 0 -0 0 1 0 0.040000000000000001
1 18.033315607384949 -10.072687369282312 -0.88001272942429787 0 0 -1 -1 0 -0 0 1 0 
1 18.033315607384949 -10.072687369282312 -0.6800127294242978 -1 0 0 0 0 -1 -0 -1 -0 
1 18.033315607384949 -10.072687369282312 -0.83001272942429782 0 0 -1 -1 0 -0 0 1 0 
1 15.853269611119078 1.7696434652049462 -1.6634833661596045 0 0.9924284907778177 0.12282381972753952 0 -0.12282381972753952 0.9924284907778177 1 0 0 
10 0 6.2831853071795862 0 0.72258677690499806
2 15.853269611119078 1.769643465204946 -1.6634833661596045 0 0.99242849077781792 0.12282381972753754 0 -0.12282381972753754 0.99242849077781792 1 0 -0 0.02
10 0 6.2831853071795862 0 0.72258677690499806
2 15.853269611119078 1.769643465204946 -1.6634833661596045 0 0.99242849077781792 0.12282381972753754 0 -0.12282381972753754 0.99242849077781792 1 0 -0 0.017999999999999999
1 15.853269611119078 1.7696434652049458 -1.6634833661596049 0 0.99242849077781825 0.12282381972753494 0 -0.12282381972753494 0.99242849077781825 1 0 0 
9 1 1 1 0 6 5 6 6 2 2 15.853269611119078 2.4843026932702301 -1.5548839283199662  1.6690784610682365 15.853269611119075 2.4871702470643986 -1.554529037349436  1.6690784610682319 15.853474851405629 2.4900244436974308 -1.554129172821282  1.6690784610682436 15.853883182300482 2.4928504689734656 -1.5536866565189824  1.6690784610682303 15.854492433338027 2.4956333012746144 -1.5532038406192354  1.6690784610682388 15.855300472748818 2.4983581232416094 -1.5526830432284879  1.6690784610682365 
15.8865004726305 2.4843026932702301 -1.5548839283199662  1.0367296232096121 15.886500472630496 2.4852961974985348 -1.5547609713660147  1.036729623209609 15.886571581006185 2.4862848189998776 -1.5546224642452664  1.0367296232096168 15.886713084616964 2.4872641541071641 -1.5544691139712692  1.0367296232096084 15.886924096341504 2.4882280631250078 -1.5543018819350349  1.036729623209613 15.887204052927807 2.4891721159100371 -1.5541214443750253  1.0367296232096121 
15.891271858783989 2.4893496424017787 -1.5956637715194861  1.0383466998475064 15.891271858783993 2.4905965293310222 -1.5955094557004152  1.0383466998475042 15.891361102595631 2.491837387739158 -1.5953356114962687  1.0383466998475097 15.891538682849831 2.4930664063933876 -1.595143164247139  1.0383466998475037 15.891803538909437 2.4942762447093227 -1.5949332633865745  1.038346699847507 15.892154895449529 2.4954610681299263 -1.5947068071434007  1.0383466998475064 
15.853269611119078 2.4935123104870982 -1.6292985372732864  0.85353433019614966 15.853269611119087 2.4973332514281585 -1.6288256542739616  0.85353433019614733 15.853543088469459 2.5011365240005423 -1.62829282912539  0.85353433019615388 15.854087162680678 2.5049020178494703 -1.6277032050946039  0.85353433019614622 15.854899010410085 2.5086101928475624 -1.6270598418941211  0.8535343301961511 15.855975701934751 2.5122409473366138 -1.6263658928995641  0.85353433019614966 
15.815267363454167 2.4893496424017787 -1.5956637715194861  1.0383466998475068 15.81526736345417 2.4948827917087693 -1.5949789841123161  1.0383466998475039 15.815663389206728 2.5003905300572646 -1.5942073721420897  1.0383466998475108 15.816451247742735 2.5058432356074243 -1.5933535541957216  1.0383466998475039 15.817626943203699 2.5112132533440397 -1.5924218606644409  1.0383466998475073 15.81918611280496 2.5164709914234371 -1.5914169450016433  1.0383466998475068 
15.820038749607656 2.4843026932702301 -1.5548839283199662  1.0367296232096115 15.820038749607653 2.4890442966302619 -1.5542971033328576  1.0367296232096086 15.820378121805071 2.493764068394984 -1.5536358813972977  1.0367296232096157 15.821053279984 2.4984367838397672 -1.5529041990666961  1.0367296232096084 15.822060770334552 2.5030385394242214 -1.5521057993034362  1.0367296232096119 15.823396892569829 2.5075441305731823 -1.5512446420819508  1.0367296232096115 

0 6
6.2831853071795862 6

0 6
1 6

9 1 1 1 0 6 5 6 6 2 2 15.853269611119078 2.4845483409096856 -1.556868785301522  1.6690784610682365 15.853269611119075 2.487441324349474 -1.5565107471357649  1.6690784610682319 15.853476671489272 2.4903208356355124 -1.5561073361559203  1.6690784610682436 15.853888623058518 2.4931719193077693 -1.555660896056855  1.6690784610682303 15.854503277947055 2.4959794332263883 -1.555173797887333  1.6690784610682388 15.855318483101659 2.4987284190842711 -1.5546483820328925  1.6690784610682365 
15.883177386479357 2.4845483409096856 -1.556868785301522  1.0367296232096121 15.883177386479353 2.4857546797401966 -1.5567194877506854  1.036729623209609 15.883263728129771 2.4869551734077149 -1.5565512984375063  1.0367296232096168 15.883435535143354 2.4881442359280976 -1.5563651077639131  1.0367296232096084 15.883691774650183 2.4893147188917419 -1.5561620350715526  1.036729623209613 15.88403170526275 2.4904610124858557 -1.5559429430647762  1.0367296232096121 
15.8874716340175 2.4890905951280788 -1.5935706441810897  1.0383466998475064 15.887471634017503 2.4905249783894345 -1.5933931236516459  1.0383466998475042 15.887574297560276 2.4919524852730666 -1.5931931309634082  1.0383466998475097 15.887778573552932 2.4933662629856985 -1.5929717530121958  1.0383466998475037 15.888083272961325 2.4947580823176247 -1.5927302783779382  1.038346699847507 15.8884874635323 2.4961210694837557 -1.5924697695563139  1.0383466998475064 
15.853269611119078 2.4928369964048667 -1.62384193335951  0.85353433019614966 15.853269611119085 2.4965880282768578 -1.6233777023678377  0.85353433019614733 15.85353808484672 2.5003217079083129 -1.6228546268296176  0.85353433019615388 15.854072205400694 2.5040183132961733 -1.6222757897749143  0.85353433019614622 15.854869197311904 2.5076586356420414 -1.6216441990347303  0.8535343301961511 15.855926189368999 2.5112229607697749 -1.6209629467368611  0.85353433019614966 
15.819067588220657 2.4890905951280788 -1.5935706441810897  1.0383466998475068 15.81906758822066 2.4943826145294072 -1.5929156992223565  1.0383466998475039 15.819446355510259 2.4996503133593624 -1.5921777155446473  1.0383466998475108 15.820199881956547 2.5048654092783318 -1.5913611039659201  1.0383466998475039 15.821324336826159 2.5100013900888705 -1.5904700159280181  1.0383466998475073 15.822815559152188 2.5150300004479158 -1.5895088936287323  1.0383466998475068 
15.823361835758799 2.4845483409096856 -1.556868785301522  1.0367296232096115 15.823361835758796 2.4891279689587509 -1.5563020065208442  1.0367296232096086 15.823689614848771 2.4936864978633104 -1.5556633738743346  1.0367296232096157 15.824341710973686 2.49819960268744 -1.5549566843497973  1.0367296232096084 15.825314781243927 2.5026441475610341 -1.5541855607031136  1.0367296232096119 15.826605260940569 2.5069958256826861 -1.5533538210010089  1.0367296232096115 

0 6
6.2831853071795862 6

0 6
1 6

10 0 6.2831853071795862 0 0.69903484479096023
2 15.855480576277238 2.5020610816682223 -1.5723364312725334 0.27965345744279085 0.94303059208194662 0.18024218745306705 -0.0090051764209993067 -0.18514792133058403 0.98266940220228216 0.96005877452264343 -0.27643000854563038 -0.043285099486346311 0.02
10 0 6.2831853071795862 0 0.69903484479096023
2 15.855480576277238 2.5020610816682223 -1.5723364312725334 0.27965345744279085 0.94303059208194662 0.18024218745306705 -0.0090051764209993067 -0.18514792133058403 0.98266940220228216 0.96005877452264343 -0.27643000854563038 -0.043285099486346311 0.017999999999999999
9 1 1 1 0 6 5 6 6 2 2 16.050787983967592 3.1575693668107405 -1.42668747369745  1.6690784610682365 16.051677385093058 3.1605685518650337 -1.4261142370715107  1.6690784610682319 16.052333396462721 3.1636220676812639 -1.4255141515229484  1.6690784610682436 16.052753628696703 3.1667123133631203 -1.4248907678854232  1.6690784610682303 16.052935676606179 3.1698216019657357 -1.4242476540797939  1.6690784610682388 16.052877142725706 3.1729323335442543 -1.4235883602056818  1.6690784610682365 
16.082691564146582 3.1483833594791681 -1.4281258748439873  1.0367296232096121 16.084142575921927 3.1532763742344008 -1.4271906690403555  1.036729623209609 16.08521290899386 3.1582583119898007 -1.4262116061059096  1.0367296232096168 16.085898461298626 3.1632996317130577 -1.425194639640931  1.0367296232096084 16.086195457448678 3.1683725704813388 -1.4241453701554141  1.036729623209613 16.086099962460651 3.1734475676014542 -1.4230697664178513  1.0367296232096121 
16.087642406668305 3.1546723116990574 -1.4687112376123628  1.0383466998475064 16.089227317567953 3.1600168530387767 -1.4676897311733503  1.0383466998475042 16.090396433156073 3.1654585648547533 -1.4666203125091561  1.0383466998475097 16.091145243031086 3.1709650593492977 -1.4655095080873093  1.0383466998475037 16.091469645122874 3.1765061712864684 -1.4643634030273902  1.038346699847507 16.091365337873292 3.1820494882933077 -1.4631885427565507  1.0383466998475064 
16.051463213153525 3.1714521909057449 -1.5003703233685262  0.85353433019614966 16.052449805082787 3.1747791169509818 -1.499734445346198  0.85353433019614733 16.053177517833614 3.178166360196339 -1.4990687750072318  0.85353433019615388 16.053643665633732 3.1815942534182096 -1.498377279001512  0.85353433019614622 16.053845606171478 3.1850433659505253 -1.4976638770042154  0.8535343301961511 16.053780675902757 3.188494027954019 -1.4969325376831875  0.85353433019614966 
16.014673624023736 3.1756822349925682 -1.4654213754706054  1.0383466998475068 16.014974038161203 3.1766952735028755 -1.4652277526140278  1.0383466998475039 16.015195531254665 3.177726364299617 -1.4650251181271146  1.0383466998475108 16.015337510094795 3.1787704286577401 -1.4648145029513628  1.0383466998475039 16.015399006483374 3.1798203467751409 -1.4645973433376702  1.0383466998475073 16.015379235420895 3.1808710624953256 -1.4643746528160715  1.0383466998475068 
16.018884403788604 3.1667553741423133 -1.4252490725509128  1.0367296232096115 16.019212194264192 3.1678607294956675 -1.4250378051026662  1.0367296232096086 16.01945388393159 3.1689858233727279 -1.4248166969399874  1.0367296232096157 16.019608796094776 3.170124995013182 -1.4245868961299153  1.0367296232096084 16.01967589576368 3.1712706334501322 -1.4243499380041738  1.0367296232096119 16.019654322990757 3.172417099487054 -1.4241069539935123  1.0367296232096115 

0 6
6.2831853071795862 6

0 6
1 6

9 1 1 1 0 6 5 6 6 2 2 16.050805994320434 3.1579396626534022 -1.4286528125018545  1.6690784610682365 16.051697987811139 3.160947589526045 -1.4280779050452181  1.6690784610682319 16.052355911668002 3.1640100068365777 -1.4274760701569635  1.6690784610682436 16.052777368605483 3.1671092585736496 -1.4268508697617956  1.6690784610682303 16.052959947109994 3.1702276112822094 -1.4262058811628979  1.6690784610682388 16.05290124261899 3.1733474098072154 -1.4255446656243396  1.6690784610682365 
16.079519216481525 3.1496722560549868 -1.4299473735337382  1.0367296232096121 16.080916659557122 3.154384629658475 -1.4290466938171786  1.036729623209609 16.081947472946023 3.1591826267142604 -1.4281037792816287  1.0367296232096168 16.082607717947212 3.1640378450885938 -1.4271243543417527  1.0367296232096084 16.082893749868244 3.1689234829462523 -1.426113825630956  1.036729623209613 16.082801780380443 3.1738111204586956 -1.4250779312152921  1.0367296232096121 
16.083974974751076 3.1553323130528868 -1.466474200025276  1.0383466998475064 16.085492927038544 3.160451060582413 -1.4654958497368735  1.0383466998475042 16.086612644692014 3.1656628542927177 -1.4644716150445507  1.0383466998475097 16.087329821506426 3.1709367299612095 -1.4634077359434934  1.0383466998475037 16.087640518775022 3.1762437236708689 -1.4623100552157346  1.038346699847507 16.087540618251818 3.1815528490813634 -1.4611848299201218  1.0383466998475064 
16.051413700587776 3.170434204338906 -1.4949673772058232  0.85353433019614966 16.052393165801899 3.1737370981033979 -1.4943360924924367  0.85353433019614733 16.053115620901806 3.1770998701001454 -1.4936752312928188  0.85353433019615388 16.05357840184881 3.1805030046232305 -1.4929887297662756  0.85353433019614622 16.053778883718763 3.18392719886852 -1.4922804817948772  0.8535343301961511 16.053714422478336 3.1873529347760039 -1.4915544253540947  0.85353433019614966 
16.018303070370962 3.1742412440170469 -1.4635133240976943  1.0383466998475068 16.018664975572467 3.175461639000102 -1.4632800690334835  1.0383466998475039 16.018931832980748 3.1767038737930955 -1.4630359401007131  1.0383466998475108 16.019102861863761 3.1779615623388073 -1.4627822313211414  1.0383466998475039 16.019176943999465 3.1792264816106739 -1.4625206014949865  1.0383466998475073 16.019153126044657 3.1804922658631796 -1.4622523289736904  1.0383466998475068 
16.022092772159343 3.1662070692518172 -1.427358251469971  1.0367296232096115 16.022479316065159 3.1675105493936146 -1.4271091162732581  1.0367296232096086 16.022764350389981 3.1688373869588946 -1.4268483610322986  1.0367296232096157 16.02294701926375 3.1701806720587054 -1.4265773851818386  1.0367296232096084 16.023026144351746 3.1715317396181666 -1.4262979366948398  1.0367296232096119 16.023000704857537 3.1728836991557352 -1.426011400033387  1.0367296232096115 

0 6
6.2831853071795862 6

0 6
1 6

10 0 6.2831853071795862 0 2.8330959294232878
2 16.053118141658544 3.1770830961738654 -1.4431514143922599 -0.018404746277827396 0.97810404799724737 0.20730107719413143 -0.012049946641945919 -0.20753813148048811 0.97815270932892373 0.99975800276885762 0.015504685517161098 0.015605788241510907 0.020000000000000011
10 0 6.2831853071795862 0 2.8330959294232878
2 16.053118141658544 3.1770830961738654 -1.4431514143922599 -0.018404746277827396 0.97810404799724737 0.20730107719413143 -0.012049946641945919 -0.20753813148048811 0.97815270932892373 0.99975800276885762 0.015504685517161098 0.015605788241510907 0.018000000000000006
9 1 1 1 0 6 6 6 7 2 2 16.00073473096392 5.9439949304776958 -0.83628452224192484  1.6690784610682365 16.000465034561017 5.9583277085246538 -0.83324680827437436  1.6690784610682405 15.995521672991794 5.9715153296090469 -0.83045180086997761  1.6690784610682217 15.986805485754974 5.9827059914698761 -0.82808003248499351  1.6690784610682554 15.975207764733467 5.9910253681970795 -0.82631680927713047  1.6690784610682214 15.96163850980623 5.9956177753385846 -0.82534348650099298  1.6690784610682423 15.946984876507905 5.9956177753385855 -0.82534348650099287  1.6690784610682365 
16.033957550698865 5.9445101645348961 -0.83576592845409448  1.0367296232096121 16.033524588546403 5.9675195571971278 -0.83088927765786258  1.0367296232096144 16.025577069410868 5.9893070972725795 -0.82627158842909432  1.0367296232096046 16.011234585702429 6.0069651675660456 -0.82252910622538555  1.0367296232096215 15.99292336530271 6.0206686166361001 -0.81962477333839479  1.0367296232096057 15.970509360134511 6.0280411231269921 -0.81806223145922352  1.0367296232096144 15.946984876507901 6.0280411231269921 -0.81806223145922363  1.0367296232096121 
16.039222926111506 5.9531120852267492 -0.87588470479279401  1.0383466998475064 16.03876408850746 5.9774966059974535 -0.87071660694780495  1.0383466998475077 16.030340450321482 6.0006471189441859 -0.86581004687244167  1.0383466998475006 16.015106273393069 6.019330187525469 -0.86185032474459433  1.0383466998475128 15.995731052561094 6.033886940510123 -0.85876514113826297  1.0383466998475017 15.971915272022192 6.0417000558017042 -0.8571092158617003  1.0383466998475084 15.946984876507898 6.0417000558017033 -0.85710921586170064  1.0383466998475064 
16.001638264140972 5.959556624887461 -0.90962869971943061  0.85353433019614966 16.001364127536345 5.9741253735483504 -0.90654097372856401  0.85353433019615044 15.996339064412229 5.9875468794200781 -0.90369639637457633  0.85353433019614511 15.987469863506893 5.9989134299663025 -0.9012873498349584  0.85353433019615621 15.97568956107084 6.0073792327954525 -0.89949309282376466  0.85353433019614444 15.961879762886012 6.0120472479683551 -0.8985037455496353  0.85353433019615144 15.9469848765079 6.0120472479683542 -0.89850374554963541  0.85353433019614966 
15.963236823659107 5.9519336594287671 -0.87707081485231464  1.0383466998475068 15.963151401920182 5.9564733225878621 -0.87610867072776488  1.0383466998475082 15.961598770663716 5.9599543935441091 -0.87537088648027406  1.0383466998475017 15.959232867516135 5.9638454256972793 -0.87454621434196689  1.0383466998475119 15.955212533946479 5.9660879116835606 -0.87407093795240365  1.0383466998475039 15.951626165099228 5.9675424783728346 -0.87376265455233515  1.0383466998475079 15.946984876507905 5.9675424783728355 -0.87376265455233504  1.0383466998475068 
15.967511911228973 5.9434796964204955 -0.83680311602975532  1.0367296232096115 15.967405480575632 5.9491358598521797 -0.83560433889088637  1.0367296232096133 15.965466276572718 5.9537235619455142 -0.83463201331086101  1.0367296232096055 15.962376385807525 5.9584468153737049 -0.83363095874460136  1.036729623209619 15.957492164164222 5.9613821197580599 -0.83300884521586649  1.0367296232096059 15.952767659477949 5.9631944275501789 -0.83262474154276267  1.0367296232096135 15.946984876507909 5.9631944275501798 -0.83262474154276234  1.0367296232096115 

0 6
6.2831853071795862 6

0 7
1 7

9 1 1 1 0 6 6 6 7 2 2 16.000758830857205 5.9444100067406564 -0.83824082766058272  1.6690784610682365 16.000489016021032 5.958749078819487 -0.83520177972494403  1.6690784610682405 15.9955434752305 5.9719429383006082 -0.83240545014386846  1.6690784610682217 15.986823206668083 5.9831382916311657 -0.83003268744061087  1.6690784610682554 15.975220615662032 5.9914615739741448 -0.82826863646973115  1.6690784610682214 15.961644944737039 5.996055997804727 -0.82729488627299486  1.6690784610682423 15.946984876507905 5.996055997804727 -0.82729488627299475  1.6690784610682365 
16.030659368618657 5.9448737173921371 -0.83777409325153529  1.0367296232096121 16.030242614607882 5.9670217426247136 -0.83308000217008327  1.0367296232096144 16.02259333200767 5.9879555291977873 -0.82864325894707347  1.0367296232096046 16.008809396620787 6.0049715501177179 -0.82503685380696379  1.0367296232096215 15.991164656174352 6.0181404975692638 -0.82224580412486903  1.0367296232096057 15.96962871003249 6.0252370108142932 -0.82074175673540228  1.0367296232096144 15.946984876507901 6.0252370108142932 -0.82074175673540239  1.0367296232096121 
16.035398206490033 5.9526154460148053 -0.87388099195636482  1.0383466998475064 16.034958164572831 5.9760010865450068 -0.86892459853103143  1.0383466998475077 16.026880374827218 5.9981615487022344 -0.86422787154608605  1.0383466998475006 16.012293915542372 6.0161000680811973 -0.86042595047425208  1.0383466998475128 15.993691574706897 6.0300369890558834 -0.85747213514475018  1.0383466998475017 15.970894030731403 6.0375300502215339 -0.85588404269763141  1.0383466998475084 15.946984876507898 6.037530050221533 -0.85588404269763163  1.0383466998475064 
16.001572010716551 5.9584155317094449 -0.90425058739033781  0.85353433019614966 16.001298199698827 5.9729669773408132 -0.9011665286337146  0.85353433019615044 15.99627912750889 5.9863713331305357 -0.89832558609800728  0.85353433019614511 15.987421146644811 5.9977249862779507 -0.89591927305557906  0.85353433019615621 15.975654232365669 6.0061800521126809 -0.89412729166170213  0.85353433019614444 15.96186207250884 6.0108425231715197 -0.89313911941677282  0.85353433019615144 15.9469848765079 6.0108425231715188 -0.89313911941677304  0.85353433019614966 
15.967010714282873 5.9515548627966215 -0.87494849100993355  1.0383466998475068 15.966906746644282 5.9570801314763742 -0.87377745593299549  1.0383466998475082 15.965012863135229 5.9615380958421644 -0.87283262719313537  1.0383466998475017 15.962007850253126 5.9661637824358262 -0.87185225111188669  1.0383466998475119 15.957224907953744 5.9690178631119784 -0.87124735227747696  1.0383466998475039 15.952633834500736 5.9707882305355513 -0.87087213751920289  1.0383466998475079 15.946984876507905 5.9707882305355522 -0.87087213751920278  1.0383466998475068 
15.970858293095752 5.9439462960891767 -0.83870756206963015  1.0367296232096115 15.970735417434184 5.9504764150142604 -0.8373235572798049  1.0367296232096133 15.96849361845333 5.9559303474034291 -0.83616764134066357  1.0367296232096055 15.96483701671538 5.9613050331446109 -0.83502852107425785  1.036729623209619 15.959276575149712 5.9647826503790267 -0.83429146881459348  1.0367296232096059 15.953661179441584 5.9668749847951608 -0.83384801581058743  1.0367296232096135 15.946984876507907 5.9668749847951617 -0.83384801581058721  1.0367296232096115 

0 6
6.2831853071795862 6

0 7
1 7

10 0 6.2831853071795862 0 0.22058487650790326
2 15.946984876507903 6 -0.84485748422101159 -1 0 0 0 -0.21911123307070585 0.97569988600093371 0 0.97569988600093371 0.21911123307070585 0.020000000000000011
10 0 6.2831853071795862 0 0.22058487650790326
2 15.946984876507903 6 -0.84485748422101159 -1 0 0 0 -0.21911123307070585 0.97569988600093371 0 0.97569988600093371 0.21911123307070585 0.018000000000000006
1 15.7264 6.0000000000000018 -0.84485748422101148 -1 -1.0532200112045587e-13 4.9973913895939859e-14 7.184530748105543e-14 -0.21911123307070579 0.9756998860009336 -9.1818046221714398e-14 0.9756998860009336 0.21911123307070587 
1 15.7264 6.0000000000000018 -0.84485748422101192 -1 -1.0431239205743736e-13 4.5477510646207975e-14 6.723788192886103e-14 -0.21911123307070579 0.9756998860009336 -9.1818046221714398e-14 0.9756998860009336 0.21911123307070587 
2 14.698267630819153 -3.1841838875240511 -1.4687207239518838 1 0 0 -0 0 1 0 -1 0 0.10000000000000001
1 14.698267630819153 -3.1841838875240511 -1.4687207239518838 1 0 0 -0 0 1 0 -1 0 
1 14.898267630819152 -3.1841838875240511 -1.4687207239518838 1 0 0 -0 0 1 0 -1 0 
2 14.748267630819154 -3.1841838875240511 -1.5587207239518839 0 6.123233995736766e-17 -1 0 -1 -6.123233995736766e-17 -1 0 -0 0.017999999999999999
1 14.748267630819154 -3.1841838875240511 -1.5587207239518839 0 6.123233995736766e-17 -1 0 -1 -6.123233995736766e-17 -1 0 -0 
1 17.968319999999995 -9.5981232661833342 -0.71476675300432491 1 0 -0 0 0 1 0 -1 0 
1 17.968319999999995 -9.5981232661833342 -0.71476675300432491 -0 1 0 0 0 1 1 0 -0 
1 17.968319999999995 -9.5981232661833342 -0.65140675300432493 0 0 1 1 0 -0 -0 1 0 
1 17.968319999999995 -9.5981232661833342 -0.71476675300432491 0 0 1 1 0 -0 -0 1 0 
1 17.968319999999995 -9.5347632661833348 -0.71476675300432491 -0 1 0 0 0 1 1 0 -0 
2 17.968319999999995 -9.5664432661833345 -0.68308675300432486 -1 0 0 0 0 -1 -0 -1 -0 0.028799999999999999
1 17.968319999999995 -9.5664432661833345 -0.68308675300432486 -1 0 0 0 0 -1 -0 -1 -0 
1 18.031679999999994 -9.5981232661833342 -0.71476675300432491 1 0 -0 0 0 1 0 -1 0 
1 17.904959999999996 -9.5664432661833345 -0.68308675300432486 -1 0 0 0 0 -1 -0 -1 -0 
2 18.031679999999998 -9.5664432661833345 -0.68308675300432486 1 0 0 -0 0 1 0 -1 0 0.028799999999999999
1 18.031679999999998 -9.5664432661833345 -0.68308675300432486 1 0 0 -0 0 1 0 -1 0 
2 17.968319999999995 -9.5664432661833345 -0.68308675300432486 -1 0 0 0 0 -1 -0 -1 -0 0.024
1 17.904959999999996 -9.5664432661833345 -0.68308675300432486 -1 0 0 0 0 -1 -0 -1 -0 
1 18.095039999999997 -9.5664432661833345 -0.68308675300432486 1 0 0 -0 0 1 0 -1 0 
1 17.968319999999995 -9.5664432661833345 -0.68308675300432486 -1 0 0 0 0 -1 -0 -1 -0 
2 18.031679999999998 -9.5664432661833345 -0.68308675300432486 1 0 0 -0 0 1 0 -1 0 0.024
1 18.095039999999997 -9.5664432661833345 -0.68308675300432486 1 0 0 -0 0 1 0 -1 0 
1 18.031679999999998 -9.5664432661833345 -0.68308675300432486 1 0 0 -0 0 1 0 -1 0 
1 15.6736 -6 -0.8448574842210117 -1 -0 -1.068249142486786e-27 1.068249142486786e-27 0 -1 0 -1 0 
10 0 6.2831853071795862 0 0.67359999999999864
2 15.673599999999999 -6 -0.84485748422101159 -1 0 0 0 0 -1 -0 -1 -0 0.02
10 0 6.2831853071795862 0 0.67359999999999864
2 15.673599999999999 -6 -0.84485748422101159 -1 0 0 0 0 -1 -0 -1 -0 0.017999999999999999
1 15.6736 -6 -0.84485748422101159 -1 0 6.086889700779363e-28 -6.086889700779363e-28 0 -1 0 -1 0 
1 15.000000000000002 -6 -0.8448574842210117 -1 -0 -1.068249142486786e-27 1.068249142486786e-27 0 -1 0 -1 0 
1 15.000000000000002 -6 -0.84485748422101159 -1 0 6.086889700779363e-28 -6.086889700779363e-28 0 -1 0 -1 0 
1 15.353269611119078 0.026400000000000649 -1.6596903879305205 0 1 2.0463005659114104e-30 0 -2.0463005659114104e-30 1 1 0 0 
10 0 6.2831853071795862 0 0.42894065416776234
2 15.353269611119078 0.026400000000000645 -1.6596903879305205 0 1 0 0 -0 1 1 0 -0 0.02
10 0 6.2831853071795862 0 0.42894065416776234
2 15.353269611119078 0.026400000000000645 -1.6596903879305205 0 1 0 0 -0 1 1 0 -0 0.017999999999999999
1 15.353269611119076 0.026400000000000645 -1.6596903879305205 0 1 0 0 0 1 1 0 0 
9 1 1 1 0 6 6 6 7 2 2 15.353269611119078 0.45534065416776298 -1.6396903879305205  1.6690784610682365 15.353269611119078 0.47131223267852718 -1.6396903879305205  1.6690784610682405 15.358348047294745 0.48615253621961357 -1.6407060751656537  1.6690784610682217 15.367575354673608 0.49867392376232306 -1.6425515366414272  1.6690784610682554 15.37985358533083 0.50808396783887433 -1.6450071827728707  1.6690784610682214 15.394405700204606 0.51326297687052647 -1.6479176057476261  1.6690784610682423 15.410067121452542 0.51326297687052658 -1.6510498899972132  1.6690784610682365 
15.3865004726305 0.45534065416776298 -1.6396903879305205  1.0367296232096121 15.3865004726305 0.46250696602238295 -1.6396903879305205  1.0367296232096144 15.388779123882415 0.4685579900532531 -1.6401461181809034  1.0367296232096046 15.392581849517441 0.47447562435265894 -1.6409066633079095  1.0367296232096215 15.398384567357246 0.47835365879622832 -1.6420672068758699  1.0367296232096057 15.404318084590058 0.48067743623586578 -1.6432539103224324  1.0367296232096144 15.411345231510673 0.48067743623586578 -1.6446593397065554  1.0367296232096121 
15.391271858783989 0.45534065416776298 -1.6807813517414834  1.0383466998475064 15.391271858783989 0.4590650839615068 -1.6807813517414834  1.0383466998475077 15.39245610484868 0.46168047513131749 -1.6810182009544219  1.0383466998475006 15.39413842103775 0.46501677479201364 -1.6813546641922357  1.0383466998475128 15.397409932013344 0.46673240740723332 -1.6820089663873543  1.0383466998475017 15.399974534053833 0.46794010616578452 -1.6825218867954519  1.0383466998475084 15.403626637937545 0.46794010616578452 -1.6832523075721944  1.0383466998475064 
15.353269611119078 0.45534065416776298 -1.7146727263506898  0.85353433019614966 15.353269611119078 0.4673385801503559 -1.7146727263506898  0.85353433019615044 15.357084556605018 0.47821244586389466 -1.7154357154478774  0.85353433019614511 15.363863851470187 0.48775368279953962 -1.7167915744209121  0.85353433019615621 15.37321980403147 0.49466723416071967 -1.7186627649331678  0.85353433019614444 15.383882506620225 0.49855773045593971 -1.7207953054509189  0.85353433019615144 15.395647440987124 0.49855773045593976 -1.7231482923242989  0.85353433019614966 
15.315267363454167 0.45534065416776298 -1.6807813517414834  1.0383466998475068 15.315267363454167 0.47920419014190963 -1.6807813517414834  1.0383466998475082 15.322855182296792 0.50192212223613031 -1.6822989155100083  1.0383466998475017 15.336944417207302 0.52036230153496021 -1.6851167624921108  1.0383466998475119 15.355026500684012 0.53473055828302052 -1.6887331791874525  1.0383466998475039 15.377303265887264 0.54246864555185104 -1.6931885322281028  1.0383466998475079 15.400703388117167 0.54246864555185104 -1.6978685566740834  1.0383466998475068 
15.320038749607656 0.45534065416776298 -1.6396903879305205  1.0367296232096115 15.320038749607656 0.4801174993346714 -1.6396903879305205  1.0367296232096133 15.327916970707076 0.5037470823859741 -1.641266032150404  1.0367296232096055 15.342568859829781 0.52287222317198712 -1.6441964099749451  1.036729623209619 15.361322603304412 0.53781427688152028 -1.6479471586698715  1.0367296232096059 15.384493315819153 0.54584851750518726 -1.6525813011728199  1.0367296232096135 15.408789011394409 0.54584851750518737 -1.6574404402878711  1.0367296232096115 

0 6
6.2831853071795862 6

0 7
1 7

9 1 1 1 0 6 6 6 7 2 2 15.353269611119078 0.45534065416776298 -1.6416903879305205  1.6690784610682365 15.353269611119078 0.47120624365199393 -1.6416903879305205  1.6690784610682405 15.358314346273509 0.48594075060388031 -1.6426993349614065  1.6690784610682217 15.367476357942339 0.49838264874495575 -1.6445317372951724  1.6690784610682554 15.379676642828391 0.50772610400158058 -1.6469717942723832  1.6690784610682214 15.394125015611245 0.51287074460025028 -1.6498614688289537  1.6690784610682423 15.409682506067925 0.51287074460025028 -1.6529729669202902  1.6690784610682365 
15.383177386479357 0.45534065416776298 -1.6416903879305205  1.0367296232096121 15.383177386479357 0.4632815036614642 -1.6416903879305205  1.0367296232096144 15.38570231520241 0.4701056590541558 -1.6421953736751314  1.0367296232096046 15.389982203301786 0.47660417927625826 -1.6430513512950062  1.0367296232096215 15.396354526652166 0.480968825863199 -1.6443258159650824  1.0367296232096057 15.40304616155815 0.48354375802905553 -1.6456641429462795  1.0367296232096144 15.410832805120243 0.48354375802905553 -1.6472214716586981  1.0367296232096121 
15.3874716340175 0.45534065416776298 -1.678672255360387  1.0383466998475064 15.3874716340175 0.4601838098066755 -1.678672255360387  1.0383466998475077 15.389011598072052 0.46391589562441388 -1.6789802481712974  1.0383466998475006 15.391383117670063 0.46809121467167741 -1.6794545520908999  1.0383466998475128 15.395477354842654 0.47050969961310357 -1.6802733995254182  1.0383466998475017 15.399136966075549 0.47208016096598227 -1.6810053217719971  1.0383466998475084 15.403886070904429 0.47208016096598232 -1.6819551427377732  1.0383466998475064 
15.353269611119078 0.45534065416776298 -1.7091744925086727  0.85353433019614966 15.353269611119078 0.46762995637663973 -1.7091744925086727  0.85353433019615044 15.357177204652753 0.47879466928373327 -1.709956011215408  0.85353433019614511 15.364136005059256 0.48855443187845082 -1.7113477712967085  0.85353433019615621 15.373706239658967 0.49565104369124124 -1.7132618182166508  0.85353433019614444 15.384654141385301 0.49963602282712205 -1.7154513985619171  0.85353433019615144 15.39670479364905 0.49963602282712211 -1.7178615290146673  0.85353433019614966 
15.319067588220657 0.45534065416776298 -1.678672255360387  1.0383466998475068 15.319067588220657 0.47830900536903803 -1.678672255360387  1.0383466998475082 15.32637076777535 0.50013337801874536 -1.6801328912713254  1.0383466998475017 15.33990851422266 0.51790218874032934 -1.682840440560788  1.0383466998475119 15.357332266646257 0.53170803540131206 -1.6863251910455068  1.0383466998475039 15.378732824725637 0.53915584641344216 -1.690605302661383  1.0383466998475079 15.40125514606609 0.53915584641344216 -1.6951097669294735  1.0383466998475068 
15.323361835758799 0.45534065416776298 -1.6416903879305205  1.0367296232096115 15.323361835758799 0.47913098364252366 -1.6416903879305205  1.0367296232096133 15.330926377344607 0.50177584215360471 -1.6432032962476819  1.0367296232096055 15.344970512582888 0.52016111821365374 -1.6460121232953386  1.036729623209619 15.362998759004617 0.53448338213996172 -1.6496177725796839  1.0367296232096059 15.385203869664338 0.54219773117144487 -1.6540587947116281  1.0367296232096135 15.408532207015607 0.54219773117144487 -1.6587244621818822  1.0367296232096115 

0 6
6.2831853071795862 6

0 7
1 7

10 0 6.2831853071795862 0 0.45590195135927897
2 15.406220967606387 0.50934065416776297 -1.6702806592279824 0.98058067569092011 0 -0.19611613513818421 0.1923076923076926 0.19611613513818116 0.96153846153846212 0.038461538461537936 -0.98058067569092078 0.19230769230768949 0.020000000000000004
10 0 6.2831853071795862 0 0.45590195135927897
2 15.406220967606387 0.50934065416776297 -1.6702806592279824 0.98058067569092011 0 -0.19611613513818421 0.1923076923076926 0.19611613513818116 0.96153846153846212 0.038461538461537936 -0.98058067569092078 0.19230769230768949 0.018000000000000002
1 15.853269611119078 0.50934065416776342 -1.7596903879305206 0.98058067569091967 1.3869988440791579e-17 -0.19611613513818688 0.1923076923076952 0.19611613513818116 0.96153846153846156 0.038461538461538478 -0.98058067569092078 0.19230769230768943 
1 15.853269611119078 0.50934065416776519 -1.7596903879305206 0.98058067569091967 1.3869988440791178e-17 -0.19611613513818688 0.1923076923076952 0.19611613513818116 0.96153846153846156 0.038461538461538478 -0.98058067569092078 0.19230769230768943 
1 14.791958906371198 -3.1725677786951687 -1.4276474856925654 0.99613407746620641 0.01767196867423242 -0.086049992642224529 0.086063432431042072 6.4891219979280869e-19 0.9962896594857279 0.017606399652893467 -0.99984383856839221 -0.0015209102819182933 
10 0 6.2831853071795862 0 0.1976235675224666
2 14.791958906371196 -3.1725677786951691 -1.4276474856925654 0.9961340774662063 0.017671968674203523 -0.086049992642231413 0.0860634324310489 2.602085213965211e-18 0.99628965948572723 0.01760639965286467 -0.99984383856839265 -0.0015209102819159254 0.017999999999999999
10 0 6.2831853071795862 0 0.1976235675224666
2 14.791958906371196 -3.1725677786951691 -1.4276474856925654 0.9961340774662063 0.017671968674203523 -0.086049992642231413 0.0860634324310489 2.602085213965211e-18 0.99628965948572723 0.01760639965286467 -0.99984383856839265 -0.0015209102819159254 0.016
1 14.7919589063712 -3.1725677786951696 -1.4276474856925656 0.99613407746620719 0.017671968674189055 -0.086049992642224613 0.086063432431042086 4.3207176529570785e-19 0.9962896594857279 0.017606399652850262 -0.99984383856839287 -0.0015209102819145615 
9 1 1 1 0 6 3 6 4 2 2 14.990367618409792 -3.1690753811976249 -1.426719778367685  1.6690784610682365 14.991429887067124 -3.1690565359658005 -1.4268115413224007  1.6690784610682354 14.992495762963001 -3.1690470996630871 -1.4268574894448403  1.6690784610682372 14.993562154205918 -3.169047099662301 -1.4268574894487465  1.6690784610682365 
14.990894186701491 -3.1989784861158665 -1.4267652654157101  1.0367296232096121 14.991781357170902 -3.1989627472228719 -1.4268419026966586  1.0367296232096117 14.992671540647889 -3.198954866342191 -1.4268802770135758  1.0367296232096121 14.993562154159676 -3.1989548663411318 -1.4268802770188358  1.0367296232096121 
14.987787006219826 -3.2032720630641887 -1.4636164486604621  1.0383466998475064 14.989707398173442 -3.2032379942497942 -1.4637823396984737  1.0383466998475059 14.991634309579851 -3.2032209351161272 -1.4638654056178804  1.0383466998475064 14.993562154432562 -3.2032209351166445 -1.4638654056153093  1.0383466998475064 
14.984559704228136 -3.1690753812088839 -1.4939534938837287  0.85353433019614966 14.987553261314421 -3.1690222738506493 -1.4942120891690569  0.8535343301961491 14.99055697985553 -3.1689956816389087 -1.4943415744382476  0.85353433019614977 14.993562154715994 -3.1689956816410705 -1.494341574427509  0.85353433019614966 
14.986582657146494 -3.134878699343401 -1.4635124122325169  1.0383466998475068 14.988903527715497 -3.1348375258165695 -1.4637128981967176  1.0383466998475062 14.991232276842132 -3.1348169091745737 -1.4638132866663174  1.038346699847507 14.993562154538324 -3.1348169091757154 -1.4638132866606499  1.0383466998475068 
14.989841050118093 -3.1391722762793828 -1.4266742913196599  1.0367296232096115 14.991078416963347 -3.1391503247087287 -1.4267811799481427  1.0367296232096113 14.992319985278112 -3.1391393329839836 -1.4268347018761052  1.0367296232096113 14.993562154252158 -3.1391393329834703 -1.4268347018786576  1.0367296232096115 

0 6
6.2831853071795862 6

0 4
1 4

9 1 1 1 0 6 3 6 4 2 2 14.990195491529899 -3.1690753811979584 -1.4287123576850316  1.6690784610682365 14.991314997026665 -3.169055520552901 -1.4288090649842462  1.6690784610682354 14.992438304006713 -3.1690455758072251 -1.4288574888644148  1.6690784610682372 14.993562154221033 -3.1690455758065261 -1.4288574888678871  1.6690784610682365 
14.990663552233634 -3.1956559189030624 -1.4287527906166095  1.0367296232096121 14.991627414896691 -3.1956388194480758 -1.4288360528724755  1.0367296232096117 14.992594550837726 -3.1956302572997619 -1.4288777444810685  1.0367296232096121 14.99356215417993 -3.1956302572988204 -1.4288777444857441  1.0367296232096121 
14.987901614027708 -3.199472431746015 -1.461509397945278  1.0383466998475064 14.989783895787836 -3.199439039027562 -1.461671996874089  1.0383466998475059 14.991672567666138 -3.1994223184321493 -1.4617534143515616  1.0383466998475064 14.993562154422497 -3.1994223184326094 -1.4617534143492763  1.0383466998475064 
14.985032901146207 -3.1690753812079664 -1.4884756603659592  0.85353433019614966 14.987869107468706 -3.169025065339433 -1.4887206630701626  0.8535343301961491 14.990714941244519 -3.1689998708968439 -1.4888433421918881  0.85353433019614977 14.993562154674436 -3.1689998708987659 -1.4888433421823426  0.85353433019614966 
14.986831081518082 -3.1386783306608703 -1.461416921120438  1.0383466998475068 14.989069344269662 -3.138638622642473 -1.4616102710947501  1.0383466998475062 14.991315205232608 -3.1386187398174359 -1.4617070863946167  1.038346699847507 14.993562154516507 -3.1386187398184502 -1.4617070863895789  1.0383466998475068 
14.989727430826168 -3.1424948434928544 -1.4286719247534538  1.0367296232096115 14.991002579156641 -3.1424722216577261 -1.4287820770960167  1.0367296232096113 14.992282057175702 -3.1424608943146888 -1.4288372332477612  1.0367296232096113 14.993562154262136 -3.1424608943142323 -1.4288372332500301  1.0367296232096115 

0 6
6.2831853071795862 6

0 4
1 4

10 0 6.2831853071795862 0 1.0597074567771081
2 14.993562154341969 -3.1690333849603287 -1.4448574842210116 1 0 0 0 -0.00076192792074017066 0.99999970973287966 0 -0.99999970973287966 -0.00076192792074017066 0.017999999999999995
10 0 6.2831853071795862 0 1.0597074567771081
2 14.993562154341969 -3.1690333849603287 -1.4448574842210116 1 0 0 0 -0.00076192792074017066 0.99999970973287966 0 -0.99999970973287966 -0.00076192792074017066 0.015999999999999997
1 16.053269611119077 -3.1690333849603287 -1.4448574842210116 1 1.6507415822718946e-13 -4.3062775567648259e-14 4.3201553445726391e-14 -0.00076192792074005128 0.99999970973287966 1.6503869126362203e-13 -0.99999970973287977 -0.00076192792074005183 
1 16.053269611119077 -3.1690333849603296 -1.4448574842210116 1 1.2170253411818155e-13 -4.3104408931071703e-14 4.3215431233534218e-14 -0.00076192792074005172 0.99999970973287977 1.2166867990534569e-13 -0.99999970973287966 -0.00076192792074005215 
1 14.200000000000001 2.7664432661833338 -1.3448574842210115 0.99503719020999049 0 -0.09950371902098544 0.09950371902098544 0 0.99503719020999049 0 -1 0 
10 0 6.2831853071795862 0 0.37031502484483592
2 14.199999999999999 2.7664432661833338 -1.3448574842210115 0.99503719020998926 0 -0.09950371902099879 0.09950371902099879 0 0.99503719020998926 0 -1 0 0.024
10 0 6.2831853071795862 0 0.37031502484483592
2 14.199999999999999 2.7664432661833338 -1.3448574842210115 0.99503719020998926 0 -0.09950371902099879 0.09950371902099879 0 0.99503719020998926 0 -1 0 0.021599999999999998
1 14.199999999999999 2.7664432661833338 -1.3448574842210115 0.99503719020998938 -5.9445092379537021e-16 -0.099503719020996528 0.099503719020996528 0 0.99503719020998938 -5.9150077693107786e-16 -1 5.9150077693106354e-17 
1 14.568477221814149 2.7664432661833338 -1.3817052064024262 0.99503719020999049 0 -0.09950371902098544 0.09950371902098544 0 0.99503719020999049 0 -1 0 
1 14.568477221814147 2.7664432661833338 -1.3817052064024262 0.99503719020998938 -5.9445092379537021e-16 -0.099503719020996528 0.099503719020996528 0 0.99503719020998938 -5.9150077693107786e-16 -1 5.9150077693106354e-17 
1 14.56832 2.7347632661833337 -1.4165374842210114 1 0 -0 0 0 1 0 -1 0 
1 14.56832 2.7347632661833337 -1.4165374842210114 -0 1 0 0 0 1 1 0 -0 
1 14.56832 2.7347632661833337 -1.3531774842210114 0 0 1 1 0 -0 -0 1 0 
1 14.56832 2.7347632661833337 -1.4165374842210114 0 0 1 1 0 -0 -0 1 0 
1 14.56832 2.7981232661833335 -1.4165374842210114 -0 1 0 0 0 1 1 0 -0 
2 14.56832 2.7664432661833338 -1.3848574842210115 -1 0 0 0 0 -1 -0 -1 -0 0.028799999999999999
1 14.56832 2.7664432661833338 -1.3848574842210115 -1 0 0 0 0 -1 -0 -1 -0 
1 14.631679999999999 2.7347632661833337 -1.4165374842210114 1 0 -0 0 0 1 0 -1 0 
1 14.504960000000001 2.7664432661833338 -1.3848574842210115 -1 0 0 0 0 -1 -0 -1 -0 
2 14.631679999999999 2.7664432661833338 -1.3848574842210115 1 0 0 -0 0 1 0 -1 0 0.028799999999999999
1 14.631679999999999 2.7664432661833338 -1.3848574842210115 1 0 0 -0 0 1 0 -1 0 
2 14.56832 2.7664432661833338 -1.3848574842210115 -1 0 0 0 0 -1 -0 -1 -0 0.024
1 14.504960000000001 2.7664432661833338 -1.3848574842210115 -1 0 0 0 0 -1 -0 -1 -0 
1 14.695039999999999 2.7664432661833338 -1.3848574842210115 1 0 0 -0 0 1 0 -1 0 
1 14.56832 2.7664432661833338 -1.3848574842210115 -1 0 0 0 0 -1 -0 -1 -0 
2 14.631679999999999 2.7664432661833338 -1.3848574842210115 1 0 0 -0 0 1 0 -1 0 0.024
1 14.695039999999999 2.7664432661833338 -1.3848574842210115 1 0 0 -0 0 1 0 -1 0 
1 14.631679999999999 2.7664432661833338 -1.3848574842210115 1 0 0 -0 0 1 0 -1 0 
1 17.9088729465334 -9.9383921537715096 -0.64228892611329025 -0.5044454824510799 0.85974443794087552 -0.079838942029722124 0.86249772342294395 0.50606094207144559 0 0.040403370217548716 -0.068860905741131712 -0.99680777652242203 
10 0 6.2831853071795862 0 0.16900788232698319
2 17.9088729465334 -9.9383921537715079 -0.64228892611329058 -0.504445482451083 0.8597444379408733 -0.079838942029727633 0.86249772342294195 0.50606094207144903 3.1225022567582523e-16 0.04040337021755204 -0.068860905741136152 -0.99680777652242147 0.040000000000000001
10 0 6.2831853071795862 0 0.16900788232698319
2 17.9088729465334 -9.9383921537715079 -0.64228892611329058 -0.504445482451083 0.8597444379408733 -0.079838942029727633 0.86249772342294195 0.50606094207144903 3.1225022567582523e-16 0.04040337021755204 -0.068860905741136152 -0.99680777652242147 0.035999999999999997
1 17.908872946533403 -9.9383921537715079 -0.64228892611329014 -0.50444548245108245 0.85974443794087352 -0.079838942029728244 0.86249772342294229 0.50606094207144825 0 0.040403370217552026 -0.06886090574113686 -0.99680777652242147 
9 1 1 1 0 6 6 6 7 2 2 17.858117592731848 -9.7728461292898601 -0.65578233663296159  1.6690784610682365 17.849710430329552 -9.7585175023803323 -0.65711294415155785  1.6690784610682405 17.838445317018831 -9.746302628189218 -0.65824726103621312  1.6690784610682217 17.824984334638941 -9.7367758174961168 -0.65913195473481567  1.6690784610682554 17.809932747374429 -9.7300085693820897 -0.65976038558709382  1.6690784610682214 17.793657879049579 -9.726485188974836 -0.6600875792875347  1.6690784610682423 17.77699173237017 -9.726485188974836 -0.66008757928753481  1.6690784610682365 
17.860802870332435 -9.7774227437343306 -0.72203189898321007  1.0367296232096121 17.852118134980437 -9.7626210393408499 -0.72340643816818295  1.0367296232096144 17.84047860968181 -9.7499986487108732 -0.72457859848619244  1.0367296232096046 17.826572120329089 -9.7401598463021077 -0.72549226485085805  1.0367296232096215 17.811025252795506 -9.7331669588576535 -0.72614164937800385  1.0367296232096057 17.794208132663417 -9.7295272496529108 -0.72647964578644653  1.0367296232096144 17.77699173237017 -9.7295272496529108 -0.72647964578644664  1.0367296232096121 
17.790306705014437 -9.81966893139227 -0.73154420862839242  1.0383466998475064 17.788909048117837 -9.8172868548650687 -0.73176541677045492  1.0383466998475077 17.787098901126541 -9.8153629284227968 -0.73194407945777873  1.0383466998475006 17.78488823540123 -9.8137147948521779 -0.73209713103310092  1.0383466998475128 17.782343881916724 -9.8126455808248778 -0.73219642207003732  1.0383466998475017 17.779762412146706 -9.8120598330196298 -0.73225081670523728  1.0383466998475084 17.776991732370163 -9.8120598330196298 -0.73225081670523728  1.0383466998475064 
17.728773400363199 -9.8487373949291239 -0.6557823366329617  0.85353433019614966 17.733736345019761 -9.8571959186204392 -0.65499684788439183  0.85353433019615044 17.740505872216254 -9.8646102569361549 -0.65430832592268529  0.85353433019614511 17.748504026717775 -9.8701114330994972 -0.65379746703786057  0.85353433019615621 17.757309051665487 -9.8742127584822192 -0.65341660330088724  0.85353433019614444 17.767153316071028 -9.8762926923681729 -0.65322345320462827  0.85353433019615144 17.776991732370156 -9.8762926923681746 -0.65322345320462794  0.85353433019614966 
17.784165029488417 -9.8092014546146498 -0.58002046463753065  1.0383466998475068 17.783402227994291 -9.8079013848060352 -0.58014119376761153  1.0383466998475082 17.782448423357415 -9.8069095160916007 -0.5802333022422913  1.0383466998475017 17.781256706016105 -9.8059749593533976 -0.58032008852197103  1.0383466998475119 17.77984514070457 -9.805421819922298 -0.58037145502697629  1.0383466998475039 17.778503890810786 -9.805102135383045 -0.58040114207613924  1.0383466998475079 17.776991732370163 -9.805102135383045 -0.58040114207613924  1.0383466998475068 
17.855432315131257 -9.7682695148453913 -0.58953277428271311  1.0367296232096115 17.847302725678663 -9.7544139654198165 -0.59081945013493253  1.0367296232096133 17.836412024355845 -9.7426066076675664 -0.59191592358623435  1.0367296232096055 17.823396548948796 -9.7333917886901204 -0.59277164461877285  1.036729623209619 17.808840241953355 -9.7268501799065259 -0.59337912179618391  1.0367296232096059 17.793107625435745 -9.723443128296763 -0.59369551278862276  1.0367296232096135 17.77699173237017 -9.723443128296763 -0.59369551278862298  1.0367296232096115 

0 6
6.2831853071795862 6

0 7
1 7

9 1 1 1 0 6 6 6 7 2 2 17.854667601838155 -9.7748703730581461 -0.65578233663296159  1.6690784610682365 17.846617059603769 -9.7611495466275304 -0.65705650162624452  1.6690784610682405 17.835832983318223 -9.7494582413973312 -0.65814219802546903  1.6690784610682217 17.822944379376608 -9.7403322714134699 -0.65898966822283556  1.6690784610682554 17.808529118284763 -9.7338549201931848 -0.65959117821320112  1.6690784610682214 17.792950924224296 -9.730480996695686 -0.65990449281070485  1.6690784610682423 17.77699173237017 -9.730480996695686 -0.65990449281070496  1.6690784610682365 
17.857084351678683 -9.7789893260581682 -0.71540694274818528  1.0367296232096121 17.848783993789567 -9.7648427298919938 -0.71672064624120724  1.0367296232096144 17.837662946714907 -9.7527846598668191 -0.71784040173045027  1.0367296232096046 17.824373386497744 -9.7433778973388652 -0.71871394732727378  1.0367296232096215 17.809512373163731 -9.7366974707211931 -0.71933431562502015  1.0367296232096057 17.793446152476751 -9.7332188513059528 -0.71965735265972541  1.0367296232096144 17.77699173237017 -9.7332188513059528 -0.71965735265972552  1.0367296232096121 
17.793637802892484 -9.8170108949503145 -0.72396802142884931  1.0383466998475064 17.791895815613227 -9.8140419638637937 -0.7242437269832519  1.0383466998475077 17.789621209015163 -9.8116125116075512 -0.72446933460487772  1.0383466998475006 17.786857890062674 -9.8095773510339264 -0.72465832689129284  1.0383466998475128 17.783699139372825 -9.8082282304916948 -0.72478361104784972  1.0383466998475017 17.78044500401171 -9.8074981763360007 -0.72485140648663737  1.0383466998475084 17.776991732370163 -9.8074981763360007 -0.72485140648663715  1.0383466998475064 
17.73825782870637 -9.8431725121334832 -0.6557823366329617  0.85353433019614966 17.742240382824956 -9.8499601212436261 -0.65515201498579512  0.85353433019615044 17.747687482995907 -9.8559351072695733 -0.65459715642329397  0.85353433019614511 17.754112102247568 -9.8603343254565132 -0.6541886292955762  0.85353433019615621 17.761167792146711 -9.8636386903833024 -0.6538817741556151  0.85353433019614444 17.769096817543598 -9.8653077497496895 -0.65372677933608891  0.85353433019615144 17.776991732370156 -9.8653077497496913 -0.65372677933608869  0.85353433019614966 
17.788110294919068 -9.8075901658504581 -0.58759665183707377  1.0383466998475068 17.786939677502037 -9.8055950408106636 -0.58778192628069303  1.0383466998475082 17.785435779022951 -9.8040044405094768 -0.5879296351109391  1.0383466998475017 17.783589513616057 -9.8026114990850211 -0.58805898863127581  1.0383466998475119 17.781450272281887 -9.8017268456793722 -0.58814114070909496  1.0383466998475039 17.779312334809383 -9.8012362484630735 -0.58818669932044898  1.0383466998475079 17.776991732370163 -9.8012362484630735 -0.58818669932044887  1.0383466998475068 
17.852250851997624 -9.770751420058124 -0.59615773051773802  1.0367296232096115 17.844450125417971 -9.7574563633630653 -0.59739235701128179  1.0367296232096133 17.834003019921539 -9.7461318229278433 -0.598443994320488  1.0367296232096055 17.82151537225548 -9.7372866454880729 -0.59926538911839733  1.036729623209619 17.807545863405796 -9.7310123696651782 -0.5998480408013821  1.0367296232096059 17.792455695971846 -9.727743142085421 -0.60015163296168417  1.0367296232096135 17.77699173237017 -9.727743142085421 -0.60015163296168428  1.0367296232096115 

0 6
6.2831853071795862 6

0 7
1 7

10 0 6.2831853071795862 0 0.043565271345034517
2 17.776991732370167 -9.7664432661833338 -0.65825671451923606 -1 0 0 0 0.99895193021242346 -0.045771619207468417 -0 -0.045771619207468417 -0.99895193021242346 0.040000000000000008
10 0 6.2831853071795862 0 0.043565271345034517
2 17.776991732370167 -9.7664432661833338 -0.65825671451923606 -1 0 0 0 0.99895193021242346 -0.045771619207468417 -0 -0.045771619207468417 -0.99895193021242346 0.036000000000000004
9 1 1 1 0 6 6 6 7 2 2 17.733426461025136 -9.726485188974836 -0.66008757928753481  1.6690784610682365 17.730723498729585 -9.726485188974836 -0.66008757928753492  1.6690784610682405 17.72826212856873 -9.7258756826277395 -0.66013886936392774  1.6690784610682217 17.725795299995379 -9.7247900910310712 -0.66023022210568294  1.6690784610682554 17.723720111974576 -9.7230740376606697 -0.66037462832701488  1.6690784610682214 17.722074987552258 -9.7211505413991777 -0.66053649090754918  1.6690784610682423 17.72086959551903 -9.7187397573327221 -0.66073935885063773  1.6690784610682365 
17.733426461025136 -9.7295272496529108 -0.72647964578644664  1.0367296232096121 17.731201708283113 -9.7295272496529126 -0.72647964578644675  1.0367296232096144 17.72921150790318 -9.7290255774989145 -0.72652186159474008  1.0367296232096046 17.727168323065598 -9.7281488138474899 -0.72659564142471955  1.0367296232096215 17.725469633395946 -9.7267174829194971 -0.72671608819773437  1.0367296232096057 17.724131487037745 -9.7251661361788582 -0.72684663432447827  1.0367296232096144 17.723139353615998 -9.7231818693353631 -0.72701361076118176  1.0367296232096121 
17.733426461025129 -9.8120598330196298 -0.73225081670523728  1.0383466998475064 17.715784015846978 -9.8120598330196298 -0.73225081670523728  1.0383466998475077 17.69860308848574 -9.808081537675994 -0.73258559102392906  1.0383466998475006 17.682901437872211 -9.8004720665574983 -0.73322592948280663  1.0383466998475128 17.669064270963798 -9.7898611552251342 -0.73411883971323366  1.0383466998475017 17.657829012884843 -9.7763115395029221 -0.73525904248354879  1.0383466998475084 17.649961325311327 -9.7605761643558928 -0.73658317733005774  1.0383466998475064 
17.733426461025122 -9.8762926923681746 -0.65322345320462794  0.85353433019614966 17.702464168258714 -9.8762926923681729 -0.65322345320462782  0.85353433019615044 17.672159476171714 -9.8693108288057783 -0.65381097836689106  0.85353433019614511 17.644657831286764 -9.8558847520123898 -0.65494078531257316  0.85353433019615621 17.620333837802718 -9.8373433016310106 -0.6565010519300124  0.85353433019614444 17.600548141956857 -9.8134279898216885 -0.65851353002068125  0.85353433019615144 17.58674043879633 -9.7858125835006327 -0.6608373717765047  0.85353433019614966 
17.733426461025129 -9.805102135383045 -0.58040114207613924  1.0383466998475068 17.71469027123355 -9.8051021353830432 -0.58040114207613913  1.0383466998475082 17.696431700387162 -9.8008772053434363 -0.58075667075195636  1.0383466998475017 17.679761106241259 -9.7927901100567034 -0.58143720137649635  1.0383466998475119 17.665062825119414 -9.7815279912455058 -0.58238491084157806  1.0383466998475039 17.653125457261197 -9.767127207806503 -0.58359673953904656  1.0383466998475079 17.644770011850447 -9.7504163169850013 -0.58500296421727671  1.0383466998475068 
17.733426461025136 -9.723443128296763 -0.59369551278862298  1.0367296232096115 17.730245289176061 -9.723443128296763 -0.59369551278862298  1.0367296232096133 17.727312749234283 -9.722725787756568 -0.59375587713311551  1.0367296232096055 17.724422276925164 -9.7214313682146525 -0.59386480278664622  1.036729623209619 17.721970590553202 -9.7194305924018423 -0.5940331684562955  1.0367296232096059 17.720018488066771 -9.7171349466194972 -0.5942263474906202  1.0367296232096135 17.718599837422062 -9.7142976453300811 -0.5944651069400938  1.0367296232096115 

0 6
6.2831853071795862 6

0 7
1 7

9 1 1 1 0 6 6 6 7 2 2 17.733426461025136 -9.730480996695686 -0.65990449281070496  1.6690784610682365 17.729969739082549 -9.730480996695686 -0.65990449281070496  1.6690784610682405 17.726765705448859 -9.7297015207971036 -0.65997008585756178  1.6690784610682217 17.723631124526378 -9.7282867720827273 -0.66008913723411033  1.6690784610682554 17.720962495278425 -9.726121935775824 -0.66027130862590611  1.6690784610682214 17.718833508341131 -9.7236118529657869 -0.66048253257737466  1.6690784610682423 17.717291975520808 -9.7205287873251471 -0.66074197314429495  1.6690784610682365 
17.733426461025136 -9.7332188513059528 -0.71965735265972552  1.0367296232096121 17.730400127680721 -9.7332188513059545 -0.71965735265972552  1.0367296232096144 17.727620146849862 -9.7325364261811611 -0.71971477886529323  1.0367296232096046 17.724866845289572 -9.7313096226175038 -0.71981801462124284  1.0367296232096215 17.72253706455766 -9.7294010365087686 -0.71997862250955424  1.0367296232096057 17.720684357878071 -9.7272258882674993 -0.72016166165261064  1.0367296232096144 17.719334757808081 -9.7245266881275239 -0.72038879986378457  1.0367296232096121 
17.733426461025129 -9.8074981763360007 -0.72485140648663715  1.0383466998475064 17.716524204488199 -9.8074981763360007 -0.72485140648663715  1.0383466998475077 17.700072569374164 -9.8036867903405334 -0.72517213535156289  1.0383466998475006 17.68502664861553 -9.7964005500565108 -0.72578527387352165  1.0383466998475128 17.671772238368725 -9.7862303415838419 -0.72664109887350314  1.0383466998475017 17.661012131140453 -9.7732567512591579 -0.72773282899577418  1.0383466998475084 17.653474532333874 -9.7581815536460006 -0.72900140977577299  1.0383466998475064 
17.733426461025122 -9.8653077497496913 -0.65372677933608869  0.85353433019614966 17.704536341658759 -9.8653077497496895 -0.65372677933608858  0.85353433019615044 17.676273318291543 -9.8587931523573396 -0.65427498396022876  0.85353433019614511 17.650607402688625 -9.8462719669659098 -0.65532864412031167  0.85353433019615621 17.627914848523758 -9.8289642733491309 -0.65678508986860396  0.85353433019614444 17.609459347305272 -9.8066615565460467 -0.65866186777919344  0.85353433019615144 17.596575734470381 -9.7808943308762668 -0.66083018477757516  0.85353433019614966 
17.733426461025129 -9.8012362484630735 -0.58818669932044887  1.0383466998475068 17.715539834336116 -9.8012362484630717 -0.58818669932044876  1.0383466998475082 17.698118320085445 -9.7972028912412306 -0.58852610710678754  1.0383466998475017 17.682200350147674 -9.789486789205796 -0.58917541857784261  1.0383466998475119 17.66817093710878 -9.7787304940021755 -0.59008056288901312  1.0383466998475039 17.656778931079174 -9.7649908527323817 -0.59123675634572215  1.0383466998475079 17.648802350219082 -9.7490376910121981 -0.59257921797426993  1.0383466998475068 
17.733426461025136 -9.727743142085421 -0.60015163296168428  1.0367296232096115 17.729539350484373 -9.727743142085421 -0.60015163296168428  1.0367296232096133 17.725911264047856 -9.7268666154130496 -0.60022539284983079  1.0367296232096055 17.72239540376318 -9.7252639215479508 -0.60036025984697761  1.036729623209619 17.719387925999193 -9.7228428350428775 -0.60056399474225863  1.0367296232096059 17.716982658804191 -9.7199978176640744 -0.60080340350213857  1.0367296232096135 17.715249193233539 -9.7165308865227686 -0.60109514642480533  1.0367296232096115 

0 6
6.2831853071795862 6

0 7
1 7

10 0 6.2831853071795862 0 4.4505799621139293
2 17.685093395536818 -9.7366300572569688 -0.66076550178720972 -0.44595221887156772 0.89190443774313366 -0.075053930061191917 0.89440499955531505 0.44725749810623538 0.00065357341429396465 0.034151358010808777 -0.066837147768705127 -0.99717926193045248 0.040000000000000008
10 0 6.2831853071795862 0 4.4505799621139293
2 17.685093395536818 -9.7366300572569688 -0.66076550178720972 -0.44595221887156772 0.89190443774313366 -0.075053930061191917 0.89440499955531505 0.44725749810623538 0.00065357341429396465 0.034151358010808777 -0.066837147768705127 -0.99717926193045248 0.036000000000000004
9 1 1 1 0 6 3 6 4 2 2 15.73612358614899 -5.7492477385926408 -0.99477287605887921  1.6690784610682365 15.735891894987109 -5.7487843562688825 -0.99481186976988034  1.6690784610682354 15.735660467424021 -5.7483215011427031 -0.99485833457845019  1.6690784610682372 15.735429375682937 -5.7478593176605344 -0.99491225598399169  1.6690784610682365 
15.738393344245091 -5.7536898505935454 -1.0610471279695552  1.0367296232096121 15.738446673793151 -5.7537965096870405 -1.0610381525855781  1.0367296232096117 15.738499942662695 -5.7539030474235036 -1.0610274575415357  1.0367296232096121 15.738553134238973 -5.7540094305734311 -1.0610150461732519  1.0367296232096121 
15.665215315940291 -5.7910841456138247 -1.0706166945384503  1.0383466998475064 15.665309800606355 -5.7912731149429488 -1.0706007927337606  1.0383466998475059 15.665404177770402 -5.7914618692680371 -1.0705818441839843  1.0383466998475064 15.665498417990058 -5.7916503497043434 -1.0705598548004065  1.0383466998475064 
15.601994429426288 -5.8163205647605487 -0.99487088898474629  0.85353433019614966 15.601763159781276 -5.8158580254705221 -0.99490981175695725  0.8535343301961491 15.6015321532555 -5.8153960124189643 -0.99495619203453434  0.85353433019614977 15.601301481940787 -5.8149346697895377 -0.9950100153432565  0.85353433019614966 
15.660024002481396 -5.7809242982469033 -0.9190364814253672  1.0383466998475068 15.659466597481279 -5.7798094882496782 -0.91913029290192994  1.0383466998475062 15.65890982665516 -5.7786959466004442 -0.91924207842142913  1.038346699847507 15.658353863747847 -5.7775840207888116 -0.91937180310029532  1.0383466998475068 
15.73385382805289 -5.7448056265917353 -0.92849862414820317  1.0367296232096115 15.733337116181069 -5.7437722028507245 -0.92858558695418303  1.0367296232096113 15.732820992185342 -5.7427399548619045 -0.92868921161536477  1.0367296232096113 15.732305617126899 -5.7417092047476386 -0.92880946579473145  1.0367296232096115 

0 6
6.2831853071795862 6

0 4
1 4

9 1 1 1 0 6 3 6 4 2 2 15.732545966150768 -5.751036768585065 -0.99477549035253643  1.6690784610682365 15.732314286231986 -5.7505734087475009 -0.99481448217139101  1.6690784610682354 15.732082869899202 -5.7501105760819362 -0.99486094472526998  1.6690784610682372 15.731851789372129 -5.7496484150277878 -0.99491486351428016  1.6690784610682365 
15.734588748437258 -5.7550346693858794 -1.054422317072145  1.0367296232096121 15.734613587157421 -5.7550843468238444 -1.054418136705519  1.0367296232096117 15.734638397614011 -5.7551339677346549 -1.0544131553920466  1.0367296232096121 15.734663172072562 -5.755183516649395 -1.0544073746846143  1.0367296232096121 
15.66872852296294 -5.7886895349041305 -1.0630349269841504  1.0383466998475064 15.668790401289307 -5.7888132915541615 -1.0630245128388829  1.0383466998475059 15.668852209210947 -5.7889369073947341 -1.0630121033702511  1.0383466998475064 15.668913927448539 -5.7890603438672157 -1.0629977024490536  1.0383466998475064 
15.611829725100337 -5.8114023121361829 -0.99486370198581675  0.85353433019614966 15.611598424546735 -5.8109397110289782 -0.99490262995976009  0.8535343301961491 15.611367387147531 -5.8104776362305701 -0.99494901643574574  0.85353433019614977 15.611136685004194 -5.8100162319438908 -0.99500284693761842  0.85353433019614966 
15.664056340849934 -5.779545672273902 -0.92661273518237564  1.0383466998475068 15.663531518476738 -5.7784960275302177 -0.92670106299023558  1.0383466998475062 15.663007293207231 -5.777447576993902 -0.9268063141839511  1.038346699847507 15.662483828630549 -5.7764006478432375 -0.92692845591895334  1.0383466998475068 
15.730503183864277 -5.7470388677842505 -0.9351286636329279  1.0367296232096115 15.730014985306546 -5.7460624706711592 -0.93521082763726326  1.0367296232096113 15.729527342184394 -5.7450871844292157 -0.93530873405849313  1.0367296232096113 15.729040406671697 -5.7441133134061815 -0.935422352343946  1.0367296232096115 

0 6
6.2831853071795862 6

0 4
1 4

10 0 6.2831853071795862 0 3.368173914878934
2 15.699653512574866 -5.7657502913330658 -0.99493833128687614 -0.44479847163553998 0.88959694327107908 -0.10378631004829264 0.89439657770003511 0.4472743418167176 0.00065188257171085173 0.047000866259601537 -0.092536164147724878 -0.99459940523593349 0.040000000000000022
10 0 6.2831853071795862 0 3.368173914878934
2 15.699653512574866 -5.7657502913330658 -0.99493833128687614 -0.44479847163553998 0.88959694327107908 -0.10378631004829264 0.89439657770003511 0.4472743418167176 0.00065188257171085173 0.047000866259601537 -0.092536164147724878 -0.99459940523593349 0.036000000000000011
9 1 1 1 0 6 5 6 6 2 2 14.237270766142094 -2.7515420985788523 -1.3444825982101878  1.6690784610682365 14.236232643584163 -2.7494658534629814 -1.344724826807026  1.6690784610682319 14.235130079516718 -2.7474223338509005 -1.3449605439530417  1.6690784610682436 14.233964205233434 -2.7454134900267655 -1.3451895273201366  1.6690784610682303 14.232736138670079 -2.7434412482345931 -1.3454115573403009  1.6690784610682388 14.231447012014252 -2.7415075582508428 -1.3456264117829266  1.6690784610682365 
14.240394524697265 -2.7576922114900193 -1.410585388399664  1.0367296232096121 14.239290772507692 -2.7554847071108166 -1.410842930577223  1.036729623209609 14.238118504687549 -2.753311996809928 -1.4110935496899877  1.0367296232096168 14.236878924524747 -2.751176155072689 -1.4113370092495108  1.0367296232096084 14.2355732199602 -2.7490792287645212 -1.4115730759384326  1.036729623209613 14.234202595308862 -2.747023291787464 -1.4118015133803135  1.0367296232096121 
14.167339808448226 -2.7953331306206817 -1.4201301970268498  1.0383466998475064 14.167132153065921 -2.7949178198560261 -1.4201786499494058  1.0383466998475042 14.166911609469812 -2.7945090591740889 -1.4202257999204724  1.0383466998475097 14.166678397949605 -2.7941072272365921 -1.4202716037948102  1.0383466998475037 14.166432750606869 -2.7937127239629804 -1.4203160159865462  1.038346699847507 14.166174886940848 -2.7933259284639105 -1.4203589932642333  1.0383466998475064 
14.103142872399944 -2.8186174507078525 -1.344580357569453  0.85353433019614966 14.103757132962127 -2.8198459718322413 -1.3444370301049777  0.85353433019614733 14.104409527767478 -2.8210551371437718 -1.3442975545569895  0.85353433019615388 14.105099375482249 -2.8222437698645573 -1.3441620651180812  0.85353433019614622 14.105826031495146 -2.8234107593058715 -1.34403068839304  0.8535343301961511 14.106588812014914 -2.8245549300855441 -1.3439035583064463  0.85353433019614966 
14.160195254207991 -2.7812668017091053 -1.2689421453262448  1.0383466998475068 14.160137704685262 -2.7811517026637116 -1.268955573548223  1.0383466998475039 14.160076585139736 -2.7810384225277947 -1.2689686402481775  1.0383466998475108 14.160011951198344 -2.7809270558943697 -1.2689813346679379  1.0383466998475039 14.159943874849274 -2.7808177268017036 -1.2689936426686741  1.0383466998475073 14.159872410624541 -2.7807105304646567 -1.269005553372806  1.0383466998475068 
14.234147007586921 -2.7453919856676849 -1.2783798080207118  1.0367296232096115 14.233174514660632 -2.7434469998151458 -1.2786067230368292  1.0367296232096086 14.232141654345886 -2.7415326708918721 -1.2788275382160958  1.0367296232096157 14.231049485942121 -2.7396508249808424 -1.2790420453907627  1.0367296232096084 14.229899057379956 -2.7378032677046646 -1.2792500387421692  1.0367296232096119 14.228691428719641 -2.7359918247142216 -1.2794513101855398  1.0367296232096115 

0 6
6.2831853071795862 6

0 6
1 6

9 1 1 1 0 6 5 6 6 2 2 14.233693179831286 -2.7533311959461053 -1.3444852057404764  1.6690784610682365 14.232699131202095 -2.7513430986877134 -1.3447171504206099  1.6690784610682319 14.231643377061088 -2.7493863377708703 -1.3449428600714766  1.6690784610682436 14.230527000353824 -2.7474627800717695 -1.3451621218744358  1.6690784610682303 14.229351072003745 -2.7455742708304784 -1.3453747254949264  1.6690784610682388 14.228116675760941 -2.7437226764662639 -1.3455804582020494  1.6690784610682365 
14.236504562530941 -2.7588662975661555 -1.4039777169110048  1.0367296232096121 14.235451447233272 -2.7567600669707653 -1.4042234438137873  1.036729623209609 14.234332959714836 -2.7546870344339953 -1.404462565234728  1.0367296232096168 14.233150247716006 -2.7526491786131002 -1.4046948556108723  1.0367296232096084 14.231904445164854 -2.7506484533074138 -1.4049200922332448  1.036729623209613 14.230596700726091 -2.748686836649223 -1.4051380496396975  1.0367296232096121 
14.170755317906806 -2.792743124783752 -1.412568044675472  1.0383466998475064 14.170508689735678 -2.7922498684414538 -1.4126255912487515  1.0383466998475042 14.170246754018873 -2.7917643905617404 -1.4126815904421641  1.0383466998475097 14.169969773798378 -2.7912871435606137 -1.4127359907016419  1.0383466998475037 14.169678022746856 -2.7908185989860272 -1.4127887382765469  1.038346699847507 14.169371763194878 -2.7903592096580252 -1.4128397815352254  1.0383466998475064 
14.112978075463351 -2.8136990128622053 -1.3445731891638151  0.85353433019614966 14.113471171642262 -2.8146852052200475 -1.3444581333887666  0.85353433019614733 14.11399488048677 -2.8156558607344544 -1.3443461696150296  0.85353433019615388 14.114548653577758 -2.8166100319257823 -1.3442374058925857  0.85353433019614622 14.115131975546307 -2.8175468307946288 -1.3441319434423911  0.8535343301961511 14.115744295761537 -2.8184653111174951 -1.3440298900732168  0.85353433019614966 
14.164325219090596 -2.7800834287633331 -1.2764987981449276  1.0383466998475068 14.164213686193087 -2.7798603629683711 -1.2765248224876871  1.0383466998475039 14.164095232121806 -2.7796408175800753 -1.276550146737099  1.0383466998475108 14.163969971722244 -2.7794249893526133 -1.2765747484874568  1.0383466998475039 14.163838034565021 -2.7792131015408779 -1.2765986022904623  1.0383466998475073 14.163699534510203 -2.7790053514586965 -1.2766216856329409  1.0383466998475068 
14.230881797131632 -2.7477960943260547 -1.2849926945699479  1.0367296232096115 14.229946815170917 -2.7459261304046616 -1.2852108570274328  1.0367296232096086 14.228953794407341 -2.7440856411077452 -1.2854231549082253  1.0367296232096157 14.22790375299164 -2.7422763815304387 -1.285629388137999  1.0367296232096084 14.226797698842633 -2.7405000883535431 -1.2858293587566079  1.0367296232096119 14.22563665079579 -2.7387585162833052 -1.2860228667644011  1.0367296232096115 

0 6
6.2831853071795862 6

0 6
1 6

10 0 6.2831853071795862 0 1.0663802761982764
2 14.198143649481148 -2.7636587404050559 -1.3451668759741535 -0.55234477073899424 0.82851715610849097 -0.092057461789832221 0.83258406332513524 0.55377955385900857 -0.01148839521973697 0.041461207583659149 -0.082991130620181444 -0.99568742108358921 0.040000000000000022
10 0 6.2831853071795862 0 1.0663802761982764
2 14.198143649481148 -2.7636587404050559 -1.3451668759741535 -0.55234477073899424 0.82851715610849097 -0.092057461789832221 0.83258406332513524 0.55377955385900857 -0.01148839521973697 0.041461207583659149 -0.082991130620181444 -0.99568742108358921 0.036000000000000011
9 1 1 1 0 6 5 6 6 2 2 13.642437442836929 -1.8579932044848602 -1.4437946733124802  1.6690784610682365 13.641480953497293 -1.8565584704754439 -1.44395408820242  1.6690784610682319 13.640752756314143 -1.855003484368936 -1.4440754543996124  1.6690784610682436 13.640250190357353 -1.8533397581553233 -1.4441592153924114  1.6690784610682303 13.639994625772081 -1.8516380369183383 -1.4442018094899574  1.6690784610682388 13.63999462577206 -1.8499063479619315 -1.4442018094899614  1.6690784610682365 
13.645193026131539 -1.8635089380214811 -1.5099697749098671  1.0367296232096121 13.643585322312106 -1.8610973822923678 -1.5102377255464396  1.036729623209609 13.642356122328481 -1.8584758747327204 -1.5104425922103775  1.0367296232096168 13.641513620298625 -1.8556868025857121 -1.5105830092153543  1.0367296232096084 13.641084057581281 -1.8528170369094485 -1.5106546030015784  1.036729623209613 13.641084057581262 -1.8499063479619189 -1.5106546030015822  1.0367296232096121 
13.577165317763525 -1.9098115746979278 -1.5185272547937869  1.0383466998475064 13.570090898183395 -1.8991999453276915 -1.5197063247238078  1.0383466998475042 13.564655956481083 -1.8876253665174494 -1.5206121483408597  1.0383466998475097 13.560959811072735 -1.8753894123657795 -1.5212281725755832  1.0383466998475037 13.559069595436251 -1.8627143257951966 -1.5215432085149969  1.038346699847507 13.559069595436274 -1.8499063479615596 -1.5215432085149923  1.0383466998475064 
13.517579242837591 -1.9410405763195613 -1.4420718198359999  0.85353433019614966 13.506817774579247 -1.9248983739319399 -1.4438653978790561  0.85353433019614733 13.498546253269799 -1.9072853598041246 -1.4452439847639627  0.85353433019615388 13.492925456478918 -1.8886779176634483 -1.4461807842291079  0.85353433019614622 13.490050097540573 -1.8693895925369404 -1.4466600107188303  0.8535343301961511 13.49005009754063 -1.8499063479612792 -1.4466600107188194  0.85353433019614966 
13.570862841447218 -1.897196176698674 -1.3671738149023596  1.0383466998475068 13.565277857459105 -1.8888187007164641 -1.3681046455670449  1.0383466998475039 13.560988792308796 -1.8796834334713599 -1.3688194897587627  1.0383466998475108 13.558070137115951 -1.8700213322337889 -1.3693059322909029  1.0383466998475039 13.556577884084554 -1.8600177571465804 -1.369554641129469  1.0383466998475073 13.556577884084575 -1.8499063479615883 -1.369554641129465  1.0383466998475068 
13.639681859542318 -1.852477470948239 -1.3776195717150934  1.0367296232096115 13.639376584682479 -1.8520195586585195 -1.3776704508584006  1.0367296232096086 13.639149390299803 -1.8515310940051515 -1.3777083165888473  1.0367296232096157 13.638986760416078 -1.8509927137249342 -1.3777354215694686  1.0367296232096084 13.638905193962877 -1.850459036927228 -1.3777490159783363  1.0367296232096119 13.638905193962856 -1.849906347961944 -1.3777490159783405  1.0367296232096115 

0 6
6.2831853071795862 6

0 6
1 6

9 1 1 1 0 6 5 6 6 2 2 13.639107106583618 -1.8602083227002815 -1.443748719731603  1.6690784610682365 13.637889089552921 -1.858381297154269 -1.4439517225700531  1.6690784610682319 13.636959689678971 -1.8563979961042789 -1.4441066225490453  1.6690784610682436 13.636320605418218 -1.8542823310398897 -1.4442131365925046  1.6690784610682303 13.63599516319487 -1.8521115232350527 -1.444267376963063  1.6690784610682388 13.635995163194853 -1.849906347961914 -1.4442673769630665  1.6690784610682365 
13.641587131548768 -1.8651724828832403 -1.5033063111692511  1.0367296232096121 13.639783021486254 -1.8624663177895007 -1.5036069961796705  1.036729623209609 13.638402719091877 -1.8595231474316849 -1.5038370465787336  1.0367296232096168 13.637457692365365 -1.8563946710272399 -1.5039945510331529  1.0367296232096084 13.636975651823153 -1.8531726232270518 -1.5040748911235218  1.036729623209613 13.636975651823136 -1.8499063479619027 -1.5040748911235251  1.0367296232096121 
13.580362194017555 -1.9068448558920426 -1.511008043064779  1.0383466998475064 13.573638039770413 -1.8967586245212922 -1.512128735439302  1.0383466998475042 13.568472569829217 -1.8857576900379409 -1.5129896470961677  1.0383466998475097 13.564959264062065 -1.8741270198293005 -1.5135751980573591  1.0383466998475037 13.563162635892628 -1.8620801832242253 -1.5138746360855981  1.038346699847507 13.563162635892647 -1.8499063479615794 -1.5138746360855941  1.0383466998475064 
13.526734726584214 -1.9349509573515125 -1.4421981516027704  0.85353433019614966 13.516692228526679 -1.9198872102651157 -1.4438719012790253  0.85353433019614733 13.508973836939061 -1.9034516839959488 -1.4451582998769603  0.85353433019615388 13.503728344927628 -1.8860866745972023 -1.446032548545531  0.85353433019614622 13.501045087786515 -1.8680879232917946 -1.4464797580690483  0.8535343301961511 13.501045087786567 -1.8499063479613269 -1.4464797580690385  0.85353433019614966 
13.57468996533288 -1.8954909976927139 -1.3747899471624945  1.0383466998475068 13.569306303118552 -1.8874155043711873 -1.3756872241982154  1.0383466998475039 13.565172122074161 -1.8786099502964604 -1.3763762543722806  1.0383466998475108 13.562358557500959 -1.869295747710509 -1.3768451818011469  1.0383466998475039 13.560920095676098 -1.8596532714404705 -1.3770849254386233  1.0383466998475073 13.560920095676117 -1.8499063479616051 -1.3770849254386197  1.0383466998475068 
13.636627081618467 -1.8552441625173226 -1.3841911282939547  1.0367296232096115 13.635995157619588 -1.8542962765190374 -1.3842964489604352  1.0367296232096086 13.635516660266065 -1.8532728447768729 -1.3843761985193566  1.0367296232096157 13.635183518471072 -1.8521699910525398 -1.3844317221518561  1.0367296232096084 13.635014674566589 -1.8510504232430534 -1.3844598628026039  1.0367296232096119 13.63501467456657 -1.8499063479619253 -1.3844598628026077  1.0367296232096115 

0 6
6.2831853071795862 6

0 6
1 6

10 0 6.2831853071795862 0 1.8499063479617575
2 13.6 -1.8499063479617575 -1.4448574842210116 0 1 0 0.99986564430148006 -0 0.016391868276253965 0.016391868276253965 0 -0.99986564430148006 0.040000000000000008
10 0 6.2831853071795862 0 1.8499063479617575
2 13.6 -1.8499063479617575 -1.4448574842210116 0 1 0 0.99986564430148006 -0 0.016391868276253965 0.016391868276253965 0 -0.99986564430148006 0.036000000000000004
1 13.599999999999996 0 -1.4448574842210116 4.3534425196722903e-12 1 2.6534330288541241e-13 0.99986564430148017 -4.3571257712926581e-12 0.01639186827625335 0.016391868276253357 1.9394208461420698e-13 -0.99986564430148006 
1 13.6 0 -1.4448574842210113 4.3503785643328455e-12 1 2.5915380952312711e-13 0.99986564430148006 -4.3540171468237085e-12 0.016391868276253607 0.0163918682762536 1.8779422461534518e-13 -0.99986564430148006 
2 16.157135093786735 -0.99794499376821733 -1.3999999999999999 1 0 0 -0 0 1 0 -1 0 0.10000000000000001
1 16.157135093786735 -0.99794499376821733 -1.3999999999999999 1 0 0 -0 0 1 0 -1 0 
1 16.357135093786734 -0.99794499376821733 -1.3999999999999999 1 0 0 -0 0 1 0 -1 0 
2 16.207135093786736 -0.90794499376821736 -1.3999999999999999 0 1 0 0 -0 1 1 0 -0 0.017999999999999999
2 16.257135093786736 -0.99794499376821733 -1.49 0 6.123233995736766e-17 -1 0 -1 -6.123233995736766e-17 -1 0 -0 0.01
1 16.207135093786736 -0.90794499376821736 -1.3999999999999999 0 1 0 0 -0 1 1 0 -0 
1 16.257135093786736 -0.99794499376821733 -1.49 0 6.123233995736766e-17 -1 0 -1 -6.123233995736766e-17 -1 0 -0 
1 15.673599999999999 -6.0263999999999998 -0.87125748422101157 1 0 -0 0 0 1 0 -1 0 
1 15.673599999999999 -6.0263999999999998 -0.87125748422101157 -0 1 0 0 0 1 1 0 -0 
1 15.673599999999999 -6.0263999999999998 -0.81845748422101161 0 0 1 1 0 -0 -0 1 0 
1 15.673599999999999 -6.0263999999999998 -0.87125748422101157 0 0 1 1 0 -0 -0 1 0 
1 15.673599999999999 -5.9735999999999994 -0.87125748422101157 -0 1 0 0 0 1 1 0 -0 
2 15.673599999999999 -6 -0.84485748422101159 -1 0 0 0 0 -1 -0 -1 -0 0.024
1 15.673599999999999 -6 -0.84485748422101159 -1 0 0 0 0 -1 -0 -1 -0 
1 15.726399999999998 -6.0263999999999998 -0.87125748422101157 1 0 -0 0 0 1 0 -1 0 
1 15.620799999999999 -6 -0.84485748422101159 -1 0 0 0 0 -1 -0 -1 -0 
2 15.7264 -6 -0.84485748422101159 1 0 0 -0 0 1 0 -1 0 0.024
1 15.7264 -6 -0.84485748422101159 1 0 0 -0 0 1 0 -1 0 
2 15.673599999999999 -6 -0.84485748422101159 -1 0 0 0 0 -1 -0 -1 -0 0.02
1 15.620799999999999 -6 -0.84485748422101159 -1 0 0 0 0 -1 -0 -1 -0 
1 15.779199999999999 -6 -0.84485748422101159 1 0 0 -0 0 1 0 -1 0 
1 15.673599999999999 -6 -0.84485748422101159 -1 0 0 0 0 -1 -0 -1 -0 
2 15.7264 -6 -0.84485748422101159 1 0 0 -0 0 1 0 -1 0 0.02
1 15.779199999999999 -6 -0.84485748422101159 1 0 0 -0 0 1 0 -1 0 
1 15.7264 -6 -0.84485748422101159 1 0 0 -0 0 1 0 -1 0 
1 13.953987607273071 0.99231948593559161 -1.6127587168496096 0.99641001923002137 -0.00019088800028987544 -0.084658355404531649 0.084658356946931967 3.3759685225556333e-21 0.99641003738372991 -0.00019020271950494008 -0.99999998178088545 1.6160264465426319e-05 
10 0 6.2831853071795862 0 0.19826788492754083
2 13.953987607273074 0.99231948593559149 -1.6127587168496098 0.99641001923001948 -0.00019088800033051359 -0.084658355404553035 0.084658356946953339 -1.3552527156068805e-20 0.99641003738372802 -0.00019020271954543213 -0.99999998178088556 1.6160264468870754e-05 0.017999999999999999
10 0 6.2831853071795862 0 0.19826788492754083
2 13.953987607273074 0.99231948593559149 -1.6127587168496098 0.99641001923001948 -0.00019088800033051359 -0.084658355404553035 0.084658356946953339 -1.3552527156068805e-20 0.99641003738372802 -0.00019020271954543213 -0.99999998178088556 1.6160264468870754e-05 0.016
1 13.953987607273072 0.99231948593559172 -1.6127587168496098 0.99641001923002126 -0.00019088800033252828 -0.084658355404531843 0.084658356946932162 -1.216326646156919e-23 0.9964100373837298 -0.00019020271954743983 -0.99999998178088556 1.6160264469037274e-05 
9 1 1 1 0 6 3 6 4 2 2 14.153067564702923 0.99228163897551469 -1.6116083692422425  1.6690784610682365 14.15460129917153 0.99228134514916089 -1.6117386804942595  1.6690784610682354 14.156130460312594 0.99228119812265347 -1.6119181417351931  1.6690784610682372 14.157652690862502 0.99228119812263982 -1.6121464763182975  1.6690784610682365 
14.153061876162573 0.96237386416012893 -1.6116078859246732  1.0367296232096121 14.154597504373658 0.96237356997097989 -1.6117383580754601  1.0367296232096117 14.156128553609831 0.96237342276293503 -1.6119180409018905  1.0367296232096121 14.157652663698023 0.96237342276292137 -1.6121466574157663  1.0367296232096121 
14.149930235310192 0.95807961670021047 -1.6484569204408468  1.0383466998475064 14.150678355088957 0.95807947337861821 -1.6485204832207909  1.0383466998475059 14.151424244338353 0.95807940166253047 -1.6486080202414133  1.0383466998475064 14.152166752775033 0.95807940166254479 -1.6487193965062965  1.0383466998475064 
14.147354471396309 0.99228163897548904 -1.6788502084151338  0.85353433019614966 14.147450672969859 0.9922816205456475 -1.6788583820269276  0.8535343301961491 14.147546588113096 0.9922816113235966 -1.6788696385584778  0.85353433019614977 14.147642068118165 0.99228161132363402 -1.6788839605575383  0.85353433019614966 
14.149943245946053 1.026483661250791 -1.6484580258683397  1.0383466998475068 14.15068703442148 1.0264835187589718 -1.6485212206460937  1.0383466998475062 14.151428605284011 1.0264834474580899 -1.6486082508639113  1.038346699847507 14.152166814904703 1.0264834474581044 -1.64871898230633  1.0383466998475068 
14.153073253243274 1.0221894137909007 -1.6116088525598118  1.0367296232096115 14.154605093969401 1.0221891203273419 -1.6117390029130587  1.0367296232096113 14.156132367015356 1.0221889734823717 -1.6119182425684957  1.0367296232096113 14.157652718026981 1.0221889734823582 -1.6121462952208288  1.0367296232096115 

0 6
6.2831853071795862 6

0 4
1 4

9 1 1 1 0 6 3 6 4 2 2 14.152898247992201 0.99228163897551402 -1.6136011893172282  1.6690784610682365 14.154389378860921 0.99228135331097878 -1.6137278808237958  1.6690784610682354 14.155876063451197 0.99228121036852812 -1.6139023570475783  1.6690784610682372 14.157356009953512 0.99228121036851602 -1.6141243490234753  1.6690784610682365 
14.15289319151189 0.96569695025072655 -1.6136007597016111  1.0367296232096121 14.154386005707257 0.96569666426370682 -1.6137275942293077  1.0367296232096117 14.155874368604296 0.96569652115988946 -1.6139022674179757  1.0367296232096121 14.157355985807309 0.96569652115987736 -1.6141245099990031  1.0367296232096121 
14.150109510754218 0.96187984139746574 -1.6463554570493208  1.0383466998475064 14.150902317454191 0.96187968951494085 -1.6464228165807127  1.0383466998475059 14.151692760362979 0.96187961351508544 -1.6465155823864406  1.0383466998475064 14.152479620542428 0.9618796135150981 -1.6466336114128075  1.0383466998475064 
14.147819942830765 0.99228163897549126 -1.6733717130264649  0.85353433019614966 14.148033266681658 0.99228159810785599 -1.6733898377417231  0.8535343301961491 14.14824595482942 0.99228157765825531 -1.6734147986682759  0.85353433019614977 14.148457678625212 0.99228157765828862 -1.6734465572361337  0.85353433019614966 
14.15012107576387 1.0226834365535373 -1.6463564396515369  1.0383466998475068 14.150910032416432 1.0226832854085881 -1.6464234720698712  1.0383466998475062 14.151696636759119 1.0226832097778051 -1.6465157873842164  1.038346699847507 14.152479675768801 1.0226832097778178 -1.6466332432350597  1.0383466998475068 
14.152903304472511 1.0188663277003014 -1.6136016189328453  1.0367296232096115 14.154392752014584 1.018866042358251 -1.6137281674182842  1.0367296232096113 14.155877758298098 1.0188658995771667 -1.6139024466771807  1.0367296232096113 14.157356034099715 1.0188658995771545 -1.6141241880479473  1.0367296232096115 

0 6
6.2831853071795862 6

0 4
1 4

10 0 6.2831853071795862 0 0.19828142483416317
2 14.154982562681585 0.99228130833552541 -1.6299473306648964 0.98893635286829751 0 -0.14834045293024528 0.14834045292746462 -6.1229381640272899e-06 0.98893635284975978 -9.0827942051569244e-07 -0.99999999998125477 -6.0551961367712561e-06 0.018000000000000002
10 0 6.2831853071795862 0 0.19828142483416317
2 14.154982562681585 0.99228130833552541 -1.6299473306648964 0.98893635286829751 0 -0.14834045293024528 0.14834045292746462 -6.1229381640272899e-06 0.98893635284975978 -9.0827942051569244e-07 -0.99999999998125477 -6.0551961367712561e-06 0.016000000000000004
9 1 1 1 0 6 3 6 4 2 2 14.353740400049615 0.99228119812263849 -1.641559632697974  1.6690784610682365 14.354717469816547 0.99228119812263849 -1.6417061931602475  1.6690784610682354 14.355700159386851 0.99228119812263849 -1.641812468827309  1.6690784610682372 14.356685971778338 0.99228119812263849 -1.6418781896561496  1.6690784610682365 
14.353740372884996 0.96237342276292004 -1.6415598137954195  1.0367296232096121 14.354717447622052 0.96237342276292004 -1.6417063750032121  1.0367296232096117 14.355700142191061 0.96237342276292004 -1.6418126512108719  1.0367296232096121 14.356685959597147 0.96237342276292004 -1.6418783723740191  1.0367296232096121 
14.348254461817989 0.95807940166254624 -1.6781325528610405  1.0383466998475064 14.350235256470716 0.95807940166254624 -1.6784296720618661  1.0383466998475059 14.352227442415794 0.95807940166254624 -1.678645122491607  1.0383466998475064 14.354225960824117 0.95807940166254624 -1.6787783570492707  1.0383466998475064 
14.343729777042517 0.99228161132363779 -1.7082971168917669  0.85353433019614966 14.346538422560084 0.99228161132363779 -1.7087184137270064  0.8535343301961491 14.349363219570947 0.99228161132363779 -1.7090239091710548  0.85353433019614977 14.352196996289322 0.99228161132363779 -1.70921282761141  0.85353433019614966 
14.348254523947981 1.0264834474581057 -1.6781321386611272  1.0383466998475068 14.350235307233206 1.0264834474581057 -1.6784292561568277  1.0383466998475062 14.352227481745418 1.0264834474581057 -1.6786447053501297  1.038346699847507 14.354225988684524 1.0264834474581057 -1.6787779391431787  1.0383466998475068 
14.353740427214234 1.0221889734823568 -1.6415594516005285  1.0367296232096115 14.354717492011039 1.0221889734823568 -1.6417060113172834  1.0367296232096113 14.355700176582641 1.0221889734823568 -1.6418122864437459  1.0367296232096113 14.35668598395953 1.0221889734823568 -1.6418780069382801  1.0367296232096115 

0 6
6.2831853071795862 6

0 4
1 4

9 1 1 1 0 6 3 6 4 2 2 14.353443719132837 0.9922812103685148 -1.6435375054018049  1.6690784610682365 14.354475070593573 0.9922812103685148 -1.6436922081184562  1.6690784610682354 14.355512353981251 0.9922812103685148 -1.6438043879840907  1.6690784610682372 14.356552933768363 0.9922812103685148 -1.6438737599723352  1.6690784610682365 
14.35344369498651 0.96569652115987614 -1.6435376663773118  1.0367296232096121 14.354475050865133 0.96569652115987614 -1.6436923697566466  1.0367296232096117 14.355512338696105 0.96569652115987614 -1.6438045501028136  1.0367296232096121 14.356552922940637 0.96569652115987614 -1.6438739223882193  1.0367296232096121 
14.348567329593614 0.96187961351509943 -1.6760467677689748  1.0383466998475064 14.350490880952831 0.96187961351509943 -1.6763353004754502  1.0383466998475059 14.352425494451426 0.96187961351509943 -1.676544524574578  1.0383466998475064 14.354366257364612 0.96187961351509943 -1.6766739087662206  1.0383466998475064 
14.344545387570971 0.99228157765829195 -1.7028597135740651  0.85353433019614966 14.347204806365603 0.99228157765829195 -1.7032586264000193  0.8535343301961491 14.349879518589336 0.99228157765829195 -1.7035478905118653  0.85353433019614977 14.352562733333681 0.99228157765829195 -1.7037267714881223  0.85353433019614966 
14.348567384820273 1.0226832097778191 -1.6760463995912742  1.0383466998475068 14.350490926075043 1.0226832097778191 -1.676334930782083  1.0383466998475062 14.352425529411089 1.0226832097778191 -1.6765441537821533  1.038346699847507 14.354366282129417 1.0226832097778191 -1.6766735372941388  1.0383466998475068 
14.353443743279167 1.0188658995771533 -1.6435373444262975  1.0367296232096115 14.35447509032201 1.0188658995771533 -1.6436920464802656  1.0367296232096113 14.355512369266398 1.0188658995771533 -1.643804225865368  1.0367296232096113 14.356552944596089 1.0188658995771533 -1.6438735975564511  1.0367296232096115 

0 6
6.2831853071795862 6

0 4
1 4

10 0 6.2831853071795862 0 1.5011056935823464
2 14.355488629688562 0.99228130833552541 -1.6598383225018194 0.99778515785660893 0 -0.066519010523774125 0.066519010522527205 -6.1229381640272882e-06 0.99778515783790522 -4.0729178816934943e-07 -0.99999999998125488 -6.1093768225402235e-06 0.017999999999999999
10 0 6.2831853071795862 0 1.5011056935823464
2 14.355488629688562 0.99228130833552541 -1.6598383225018194 0.99778515785660893 0 -0.066519010523774125 0.066519010522527205 -6.1229381640272882e-06 0.99778515783790522 -4.0729178816934943e-07 -0.99999999998125488 -6.1093768225402235e-06 0.016
1 15.853269611119076 0.99228130833552541 -1.7596903879305206 0.9977851578566046 1.9079679717116764e-15 -0.066519010523840544 0.066519010522593611 -6.1229381640313667e-06 0.99778515783790089 -4.0729178626628954e-07 -0.99999999998125488 -6.1093768226711824e-06 
1 15.853269611119078 0.99228130833552552 -1.7596903879305206 0.99778515785660449 -4.0744893412651153e-14 -0.066519010523840738 0.066519010522593805 -6.1229381640313294e-06 0.99778515783790078 -4.072918288246771e-07 -0.99999999998125477 -6.1093768198339219e-06 
1 13.96832 0.7148973064733336 -1.5165374842210115 1 0 -0 0 0 1 0 -1 0 
1 13.96832 0.7148973064733336 -1.5165374842210115 -0 1 0 0 0 1 1 0 -0 
1 13.96832 0.7148973064733336 -1.4531774842210115 0 0 1 1 0 -0 -0 1 0 
1 13.96832 0.7148973064733336 -1.5165374842210115 0 0 1 1 0 -0 -0 1 0 
1 13.96832 0.77825730647333358 -1.5165374842210115 -0 1 0 0 0 1 1 0 -0 
2 13.96832 0.74657730647333365 -1.4848574842210116 -1 0 0 0 0 -1 -0 -1 -0 0.028799999999999999
1 13.96832 0.74657730647333365 -1.4848574842210116 -1 0 0 0 0 -1 -0 -1 -0 
1 14.03168 0.7148973064733336 -1.5165374842210115 1 0 -0 0 0 1 0 -1 0 
1 13.904960000000001 0.74657730647333365 -1.4848574842210116 -1 0 0 0 0 -1 -0 -1 -0 
2 14.03168 0.74657730647333365 -1.4848574842210116 1 0 0 -0 0 1 0 -1 0 0.028799999999999999
1 14.03168 0.74657730647333365 -1.4848574842210116 1 0 0 -0 0 1 0 -1 0 
2 13.96832 0.74657730647333365 -1.4848574842210116 -1 0 0 0 0 -1 -0 -1 -0 0.024
1 13.904960000000001 0.74657730647333365 -1.4848574842210116 -1 0 0 0 0 -1 -0 -1 -0 
1 14.095039999999999 0.74657730647333365 -1.4848574842210116 1 0 0 -0 0 1 0 -1 0 
1 13.96832 0.74657730647333365 -1.4848574842210116 -1 0 0 0 0 -1 -0 -1 -0 
2 14.03168 0.74657730647333365 -1.4848574842210116 1 0 0 -0 0 1 0 -1 0 0.024
1 14.095039999999999 0.74657730647333365 -1.4848574842210116 1 0 0 -0 0 1 0 -1 0 
1 14.03168 0.74657730647333365 -1.4848574842210116 1 0 0 -0 0 1 0 -1 0 
1 14.031522778185852 0.74657730647333365 -1.4880097620395969 0.99503719020999049 0 -0.099503719020985482 0.099503719020985482 0 0.99503719020999049 0 -1 0 
10 0 6.2831853071795862 0 0.068818756211208532
2 14.031522778185852 0.74657730647333365 -1.4880097620395969 0.99503719020998915 0 -0.099503719020998957 0.099503719020998957 0 0.99503719020998915 0 -1 0 0.024
10 0 6.2831853071795862 0 0.068818756211208532
2 14.031522778185852 0.74657730647333365 -1.4880097620395969 0.99503719020998915 0 -0.099503719020998957 0.099503719020998957 0 0.99503719020998915 0 -1 0 0.021599999999999998
1 14.031522778185854 0.74657730647333376 -1.4880097620395969 0.99503719020998938 -5.9348747011030373e-16 -0.09950371902099657 0.09950371902099657 -1.2325951644078309e-32 0.99503719020998938 -5.905421046833917e-16 -1 5.9054210468337746e-17 
1 14.1 0.74657730647333365 -1.4948574842210116 0.99503719020999049 0 -0.099503719020985482 0.099503719020985482 0 0.99503719020999049 0 -1 0 
1 14.100000000000001 0.74657730647333376 -1.4948574842210116 0.99503719020998938 -5.9348747011030373e-16 -0.09950371902099657 0.09950371902099657 -1.2325951644078309e-32 0.99503719020998938 -5.905421046833917e-16 -1 5.9054210468337746e-17 
1 16.055966728718314 -0.90926037328989606 -1.3999999999999999 -0.013076840238960623 0.99991449446908442 0 0.99991449446908442 0.013076840238960623 0 0 0 -1 
10 0 6.2831853071795862 0 0.17872356710229101
2 16.055966728718317 -0.90926037328989617 -1.3999999999999999 -0.013076840238969822 0.99991449446908431 0 0.99991449446908431 0.013076840238969822 0 0 0 -1 0.01
10 0 6.2831853071795862 0 0.17872356710229101
2 16.055966728718317 -0.90926037328989617 -1.3999999999999999 -0.013076840238969822 0.99991449446908431 0 0.99991449446908431 0.013076840238969822 0 0 0 -1 0.0070000000000000001
1 16.055966728718317 -0.90926037328989595 -1.3999999999999999 -0.013076840238963799 0.99991449446908442 0 0.99991449446908442 0.013076840238963799 0 0 0 -1 
9 1 1 1 0 6 6 6 7 2 2 16.063628734129072 -0.73042131963870782 -1.3999999999999999  1.6690784610682365 16.063587837979732 -0.72729421463881561 -1.3999999999999999  1.6690784610682405 16.064575497318742 -0.72460292543316118 -1.3999999999999999  1.6690784610682217 16.066270845638787 -0.72202910365826856 -1.3999999999999999  1.6690784610682554 16.068822277538548 -0.72030024284373062 -1.3999999999999999  1.6690784610682214 16.071500421160703 -0.71927747439607903 -1.3999999999999999  1.6690784610682423 16.074627793568233 -0.71927747439607925 -1.3999999999999999  1.6690784610682365 
16.063628734129072 -0.73042131963870782 -1.4166154307557104  1.0367296232096121 16.063587837979732 -0.72729421463881561 -1.4166154307557104  1.0367296232096144 16.064575497318742 -0.72460292543316107 -1.4166154307557104  1.0367296232096046 16.066270845638787 -0.72202910365826845 -1.4166154307557104  1.0367296232096215 16.068822277538548 -0.72030024284373062 -1.4166154307557104  1.0367296232096057 16.071500421160703 -0.71927747439607903 -1.4166154307557104  1.0367296232096144 16.074627793568233 -0.71927747439607925 -1.4166154307557104  1.0367296232096121 
16.043085008975929 -0.73068998962321818 -1.419001123832456  1.0383466998475064 16.042970891831672 -0.72196407537127483 -1.419001123832456  1.0383466998475077 16.045716423068967 -0.71365550630529617 -1.419001123832456  1.0383466998475006 16.05090600397196 -0.70686388886147777 -1.419001123832456  1.0383466998475128 16.057629177374547 -0.70158593880008024 -1.419001123832456  1.0383466998475017 16.065901133138556 -0.69873199249059803 -1.419001123832456  1.0383466998475084 16.074627793568233 -0.69873199249059781 -1.419001123832456  1.0383466998475064 
16.026140770621318 -0.73091158566883985 -1.3999999999999999  0.85353433019614966 16.025966261606492 -0.71756783517923362 -1.3999999999999999  0.85353433019615044 16.030161666234299 -0.70462619552121875 -1.3999999999999999  0.85353433019614511 16.038233251706107 -0.69435578664047326 -1.3999999999999999  0.85353433019615621 16.048397231576395 -0.68615058683774144 -1.3999999999999999  0.85353433019614444 16.061282902016586 -0.68178630518599515 -1.3999999999999999  0.85353433019615144 16.074627793568229 -0.68178630518599459 -1.3999999999999999  0.85353433019614966 
16.043085008975929 -0.73068998962321818 -1.3809988761675438  1.0383466998475068 16.042970891831672 -0.72196407537127483 -1.3809988761675438  1.0383466998475082 16.045716423068967 -0.71365550630529617 -1.3809988761675438  1.0383466998475017 16.05090600397196 -0.70686388886147777 -1.3809988761675438  1.0383466998475119 16.057629177374547 -0.70158593880008036 -1.3809988761675438  1.0383466998475039 16.065901133138556 -0.69873199249059803 -1.3809988761675438  1.0383466998475079 16.074627793568233 -0.69873199249059781 -1.3809988761675438  1.0383466998475068 
16.063628734129072 -0.73042131963870782 -1.3833845692442894  1.0367296232096115 16.063587837979732 -0.72729421463881561 -1.3833845692442894  1.0367296232096133 16.064575497318742 -0.72460292543316107 -1.3833845692442894  1.0367296232096055 16.066270845638787 -0.72202910365826845 -1.3833845692442894  1.036729623209619 16.068822277538548 -0.72030024284373073 -1.3833845692442894  1.0367296232096059 16.071500421160703 -0.71927747439607903 -1.3833845692442894  1.0367296232096135 16.074627793568233 -0.71927747439607925 -1.3833845692442894  1.0367296232096115 

0 6
6.2831853071795862 6

0 7
1 7

9 1 1 1 0 6 6 6 7 2 2 16.060628990645665 -0.73046055015942468 -1.3999999999999999  1.6690784610682365 16.060577402949356 -0.72651592100344675 -1.3999999999999999  1.6690784610682405 16.061821742356479 -0.72300441060957676 -1.3999999999999999  1.6690784610682217 16.064027309799009 -0.71981471683591647 -1.3999999999999999  1.6690784610682554 16.067187888983124 -0.71756762686571496 -1.3999999999999999  1.6690784610682214 16.070682827095801 -0.71627747439607914 -1.3999999999999999  1.6690784610682423 16.074627793568233 -0.71627747439607925 -1.3999999999999999  1.6690784610682365 
16.060628990645665 -0.73046055015942468 -1.4116308015289973  1.0367296232096121 16.060577402949356 -0.72651592100344664 -1.4116308015289973  1.0367296232096144 16.061821742356479 -0.72300441060957688 -1.4116308015289973  1.0367296232096046 16.064027309799009 -0.71981471683591636 -1.4116308015289973  1.0367296232096215 16.067187888983124 -0.71756762686571496 -1.4116308015289973  1.0367296232096057 16.070682827095801 -0.71627747439607914 -1.4116308015289973  1.0367296232096144 16.074627793568233 -0.71627747439607925 -1.4116308015289973  1.0367296232096121 
16.046248383038467 -0.73064861914858192 -1.4133007866827192  1.0383466998475064 16.046145540645718 -0.72278482351616813 -1.4133007866827192  1.0383466998475077 16.04862039038164 -0.71534121722007138 -1.4133007866827192  1.0383466998475006 16.053271920632227 -0.70919906647816289 -1.4133007866827192  1.0383466998475128 16.059352718868322 -0.70446761403515967 -1.4133007866827192  1.0383466998475017 16.066763325480299 -0.70189563706224245 -1.4133007866827192  1.0383466998475084 16.074627793568233 -0.70189563706224223 -1.4133007866827192  1.0383466998475064 
16.034387416190235 -0.7308037363805171 -1.3999999999999999  0.85353433019614966 16.034242299488088 -0.7197074553817393 -1.3999999999999999  0.85353433019615044 16.037732060597367 -0.70902069967121728 -1.3999999999999999  0.85353433019614511 16.044400994046132 -0.70044339492345953 -1.3999999999999999  0.85353433019615621 16.05289035680962 -0.69366286766152263 -1.3999999999999999  0.85353433019614444 16.063530563694922 -0.69003365594902033 -1.3999999999999999  0.85353433019615144 16.074627793568233 -0.69003365594902 -1.3999999999999999  0.85353433019614966 
16.046248383038467 -0.73064861914858192 -1.3866992133172806  1.0383466998475068 16.046145540645718 -0.72278482351616813 -1.3866992133172806  1.0383466998475082 16.04862039038164 -0.71534121722007138 -1.3866992133172806  1.0383466998475017 16.053271920632227 -0.70919906647816289 -1.3866992133172806  1.0383466998475119 16.059352718868322 -0.70446761403515967 -1.3866992133172806  1.0383466998475039 16.066763325480299 -0.70189563706224234 -1.3866992133172806  1.0383466998475079 16.074627793568233 -0.70189563706224223 -1.3866992133172806  1.0383466998475068 
16.060628990645665 -0.73046055015942468 -1.3883691984710025  1.0367296232096115 16.060577402949356 -0.72651592100344664 -1.3883691984710025  1.0367296232096133 16.061821742356479 -0.72300441060957676 -1.3883691984710025  1.0367296232096055 16.064027309799009 -0.71981471683591647 -1.3883691984710025  1.036729623209619 16.067187888983124 -0.71756762686571496 -1.3883691984710025  1.0367296232096059 16.070682827095801 -0.71627747439607914 -1.3883691984710025  1.0367296232096135 16.074627793568233 -0.71627747439607925 -1.3883691984710025  1.0367296232096115 

0 6
6.2831853071795862 6

0 7
1 7

10 0 6.2831853071795862 0 4.9787235671022927
2 16.074627793568233 -0.70927747439607924 -1.3999999999999999 1 0 0 0 -1 0 0 0 -1 0.0099999999999999985
10 0 6.2831853071795862 0 4.9787235671022927
2 16.074627793568233 -0.70927747439607924 -1.3999999999999999 1 0 0 0 -1 0 0 0 -1 0.0069999999999999993
1 21.053351360670526 -0.70927747439607636 -1.3999999999999999 1 7.8194395403130557e-14 0 7.8194395403130557e-14 -1 0 0 -0 -1 
1 21.053351360670526 -0.70927747439607991 -1.3999999999999999 1 8.137067408764409e-14 0 8.137067408764409e-14 -1 0 0 -0 -1 
1 17.599999999999994 9.5664432661833345 -0.67508675300432497 0.99980005998000643 0 -0.019996001199630416 0.019996001199630416 0 0.99980005998000643 0 -1 0 
10 0 6.2831853071795862 0 0.3683999920015964
2 17.599999999999998 9.5664432661833345 -0.67508675300432486 0.99980005998000698 0 -0.019996001199600318 0.019996001199600318 0 0.99980005998000698 0 -1 0 0.024
10 0 6.2831853071795862 0 0.3683999920015964
2 17.599999999999998 9.5664432661833345 -0.67508675300432486 0.99980005998000698 0 -0.019996001199600318 0.019996001199600318 0 0.99980005998000698 0 -1 0 0.021599999999999998
1 17.599999999999998 9.5664432661833345 -0.67508675300432508 0.99980005998000843 0 -0.019996001199531779 0.019996001199531779 0 0.99980005998000843 0 -1 0 
1 17.968326334099824 9.5664432661833345 -0.68245327968632163 0.99980005998000643 0 -0.019996001199630416 0.019996001199630416 0 0.99980005998000643 0 -1 0 
1 17.968326334099828 9.5664432661833345 -0.68245327968632175 0.99980005998000843 0 -0.019996001199531779 0.019996001199531779 0 0.99980005998000843 0 -1 0 
1 17.599999999999994 -9.5664432661833345 -0.67508675300432497 0.99980005998000643 0 -0.019996001199630416 0.019996001199630416 0 0.99980005998000643 0 -1 0 
10 0 6.2831853071795862 0 0.3683999920015964
2 17.599999999999998 -9.5664432661833345 -0.67508675300432486 0.99980005998000698 0 -0.019996001199600318 0.019996001199600318 0 0.99980005998000698 0 -1 0 0.024
10 0 6.2831853071795862 0 0.3683999920015964
2 17.599999999999998 -9.5664432661833345 -0.67508675300432486 0.99980005998000698 0 -0.019996001199600318 0.019996001199600318 0 0.99980005998000698 0 -1 0 0.021599999999999998
1 17.599999999999998 -9.5664432661833345 -0.67508675300432508 0.99980005998000843 0 -0.019996001199531779 0.019996001199531779 0 0.99980005998000843 0 -1 0 
1 17.968326334099824 -9.5664432661833345 -0.68245327968632163 0.99980005998000643 0 -0.019996001199630416 0.019996001199630416 0 0.99980005998000643 0 -1 0 
1 17.968326334099828 -9.5664432661833345 -0.68245327968632175 0.99980005998000843 0 -0.019996001199531779 0.019996001199531779 0 0.99980005998000843 0 -1 0 
1 15.853269611119078 -1.769643465204946 -1.6634833661596049 0 -0.9924284907778177 0.12282381972753952 0 -0.12282381972753952 -0.9924284907778177 1 0 0 
10 0 6.2831853071795862 0 0.72258677690499806
2 15.853269611119078 -1.769643465204946 -1.6634833661596045 0 -0.99242849077781792 0.12282381972753754 0 -0.12282381972753754 -0.99242849077781792 1 0 0 0.02
10 0 6.2831853071795862 0 0.72258677690499806
2 15.853269611119078 -1.769643465204946 -1.6634833661596045 0 -0.99242849077781792 0.12282381972753754 0 -0.12282381972753754 -0.99242849077781792 1 0 0 0.017999999999999999
1 15.853269611119078 -1.7696434652049462 -1.6634833661596049 0 -0.99242849077781825 0.12282381972753496 0 -0.12282381972753496 -0.99242849077781825 1 0 0 
9 1 1 1 0 6 5 6 6 2 2 15.853269611119078 -2.489215646059332 -1.594581067951079  1.6690784610682365 15.853269611119082 -2.4925917927659005 -1.5941632330760078  1.6690784610682319 15.853511253078485 -2.4959522824590574 -1.5936924395140473  1.6690784610682436 15.853991997461222 -2.4992794756595327 -1.5931714472764347  1.6690784610682303 15.854709325518572 -2.5025559403100801 -1.592602985981189  1.6690784610682388 15.855660679805657 -2.5057640400948351 -1.5919898193165789  1.6690784610682365 
15.8865004726305 -2.489215646059332 -1.594581067951079  1.0367296232096121 15.886500472630503 -2.4907177432000367 -1.5943951670925864  1.036729623209609 15.886607982679044 -2.4922126577615042 -1.5941857309380314  1.0367296232096168 15.886821899777704 -2.4936931607932311 -1.5939539047287212  1.0367296232096084 15.887140988522047 -2.4951507021604731 -1.593701027296988  1.036729623209613 15.887564259984646 -2.4965780327632623 -1.5934282204631161  1.0367296232096121 
15.891271858783989 -2.4841686969277834 -1.5538012247515591  1.0383466998475064 15.891271858783986 -2.4848792481215298 -1.553713286313128  1.0383466998475042 15.891322715277386 -2.485586196099224 -1.5536142401932396  1.0383466998475097 15.891423932018968 -2.486286709025574 -1.5535045495996957  1.0383466998475037 15.8915748156529 -2.4869759882406548 -1.5533849659359833  1.038346699847507 15.891775039749515 -2.4876511719130074 -1.5532559175434235  1.0383466998475064 
15.853269611119078 -2.4800060288424639 -1.5201664589977588  0.85353433019614966 15.853269611119069 -2.4824287884021401 -1.5198666161514822  0.85353433019614733 15.853443016014655 -2.4848402021559459 -1.5195287832099393  0.85353433019615388 15.853788017081026 -2.4872279267835276 -1.5191548987008132  0.85353433019614622 15.854302748446516 -2.4895790487371321 -1.5187469847063033  0.8535343301961511 15.854985450619724 -2.4918812159998307 -1.5183069696455027  0.85353433019614966 
15.815267363454167 -2.4841686969277834 -1.5538012247515591  1.0383466998475068 15.815267363454163 -2.4891655104992769 -1.5531828147250288  1.0383466998475039 15.815625001888483 -2.4941393384173307 -1.5524860008390606  1.0383466998475108 15.816336496911873 -2.4990635382396102 -1.5517149395482783  1.0383466998475039 15.817398219947162 -2.5039129968753717 -1.5508735632138499  1.0383466998475073 15.818806257104946 -2.5086610952065183 -1.5499660554016661  1.0383466998475068 
15.820038749607656 -2.489215646059332 -1.594581067951079  1.0367296232096115 15.82003874960766 -2.4944658423317638 -1.5939312990594294  1.0367296232096086 15.820414523477929 -2.4996919071566106 -1.5931991480900629  1.0367296232096157 15.821162095144738 -2.5048657905258338 -1.5923889898241481  1.0367296232096084 15.822277662515097 -2.5099611784596867 -1.5915049446653895  1.0367296232096119 15.823757099626668 -2.5149500474264075 -1.5905514181700415  1.0367296232096115 

0 6
6.2831853071795862 6

0 6
1 6

9 1 1 1 0 6 5 6 6 2 2 15.853269611119078 -2.4889699984198765 -1.5925962109695233  1.6690784610682365 15.853269611119082 -2.4923207154808247 -1.5921815232896792  1.6690784610682319 15.853509432994842 -2.4956558905209758 -1.591714276179409  1.6690784610682436 15.853986556703186 -2.498958025325229 -1.5911972077385621  1.6690784610682303 15.854698480909546 -2.5022098083583062 -1.5906330287130912  1.6690784610682388 15.855642669452816 -2.5053937442521734 -1.5900244805121744  1.6690784610682365 
15.883177386479357 -2.4889699984198765 -1.5925962109695233  1.0367296232096121 15.88317738647936 -2.4906340708715478 -1.5923902639045999  1.036729623209609 15.883296489635343 -2.4922902282931778 -1.5921582384609947  1.0367296232096168 15.883533468788018 -2.4939303419455578 -1.59190141944562  1.0367296232096084 15.883886977612672 -2.4955450940236603 -1.5916212658973106  1.036729623209613 15.884355891613906 -2.4971263376537585 -1.5913190415440579  1.0367296232096121 
15.8874716340175 -2.4844277442014833 -1.5558943520899555  1.0383466998475064 15.887471634017496 -2.4853794253008918 -1.5557765712030875  1.0383466998475042 15.887539748973856 -2.4863264127971259 -1.555643896790682  1.0383466998475097 15.887675297805156 -2.4872645353546665 -1.5554969998294972  1.0383466998475037 15.88787742203044 -2.4881878514958244 -1.5553368106724064  1.038346699847507 15.888145593402287 -2.4890921628885292 -1.5551639689163346  1.0383466998475064 
15.853269611119078 -2.4806813429246954 -1.5256230629115353  0.85353433019614966 15.853269611119071 -2.4831740115534409 -1.5253145680576063  0.85353433019614733 15.853448019637394 -2.4856550182481758 -1.5249669855057117  0.85353433019615388 15.85380297436101 -2.4881116313368246 -1.524582314020503  0.85353433019614622 15.854332561544695 -2.4905306059426531 -1.5241626275656939  0.8535343301961511 15.855034963185476 -2.4928992025666696 -1.5237099158082057  0.85353433019614966 
15.819067588220657 -2.4844277442014833 -1.5558943520899555  1.0383466998475068 15.819067588220653 -2.4892370614408641 -1.5552991467737982  1.0383466998475039 15.819411806923839 -2.4940242408834221 -1.5546284813719211  1.0383466998475108 15.820096606208772 -2.4987636816472993 -1.5538863507832215  1.0383466998475039 15.821118485895274 -2.5034311592670697 -1.5530765482224862  1.0383466998475073 15.822473689022175 -2.5080010938526889 -1.5522030929887529  1.0383466998475068 
15.823361835758799 -2.4889699984198765 -1.5925962109695233  1.0367296232096115 15.823361835758803 -2.494007360090102 -1.5919727826747585  1.0367296232096086 15.823722376354342 -2.4990215527487738 -1.591270313897823  1.0367296232096157 15.82443964461835 -2.5039857087049002 -1.5904929960315042  1.0367296232096084 15.825509984206416 -2.5088745226929525 -1.5896447915288718  1.0367296232096119 15.826929447291725 -2.5136611508505888 -1.5887299194802909  1.0367296232096115 

0 6
6.2831853071795862 6

0 6
1 6

10 0 6.2831853071795862 0 0.69903484479096023
2 15.855480576277238 -2.5020610816682223 -1.5723364312725334 0.27965345744279085 -0.94303059208194662 0.18024218745306705 0.0090051764209993067 -0.18514792133058403 -0.98266940220228216 0.96005877452264343 0.27643000854563038 -0.043285099486346311 0.02
10 0 6.2831853071795862 0 0.69903484479096023
2 15.855480576277238 -2.5020610816682223 -1.5723364312725334 0.27965345744279085 -0.94303059208194662 0.18024218745306705 0.0090051764209993067 -0.18514792133058403 -0.98266940220228216 0.96005877452264343 0.27643000854563038 -0.043285099486346311 0.017999999999999999
9 1 1 1 0 6 5 6 6 2 2 16.051148191024435 -3.1649752836639662 -1.4659942497855409  1.6690784610682365 16.052089439454665 -3.1681493050852487 -1.4653875965456584  1.6690784610682319 16.052783700568291 -3.1713808507875338 -1.4647525242032533  1.6690784610682436 16.053228426872263 -3.1746512175737078 -1.4640928054128746  1.6690784610682303 16.053421086682455 -3.1779417882952115 -1.4634121957418733  1.6690784610682388 16.053359140591382 -3.1812338588034765 -1.462714468578838  1.6690784610682365 
16.083051771203422 -3.1557892763323934 -1.4674326509320781  1.0367296232096121 16.084554630283531 -3.1608571274546153 -1.466464028514503  1.036729623209609 16.085663213099426 -3.1660170950960702 -1.4654499787862141  1.0367296232096168 16.08637325947419 -3.1712385359236457 -1.4643966771683825  1.0367296232096084 16.086680867524958 -3.1764927568108146 -1.4633099118174935  1.036729623209613 16.086581960326331 -3.1817490928606769 -1.4621958747910075  1.0367296232096121 
16.08726255096829 -3.1468624154821385 -1.4272603480123855  1.0383466998475064 16.088792786386517 -3.1520225834474074 -1.4262740810031413  1.0383466998475042 16.089921565776347 -3.1572765541691807 -1.4252415575990871  1.0383466998475097 16.09064454547417 -3.1625931022790881 -1.424169070346935  1.0383466998475037 16.090957756805263 -3.1679430434858062 -1.423062506483997  1.038346699847507 16.090857047896193 -3.1732951298524052 -1.4219281759684483  1.0383466998475064 
16.050472961838501 -3.1510924595689618 -1.3923114001144647  0.85353433019614966 16.051317019464935 -3.1539387399993006 -1.3917673882709711  0.85353433019614733 16.051939579197402 -3.1568365582724591 -1.3911979007189699  0.85353433019615388 16.052338389935233 -3.1597692775186181 -1.3906062942967858  0.85353433019614622 16.052511157117156 -3.1627200243104219 -1.3899959728174518  0.8535343301961511 16.052455607414331 -3.1656721643937118 -1.3893702911013324  0.85353433019614966 
16.014293768323721 -3.1678723387756493 -1.4239704858706281  1.0383466998475068 16.014539506979769 -3.1687010039115058 -1.4238121024438191  1.0383466998475039 16.014720663874943 -3.1695443536140449 -1.4236463632170453  1.0383466998475108 16.014836812537879 -3.17039847158753 -1.4234740652109885  1.0383466998475039 16.014887118165763 -3.1712572189744783 -1.423296446794277  1.0383466998475073 16.014870945443796 -3.1721167040544231 -1.4231142860279691  1.0383466998475068 
16.019244610845444 -3.1741612909955386 -1.4645558486390036  1.0367296232096115 16.019624248625796 -3.1754414827158821 -1.4643111645768137  1.0367296232096086 16.019904188037156 -3.1767446064789975 -1.4640550696202921  1.0367296232096157 16.020083594270339 -3.17806389922377 -1.4637889336573666  1.0367296232096084 16.020161305839959 -3.1793908197796084 -1.4635144796662534  1.0367296232096119 16.020136320856437 -3.1807186247462766 -1.4632330623666685  1.0367296232096115 

0 6
6.2831853071795862 6

0 6
1 6

9 1 1 1 0 6 5 6 6 2 2 16.051130180671592 -3.1646049878213045 -1.4640289109811364  1.6690784610682365 16.052068836736584 -3.1677702674242378 -1.463423928571951  1.6690784610682319 16.052761185363014 -3.17099291163222 -1.4627906055692381  1.6690784610682436 16.053204686963483 -3.1742542723631781 -1.4621327035365022  1.6690784610682303 16.05339681617864 -3.1775357789787377 -1.4614539686587693  1.6690784610682388 16.053335040698098 -3.1808187825405154 -1.4607581631601803  1.6690784610682365 
16.079843402832683 -3.1563375812228895 -1.4653234720130199  1.0367296232096121 16.081287508482564 -3.1612073075566678 -1.4643927173439113  1.036729623209609 16.082352746641035 -3.1661655315099031 -1.463418314693903  1.0367296232096168 16.083035036305215 -3.1711828588781223 -1.4624061881164592  1.0367296232096084 16.083330618936891 -3.1762316506427806 -1.4613619131268274  1.036729623209613 16.083235578459551 -3.1812824931919956 -1.4602914287511328  1.0367296232096121 
16.083633104621065 -3.1483034064576603 -1.4291683993852966  1.0383466998475064 16.085101848975253 -3.1532562179501809 -1.4282217645836857  1.0383466998475042 16.086185264050265 -3.1582990446757031 -1.4272307356254885  1.0383466998475097 16.086879193705204 -3.1634019685980204 -1.4262013419771562  1.0383466998475037 16.087179819289172 -3.1685369086502728 -1.4251392483266807  1.038346699847507 16.087083157272431 -3.1736739264845513 -1.4240504998108294  1.0383466998475064 
16.05052247440425 -3.1521104461358007 -1.3977143462771677  0.85353433019614966 16.051373658745824 -3.1549807588468846 -1.3971657411247325  0.85353433019614733 16.05200147612921 -3.1579030483686528 -1.3965914444333829  0.85353433019615388 16.052403653720155 -3.1608605263135976 -1.3959948435320222  0.85353433019614622 16.052577879569874 -3.1638361913924267 -1.3953793680267901  0.8535343301961511 16.052521860838752 -3.1668132575717269 -1.3947484034304252  0.85353433019614966 
16.017961200240951 -3.16721233742182 -1.426207523457715  1.0383466998475068 16.018273897509179 -3.1682667963678699 -1.4260059838802956  1.0383466998475039 16.018504452338998 -3.1693400641760805 -1.425795060681651  1.0383466998475108 16.018652234062539 -3.1704268009756182 -1.4255758373548044  1.0383466998475039 16.018716244513616 -3.1715196665900782 -1.4253497946059326  1.0383466998475073 16.01869566506527 -3.1726133432663675 -1.4251179988643981  1.0383466998475068 
16.022416958510501 -3.1728723944197199 -1.4627343499492529  1.0367296232096115 16.022850164990601 -3.1743332272918079 -1.462455139799991  1.0367296232096086 16.023169624084989 -3.1758202917545373 -1.4621628964445732  1.0367296232096157 16.023374337621753 -3.1773256858482344 -1.4618592189565449  1.0367296232096084 16.023463013420393 -3.1788399073146945 -1.4615460241907114  1.0367296232096119 16.023434502936645 -3.1803550718890352 -1.4612248975692277  1.0367296232096115 

0 6
6.2831853071795862 6

0 6
1 6

10 0 6.2831853071795862 0 2.8330959294232878
2 16.053118141658544 -3.1770830961738654 -1.4431514143922599 -0.018404746277827396 -0.97810404799724737 0.20730107719413143 0.012049946641945919 -0.20753813148048811 -0.97815270932892373 0.99975800276885762 -0.015504685517161098 0.015605788241510907 0.020000000000000011
10 0 6.2831853071795862 0 2.8330959294232878
2 16.053118141658544 -3.1770830961738654 -1.4431514143922599 -0.018404746277827396 -0.97810404799724737 0.20730107719413143 0.012049946641945919 -0.20753813148048811 -0.97815270932892373 0.99975800276885762 -0.015504685517161098 0.015605788241510907 0.018000000000000006
9 1 1 1 0 6 6 6 7 2 2 16.001216728829597 -5.952296455736918 -0.87541063061508129  1.6690784610682365 16.000944663761317 -5.9667551144213187 -0.87234623728576643  1.6690784610682405 15.995957717765886 -5.9800675034402744 -0.86952478634779362  1.6690784610682217 15.987159904017155 -5.9913519946956528 -0.86713313159734251  1.6690784610682554 15.975464783304785 -5.9997494837383867 -0.86535335312914308  1.6690784610682214 15.96176720842239 -6.0043822246614145 -0.8643714819410302  1.6690784610682423 15.946984876507901 -6.0043822246614145 -0.86437148194103031  1.6690784610682365 
16.034439548564546 -5.9528116897941183 -0.87489203682725081  1.0367296232096121 16.034004217746705 -5.9759469630937927 -0.86998870666925454  1.0367296232096144 16.026013114184966 -5.997859271103807 -0.86534457390691022  1.0367296232096046 16.011589003964602 -6.0156111707918232 -0.86158220533773477  1.0367296232096215 15.99318038387403 -6.0293927321774063 -0.85866131719040706  1.0367296232096057 15.970638058750671 -6.0368055724498211 -0.85709022689926062  1.0367296232096144 15.946984876507898 -6.0368055724498202 -0.85709022689926084  1.0367296232096121 
16.038714636134408 -5.9443577267858467 -0.83462433800469149  1.0383466998475064 16.038258296402148 -5.9686095003581103 -0.82948437483237603  1.0383466998475077 16.029880620093962 -5.9916284395052122 -0.82460570073749717  1.0383466998475006 16.014732522255997 -6.0102125604682497 -0.82066694974036924  1.0383466998475128 15.995460014091773 -6.0246869402519057 -0.81759922445387001  1.0383466998475017 15.971779553129393 -6.0324575216271645 -0.81595231388968803  1.0383466998475084 15.946984876507901 -6.0324575216271645 -0.81595231388968814  1.0383466998475064 
16.000313195652545 -5.9367347613271528 -0.80206645313757552  0.85353433019614966 16.000045570785989 -5.9509574493976221 -0.799052071831577  0.85353433019615044 15.995140326345451 -5.9640359536292431 -0.79628019084319468  0.85353433019614511 15.986495526265236 -5.9751445561992265 -0.79392581424737818  0.85353433019615621 15.974982986967412 -5.9833956191400137 -0.79217706958250844  0.85353433019614444 15.961525955342609 -5.9879527520316449 -0.79121122289238799  0.85353433019615144 15.946984876507907 -5.9879527520316458 -0.79121122289238766  0.85353433019614966 
15.962728533682009 -5.9431793009878646 -0.83581044806421212  1.0383466998475068 15.962645609814873 -5.947586216948519 -0.83487643861233596  1.0383466998475082 15.961138940436198 -5.9509357141051353 -0.83416654034532955  1.0383466998475017 15.95885911637906 -5.9547277986400591 -0.83336283933774147  1.0383466998475119 15.954941495477158 -5.9568879114253441 -0.83290502126801091  1.0383466998475039 15.951490446206428 -5.9582999441982949 -0.83260575258032299  1.0383466998475079 15.946984876507909 -5.9582999441982967 -0.83260575258032266  1.0383466998475068 
15.96799390909465 -5.9517812216797177 -0.87592922440291165  1.0367296232096115 15.967885109775931 -5.9575632657488446 -0.87470376790227833  1.0367296232096133 15.96590232134681 -5.9622757357767417 -0.8737049987886768  1.0367296232096055 15.962730804069702 -5.9670928185994834 -0.87268405785695069  1.036729623209619 15.957749182735542 -5.9701062352993661 -0.87204538906787876  1.0367296232096059 15.95289635809411 -5.9719588768730079 -0.87165273698279966  1.0367296232096135 15.946984876507905 -5.9719588768730079 -0.87165273698279955  1.0367296232096115 

0 6
6.2831853071795862 6

0 7
1 7

9 1 1 1 0 6 6 6 7 2 2 16.001192628936312 -5.9518813794739573 -0.87345432519642341  1.6690784610682365 16.000920682301302 -5.9663337441264854 -0.87039126583519677  1.6690784610682405 15.995935915527181 -5.979639894748713 -0.86757113707390277  1.6690784610682217 15.987142183104046 -5.9909196945343632 -0.86518047664172515  1.6690784610682554 15.975451932376219 -5.9993132779613214 -0.86340152593654251  1.6690784610682214 15.961760773491582 -6.003944002195273 -0.86242008216902832  1.6690784610682423 15.946984876507901 -6.003944002195273 -0.86242008216902843  1.6690784610682365 
16.031093166697765 -5.9523450901254371 -0.87298759078737598  1.0367296232096121 16.030674280888149 -5.974606407931712 -0.86826948828033601  1.0367296232096144 16.022985772304349 -5.9956524856458921 -0.86380894587710777  1.0367296232096046 16.00912837305675 -6.0127529530209181 -0.86018464300807806  1.0367296232096215 15.99139597288854 -6.0259922015564396 -0.85737869359168017  1.0367296232096057 15.969744538787037 -6.0331250152048392 -0.85586695263143575  1.0367296232096144 15.9469848765079 -6.0331250152048383 -0.85586695263143597  1.0367296232096121 
16.034940745510646 -5.9447365234179923 -0.83674666184707269  1.0383466998475064 16.034502951678054 -5.9680026914695983 -0.83181558962714552  1.0383466998475077 16.026466527622453 -5.9900447372071568 -0.82714396002463597  1.0383466998475006 16.011957539518995 -6.0078942037297027 -0.82336091297044922  1.0383466998475128 15.993447640084508 -6.0217569888234879 -0.82042281012879659  1.0383466998475017 15.970771883727885 -6.0292117694644487 -0.8188428309228204  1.0383466998475084 15.946984876507901 -6.0292117694644478 -0.81884283092282051  1.0383466998475064 
16.000379449076966 -5.9378758545051689 -0.80744456546666832  0.85353433019614966 16.000111498623507 -5.9521158456051593 -0.80442651692642619  0.85353433019615044 15.99520026324879 -5.9652114999187855 -0.80165100111976417  0.85353433019614511 15.986544243127319 -5.9763329998875783 -0.79929389102675674  0.85353433019615621 15.975018315672584 -5.9845947998227853 -0.79754287074457164  0.85353433019614444 15.961543645719781 -5.9891574768284803 -0.79657584902525036  0.85353433019615144 15.946984876507907 -5.9891574768284812 -0.79657584902525014  0.85353433019614966 
15.966553253303484 -5.9436759401998085 -0.83781416090064131  1.0383466998475068 15.966451533749503 -5.9490817364009656 -0.83666844702910947  1.0383466998475082 15.964599015930462 -5.9534212843470868 -0.83574871567168529  1.0383466998475017 15.96167147422976 -5.9579579180843307 -0.83478721360808383  1.0383466998475119 15.956980973331355 -5.9607378628795828 -0.83419802726152348  1.0383466998475039 15.952511687497218 -5.9624699497784661 -0.83383092574439177  1.0383466998475079 15.946984876507909 -5.962469949778467 -0.83383092574439155  1.0383466998475068 
15.971292091174861 -5.9514176688224767 -0.87392105960547084  1.0367296232096115 15.971167083714455 -5.9580610803212588 -0.87251304339005764  1.0367296232096133 15.968886058750014 -5.9636273038515339 -0.87133332827069787  1.0367296232096055 15.965155993151336 -5.9690864360478111 -0.87017631027537223  1.036729623209619 15.9595078918639 -5.9726343543662024 -0.86942435828140474  1.0367296232096059 15.953777008196131 -5.9747629891857068 -0.8689732117066209  1.0367296232096135 15.946984876507905 -5.9747629891857068 -0.86897321170662079  1.0367296232096115 

0 6
6.2831853071795862 6

0 7
1 7

10 0 6.2831853071795862 0 0.22058487650790326
2 15.946984876507903 -6 -0.84485748422101159 -1 0 0 -0 -0.21911123307070585 -0.97569988600093371 0 -0.97569988600093371 0.21911123307070585 0.020000000000000011
10 0 6.2831853071795862 0 0.22058487650790326
2 15.946984876507903 -6 -0.84485748422101159 -1 0 0 -0 -0.21911123307070585 -0.97569988600093371 0 -0.97569988600093371 0.21911123307070585 0.018000000000000006
1 15.7264 -6.0000000000000018 -0.84485748422101192 -1 1.0532200112045587e-13 4.9973913895939859e-14 -7.184530748105543e-14 -0.21911123307070579 -0.9756998860009336 -9.1818046221714398e-14 -0.9756998860009336 0.21911123307070587 
1 15.7264 -6.0000000000000018 -0.84485748422101192 -1 1.0431933095134127e-13 4.5505266221823604e-14 -6.7251759716668845e-14 -0.21911123307070579 -0.9756998860009336 -9.1818046221714398e-14 -0.9756998860009336 0.21911123307070587 
1 15.826869611119077 1.717043353048411 -1.6931259150004114 1 0 -0 0 0 1 0 -1 0 
1 15.826869611119077 1.717043353048411 -1.6931259150004114 -0 1 0 0 0 1 1 0 -0 
1 15.826869611119077 1.717043353048411 -1.6403259150004115 0 0 1 1 0 -0 -0 1 0 
1 15.826869611119077 1.717043353048411 -1.6931259150004114 0 0 1 1 0 -0 -0 1 0 
1 15.826869611119077 1.769843353048411 -1.6931259150004114 -0 1 0 0 0 1 1 0 -0 
2 15.826869611119077 1.743443353048411 -1.6667259150004115 -1 0 0 0 0 -1 -0 -1 -0 0.024
1 15.826869611119077 1.743443353048411 -1.6667259150004115 -1 0 0 0 0 -1 -0 -1 -0 
1 15.879669611119077 1.717043353048411 -1.6931259150004114 1 0 -0 0 0 1 0 -1 0 
1 15.774069611119078 1.743443353048411 -1.6667259150004115 -1 0 0 0 0 -1 -0 -1 -0 
2 15.879669611119079 1.743443353048411 -1.6667259150004115 1 0 0 -0 0 1 0 -1 0 0.024
1 15.879669611119079 1.743443353048411 -1.6667259150004115 1 0 0 -0 0 1 0 -1 0 
2 15.826869611119077 1.743443353048411 -1.6667259150004115 -1 0 0 0 0 -1 -0 -1 -0 0.02
1 15.774069611119078 1.743443353048411 -1.6667259150004115 -1 0 0 0 0 -1 -0 -1 -0 
1 15.932469611119078 1.743443353048411 -1.6667259150004115 1 0 0 -0 0 1 0 -1 0 
1 15.826869611119077 1.743443353048411 -1.6667259150004115 -1 0 0 0 0 -1 -0 -1 -0 
2 15.879669611119079 1.743443353048411 -1.6667259150004115 1 0 0 -0 0 1 0 -1 0 0.02
1 15.932469611119078 1.743443353048411 -1.6667259150004115 1 0 0 -0 0 1 0 -1 0 
1 15.879669611119079 1.743443353048411 -1.6667259150004115 1 0 0 -0 0 1 0 -1 0 
1 14.200000000000001 -2.7664432661833338 -1.3448574842210115 0.99503719020999049 0 -0.09950371902098544 0.09950371902098544 0 0.99503719020999049 0 -1 0 
10 0 6.2831853071795862 0 0.37031502484483592
2 14.199999999999999 -2.7664432661833338 -1.3448574842210115 0.99503719020998926 0 -0.09950371902099879 0.09950371902099879 0 0.99503719020998926 0 -1 0 0.024
10 0 6.2831853071795862 0 0.37031502484483592
2 14.199999999999999 -2.7664432661833338 -1.3448574842210115 0.99503719020998926 0 -0.09950371902099879 0.09950371902099879 0 0.99503719020998926 0 -1 0 0.021599999999999998
1 14.199999999999999 -2.7664432661833338 -1.3448574842210115 0.99503719020998938 -5.9445092379537021e-16 -0.099503719020996528 0.099503719020996528 0 0.99503719020998938 -5.9150077693107786e-16 -1 5.9150077693106354e-17 
1 14.568477221814149 -2.7664432661833338 -1.3817052064024262 0.99503719020999049 0 -0.09950371902098544 0.09950371902098544 0 0.99503719020999049 0 -1 0 
1 14.568477221814147 -2.7664432661833338 -1.3817052064024262 0.99503719020998938 -5.9445092379537021e-16 -0.099503719020996528 0.099503719020996528 0 0.99503719020998938 -5.9150077693107786e-16 -1 5.9150077693106354e-17 
1 15.353269611119078 -0.026400000000000649 -1.6596903879305207 0 -1 1.8055593228630094e-30 0 -1.8055593228630094e-30 -1 1 0 0 
10 0 6.2831853071795862 0 0.42894065416776234
2 15.353269611119078 -0.026400000000000645 -1.6596903879305205 0 -1 0 0 0 -1 1 0 0 0.02
10 0 6.2831853071795862 0 0.42894065416776234
2 15.353269611119078 -0.026400000000000645 -1.6596903879305205 0 -1 0 0 0 -1 1 0 0 0.017999999999999999
1 15.353269611119076 -0.026400000000000645 -1.6596903879305207 -0 -1 -0 0 0 -1 1 0 0 
9 1 1 1 0 6 6 6 7 2 2 15.353269611119078 -0.45534065416776298 -1.6796903879305205  1.6690784610682365 15.353269611119078 -0.46919245214786165 -1.6796903879305205  1.6690784610682405 15.357674026870017 -0.48191682390494767 -1.6805712710807084  1.6690784610682217 15.365595420048141 -0.49284842341497942 -1.6821555497163327  1.6690784610682554 15.376314735282067 -0.50092669109299692 -1.6842994127631188  1.6690784610682214 15.388792008337374 -0.50541833146499937 -1.6867948673741797  1.6690784610682423 15.402374813760233 -0.50541833146499937 -1.6895114284587516  1.6690784610682365 
15.3865004726305 -0.45534065416776298 -1.6796903879305205  1.0367296232096121 15.3865004726305 -0.46038718549171748 -1.6796903879305205  1.0367296232096144 15.388105103457686 -0.4643222777385872 -1.6800113140959578  1.0367296232096046 15.39060191489197 -0.46865012400531525 -1.680510676382815  1.0367296232096215 15.394845717308485 -0.47119638205035103 -1.6813594368661178  1.0367296232096057 15.398704392722827 -0.47283279083033852 -1.6821311719489862  1.0367296232096144 15.403652923818365 -0.47283279083033858 -1.6831208781680937  1.0367296232096121 
15.391271858783989 -0.45534065416776298 -1.6385994241195576  1.0383466998475064 15.391271858783989 -0.46130049468447931 -1.6385994241195576  1.0383466998475077 15.39316689186797 -0.46614723788843088 -1.638978430736354  1.0383466998475006 15.396226357514447 -0.47116004564234248 -1.6395903238656491  1.0383466998475128 15.401141819928885 -0.47428010064885057 -1.6405734163485368  1.0383466998475017 15.405894442654716 -0.47621266278367502 -1.641523940893703  1.0383466998475084 15.411738547095608 -0.47621266278367502 -1.6426927617818814  1.0383466998475064 
15.353269611119078 -0.45534065416776298 -1.6047080495103512  0.85353433019614966 15.353269611119078 -0.47316610467603287 -1.6047080495103512  0.85353433019615044 15.358937517559744 -0.48985691426066658 -1.6058416307984844  0.85353433019614511 15.369306923251562 -0.50376866437776269 -1.607915511936848  0.85353433019615621 15.382948516581427 -0.51434342477115147 -1.6106438306028215  0.85353433019614444 15.399315201921755 -0.52012357787958607 -1.613917167670887  0.85353433019615144 15.41679449422565 -0.52012357787958607 -1.6174130261316659  0.85353433019614966 
15.315267363454167 -0.45534065416776298 -1.6385994241195576  1.0383466998475068 15.315267363454167 -0.48143960086488208 -1.6385994241195576  1.0383466998475082 15.323565969316082 -0.50638888499324386 -1.6402591452919404  1.0383466998475017 15.339032353683999 -0.52650557238528883 -1.6433524221655242  1.0383466998475119 15.358758388599552 -0.54227825152463793 -1.6472976291486352  1.0383466998475039 15.383223174488148 -0.55074120216974154 -1.652190586326354  1.0383466998475079 15.408815297275229 -0.55074120216974154 -1.6573090108837705  1.0383466998475068 
15.320038749607656 -0.45534065416776298 -1.6796903879305205  1.0367296232096115 15.320038749607656 -0.47799771880400588 -1.6796903879305205  1.0367296232096133 15.327242950282347 -0.49951137007130814 -1.6811312280654587  1.0367296232096055 15.340588925204308 -0.51704672282464348 -1.6838004230498507  1.036729623209619 15.357783753255653 -0.53065700013564288 -1.6872393886601194  1.0367296232096059 15.378879623951923 -0.53800387209966016 -1.6914585627993735  1.0367296232096135 15.401096703702102 -0.53800387209966016 -1.6959019787494094  1.0367296232096115 

0 6
6.2831853071795862 6

0 7
1 7

9 1 1 1 0 6 6 6 7 2 2 15.353269611119078 -0.45534065416776298 -1.6776903879305205  1.6690784610682365 15.353269611119078 -0.46929844117439495 -1.6776903879305205  1.6690784610682405 15.357707727891253 -0.48212860952068093 -1.6785780112849555  1.6690784610682217 15.365694416779411 -0.49313969843234673 -1.6801753490625875  1.6690784610682554 15.376491677784507 -0.50128455493029078 -1.6823348012636061  1.6690784610682214 15.389072692930736 -0.50581056373527566 -1.684851004292852  1.6690784610682423 15.402759429144849 -0.50581056373527566 -1.6875883515356747  1.6690784610682365 
15.383177386479357 -0.45534065416776298 -1.6776903879305205  1.0367296232096121 15.383177386479357 -0.46137370118386517 -1.6776903879305205  1.0367296232096144 15.385095696820155 -0.46629351797095653 -1.6780740499986804  1.0367296232096046 15.388200262138861 -0.4713612289636489 -1.6786949630624213  1.0367296232096215 15.393169561608282 -0.47452727679190942 -1.6796888229563054  1.0367296232096057 15.397993838877643 -0.47648357716408102 -1.6806536784101778  1.0367296232096144 15.403909728197167 -0.47648357716408102 -1.6818368562740826  1.0367296232096121 
15.3874716340175 -0.45534065416776298 -1.640708520500654  1.0383466998475064 15.3874716340175 -0.46219567945735079 -1.640708520500654  1.0383466998475077 15.389651306389412 -0.46793598210581594 -1.6411444549750367  1.0383466998475006 15.393262260499089 -0.4736201584369733 -1.6418666457969722  1.0383466998475128 15.39883605396664 -0.47730262353055908 -1.6429814044904825  1.0383466998475017 15.404464883816342 -0.47952546192208384 -1.6441071704604229  1.0383466998475084 15.411186789146685 -0.47952546192208384 -1.6454515515264914  1.0383466998475064 
15.353269611119078 -0.45534065416776298 -1.6102062833523683  0.85353433019614966 15.353269611119078 -0.47287472844974904 -1.6102062833523683  0.85353433019615044 15.358844869512009 -0.48927469084082792 -1.6113213350309541  0.85353433019614511 15.369034769662495 -0.50296791529885176 -1.6133593150610512  0.85353433019615621 15.38246208095393 -0.51335961524062979 -1.6160447773193385  0.85353433019614444 15.398543567156679 -0.51904528550840368 -1.6192610745598888  0.85353433019615144 15.415737141563724 -0.51904528550840368 -1.6226997894412976  0.85353433019614966 
15.319067588220657 -0.45534065416776298 -1.640708520500654  1.0383466998475068 15.319067588220657 -0.48032087501971327 -1.640708520500654  1.0383466998475082 15.32701047609271 -0.50415346450014753 -1.6422970980750646  1.0383466998475017 15.341787657051688 -0.52343113250562512 -1.64525253426686  1.0383466998475119 15.360690965770244 -0.53850095931876774 -1.6490331960105711  1.0383466998475039 15.384060742466431 -0.54660114736954368 -1.6537071513498087  1.0383466998475079 15.408555864308346 -0.54660114736954368 -1.6586061757181916  1.0383466998475068 
15.323361835758799 -0.45534065416776298 -1.6776903879305205  1.0367296232096115 15.323361835758799 -0.47722318116492474 -1.6776903879305205  1.0367296232096133 15.330319758962352 -0.49796370107040533 -1.6790819725712309  1.0367296232096055 15.343188571419963 -0.5149181679010445 -1.6816557350627537  1.036729623209619 15.359813793960733 -0.52804183306867192 -1.6849807795709069  1.0367296232096059 15.38015154698383 -0.53513755030647037 -1.6890483301755264  1.0367296232096135 15.401609130092531 -0.53513755030647037 -1.6933398467972667  1.0367296232096115 

0 6
6.2831853071795862 6

0 7
1 7

10 0 6.2831853071795862 0 0.45590195135927897
2 15.406220967606387 -0.50934065416776297 -1.6702806592279824 0.98058067569092011 0 -0.19611613513818421 -0.1923076923076926 0.19611613513818116 -0.96153846153846212 0.038461538461537936 0.98058067569092078 0.19230769230768949 0.020000000000000004
10 0 6.2831853071795862 0 0.45590195135927897
2 15.406220967606387 -0.50934065416776297 -1.6702806592279824 0.98058067569092011 0 -0.19611613513818421 -0.1923076923076926 0.19611613513818116 -0.96153846153846212 0.038461538461537936 0.98058067569092078 0.19230769230768949 0.018000000000000002
1 15.853269611119078 -0.50934065416776342 -1.7596903879305208 0.98058067569091967 -1.3869988440791533e-17 -0.19611613513818688 -0.1923076923076952 0.19611613513818116 -0.96153846153846156 0.038461538461538478 0.98058067569092078 0.19230769230768943 
1 15.853269611119078 -0.50934065416776519 -1.7596903879305208 0.98058067569091967 -1.3869988440791178e-17 -0.19611613513818688 -0.1923076923076952 0.19611613513818116 -0.96153846153846156 0.038461538461538478 0.98058067569092078 0.19230769230768943 
1 15.826869611119077 -0.026400000000000003 -1.7860903879305206 1 0 -0 0 0 1 0 -1 0 
1 15.826869611119077 -0.026400000000000003 -1.7860903879305206 -0 1 0 0 0 1 1 0 -0 
1 15.826869611119077 -0.026400000000000003 -1.7332903879305206 0 0 1 1 0 -0 -0 1 0 
1 15.826869611119077 -0.026400000000000003 -1.7860903879305206 0 0 1 1 0 -0 -0 1 0 
1 15.826869611119077 0.026400000000000003 -1.7860903879305206 -0 1 0 0 0 1 1 0 -0 
2 15.826869611119077 0 -1.7596903879305206 -1 0 0 0 0 -1 -0 -1 -0 0.024
1 15.826869611119077 0 -1.7596903879305206 -1 0 0 0 0 -1 -0 -1 -0 
1 15.879669611119077 -0.026400000000000003 -1.7860903879305206 1 0 -0 0 0 1 0 -1 0 
1 15.774069611119078 0 -1.7596903879305206 -1 0 0 0 0 -1 -0 -1 -0 
2 15.879669611119079 0 -1.7596903879305206 1 0 0 -0 0 1 0 -1 0 0.024
1 15.879669611119079 0 -1.7596903879305206 1 0 0 -0 0 1 0 -1 0 
2 15.826869611119077 0 -1.7596903879305206 -1 0 0 0 0 -1 -0 -1 -0 0.02
1 15.774069611119078 0 -1.7596903879305206 -1 0 0 0 0 -1 -0 -1 -0 
1 15.932469611119078 0 -1.7596903879305206 1 0 0 -0 0 1 0 -1 0 
1 15.826869611119077 0 -1.7596903879305206 -1 0 0 0 0 -1 -0 -1 -0 
2 15.879669611119079 0 -1.7596903879305206 1 0 0 -0 0 1 0 -1 0 0.02
1 15.932469611119078 0 -1.7596903879305206 1 0 0 -0 0 1 0 -1 0 
1 15.879669611119079 0 -1.7596903879305206 1 0 0 -0 0 1 0 -1 0 
1 14.791958906371196 3.1725677786951687 -1.4276474856925654 0.99613407746620641 -0.017671968674232427 -0.086049992642224529 0.086063432431042072 -4.3207176529570785e-19 0.9962896594857279 -0.017606399652893474 -0.99984383856839221 0.0015209102819182941 
10 0 6.2831853071795862 0 0.1976235675224666
2 14.791958906371196 3.1725677786951691 -1.4276474856925654 0.9961340774662063 -0.017671968674203523 -0.086049992642231413 0.0860634324310489 -2.602085213965211e-18 0.99628965948572723 -0.01760639965286467 -0.99984383856839265 0.0015209102819159254 0.017999999999999999
10 0 6.2831853071795862 0 0.1976235675224666
2 14.791958906371196 3.1725677786951691 -1.4276474856925654 0.9961340774662063 -0.017671968674203523 -0.086049992642231413 0.0860634324310489 -2.602085213965211e-18 0.99628965948572723 -0.01760639965286467 -0.99984383856839265 0.0015209102819159254 0.016
1 14.791958906371194 3.1725677786951691 -1.4276474856925652 0.99613407746620719 -0.017671968674189058 -0.086049992642224613 0.086063432431042086 -6.4891219979280879e-19 0.9962896594857279 -0.017606399652850265 -0.99984383856839287 0.0015209102819145615 
9 1 1 1 0 6 3 6 4 2 2 14.990367618409792 3.1690753811976249 -1.426719778367685  1.6690784610682365 14.991429887067124 3.1690565359658005 -1.4268115413224007  1.6690784610682354 14.992495762963001 3.1690470996630871 -1.4268574894448403  1.6690784610682372 14.993562154205918 3.169047099662301 -1.4268574894487465  1.6690784610682365 
14.989841050118093 3.1391722762793828 -1.4266742913196599  1.0367296232096121 14.991078416963347 3.1391503247087287 -1.4267811799481427  1.0367296232096117 14.992319985278112 3.1391393329839836 -1.4268347018761052  1.0367296232096121 14.993562154252158 3.1391393329834703 -1.4268347018786576  1.0367296232096121 
14.986582657146494 3.134878699343401 -1.4635124122325169  1.0383466998475064 14.988903527715497 3.1348375258165695 -1.4637128981967176  1.0383466998475059 14.991232276842132 3.1348169091745746 -1.4638132866663174  1.0383466998475064 14.993562154538324 3.1348169091757154 -1.4638132866606499  1.0383466998475064 
14.984559704228136 3.1690753812088834 -1.4939534938837287  0.85353433019614966 14.987553261314421 3.1690222738506493 -1.4942120891690569  0.8535343301961491 14.99055697985553 3.1689956816389078 -1.4943415744382476  0.85353433019614977 14.993562154715994 3.16899568164107 -1.494341574427509  0.85353433019614966 
14.987787006219826 3.2032720630641887 -1.4636164486604621  1.0383466998475068 14.989707398173442 3.2032379942497942 -1.4637823396984737  1.0383466998475062 14.991634309579851 3.2032209351161272 -1.4638654056178804  1.038346699847507 14.993562154432562 3.2032209351166445 -1.4638654056153093  1.0383466998475068 
14.990894186701491 3.1989784861158665 -1.4267652654157101  1.0367296232096115 14.991781357170902 3.1989627472228719 -1.4268419026966586  1.0367296232096113 14.992671540647889 3.198954866342191 -1.4268802770135758  1.0367296232096113 14.993562154159676 3.1989548663411318 -1.4268802770188358  1.0367296232096115 

0 6
6.2831853071795862 6

0 4
1 4

9 1 1 1 0 6 3 6 4 2 2 14.990195491529899 3.1690753811979584 -1.4287123576850316  1.6690784610682365 14.991314997026665 3.169055520552901 -1.4288090649842462  1.6690784610682354 14.992438304006713 3.1690455758072251 -1.4288574888644148  1.6690784610682372 14.993562154221033 3.1690455758065261 -1.4288574888678871  1.6690784610682365 
14.989727430826168 3.1424948434928544 -1.4286719247534538  1.0367296232096121 14.991002579156641 3.1424722216577261 -1.4287820770960167  1.0367296232096117 14.992282057175702 3.1424608943146888 -1.4288372332477612  1.0367296232096121 14.993562154262136 3.1424608943142323 -1.4288372332500301  1.0367296232096121 
14.986831081518082 3.1386783306608703 -1.461416921120438  1.0383466998475064 14.989069344269662 3.1386386226424734 -1.4616102710947501  1.0383466998475059 14.991315205232608 3.1386187398174359 -1.4617070863946167  1.0383466998475064 14.993562154516507 3.1386187398184502 -1.4617070863895789  1.0383466998475064 
14.985032901146207 3.1690753812079664 -1.4884756603659592  0.85353433019614966 14.987869107468706 3.169025065339433 -1.4887206630701626  0.8535343301961491 14.990714941244519 3.1689998708968439 -1.4888433421918881  0.85353433019614977 14.993562154674436 3.1689998708987659 -1.4888433421823426  0.85353433019614966 
14.987901614027708 3.199472431746015 -1.461509397945278  1.0383466998475068 14.989783895787836 3.199439039027562 -1.461671996874089  1.0383466998475062 14.991672567666138 3.1994223184321493 -1.4617534143515616  1.038346699847507 14.993562154422497 3.1994223184326094 -1.4617534143492763  1.0383466998475068 
14.990663552233634 3.1956559189030624 -1.4287527906166095  1.0367296232096115 14.991627414896691 3.1956388194480758 -1.4288360528724755  1.0367296232096113 14.992594550837726 3.1956302572997619 -1.4288777444810685  1.0367296232096113 14.99356215417993 3.1956302572988204 -1.4288777444857441  1.0367296232096115 

0 6
6.2831853071795862 6

0 4
1 4

10 0 6.2831853071795862 0 1.0597074567771081
2 14.993562154341969 3.1690333849603287 -1.4448574842210116 1 0 0 -0 0.00076192792074017066 0.99999970973287966 0 -0.99999970973287966 0.00076192792074017066 0.017999999999999995
10 0 6.2831853071795862 0 1.0597074567771081
2 14.993562154341969 3.1690333849603287 -1.4448574842210116 1 0 0 -0 0.00076192792074017066 0.99999970973287966 0 -0.99999970973287966 0.00076192792074017066 0.015999999999999997
1 16.053269611119074 3.1690333849603287 -1.4448574842210116 1 -1.6508109712109337e-13 -4.3062775567648259e-14 4.3201553445726391e-14 0.0007619279207400515 0.99999970973287966 -1.6504571147268887e-13 -0.99999970973287977 0.00076192792074005204 
1 16.05326961111907 3.1690333849603292 -1.4448574842210116 1 -1.217060035651335e-13 -4.3104408931071703e-14 4.3215431233534218e-14 0.0007619279207400515 0.99999970973287977 -1.2167214935229764e-13 -0.99999970973287966 0.00076192792074005172 
1 18.031673665900161 9.5664432661833345 -0.68372022632232843 0.99980005998000643 0 -0.019996001199630416 0.019996001199630416 0 0.99980005998000643 0 -1 0 
10 0 6.2831853071795862 0 0.068339998000399541
2 18.031673665900165 9.5664432661833345 -0.68372022632232821 0.99980005998000698 0 -0.019996001199600096 0.019996001199600096 0 0.99980005998000698 0 -1 0 0.024
10 0 6.2831853071795862 0 0.068339998000399541
2 18.031673665900165 9.5664432661833345 -0.68372022632232821 0.99980005998000698 0 -0.019996001199600096 0.019996001199600096 0 0.99980005998000698 0 -1 0 0.021599999999999998
1 18.031673665900161 9.5664432661833345 -0.68372022632232843 0.99980005998000843 0 -0.019996001199531779 0.019996001199531779 0 0.99980005998000843 0 -1 0 
1 18.099999999999994 9.5664432661833345 -0.68508675300432509 0.99980005998000643 0 -0.019996001199630416 0.019996001199630416 0 0.99980005998000643 0 -1 0 
1 18.099999999999994 9.5664432661833345 -0.68508675300432509 0.99980005998000843 0 -0.019996001199531779 0.019996001199531779 0 0.99980005998000843 0 -1 0 
1 13.6 0.74657730647333365 -1.4448574842210116 0.99503719020999049 0 -0.099503719020985482 0.099503719020985482 0 0.99503719020999049 0 -1 0 
10 0 6.2831853071795862 0 0.37031502484483592
2 13.6 0.74657730647333365 -1.4448574842210116 0.99503719020998926 0 -0.09950371902099879 0.09950371902099879 0 0.99503719020998926 0 -1 0 0.024
10 0 6.2831853071795862 0 0.37031502484483592
2 13.6 0.74657730647333365 -1.4448574842210116 0.99503719020998926 0 -0.09950371902099879 0.09950371902099879 0 0.99503719020998926 0 -1 0 0.021599999999999998
1 13.6 0.74657730647333376 -1.4448574842210113 0.99503719020998938 -5.8963365536918682e-16 -0.099503719020996556 0.099503719020996556 1.2325951644078307e-32 0.99503719020998938 -5.8670741569180103e-16 -1 5.867074156917872e-17 
1 13.968477221814148 0.74657730647333365 -1.4817052064024263 0.99503719020999049 0 -0.099503719020985482 0.099503719020985482 0 0.99503719020999049 0 -1 0 
1 13.968477221814148 0.74657730647333376 -1.4817052064024261 0.99503719020998938 -5.8963365536918682e-16 -0.099503719020996556 0.099503719020996556 1.2325951644078307e-32 0.99503719020998938 -5.8670741569180103e-16 -1 5.867074156917872e-17 
2 14.665920877743066 -2.5100762192375807 -1.5963773029509858 1 0 0 -0 0 1 0 -1 0 0.10000000000000001
1 14.665920877743066 -2.5100762192375807 -1.5963773029509858 1 0 0 -0 0 1 0 -1 0 
1 14.865920877743065 -2.5100762192375807 -1.5963773029509858 1 0 0 -0 0 1 0 -1 0 
2 14.715920877743066 -2.5100762192375807 -1.6863773029509859 0 6.123233995736766e-17 -1 0 -1 -6.123233995736766e-17 -1 0 -0 0.017999999999999999
1 14.715920877743066 -2.5100762192375807 -1.6863773029509859 0 6.123233995736766e-17 -1 0 -1 -6.123233995736766e-17 -1 0 -0 
1 14.631522778185854 -2.7664432661833338 -1.3880097620395966 0.99503719020999049 0 -0.09950371902098544 0.09950371902098544 0 0.99503719020999049 0 -1 0 
10 0 6.2831853071795862 0 0.068818756211208532
2 14.631522778185852 -2.7664432661833338 -1.3880097620395968 0.99503719020998926 0 -0.09950371902099879 0.09950371902099879 0 0.99503719020998926 0 -1 0 0.024
10 0 6.2831853071795862 0 0.068818756211208532
2 14.631522778185852 -2.7664432661833338 -1.3880097620395968 0.99503719020998926 0 -0.09950371902099879 0.09950371902099879 0 0.99503719020998926 0 -1 0 0.021599999999999998
1 14.631522778185852 -2.7664432661833338 -1.3880097620395966 0.99503719020998938 -5.9445092379537031e-16 -0.099503719020996528 0.099503719020996528 0 0.99503719020998938 -5.9150077693107776e-16 -1 5.9150077693106341e-17 
1 14.700000000000001 -2.7664432661833338 -1.3948574842210113 0.99503719020999049 0 -0.09950371902098544 0.09950371902098544 0 0.99503719020999049 0 -1 0 
1 14.699999999999999 -2.7664432661833338 -1.3948574842210113 0.99503719020998938 -5.9445092379537031e-16 -0.099503719020996528 0.099503719020996528 0 0.99503719020998938 -5.9150077693107776e-16 -1 5.9150077693106341e-17 
1 15.6736 6 -0.8448574842210117 -1 -0 -1.068249142486786e-27 1.068249142486786e-27 0 -1 0 -1 0 
10 0 6.2831853071795862 0 0.67359999999999864
2 15.673599999999999 6 -0.84485748422101159 -1 0 0 0 0 -1 -0 -1 -0 0.02
10 0 6.2831853071795862 0 0.67359999999999864
2 15.673599999999999 6 -0.84485748422101159 -1 0 0 0 0 -1 -0 -1 -0 0.017999999999999999
1 15.6736 6 -0.84485748422101159 -1 0 6.086889700779363e-28 -6.086889700779363e-28 0 -1 0 -1 0 
1 15.000000000000002 6 -0.8448574842210117 -1 -0 -1.068249142486786e-27 1.068249142486786e-27 0 -1 0 -1 0 
1 15.000000000000002 6 -0.84485748422101159 -1 0 6.086889700779363e-28 -6.086889700779363e-28 0 -1 0 -1 0 
1 17.968319999999995 9.5347632661833348 -0.71476675300432491 1 0 -0 0 0 1 0 -1 0 
1 17.968319999999995 9.5347632661833348 -0.71476675300432491 -0 1 0 0 0 1 1 0 -0 
1 17.968319999999995 9.5347632661833348 -0.65140675300432493 0 0 1 1 0 -0 -0 1 0 
1 17.968319999999995 9.5347632661833348 -0.71476675300432491 0 0 1 1 0 -0 -0 1 0 
1 17.968319999999995 9.5981232661833342 -0.71476675300432491 -0 1 0 0 0 1 1 0 -0 
2 17.968319999999995 9.5664432661833345 -0.68308675300432486 -1 0 0 0 0 -1 -0 -1 -0 0.028799999999999999
1 17.968319999999995 9.5664432661833345 -0.68308675300432486 -1 0 0 0 0 -1 -0 -1 -0 
1 18.031679999999994 9.5347632661833348 -0.71476675300432491 1 0 -0 0 0 1 0 -1 0 
1 17.904959999999996 9.5664432661833345 -0.68308675300432486 -1 0 0 0 0 -1 -0 -1 -0 
2 18.031679999999998 9.5664432661833345 -0.68308675300432486 1 0 0 -0 0 1 0 -1 0 0.028799999999999999
1 18.031679999999998 9.5664432661833345 -0.68308675300432486 1 0 0 -0 0 1 0 -1 0 
2 17.968319999999995 9.5664432661833345 -0.68308675300432486 -1 0 0 0 0 -1 -0 -1 -0 0.024
1 17.904959999999996 9.5664432661833345 -0.68308675300432486 -1 0 0 0 0 -1 -0 -1 -0 
1 18.095039999999997 9.5664432661833345 -0.68308675300432486 1 0 0 -0 0 1 0 -1 0 
1 17.968319999999995 9.5664432661833345 -0.68308675300432486 -1 0 0 0 0 -1 -0 -1 -0 
2 18.031679999999998 9.5664432661833345 -0.68308675300432486 1 0 0 -0 0 1 0 -1 0 0.024
1 18.095039999999997 9.5664432661833345 -0.68308675300432486 1 0 0 -0 0 1 0 -1 0 
1 18.031679999999998 9.5664432661833345 -0.68308675300432486 1 0 0 -0 0 1 0 -1 0 
1 14.56832 -2.798123266183334 -1.4165374842210114 1 0 -0 0 0 1 0 -1 0 
1 14.56832 -2.798123266183334 -1.4165374842210114 -0 1 0 0 0 1 1 0 -0 
1 14.56832 -2.798123266183334 -1.3531774842210114 0 0 1 1 0 -0 -0 1 0 
1 14.56832 -2.798123266183334 -1.4165374842210114 0 0 1 1 0 -0 -0 1 0 
1 14.56832 -2.7347632661833341 -1.4165374842210114 -0 1 0 0 0 1 1 0 -0 
2 14.56832 -2.7664432661833338 -1.3848574842210115 -1 0 0 0 0 -1 -0 -1 -0 0.028799999999999999
1 14.56832 -2.7664432661833338 -1.3848574842210115 -1 0 0 0 0 -1 -0 -1 -0 
1 14.631679999999999 -2.798123266183334 -1.4165374842210114 1 0 -0 0 0 1 0 -1 0 
1 14.504960000000001 -2.7664432661833338 -1.3848574842210115 -1 0 0 0 0 -1 -0 -1 -0 
2 14.631679999999999 -2.7664432661833338 -1.3848574842210115 1 0 0 -0 0 1 0 -1 0 0.028799999999999999
1 14.631679999999999 -2.7664432661833338 -1.3848574842210115 1 0 0 -0 0 1 0 -1 0 
2 14.56832 -2.7664432661833338 -1.3848574842210115 -1 0 0 0 0 -1 -0 -1 -0 0.024
1 14.504960000000001 -2.7664432661833338 -1.3848574842210115 -1 0 0 0 0 -1 -0 -1 -0 
1 14.695039999999999 -2.7664432661833338 -1.3848574842210115 1 0 0 -0 0 1 0 -1 0 
1 14.56832 -2.7664432661833338 -1.3848574842210115 -1 0 0 0 0 -1 -0 -1 -0 
2 14.631679999999999 -2.7664432661833338 -1.3848574842210115 1 0 0 -0 0 1 0 -1 0 0.024
1 14.695039999999999 -2.7664432661833338 -1.3848574842210115 1 0 0 -0 0 1 0 -1 0 
1 14.631679999999999 -2.7664432661833338 -1.3848574842210115 1 0 0 -0 0 1 0 -1 0 
Triangulations 0

TShapes 2476
Ve
1.00005e-07
18.032153569929 -9.56644326618333 -0.659725024882808
0 0

0101101
*
Ed
 1.00005e-07 1 1 0
1  1 0 0 6.28318530717959
2  1 2 0 0 6.28318530717959
2  2 1 0 0 6.28318530717959
0

0101000
+2476 0 -2476 0 *
Wi

0101100
+2475 0 *
Ve
1.00005e-07
18.0321055795261 -9.56644326618333 -0.66212454502676
0 0

0101101
*
Ed
 1.00005e-07 1 1 0
1  2 0 0 6.28318530717959
2  3 3 0 0 6.28318530717959
2  4 4 0 0 6.28318530717959
2  5 1 0 0 6.28318530717959
0

0101000
+2473 0 -2473 0 *
Wi

0101100
-2472 0 *
Fa
0  1e-07 1 0

0101000
+2474 0 +2471 0 *
Ve
1.00005e-07
18.1004799040288 -9.56644326618333 -0.661091551564805
0 0

0101101
*
Ed
 1e-07 1 1 0
1  3 0 0 0.0683399980003995
3  6 7G1 2 0 0 0.0683399980003995
0

0101000
+2476 0 -2469 0 *
Ed
 1.00005e-07 1 1 0
1  4 0 0 6.28318530717959
2  8 2 0 0 6.28318530717959
2  9 5 0 0 6.28318530717959
0

0101000
+2469 0 -2469 0 *
Wi

0101100
+2468 0 +2475 0 -2468 0 -2467 0 *
Fa
0  1e-07 2 0

0101000
+2466 0 *
Ve
1.00005e-07
18.1004319136259 -9.56644326618333 -0.663491071708757
0 0

0101101
*
Ed
 1e-07 1 1 0
1  5 0 0 0.0683399980003995
3  10 11G1 3 0 0 0.0683399980003995
0

0101000
+2473 0 -2464 0 *
Ed
 1.00005e-07 1 1 0
1  6 0 0 6.28318530717959
2  12 3 0 0 6.28318530717959
2  13 6 0 0 6.28318530717959
2  14 5 0 0 6.28318530717959
0

0101000
+2464 0 -2464 0 *
Wi

0101100
+2463 0 +2472 0 -2463 0 -2462 0 *
Fa
0  1e-07 3 0

0101000
+2461 0 *
Wi

0101100
+2467 0 *
Wi

0101100
-2462 0 *
Fa
0  1e-07 5 0

0101000
+2459 0 +2458 0 *
Sh

0101100
-2470 0 +2465 0 -2460 0 +2457 0 *
So

0100000
+2456 0 *
Co

0100000
+2455 0 *
Ve
1e-07
15.6736 5.9736 -0.818457484221012
0 0

0101101
*
Ve
1e-07
15.6736 5.9736 -0.871257484221012
0 0

0101101
*
Ed
 1e-07 1 1 0
1  7 0 0 0.0528
2  15 7 0 0 0.0528
2  16 8 0 0 0.0528
0

0101000
-2453 0 +2452 0 *
Ve
1e-07
15.6736 6.0264 -0.818457484221012
0 0

0101101
*
Ed
 1e-07 1 1 0
1  8 0 0 0.0528000000000004
2  17 7 0 0 0.0528000000000004
2  18 9 0 0 0.0528000000000004
0

0101000
-2450 0 +2453 0 *
Ve
1e-07
15.6736 6.0264 -0.871257484221012
0 0

0101101
*
Ed
 1e-07 1 1 0
1  9 0 0 0.0528000000000004
2  19 7 0 0 0.0528000000000004
2  20 10 0 0 0.0528000000000004
0

0101000
-2448 0 +2452 0 *
Ed
 1e-07 1 1 0
1  10 0 0 0.0528
2  21 7 0 0 0.0528
2  22 11 0 0 0.0528
0

0101000
-2450 0 +2448 0 *
Wi

0101100
-2451 0 -2449 0 +2447 0 +2446 0 *
Ve
1e-07
15.6736 6 -0.868857484221012
0 0

0101101
*
Ed
 1e-07 1 1 0
1  11 0 0 6.28318530717959
2  23 12 0 0 6.28318530717959
2  24 13 0 0 6.28318530717959
2  25 7 0 0 6.28318530717959
0

0101000
+2444 0 -2444 0 *
Wi

0101100
+2443 0 *
Fa
0  1e-07 7 0

0101000
+2445 0 +2442 0 *
Ve
1e-07
15.7264 5.9736 -0.871257484221012
0 0

0101101
*
Ed
 1e-07 1 1 0
1  12 0 0 0.0527999999999995
2  26 8 0 0 0.0527999999999995
2  27 10 0 0 0.0527999999999995
0

0101000
-2440 0 +2452 0 *
Ve
1e-07
15.7264 5.9736 -0.818457484221012
0 0

0101101
*
Ed
 1e-07 1 1 0
1  13 0 0 0.0528
2  28 14 0 0 0.0528
2  29 8 0 0 0.0528
0

0101000
-2438 0 +2440 0 *
Ed
 1e-07 1 1 0
1  14 0 0 0.0527999999999995
2  30 8 0 0 0.0527999999999995
2  31 9 0 0 0.0527999999999995
0

0101000
-2438 0 +2453 0 *
Wi

0101100
-2439 0 -2437 0 +2436 0 +2451 0 *
Fa
0  1e-07 8 0

0111000
+2435 0 *
Ve
1e-07
15.7264 6.0264 -0.818457484221012
0 0

0101101
*
Ed
 1e-07 1 1 0
1  15 0 0 0.0527999999999995
2  32 11 0 0 0.0527999999999995
2  33 9 0 0 0.0527999999999995
0

0101000
-2433 0 +2450 0 *
Ed
 1e-07 1 1 0
1  16 0 0 0.0528000000000004
2  34 14 0 0 0.0528000000000004
2  35 9 0 0 0.0528000000000004
0

0101000
-2433 0 +2438 0 *
Wi

0101100
-2449 0 -2432 0 +2431 0 +2436 0 *
Fa
0  1e-07 9 0

0111000
+2430 0 *
Ve
1e-07
15.7264 6.0264 -0.871257484221012
0 0

0101101
*
Ed
 1e-07 1 1 0
1  17 0 0 0.0527999999999995
2  36 11 0 0 0.0527999999999995
2  37 10 0 0 0.0527999999999995
0

0101000
-2428 0 +2448 0 *
Ed
 1e-07 1 1 0
1  18 0 0 0.0528000000000004
2  38 14 0 0 0.0528000000000004
2  39 10 0 0 0.0528000000000004
0

0101000
-2428 0 +2440 0 *
Wi

0101100
-2447 0 -2427 0 +2426 0 +2439 0 *
Fa
0  1e-07 10 0

0111000
+2425 0 *
Ed
 1e-07 1 1 0
1  19 0 0 0.0528
2  40 14 0 0 0.0528
2  41 11 0 0 0.0528
0

0101000
-2433 0 +2428 0 *
Wi

0101100
-2427 0 -2423 0 +2432 0 +2446 0 *
Fa
0  1e-07 11 0

0111000
+2422 0 *
Ve
1e-07
15.6208 6 -0.868857484221012
0 0

0101101
*
Ed
 1e-07 1 1 0
1  20 0 0 6.28318530717959
2  42 12 0 0 6.28318530717959
2  43 15 0 0 6.28318530717959
0

0101000
+2420 0 -2420 0 *
Ed
 1e-07 1 1 0
1  21 0 0 0.0528
3  44 45CN 12 0 0 0.0528
0

0101000
-2420 0 +2444 0 *
Wi

0101100
-2419 0 +2418 0 +2443 0 -2418 0 *
Fa
0  1e-07 12 0

0111000
+2417 0 *
Wi

0101100
-2437 0 -2431 0 +2426 0 +2423 0 *
Ve
1.00000001776357e-07
15.7264 6 -0.820857484221012
0 0

0101101
*
Ed
 1.00000001776357e-07 1 1 0
1  22 0 0 6.28318530717959
2  46 16 0 0 6.28318530717959
2  47 17 0 0 6.28318530717959
2  48 14 0 0 6.28318530717959
0

0101000
+2414 0 -2414 0 *
Wi

0101100
-2413 0 *
Fa
0  1e-07 14 0

0101000
+2415 0 +2412 0 *
Wi

0101100
+2419 0 *
Ve
1e-07
15.6208 6 -0.864857484221012
0 0

0101101
*
Ed
 1e-07 1 1 0
1  23 0 0 6.28318530717959
2  49 18 0 0 6.28318530717959
2  50 19 0 0 6.28318530717959
2  51 15 0 0 6.28318530717959
0

0101000
+2409 0 -2409 0 *
Wi

0101100
-2408 0 *
Fa
0  1e-07 15 0

0101000
+2410 0 +2407 0 *
Ve
1e-07
15.7792 6 -0.820857484221012
0 0

0101101
*
Ed
 1e-07 1 1 0
1  24 0 0 6.28318530717959
2  52 16 0 0 6.28318530717959
2  53 20 0 0 6.28318530717959
0

0101000
+2405 0 -2405 0 *
Ed
 1e-07 1 1 0
1  25 0 0 0.0528
3  54 55CN 16 0 0 0.0528
0

0101000
-2405 0 +2414 0 *
Wi

0101100
-2404 0 +2403 0 +2413 0 -2403 0 *
Fa
0  1e-07 16 0

0111000
+2402 0 *
Ve
1e-07
15.6736 6 -0.864857484221012
0 0

0101101
*
Ed
 1e-07 1 1 0
1  26 0 0 0.0528
3  56 57CN 18 0 0 0.0528
0

0101000
-2409 0 +2400 0 *
Ed
 1e-07 1 1 0
1  27 0 0 6.28318530717959
2  58 18 0 0 6.28318530717959
2  59 21 0 0 6.28318530717959
2  60 13 0 0 6.28318530717959
2  61 7 0 0 6.28318530717959
0

0101000
+2400 0 -2400 0 *
Wi

0101100
-2408 0 +2399 0 +2398 0 -2399 0 *
Fa
0  1e-07 18 0

0111000
+2397 0 *
Wi

0101100
+2404 0 *
Ve
1e-07
15.7792 6 -0.824857484221012
0 0

0101101
*
Ed
 1e-07 1 1 0
1  28 0 0 6.28318530717959
2  62 22 0 0 6.28318530717959
2  63 23 0 0 6.28318530717959
2  64 20 0 0 6.28318530717959
0

0101000
+2394 0 -2394 0 *
Wi

0101100
-2393 0 *
Fa
0  1e-07 20 0

0101000
+2395 0 +2392 0 *
Wi

0101100
-2398 0 *
Fa
0  1e-07 7 0

0101000
+2390 0 *
Ve
1.00000001776357e-07
15.7264 6 -0.824857484221012
0 0

0101101
*
Ed
 1e-07 1 1 0
1  29 0 0 0.0528
3  65 66CN 22 0 0 0.0528
0

0101000
-2394 0 +2388 0 *
Ed
 1.00000001776357e-07 1 1 0
1  30 0 0 6.28318530717959
2  67 22 0 0 6.28318530717959
2  68 24 0 0 6.28318530717959
2  69 17 0 0 6.28318530717959
2  70 14 0 0 6.28318530717959
0

0101000
+2388 0 -2388 0 *
Wi

0101100
-2393 0 +2387 0 +2386 0 -2387 0 *
Fa
0  1e-07 22 0

0111000
+2385 0 *
Wi

0101100
+2386 0 *
Fa
0  1e-07 14 0

0101000
+2383 0 *
Sh

0101100
-2441 0 -2434 0 +2429 0 -2424 0 +2421 0 +2416 0 +2411 0 +2406 0 +2401 0 -2396 0 
+2391 0 -2389 0 -2384 0 +2382 0 *
So

0100000
+2381 0 *
Co

0100000
+2380 0 *
Co

0100000
+2379 4 *
Ve
1e-07
14.8982676308192 3.18418388752405 -1.36872072395188
0 0

0101101
*
Ve
1e-07
14.6982676308192 3.18418388752405 -1.36872072395188
0 0

0101101
*
Ed
 1e-07 1 1 0
1  31 0 0 0.2
3  71 72CN 25 0 0 0.2
0

0101000
-2377 0 +2376 0 *
Ed
 1e-07 1 1 0
1  32 0 0 6.28318530717959
2  73 25 0 0 6.28318530717959
2  74 26 0 0 6.28318530717959
0

0101000
+2376 0 -2376 0 *
Ed
 1e-07 1 1 0
1  33 0 0 6.28318530717959
2  75 25 0 0 6.28318530717959
2  76 27 0 0 6.28318530717959
0

0101000
+2377 0 -2377 0 *
Wi

0101100
+2375 0 +2374 0 -2375 0 -2373 0 *
Ve
1.00000018078577e-07
14.7482676308192 3.16618388752405 -1.56708738497073
0 0

0101101
*
Ve
1.11873896047365e-07
14.7302676308192 3.18418388752405 -1.56872072395188
0 0

0101101
*
Ed
 1e-07 1 1 0
1  34 0 0 0.249737365755572
2  77 25 0 0 0.249737365755572
2  78 28 0 0 0.249737365755572
0

0101000
+2371 0 -2370 0 *
Ve
1.15857951203459e-07
14.7662676308192 3.18418388752405 -1.56872072395188
0 0

0101101
*
Ed
 1e-07 1 1 0
1  34 0 0.249737365755572 0.749731830401375
2  77 25 0 0.249737365755572 0.749731830401375
2  78 28 0 0.249737365755572 0.749731830401375
0

0101000
+2370 0 -2368 0 *
Ed
 1e-07 1 1 0
1  34 0 0.749731830401375 1
2  77 25 0 0.749731830401375 1
2  78 28 0 0.749731830401375 1
0

0101000
+2368 0 -2371 0 *
Wi

0101100
-2369 0 -2367 0 -2366 0 *
Fa
0  1e-07 25 0

0101000
+2372 0 +2365 0 *
Wi

0101100
-2374 0 *
Fa
0  1e-07 26 0

0111000
-2363 0 *
Wi

0101100
+2373 0 *
Fa
0  1e-07 27 0

0111000
+2361 0 *
Ve
1e-07
14.7482676308192 3.16618388752405 -1.55872072395188
0 0

0101101
*
Ed
 1e-07 1 1 0
1  35 0 0 0.00836666101884553
3  79 80CN 28 0 0 0.00836666101884553
0

0101000
+2359 0 -2371 0 *
Ed
 1e-07 1 1 0
1  36 0 0 6.28318530717959
2  81 28 0 0 6.28318530717959
2  82 29 0 0 6.28318530717959
0

0101000
+2359 0 -2359 0 *
Wi

0101100
-2367 0 -2366 0 +2358 0 +2357 0 -2358 0 -2369 0 *
Fa
0  1e-07 28 0

0101000
+2356 0 *
Wi

0101100
-2357 0 *
Fa
0  1e-07 29 0

0111000
-2354 0 *
Sh

0101100
+2364 0 -2362 0 +2360 0 -2355 0 +2353 0 *
So

0100000
+2352 0 *
Co

0100000
+2351 0 *
Co

0100000
+2350 8 *
Ve
1.00005e-07
15.8532696111191 0.0264000000000006 -1.73969038793052
0 0

0101101
*
Ed
 1.00005e-07 1 1 0
1  37 0 0 6.28318530717959
2  83 31 0 0 6.28318530717959
2  84 30 0 0 6.28318530717959
0

0101000
+2348 0 -2348 0 *
Wi

0101100
+2347 0 *
Ve
1.00005e-07
15.8532696111191 0.0264000000000006 -1.74169038793052
0 0

0101101
*
Ed
 1.00005e-07 1 1 0
1  38 0 0 6.28318530717959
2  85 32 0 0 6.28318530717959
2  86 33 0 0 6.28318530717959
2  87 30 0 0 6.28318530717959
0

0101000
+2345 0 -2345 0 *
Wi

0101100
-2344 0 *
Fa
0  1e-07 30 0

0101000
+2346 0 +2343 0 *
Ve
0.000126313348870547
15.8532696111191 0.988952463011346 -1.73969038793052
0 0

0101101
*
Ed
 1e-07 1 1 0
1  39 0 0 0.962552463011346
3  88 89G1 31 0 0 0.962552463011346
0

0101000
+2348 0 -2341 0 *
Ed
 0.000126313348870547 1 1 0
1  40 0 0 6.28318530717959
2  90 31 0 0 6.28318530717959
2  91 34 0 0 6.28318530717959
4 G1 34 0 31 0
0

0101000
+2341 0 -2341 0 *
Wi

0101100
+2340 0 +2347 0 -2340 0 -2339 0 *
Fa
0  1e-07 31 0

0101000
+2338 0 *
Ve
0.000113682013965542
15.8532696111191 0.988952463011346 -1.74169038793052
0 0

0101101
*
Ed
 1e-07 1 1 0
1  41 0 0 0.962552463011346
3  92 93G1 32 0 0 0.962552463011346
0

0101000
+2345 0 -2336 0 *
Ed
 0.000113682013965542 1 1 0
1  42 0 0 6.28318530717959
2  94 32 0 0 6.28318530717959
2  95 35 0 0 6.28318530717959
4 G1 35 0 32 0
0

0101000
+2336 0 -2336 0 *
Wi

0101100
+2335 0 +2344 0 -2335 0 -2334 0 *
Fa
0  1e-07 32 0

0101000
+2333 0 *
Ve
0.000126313348839738
15.8532696111191 0.993128472882083 -1.73943295661697
0 0

0101101
*
Ed
 1e-07 1 1 0
1  43 0 0 1
3  96 97G1 34 0 0 1
0

0101000
+2341 0 -2331 0 *
Ed
 0.000126313348839738 1 1 0
1  44 0 0 6.28318530717959
2  98 34 0 0 6.28318530717959
2  99 36 0 0 6.28318530717959
4 G1 36 0 34 0
0

0101000
+2331 0 -2331 0 *
Wi

0101100
+2330 0 +2339 0 -2330 0 -2329 0 *
Fa
0  1e-07 34 0

0101000
+2328 0 *
Ve
0.000113682013955332
15.8532696111191 0.993374120521538 -1.74141781359852
0 0

0101101
*
Ed
 1e-07 1 1 0
1  45 0 0 1
3  100 101G1 35 0 0 1
0

0101000
+2336 0 -2326 0 *
Ed
 0.000113682013955332 1 1 0
1  46 0 0 6.28318530717959
2  102 35 0 0 6.28318530717959
2  103 37 0 0 6.28318530717959
4 G1 37 0 35 0
0

0101000
+2326 0 -2326 0 *
Wi

0101100
+2325 0 +2334 0 -2325 0 -2324 0 *
Fa
0  1e-07 35 0

0101000
+2323 0 *
Ve
1.00005e-07
15.8532696111191 1.71478676449733 -1.65011989402566
0 0

0101101
*
Ed
 1e-07 1 1 0
1  47 0 0 0.727164020704042
3  104 105G1 36 0 0 0.727164020704042
0

0101000
+2331 0 -2321 0 *
Ed
 1.00005e-07 1 1 0
1  48 0 0 6.28318530717959
2  106 36 0 0 6.28318530717959
2  107 38 0 0 6.28318530717959
0

0101000
+2321 0 -2321 0 *
Wi

0101100
+2320 0 +2329 0 -2320 0 -2319 0 *
Fa
0  1e-07 36 0

0101000
+2318 0 *
Ve
1.00005e-07
15.8532696111191 1.71503241213678 -1.65210475100722
0 0

0101101
*
Ed
 1e-07 1 1 0
1  49 0 0 0.727164020704042
3  108 109G1 37 0 0 0.727164020704042
0

0101000
+2326 0 -2316 0 *
Ed
 1.00005e-07 1 1 0
1  50 0 0 6.28318530717959
2  110 37 0 0 6.28318530717959
2  111 39 0 0 6.28318530717959
2  112 38 0 0 6.28318530717959
0

0101000
+2316 0 -2316 0 *
Wi

0101100
+2315 0 +2324 0 -2315 0 -2314 0 *
Fa
0  1e-07 37 0

0101000
+2313 0 *
Wi

0101100
+2319 0 *
Wi

0101100
-2314 0 *
Fa
0  1e-07 38 0

0101000
+2311 0 +2310 0 *
Sh

0101100
-2342 0 +2337 0 -2332 0 +2327 0 -2322 0 +2317 0 -2312 0 +2309 0 *
So

0100000
+2308 0 *
Co

0100000
+2307 0 *
Ve
1.00005e-07
16.0891393690633 -0.998598835780166 -1.49
0 0

0101101
*
Ed
 1.00005e-07 1 1 0
1  51 0 0 6.28318530717959
2  113 41 0 0 6.28318530717959
2  114 40 0 0 6.28318530717959
0

0101000
+2305 0 -2305 0 *
Wi

0101100
+2304 0 *
Ve
1.00005e-07
16.0911393690633 -0.998598835780166 -1.49
0 0

0101101
*
Ed
 1.00005e-07 1 1 0
1  52 0 0 6.28318530717959
2  115 42 0 0 6.28318530717959
2  116 43 0 0 6.28318530717959
2  117 40 0 0 6.28318530717959
0

0101000
+2302 0 -2302 0 *
Wi

0101100
-2301 0 *
Fa
0  1e-07 40 0

0101000
+2303 0 +2300 0 *
Ve
0.000113682013964796
16.0891393690633 -0.998598835780166 -1.6488226057576
0 0

0101101
*
Ed
 1e-07 1 1 0
1  53 0 0 0.158822605757604
3  118 119G1 41 0 0 0.158822605757604
0

0101000
+2305 0 -2298 0 *
Ed
 0.000113682013964796 1 1 0
1  54 0 0 6.28318530717959
2  120 41 0 0 6.28318530717959
2  121 44 0 0 6.28318530717959
4 G1 44 0 41 0
0

0101000
+2298 0 -2298 0 *
Wi

0101100
+2297 0 +2304 0 -2297 0 -2296 0 *
Fa
0  1e-07 41 0

0101000
+2295 0 *
Ve
0.000101050679065726
16.0911393690633 -0.998598835780166 -1.6488226057576
0 0

0101101
*
Ed
 1e-07 1 1 0
1  55 0 0 0.158822605757604
3  122 123G1 42 0 0 0.158822605757604
0

0101000
+2302 0 -2293 0 *
Ed
 0.000101050679065726 1 1 0
1  56 0 0 6.28318530717959
2  124 42 0 0 6.28318530717959
2  125 45 0 0 6.28318530717959
4 G1 45 0 42 0
0

0101000
+2293 0 -2293 0 *
Wi

0101100
+2292 0 +2301 0 -2292 0 -2291 0 *
Fa
0  1e-07 42 0

0101000
+2290 0 *
Ve
0.000113682013967065
16.0626706180994 -0.997940163152146 -1.68354444931286
0 0

0101101
*
Ed
 1e-07 1 1 0
1  57 0 0 1
3  126 127G1 44 0 0 1
0

0101000
+2298 0 -2288 0 *
Ed
 0.000113682013967065 1 1 0
1  58 0 0 6.28318530717959
2  128 44 0 0 6.28318530717959
2  129 46 0 0 6.28318530717959
4 G1 46 0 44 0
0

0101000
+2288 0 -2288 0 *
Wi

0101100
+2287 0 +2296 0 -2287 0 -2286 0 *
Fa
0  1e-07 44 0

0101000
+2285 0 *
Ve
0.000101050679080539
16.0632008144709 -0.997903587213223 -1.68547254526698
0 0

0101101
*
Ed
 1e-07 1 1 0
1  59 0 0 1
3  130 131G1 45 0 0 1
0

0101000
+2293 0 -2283 0 *
Ed
 0.000101050679080539 1 1 0
1  60 0 0 6.28318530717959
2  132 45 0 0 6.28318530717959
2  133 47 0 0 6.28318530717959
4 G1 47 0 45 0
0

0101000
+2283 0 -2283 0 *
Wi

0101100
+2282 0 +2291 0 -2282 0 -2281 0 *
Fa
0  1e-07 45 0

0101000
+2280 0 *
Ve
1.00005e-07
15.8484978437751 -0.992610491785833 -1.74233752434345
0 0

0101101
*
Ed
 1e-07 1 1 0
1  61 0 0 0.222159871106753
3  134 135G1 46 0 0 0.222159871106753
0

0101000
+2288 0 -2278 0 *
Ed
 1.00005e-07 1 1 0
1  62 0 0 6.28318530717959
2  136 46 0 0 6.28318530717959
2  137 48 0 0 6.28318530717959
0

0101000
+2278 0 -2278 0 *
Wi

0101100
+2277 0 +2286 0 -2277 0 -2276 0 *
Fa
0  1e-07 46 0

0101000
+2275 0 *
Ve
1.00005e-07
15.8490280401467 -0.99257391584691 -1.74426562029757
0 0

0101101
*
Ed
 1e-07 1 1 0
1  63 0 0 0.222159871106753
3  138 139G1 47 0 0 0.222159871106753
0

0101000
+2283 0 -2273 0 *
Ed
 1.00005e-07 1 1 0
1  64 0 0 6.28318530717959
2  140 47 0 0 6.28318530717959
2  141 49 0 0 6.28318530717959
2  142 48 0 0 6.28318530717959
0

0101000
+2273 0 -2273 0 *
Wi

0101100
+2272 0 +2281 0 -2272 0 -2271 0 *
Fa
0  1e-07 47 0

0101000
+2270 0 *
Wi

0101100
+2276 0 *
Wi

0101100
-2271 0 *
Fa
0  1e-07 48 0

0101000
+2268 0 +2267 0 *
Sh

0101100
-2299 0 +2294 0 -2289 0 +2284 0 -2279 0 +2274 0 -2269 0 +2266 0 *
So

0100000
+2265 0 *
Co

0100000
+2264 0 *
Ve
1.00005e-07
13.6023880892565 -0.746577306473334 -1.42097659165597
0 0

0101101
*
Ed
 1.00005e-07 1 1 0
1  65 0 0 6.28318530717959
2  143 51 0 0 6.28318530717959
2  144 50 0 0 6.28318530717959
0

0101000
+2262 0 -2262 0 *
Wi

0101100
+2261 0 *
Ve
1.00005e-07
13.6021492803309 -0.746577306473334 -1.42336468091248
0 0

0101101
*
Ed
 1.00005e-07 1 1 0
1  66 0 0 6.28318530717959
2  145 52 0 0 6.28318530717959
2  146 53 0 0 6.28318530717959
2  147 50 0 0 6.28318530717959
0

0101000
+2259 0 -2259 0 *
Wi

0101100
-2258 0 *
Fa
0  1e-07 50 0

0101000
+2260 0 +2257 0 *
Ve
1.00005e-07
13.9708653110707 -0.746577306473334 -1.45782431383739
0 0

0101101
*
Ed
 1e-07 1 1 0
1  67 0 0 0.370315024844836
3  148 149G1 51 0 0 0.370315024844836
0

0101000
+2262 0 -2255 0 *
Ed
 1.00005e-07 1 1 0
1  68 0 0 6.28318530717959
2  150 51 0 0 6.28318530717959
2  151 54 0 0 6.28318530717959
0

0101000
+2255 0 -2255 0 *
Wi

0101100
+2254 0 +2261 0 -2254 0 -2253 0 *
Fa
0  1e-07 51 0

0101000
+2252 0 *
Ve
1.00005e-07
13.970626502145 -0.746577306473334 -1.46021240309389
0 0

0101101
*
Ed
 1e-07 1 1 0
1  69 0 0 0.370315024844836
3  152 153G1 52 0 0 0.370315024844836
0

0101000
+2259 0 -2250 0 *
Ed
 1.00005e-07 1 1 0
1  70 0 0 6.28318530717959
2  154 52 0 0 6.28318530717959
2  155 55 0 0 6.28318530717959
2  156 54 0 0 6.28318530717959
0

0101000
+2250 0 -2250 0 *
Wi

0101100
+2249 0 +2258 0 -2249 0 -2248 0 *
Fa
0  1e-07 52 0

0101000
+2247 0 *
Wi

0101100
+2253 0 *
Wi

0101100
-2248 0 *
Fa
0  1e-07 54 0

0101000
+2245 0 +2244 0 *
Sh

0101100
-2256 0 +2251 0 -2246 0 +2243 0 *
So

0100000
+2242 0 *
Co

0100000
+2241 0 *
Ve
1.00005e-07
15.8532696111191 -0.0264000000000006 -1.77969038793052
0 0

0101101
*
Ed
 1.00005e-07 1 1 0
1  71 0 0 6.28318530717959
2  157 57 0 0 6.28318530717959
2  158 56 0 0 6.28318530717959
0

0101000
+2239 0 -2239 0 *
Wi

0101100
+2238 0 *
Ve
1.00005e-07
15.8532696111191 -0.0264000000000006 -1.77769038793052
0 0

0101101
*
Ed
 1.00005e-07 1 1 0
1  72 0 0 6.28318530717959
2  159 58 0 0 6.28318530717959
2  160 59 0 0 6.28318530717959
2  161 56 0 0 6.28318530717959
0

0101000
+2236 0 -2236 0 *
Wi

0101100
-2235 0 *
Fa
0  1e-07 56 0

0101000
+2237 0 +2234 0 *
Ve
0.000126313348872224
15.8532696111191 -0.988952463011346 -1.77969038793052
0 0

0101101
*
Ed
 1e-07 1 1 0
1  73 0 0 0.962552463011346
3  162 163G1 57 0 0 0.962552463011346
0

0101000
+2239 0 -2232 0 *
Ed
 0.000126313348872224 1 1 0
1  74 0 0 6.28318530717959
2  164 57 0 0 6.28318530717959
2  165 60 0 0 6.28318530717959
4 G1 60 0 57 0
0

0101000
+2232 0 -2232 0 *
Wi

0101100
+2231 0 +2238 0 -2231 0 -2230 0 *
Fa
0  1e-07 57 0

0101000
+2229 0 *
Ve
0.000113682013967219
15.8532696111191 -0.988952463011346 -1.77769038793052
0 0

0101101
*
Ed
 1e-07 1 1 0
1  75 0 0 0.962552463011346
3  166 167G1 58 0 0 0.962552463011346
0

0101000
+2236 0 -2227 0 *
Ed
 0.000113682013967219 1 1 0
1  76 0 0 6.28318530717959
2  168 58 0 0 6.28318530717959
2  169 61 0 0 6.28318530717959
4 G1 61 0 58 0
0

0101000
+2227 0 -2227 0 *
Wi

0101100
+2226 0 +2235 0 -2226 0 -2225 0 *
Fa
0  1e-07 58 0

0101000
+2224 0 *
Ve
0.000126313348839515
15.8532696111191 -0.998041425671183 -1.77913009624808
0 0

0101101
*
Ed
 1e-07 1 1 0
1  77 0 0 1
3  170 171G1 60 0 0 1
0

0101000
+2232 0 -2222 0 *
Ed
 0.000126313348839515 1 1 0
1  78 0 0 6.28318530717959
2  172 60 0 0 6.28318530717959
2  173 62 0 0 6.28318530717959
4 G1 62 0 60 0
0

0101000
+2222 0 -2222 0 *
Wi

0101100
+2221 0 +2230 0 -2221 0 -2220 0 *
Fa
0  1e-07 60 0

0101000
+2219 0 *
Ve
0.000113682013955332
15.8532696111191 -0.997795778031728 -1.77714523926652
0 0

0101101
*
Ed
 1e-07 1 1 0
1  79 0 0 1
3  174 175G1 61 0 0 1
0

0101000
+2227 0 -2217 0 *
Ed
 0.000113682013955332 1 1 0
1  80 0 0 6.28318530717959
2  176 61 0 0 6.28318530717959
2  177 63 0 0 6.28318530717959
4 G1 63 0 61 0
0

0101000
+2217 0 -2217 0 *
Wi

0101100
+2216 0 +2225 0 -2216 0 -2215 0 *
Fa
0  1e-07 61 0

0101000
+2214 0 *
Ve
1.00005e-07
15.8532696111191 -1.71969971728643 -1.68981703365677
0 0

0101101
*
Ed
 1e-07 1 1 0
1  81 0 0 0.727164020704042
3  178 179G1 62 0 0 0.727164020704042
0

0101000
+2222 0 -2212 0 *
Ed
 1.00005e-07 1 1 0
1  82 0 0 6.28318530717959
2  180 62 0 0 6.28318530717959
2  181 64 0 0 6.28318530717959
0

0101000
+2212 0 -2212 0 *
Wi

0101100
+2211 0 +2220 0 -2211 0 -2210 0 *
Fa
0  1e-07 62 0

0101000
+2209 0 *
Ve
1.00005e-07
15.8532696111191 -1.71945406964697 -1.68783217667522
0 0

0101101
*
Ed
 1e-07 1 1 0
1  83 0 0 0.727164020704042
3  182 183G1 63 0 0 0.727164020704042
0

0101000
+2217 0 -2207 0 *
Ed
 1.00005e-07 1 1 0
1  84 0 0 6.28318530717959
2  184 63 0 0 6.28318530717959
2  185 65 0 0 6.28318530717959
2  186 64 0 0 6.28318530717959
0

0101000
+2207 0 -2207 0 *
Wi

0101100
+2206 0 +2215 0 -2206 0 -2205 0 *
Fa
0  1e-07 63 0

0101000
+2204 0 *
Wi

0101100
+2210 0 *
Wi

0101100
-2205 0 *
Fa
0  1e-07 64 0

0101000
+2202 0 +2201 0 *
Sh

0101100
-2233 0 +2228 0 -2223 0 +2218 0 -2213 0 +2208 0 -2203 0 +2200 0 *
So

0100000
+2199 0 *
Co

0100000
+2198 0 *
Ve
1.00005e-07
14.0339108674424 -0.746577306473334 -1.46412886947456
0 0

0101101
*
Ed
 1.00005e-07 1 1 0
1  85 0 0 6.28318530717959
2  187 67 0 0 6.28318530717959
2  188 66 0 0 6.28318530717959
0

0101000
+2196 0 -2196 0 *
Wi

0101100
+2195 0 *
Ve
1.00005e-07
14.0336720585167 -0.746577306473334 -1.46651695873106
0 0

0101101
*
Ed
 1.00005e-07 1 1 0
1  86 0 0 6.28318530717959
2  189 68 0 0 6.28318530717959
2  190 69 0 0 6.28318530717959
2  191 66 0 0 6.28318530717959
0

0101000
+2193 0 -2193 0 *
Wi

0101100
-2192 0 *
Fa
0  1e-07 66 0

0101000
+2194 0 +2191 0 *
Ve
1.00005e-07
14.1023880892565 -0.746577306473334 -1.47097659165597
0 0

0101101
*
Ed
 1e-07 1 1 0
1  87 0 0 0.0688187562112085
3  192 193G1 67 0 0 0.0688187562112085
0

0101000
+2196 0 -2189 0 *
Ed
 1.00005e-07 1 1 0
1  88 0 0 6.28318530717959
2  194 67 0 0 6.28318530717959
2  195 70 0 0 6.28318530717959
0

0101000
+2189 0 -2189 0 *
Wi

0101100
+2188 0 +2195 0 -2188 0 -2187 0 *
Fa
0  1e-07 67 0

0101000
+2186 0 *
Ve
1.00005e-07
14.1021492803309 -0.746577306473334 -1.47336468091248
0 0

0101101
*
Ed
 1e-07 1 1 0
1  89 0 0 0.0688187562112085
3  196 197G1 68 0 0 0.0688187562112085
0

0101000
+2193 0 -2184 0 *
Ed
 1.00005e-07 1 1 0
1  90 0 0 6.28318530717959
2  198 68 0 0 6.28318530717959
2  199 71 0 0 6.28318530717959
2  200 70 0 0 6.28318530717959
0

0101000
+2184 0 -2184 0 *
Wi

0101100
+2183 0 +2192 0 -2183 0 -2182 0 *
Fa
0  1e-07 68 0

0101000
+2181 0 *
Wi

0101100
+2187 0 *
Wi

0101100
-2182 0 *
Fa
0  1e-07 70 0

0101000
+2179 0 +2178 0 *
Sh

0101100
-2190 0 +2185 0 -2180 0 +2177 0 *
So

0100000
+2176 0 *
Co

0100000
+2175 0 *
Ve
1.00005e-07
14.6339108674424 2.76644326618333 -1.36412886947456
0 0

0101101
*
Ed
 1.00005e-07 1 1 0
1  91 0 0 6.28318530717959
2  201 73 0 0 6.28318530717959
2  202 72 0 0 6.28318530717959
0

0101000
+2173 0 -2173 0 *
Wi

0101100
+2172 0 *
Ve
1.00005e-07
14.6336720585167 2.76644326618333 -1.36651695873106
0 0

0101101
*
Ed
 1.00005e-07 1 1 0
1  92 0 0 6.28318530717959
2  203 74 0 0 6.28318530717959
2  204 75 0 0 6.28318530717959
2  205 72 0 0 6.28318530717959
0

0101000
+2170 0 -2170 0 *
Wi

0101100
-2169 0 *
Fa
0  1e-07 72 0

0101000
+2171 0 +2168 0 *
Ve
1.00005e-07
14.7023880892565 2.76644326618333 -1.37097659165597
0 0

0101101
*
Ed
 1e-07 1 1 0
1  93 0 0 0.0688187562112085
3  206 207G1 73 0 0 0.0688187562112085
0

0101000
+2173 0 -2166 0 *
Ed
 1.00005e-07 1 1 0
1  94 0 0 6.28318530717959
2  208 73 0 0 6.28318530717959
2  209 76 0 0 6.28318530717959
0

0101000
+2166 0 -2166 0 *
Wi

0101100
+2165 0 +2172 0 -2165 0 -2164 0 *
Fa
0  1e-07 73 0

0101000
+2163 0 *
Ve
1.00005e-07
14.7021492803309 2.76644326618333 -1.37336468091248
0 0

0101101
*
Ed
 1e-07 1 1 0
1  95 0 0 0.0688187562112085
3  210 211G1 74 0 0 0.0688187562112085
0

0101000
+2170 0 -2161 0 *
Ed
 1.00005e-07 1 1 0
1  96 0 0 6.28318530717959
2  212 74 0 0 6.28318530717959
2  213 77 0 0 6.28318530717959
2  214 76 0 0 6.28318530717959
0

0101000
+2161 0 -2161 0 *
Wi

0101100
+2160 0 +2169 0 -2160 0 -2159 0 *
Fa
0  1e-07 74 0

0101000
+2158 0 *
Wi

0101100
+2164 0 *
Wi

0101100
-2159 0 *
Fa
0  1e-07 76 0

0101000
+2156 0 +2155 0 *
Sh

0101100
-2167 0 +2162 0 -2157 0 +2154 0 *
So

0100000
+2153 0 *
Co

0100000
+2152 0 *
Ve
1e-07
15.3268696111191 -0.0264 -1.63329038793052
0 0

0101101
*
Ve
1e-07
15.3268696111191 -0.0264 -1.68609038793052
0 0

0101101
*
Ed
 1e-07 1 1 0
1  97 0 0 0.0528
2  215 78 0 0 0.0528
2  216 79 0 0 0.0528
0

0101000
-2150 0 +2149 0 *
Ve
1e-07
15.3268696111191 0.0264 -1.63329038793052
0 0

0101101
*
Ed
 1e-07 1 1 0
1  98 0 0 0.0528
2  217 78 0 0 0.0528
2  218 80 0 0 0.0528
0

0101000
-2147 0 +2150 0 *
Ve
1e-07
15.3268696111191 0.0264 -1.68609038793052
0 0

0101101
*
Ed
 1e-07 1 1 0
1  99 0 0 0.0528
2  219 78 0 0 0.0528
2  220 81 0 0 0.0528
0

0101000
-2145 0 +2149 0 *
Ed
 1e-07 1 1 0
1  100 0 0 0.0528
2  221 78 0 0 0.0528
2  222 82 0 0 0.0528
0

0101000
-2147 0 +2145 0 *
Wi

0101100
-2148 0 -2146 0 +2144 0 +2143 0 *
Ve
1e-07
15.3268696111191 5.87830463590728e-18 -1.68369038793052
0 0

0101101
*
Ed
 1e-07 1 1 0
1  101 0 0 6.28318530717959
2  223 83 0 0 6.28318530717959
2  224 84 0 0 6.28318530717959
2  225 78 0 0 6.28318530717959
0

0101000
+2141 0 -2141 0 *
Wi

0101100
+2140 0 *
Fa
0  1e-07 78 0

0101000
+2142 0 +2139 0 *
Ve
1e-07
15.3796696111191 -0.0264 -1.68609038793052
0 0

0101101
*
Ed
 1e-07 1 1 0
1  102 0 0 0.0527999999999995
2  226 79 0 0 0.0527999999999995
2  227 81 0 0 0.0527999999999995
0

0101000
-2137 0 +2149 0 *
Ve
1e-07
15.3796696111191 -0.0264 -1.63329038793052
0 0

0101101
*
Ed
 1e-07 1 1 0
1  103 0 0 0.0528
2  228 85 0 0 0.0528
2  229 79 0 0 0.0528
0

0101000
-2135 0 +2137 0 *
Ed
 1e-07 1 1 0
1  104 0 0 0.0527999999999995
2  230 79 0 0 0.0527999999999995
2  231 80 0 0 0.0527999999999995
0

0101000
-2135 0 +2150 0 *
Wi

0101100
-2136 0 -2134 0 +2133 0 +2148 0 *
Fa
0  1e-07 79 0

0111000
+2132 0 *
Ve
1e-07
15.3796696111191 0.0264 -1.63329038793052
0 0

0101101
*
Ed
 1e-07 1 1 0
1  105 0 0 0.0527999999999995
2  232 82 0 0 0.0527999999999995
2  233 80 0 0 0.0527999999999995
0

0101000
-2130 0 +2147 0 *
Ed
 1e-07 1 1 0
1  106 0 0 0.0528
2  234 85 0 0 0.0528
2  235 80 0 0 0.0528
0

0101000
-2130 0 +2135 0 *
Wi

0101100
-2146 0 -2129 0 +2128 0 +2133 0 *
Fa
0  1e-07 80 0

0111000
+2127 0 *
Ve
1e-07
15.3796696111191 0.0264 -1.68609038793052
0 0

0101101
*
Ed
 1e-07 1 1 0
1  107 0 0 0.0527999999999995
2  236 82 0 0 0.0527999999999995
2  237 81 0 0 0.0527999999999995
0

0101000
-2125 0 +2145 0 *
Ed
 1e-07 1 1 0
1  108 0 0 0.0528
2  238 85 0 0 0.0528
2  239 81 0 0 0.0528
0

0101000
-2125 0 +2137 0 *
Wi

0101100
-2144 0 -2124 0 +2123 0 +2136 0 *
Fa
0  1e-07 81 0

0111000
+2122 0 *
Ed
 1e-07 1 1 0
1  109 0 0 0.0528
2  240 85 0 0 0.0528
2  241 82 0 0 0.0528
0

0101000
-2130 0 +2125 0 *
Wi

0101100
-2124 0 -2120 0 +2129 0 +2143 0 *
Fa
0  1e-07 82 0

0111000
+2119 0 *
Ve
1e-07
15.2740696111191 5.87830463590728e-18 -1.68369038793052
0 0

0101101
*
Ed
 1e-07 1 1 0
1  110 0 0 6.28318530717959
2  242 83 0 0 6.28318530717959
2  243 86 0 0 6.28318530717959
0

0101000
+2117 0 -2117 0 *
Ed
 1e-07 1 1 0
1  111 0 0 0.0528
3  244 245CN 83 0 0 0.0528
0

0101000
-2117 0 +2141 0 *
Wi

0101100
-2116 0 +2115 0 +2140 0 -2115 0 *
Fa
0  1e-07 83 0

0111000
+2114 0 *
Wi

0101100
-2134 0 -2128 0 +2123 0 +2120 0 *
Ve
1.00000001776357e-07
15.3796696111191 5.87830463590728e-18 -1.63569038793052
0 0

0101101
*
Ed
 1.00000001776357e-07 1 1 0
1  112 0 0 6.28318530717959
2  246 87 0 0 6.28318530717959
2  247 88 0 0 6.28318530717959
2  248 85 0 0 6.28318530717959
0

0101000
+2111 0 -2111 0 *
Wi

0101100
-2110 0 *
Fa
0  1e-07 85 0

0101000
+2112 0 +2109 0 *
Wi

0101100
+2116 0 *
Ve
1e-07
15.2740696111191 4.8985871965894e-18 -1.67969038793052
0 0

0101101
*
Ed
 1e-07 1 1 0
1  113 0 0 6.28318530717959
2  249 89 0 0 6.28318530717959
2  250 90 0 0 6.28318530717959
2  251 86 0 0 6.28318530717959
0

0101000
+2106 0 -2106 0 *
Wi

0101100
-2105 0 *
Fa
0  1e-07 86 0

0101000
+2107 0 +2104 0 *
Ve
1e-07
15.4324696111191 5.87830463590728e-18 -1.63569038793052
0 0

0101101
*
Ed
 1e-07 1 1 0
1  114 0 0 6.28318530717959
2  252 87 0 0 6.28318530717959
2  253 91 0 0 6.28318530717959
0

0101000
+2102 0 -2102 0 *
Ed
 1e-07 1 1 0
1  115 0 0 0.0528
3  254 255CN 87 0 0 0.0528
0

0101000
-2102 0 +2111 0 *
Wi

0101100
-2101 0 +2100 0 +2110 0 -2100 0 *
Fa
0  1e-07 87 0

0111000
+2099 0 *
Ve
1e-07
15.3268696111191 4.8985871965894e-18 -1.67969038793052
0 0

0101101
*
Ed
 1e-07 1 1 0
1  116 0 0 0.0528
3  256 257CN 89 0 0 0.0528
0

0101000
-2106 0 +2097 0 *
Ed
 1e-07 1 1 0
1  117 0 0 6.28318530717959
2  258 89 0 0 6.28318530717959
2  259 92 0 0 6.28318530717959
2  260 84 0 0 6.28318530717959
2  261 78 0 0 6.28318530717959
0

0101000
+2097 0 -2097 0 *
Wi

0101100
-2105 0 +2096 0 +2095 0 -2096 0 *
Fa
0  1e-07 89 0

0111000
+2094 0 *
Wi

0101100
+2101 0 *
Ve
1e-07
15.4324696111191 4.8985871965894e-18 -1.63969038793052
0 0

0101101
*
Ed
 1e-07 1 1 0
1  118 0 0 6.28318530717959
2  262 93 0 0 6.28318530717959
2  263 94 0 0 6.28318530717959
2  264 91 0 0 6.28318530717959
0

0101000
+2091 0 -2091 0 *
Wi

0101100
-2090 0 *
Fa
0  1e-07 91 0

0101000
+2092 0 +2089 0 *
Wi

0101100
-2095 0 *
Fa
0  1e-07 78 0

0101000
+2087 0 *
Ve
1.00000001776357e-07
15.3796696111191 4.8985871965894e-18 -1.63969038793052
0 0

0101101
*
Ed
 1e-07 1 1 0
1  119 0 0 0.0528
3  265 266CN 93 0 0 0.0528
0

0101000
-2091 0 +2085 0 *
Ed
 1.00000001776357e-07 1 1 0
1  120 0 0 6.28318530717959
2  267 93 0 0 6.28318530717959
2  268 95 0 0 6.28318530717959
2  269 88 0 0 6.28318530717959
2  270 85 0 0 6.28318530717959
0

0101000
+2085 0 -2085 0 *
Wi

0101100
-2090 0 +2084 0 +2083 0 -2084 0 *
Fa
0  1e-07 93 0

0111000
+2082 0 *
Wi

0101100
+2083 0 *
Fa
0  1e-07 85 0

0101000
+2080 0 *
Sh

0101100
-2138 0 -2131 0 +2126 0 -2121 0 +2118 0 +2113 0 +2108 0 +2103 0 +2098 0 -2093 0 
+2088 0 -2086 0 -2081 0 +2079 0 *
So

0100000
+2078 0 *
Co

0100000
+2077 0 *
Co

0100000
+2076 12 *
Ve
1e-07
15.8268696111191 -1.76984335304841 -1.64032591500041
0 0

0101101
*
Ve
1e-07
15.8268696111191 -1.76984335304841 -1.69312591500041
0 0

0101101
*
Ed
 1e-07 1 1 0
1  121 0 0 0.0528
2  271 96 0 0 0.0528
2  272 97 0 0 0.0528
0

0101000
-2074 0 +2073 0 *
Ve
1e-07
15.8268696111191 -1.71704335304841 -1.64032591500041
0 0

0101101
*
Ed
 1e-07 1 1 0
1  122 0 0 0.0528
2  273 96 0 0 0.0528
2  274 98 0 0 0.0528
0

0101000
-2071 0 +2074 0 *
Ve
1e-07
15.8268696111191 -1.71704335304841 -1.69312591500041
0 0

0101101
*
Ed
 1e-07 1 1 0
1  123 0 0 0.0528
2  275 96 0 0 0.0528
2  276 99 0 0 0.0528
0

0101000
-2069 0 +2073 0 *
Ed
 1e-07 1 1 0
1  124 0 0 0.0528
2  277 96 0 0 0.0528
2  278 100 0 0 0.0528
0

0101000
-2071 0 +2069 0 *
Wi

0101100
-2072 0 -2070 0 +2068 0 +2067 0 *
Ve
1e-07
15.8268696111191 -1.74344335304841 -1.69072591500041
0 0

0101101
*
Ed
 1e-07 1 1 0
1  125 0 0 6.28318530717959
2  279 101 0 0 6.28318530717959
2  280 102 0 0 6.28318530717959
2  281 96 0 0 6.28318530717959
0

0101000
+2065 0 -2065 0 *
Wi

0101100
+2064 0 *
Fa
0  1e-07 96 0

0101000
+2066 0 +2063 0 *
Ve
1e-07
15.8796696111191 -1.76984335304841 -1.69312591500041
0 0

0101101
*
Ed
 1e-07 1 1 0
1  126 0 0 0.0527999999999995
2  282 97 0 0 0.0527999999999995
2  283 99 0 0 0.0527999999999995
0

0101000
-2061 0 +2073 0 *
Ve
1e-07
15.8796696111191 -1.76984335304841 -1.64032591500041
0 0

0101101
*
Ed
 1e-07 1 1 0
1  127 0 0 0.0528
2  284 103 0 0 0.0528
2  285 97 0 0 0.0528
0

0101000
-2059 0 +2061 0 *
Ed
 1e-07 1 1 0
1  128 0 0 0.0527999999999995
2  286 97 0 0 0.0527999999999995
2  287 98 0 0 0.0527999999999995
0

0101000
-2059 0 +2074 0 *
Wi

0101100
-2060 0 -2058 0 +2057 0 +2072 0 *
Fa
0  1e-07 97 0

0111000
+2056 0 *
Ve
1e-07
15.8796696111191 -1.71704335304841 -1.64032591500041
0 0

0101101
*
Ed
 1e-07 1 1 0
1  129 0 0 0.0527999999999995
2  288 100 0 0 0.0527999999999995
2  289 98 0 0 0.0527999999999995
0

0101000
-2054 0 +2071 0 *
Ed
 1e-07 1 1 0
1  130 0 0 0.0528
2  290 103 0 0 0.0528
2  291 98 0 0 0.0528
0

0101000
-2054 0 +2059 0 *
Wi

0101100
-2070 0 -2053 0 +2052 0 +2057 0 *
Fa
0  1e-07 98 0

0111000
+2051 0 *
Ve
1e-07
15.8796696111191 -1.71704335304841 -1.69312591500041
0 0

0101101
*
Ed
 1e-07 1 1 0
1  131 0 0 0.0527999999999995
2  292 100 0 0 0.0527999999999995
2  293 99 0 0 0.0527999999999995
0

0101000
-2049 0 +2069 0 *
Ed
 1e-07 1 1 0
1  132 0 0 0.0528
2  294 103 0 0 0.0528
2  295 99 0 0 0.0528
0

0101000
-2049 0 +2061 0 *
Wi

0101100
-2068 0 -2048 0 +2047 0 +2060 0 *
Fa
0  1e-07 99 0

0111000
+2046 0 *
Ed
 1e-07 1 1 0
1  133 0 0 0.0528
2  296 103 0 0 0.0528
2  297 100 0 0 0.0528
0

0101000
-2054 0 +2049 0 *
Wi

0101100
-2048 0 -2044 0 +2053 0 +2067 0 *
Fa
0  1e-07 100 0

0111000
+2043 0 *
Ve
1e-07
15.7740696111191 -1.74344335304841 -1.69072591500041
0 0

0101101
*
Ed
 1e-07 1 1 0
1  134 0 0 6.28318530717959
2  298 101 0 0 6.28318530717959
2  299 104 0 0 6.28318530717959
0

0101000
+2041 0 -2041 0 *
Ed
 1e-07 1 1 0
1  135 0 0 0.0528
3  300 301CN 101 0 0 0.0528
0

0101000
-2041 0 +2065 0 *
Wi

0101100
-2040 0 +2039 0 +2064 0 -2039 0 *
Fa
0  1e-07 101 0

0111000
+2038 0 *
Wi

0101100
-2058 0 -2052 0 +2047 0 +2044 0 *
Ve
1.00000001776357e-07
15.8796696111191 -1.74344335304841 -1.64272591500041
0 0

0101101
*
Ed
 1.00000001776357e-07 1 1 0
1  136 0 0 6.28318530717959
2  302 105 0 0 6.28318530717959
2  303 106 0 0 6.28318530717959
2  304 103 0 0 6.28318530717959
0

0101000
+2035 0 -2035 0 *
Wi

0101100
-2034 0 *
Fa
0  1e-07 103 0

0101000
+2036 0 +2033 0 *
Wi

0101100
+2040 0 *
Ve
1e-07
15.7740696111191 -1.74344335304841 -1.68672591500041
0 0

0101101
*
Ed
 1e-07 1 1 0
1  137 0 0 6.28318530717959
2  305 107 0 0 6.28318530717959
2  306 108 0 0 6.28318530717959
2  307 104 0 0 6.28318530717959
0

0101000
+2030 0 -2030 0 *
Wi

0101100
-2029 0 *
Fa
0  1e-07 104 0

0101000
+2031 0 +2028 0 *
Ve
1e-07
15.9324696111191 -1.74344335304841 -1.64272591500041
0 0

0101101
*
Ed
 1e-07 1 1 0
1  138 0 0 6.28318530717959
2  308 105 0 0 6.28318530717959
2  309 109 0 0 6.28318530717959
0

0101000
+2026 0 -2026 0 *
Ed
 1e-07 1 1 0
1  139 0 0 0.0528
3  310 311CN 105 0 0 0.0528
0

0101000
-2026 0 +2035 0 *
Wi

0101100
-2025 0 +2024 0 +2034 0 -2024 0 *
Fa
0  1e-07 105 0

0111000
+2023 0 *
Ve
1e-07
15.8268696111191 -1.74344335304841 -1.68672591500041
0 0

0101101
*
Ed
 1e-07 1 1 0
1  140 0 0 0.0528
3  312 313CN 107 0 0 0.0528
0

0101000
-2030 0 +2021 0 *
Ed
 1e-07 1 1 0
1  141 0 0 6.28318530717959
2  314 107 0 0 6.28318530717959
2  315 110 0 0 6.28318530717959
2  316 102 0 0 6.28318530717959
2  317 96 0 0 6.28318530717959
0

0101000
+2021 0 -2021 0 *
Wi

0101100
-2029 0 +2020 0 +2019 0 -2020 0 *
Fa
0  1e-07 107 0

0111000
+2018 0 *
Wi

0101100
+2025 0 *
Ve
1e-07
15.9324696111191 -1.74344335304841 -1.64672591500041
0 0

0101101
*
Ed
 1e-07 1 1 0
1  142 0 0 6.28318530717959
2  318 111 0 0 6.28318530717959
2  319 112 0 0 6.28318530717959
2  320 109 0 0 6.28318530717959
0

0101000
+2015 0 -2015 0 *
Wi

0101100
-2014 0 *
Fa
0  1e-07 109 0

0101000
+2016 0 +2013 0 *
Wi

0101100
-2019 0 *
Fa
0  1e-07 96 0

0101000
+2011 0 *
Ve
1.00000001776357e-07
15.8796696111191 -1.74344335304841 -1.64672591500041
0 0

0101101
*
Ed
 1e-07 1 1 0
1  143 0 0 0.0528
3  321 322CN 111 0 0 0.0528
0

0101000
-2015 0 +2009 0 *
Ed
 1.00000001776357e-07 1 1 0
1  144 0 0 6.28318530717959
2  323 111 0 0 6.28318530717959
2  324 113 0 0 6.28318530717959
2  325 106 0 0 6.28318530717959
2  326 103 0 0 6.28318530717959
0

0101000
+2009 0 -2009 0 *
Wi

0101100
-2014 0 +2008 0 +2007 0 -2008 0 *
Fa
0  1e-07 111 0

0111000
+2006 0 *
Wi

0101100
+2007 0 *
Fa
0  1e-07 103 0

0101000
+2004 0 *
Sh

0101100
-2062 0 -2055 0 +2050 0 -2045 0 +2042 0 +2037 0 +2032 0 +2027 0 +2022 0 -2017 0 
+2012 0 -2010 0 -2005 0 +2003 0 *
So

0100000
+2002 0 *
Co

0100000
+2001 0 *
Co

0100000
+2000 16 *
Ve
1.00005e-07
13.6 0 -1.40485748422101
0 0

0101101
*
Ed
 1.00005e-07 1 1 0
1  145 0 0 6.28318530717959
2  327 115 0 0 6.28318530717959
2  328 114 0 0 6.28318530717959
0

0101000
+1998 0 -1998 0 *
Wi

0101100
+1997 0 *
Ve
1.00005e-07
13.6 0 -1.40885748422101
0 0

0101101
*
Ed
 1.00005e-07 1 1 0
1  146 0 0 6.28318530717959
2  329 116 0 0 6.28318530717959
2  330 117 0 0 6.28318530717959
2  331 114 0 0 6.28318530717959
0

0101000
+1995 0 -1995 0 *
Wi

0101100
-1994 0 *
Fa
0  1e-07 114 0

0101000
+1996 0 +1993 0 *
Ve
7.84943612275603e-05
13.6 1.84990634796176 -1.40485748422101
0 0

0101101
*
Ed
 1e-07 1 1 0
1  147 0 0 1.84990634796176
3  332 333G1 115 0 0 1.84990634796176
0

0101000
+1998 0 -1991 0 *
Ed
 7.84943612275603e-05 1 1 0
1  148 0 0 6.28318530717959
2  334 115 0 0 6.28318530717959
2  335 118 0 0 6.28318530717959
4 G1 118 0 115 0
0

0101000
+1991 0 -1991 0 *
Wi

0101100
+1990 0 +1997 0 -1990 0 -1989 0 *
Fa
0  1e-07 115 0

0101000
+1988 0 *
Ve
0.00011222289644001
13.6 1.84990634796176 -1.40885748422101
0 0

0101101
*
Ed
 1e-07 1 1 0
1  149 0 0 1.84990634796176
3  336 337G1 116 0 0 1.84990634796176
0

0101000
+1995 0 -1986 0 *
Ed
 0.00011222289644001 1 1 0
1  150 0 0 6.28318530717959
2  338 116 0 0 6.28318530717959
2  339 119 0 0 6.28318530717959
4 G1 119 0 116 0
0

0101000
+1986 0 -1986 0 *
Wi

0101100
+1985 0 +1994 0 -1985 0 -1984 0 *
Fa
0  1e-07 116 0

0101000
+1983 0 *
Ve
3.69421428058836e-05
13.6080217591543 1.87646208816748 -1.40352052436197
0 0

0101101
*
Ed
 1e-07 1 1 0
1  151 0 0 1
3  340 341G1 118 0 0 1
0

0101000
+1991 0 -1981 0 *
Ed
 3.69421428058836e-05 1 1 0
1  152 0 0 6.28318530717959
2  342 118 0 0 6.28318530717959
2  343 120 0 0 6.28318530717959
4 G1 120 0 118 0
0

0101000
+1981 0 -1981 0 *
Wi

0101100
+1980 0 +1989 0 -1980 0 -1979 0 *
Fa
0  1e-07 118 0

0101000
+1978 0 *
Ve
4.11640472584517e-05
13.6081329912692 1.87683031801464 -1.40750198567614
0 0

0101101
*
Ed
 1e-07 1 1 0
1  153 0 0 1
3  344 345G1 119 0 0 1
0

0101000
+1986 0 -1976 0 *
Ed
 4.11640472584517e-05 1 1 0
1  154 0 0 6.28318530717959
2  346 119 0 0 6.28318530717959
2  347 121 0 0 6.28318530717959
4 G1 121 0 119 0
0

0101000
+1976 0 -1976 0 *
Wi

0101100
+1975 0 +1984 0 -1975 0 -1974 0 *
Fa
0  1e-07 119 0

0101000
+1973 0 *
Ve
7.84943612219217e-05
14.1970313283316 2.75997644193346 -1.30535226283241
0 0

0101101
*
Ed
 1e-07 1 1 0
1  155 0 0 1.06638027619828
3  348 349G1 120 0 0 1.06638027619828
0

0101000
+1981 0 -1971 0 *
Ed
 7.84943612219217e-05 1 1 0
1  156 0 0 6.28318530717959
2  350 120 0 0 6.28318530717959
2  351 122 0 0 6.28318530717959
4 G1 122 0 120 0
0

0101000
+1971 0 -1971 0 *
Wi

0101100
+1970 0 +1979 0 -1970 0 -1969 0 *
Fa
0  1e-07 120 0

0101000
+1968 0 *
Ve
0.000112222896453596
14.1971425604465 2.76034467178062 -1.30933372414659
0 0

0101101
*
Ed
 1e-07 1 1 0
1  157 0 0 1.06638027619828
3  352 353G1 121 0 0 1.06638027619828
0

0101000
+1976 0 -1966 0 *
Ed
 0.000112222896453596 1 1 0
1  158 0 0 6.28318530717959
2  354 121 0 0 6.28318530717959
2  355 123 0 0 6.28318530717959
4 G1 123 0 121 0
0

0101000
+1966 0 -1966 0 *
Wi

0101100
+1965 0 +1974 0 -1965 0 -1964 0 *
Fa
0  1e-07 121 0

0101000
+1963 0 *
Ve
3.69421428034768e-05
14.2002015542125 2.76543885651214 -1.30472961508462
0 0

0101101
*
Ed
 1e-07 1 1 0
1  159 0 0 1
3  356 357G1 122 0 0 1
0

0101000
+1971 0 -1961 0 *
Ed
 3.69421428034768e-05 1 1 0
1  160 0 0 6.28318530717959
2  358 122 0 0 6.28318530717959
2  359 124 0 0 6.28318530717959
4 G1 124 0 122 0
0

0101000
+1961 0 -1961 0 *
Wi

0101100
+1960 0 +1969 0 -1960 0 -1959 0 *
Fa
0  1e-07 122 0

0101000
+1958 0 *
Ve
4.11640472548799e-05
14.2003308890947 2.76583827808606 -1.30870752092746
0 0

0101101
*
Ed
 1e-07 1 1 0
1  161 0 0 1
3  360 361G1 123 0 0 1
0

0101000
+1966 0 -1956 0 *
Ed
 4.11640472548799e-05 1 1 0
1  162 0 0 6.28318530717959
2  362 123 0 0 6.28318530717959
2  363 125 0 0 6.28318530717959
4 G1 125 0 123 0
0

0101000
+1956 0 -1956 0 *
Wi

0101100
+1955 0 +1964 0 -1955 0 -1954 0 *
Fa
0  1e-07 123 0

0101000
+1953 0 *
Ve
7.84943612217891e-05
15.6983601637534 5.76175607559382 -0.955159272858422
0 0

0101101
*
Ed
 1e-07 1 1 0
1  163 0 0 3.36817391487893
3  364 365G1 124 0 0 3.36817391487893
0

0101000
+1961 0 -1951 0 *
Ed
 7.84943612217891e-05 1 1 0
1  164 0 0 6.28318530717959
2  366 124 0 0 6.28318530717959
2  367 126 0 0 6.28318530717959
4 G1 126 0 124 0
0

0101000
+1951 0 -1951 0 *
Wi

0101100
+1950 0 +1959 0 -1950 0 -1949 0 *
Fa
0  1e-07 124 0

0101000
+1948 0 *
Ve
0.000112222896432586
15.6984894986355 5.76215549716775 -0.959137178701268
0 0

0101101
*
Ed
 1e-07 1 1 0
1  165 0 0 3.36817391487893
3  368 369G1 125 0 0 3.36817391487893
0

0101000
+1956 0 -1946 0 *
Ed
 0.000112222896432586 1 1 0
1  166 0 0 6.28318530717959
2  370 125 0 0 6.28318530717959
2  371 127 0 0 6.28318530717959
4 G1 127 0 125 0
0

0101000
+1946 0 -1946 0 *
Wi

0101100
+1945 0 +1954 0 -1945 0 -1944 0 *
Fa
0  1e-07 125 0

0101000
+1943 0 *
Ve
3.69421428037543e-05
15.6995679541411 5.76417165636441 -0.954916779055313
0 0

0101101
*
Ed
 1e-07 1 1 0
1  167 0 0 1
3  372 373G1 126 0 0 1
0

0101000
+1951 0 -1941 0 *
Ed
 3.69421428037543e-05 1 1 0
1  168 0 0 6.28318530717959
2  374 126 0 0 6.28318530717959
2  375 128 0 0 6.28318530717959
4 G1 128 0 126 0
0

0101000
+1941 0 -1941 0 *
Wi

0101100
+1940 0 +1949 0 -1940 0 -1939 0 *
Fa
0  1e-07 126 0

0101000
+1938 0 *
Ve
4.11640472548056e-05
15.6996458973436 5.76446829457966 -0.958905003049326
0 0

0101101
*
Ed
 1e-07 1 1 0
1  169 0 0 1
3  376 377G1 127 0 0 1
0

0101000
+1946 0 -1936 0 *
Ed
 4.11640472548056e-05 1 1 0
1  170 0 0 6.28318530717959
2  378 127 0 0 6.28318530717959
2  379 129 0 0 6.28318530717959
4 G1 129 0 127 0
0

0101000
+1936 0 -1936 0 *
Wi

0101100
+1935 0 +1944 0 -1935 0 -1934 0 *
Fa
0  1e-07 127 0

0101000
+1933 0 *
Ve
7.84943612281647e-05
17.6843139635111 9.7336636751045 -0.620883261847071
0 0

0101101
*
Ed
 1e-07 1 1 0
1  171 0 0 4.45057996211393
3  380 381G1 128 0 0 4.45057996211393
0

0101000
+1941 0 -1931 0 *
Ed
 7.84943612281647e-05 1 1 0
1  172 0 0 6.28318530717959
2  382 128 0 0 6.28318530717959
2  383 130 0 0 6.28318530717959
4 G1 130 0 128 0
0

0101000
+1931 0 -1931 0 *
Wi

0101100
+1930 0 +1939 0 -1930 0 -1929 0 *
Fa
0  1e-07 128 0

0101000
+1928 0 *
Ve
0.000112222896448552
17.6843919067137 9.73396031331974 -0.624871485841085
0 0

0101101
*
Ed
 1e-07 1 1 0
1  173 0 0 4.45057996211393
3  384 385G1 129 0 0 4.45057996211393
0

0101000
+1936 0 -1926 0 *
Ed
 0.000112222896448552 1 1 0
1  174 0 0 6.28318530717959
2  386 129 0 0 6.28318530717959
2  387 131 0 0 6.28318530717959
4 G1 131 0 129 0
0

0101000
+1926 0 -1926 0 *
Wi

0101100
+1925 0 +1934 0 -1925 0 -1924 0 *
Fa
0  1e-07 129 0

0101000
+1923 0 *
Ve
3.69421428105263e-05
17.7334264610251 9.76395765986398 -0.618334017200228
0 0

0101101
*
Ed
 1e-07 1 1 0
1  175 0 0 1
3  388 389G1 130 0 0 1
0

0101000
+1931 0 -1921 0 *
Ed
 3.69421428105263e-05 1 1 0
1  176 0 0 6.28318530717959
2  390 130 0 0 6.28318530717959
2  391 132 0 0 6.28318530717959
4 G1 132 0 130 0
0

0101000
+1921 0 -1921 0 *
Wi

0101100
+1920 0 +1929 0 -1920 0 -1919 0 *
Fa
0  1e-07 130 0

0101000
+1918 0 *
Ve
4.11640472580317e-05
17.7334264610251 9.76420622049591 -0.622326286932128
0 0

0101101
*
Ed
 1e-07 1 1 0
1  177 0 0 1
3  392 393G1 131 0 0 1
0

0101000
+1926 0 -1916 0 *
Ed
 4.11640472580317e-05 1 1 0
1  178 0 0 6.28318530717959
2  394 131 0 0 6.28318530717959
2  395 133 0 0 6.28318530717959
4 G1 133 0 131 0
0

0101000
+1916 0 -1916 0 *
Wi

0101100
+1915 0 +1924 0 -1915 0 -1914 0 *
Fa
0  1e-07 131 0

0101000
+1913 0 *
Ve
7.84943612238515e-05
17.7769917323702 9.76395765986398 -0.618334017200228
0 0

0101101
*
Ed
 1e-07 1 1 0
1  179 0 0 0.0435652713450345
3  396 397G1 132 0 0 0.0435652713450345
0

0101000
+1921 0 -1911 0 *
Ed
 7.84943612238515e-05 1 1 0
1  180 0 0 6.28318530717959
2  398 132 0 0 6.28318530717959
2  399 134 0 0 6.28318530717959
4 G1 134 0 132 0
0

0101000
+1911 0 -1911 0 *
Wi

0101100
+1910 0 +1919 0 -1910 0 -1909 0 *
Fa
0  1e-07 132 0

0101000
+1908 0 *
Ve
0.000112222896438247
17.7769917323702 9.76420622049591 -0.622326286932128
0 0

0101101
*
Ed
 1e-07 1 1 0
1  181 0 0 0.0435652713450345
3  400 401G1 133 0 0 0.0435652713450345
0

0101000
+1916 0 -1906 0 *
Ed
 0.000112222896438247 1 1 0
1  182 0 0 6.28318530717959
2  402 133 0 0 6.28318530717959
2  403 135 0 0 6.28318530717959
4 G1 135 0 133 0
0

0101000
+1906 0 -1906 0 *
Wi

0101100
+1905 0 +1914 0 -1905 0 -1904 0 *
Fa
0  1e-07 133 0

0101000
+1903 0 *
Ve
3.6942142810519e-05
17.822567284086 9.79000268944518 -0.61591538264427
0 0

0101101
*
Ed
 1e-07 1 1 0
1  183 0 0 1
3  404 405G1 134 0 0 1
0

0101000
+1911 0 -1901 0 *
Ed
 3.6942142810519e-05 1 1 0
1  184 0 0 6.28318530717959
2  406 134 0 0 6.28318530717959
2  407 136 0 0 6.28318530717959
4 G1 136 0 134 0
0

0101000
+1901 0 -1901 0 *
Wi

0101100
+1900 0 +1909 0 -1900 0 -1899 0 *
Fa
0  1e-07 134 0

0101000
+1898 0 *
Ve
4.11640472593216e-05
17.8226723240569 9.79031127719793 -0.619902078043139
0 0

0101101
*
Ed
 1e-07 1 1 0
1  185 0 0 1
3  408 409G1 135 0 0 1
0

0101000
+1906 0 -1896 0 *
Ed
 4.11640472593216e-05 1 1 0
1  186 0 0 6.28318530717959
2  410 135 0 0 6.28318530717959
2  411 137 0 0 6.28318530717959
4 G1 137 0 135 0
0

0101000
+1896 0 -1896 0 *
Wi

0101100
+1895 0 +1904 0 -1895 0 -1894 0 *
Fa
0  1e-07 135 0

0101000
+1893 0 *
Ve
1.00005e-07
17.9078225468245 9.93530627624398 -0.602421972124598
0 0

0101101
*
Ed
 1e-07 1 1 0
1  187 0 0 0.169007882326983
3  412 413G1 136 0 0 0.169007882326983
0

0101000
+1901 0 -1891 0 *
Ed
 1.00005e-07 1 1 0
1  188 0 0 6.28318530717959
2  414 136 0 0 6.28318530717959
2  415 138 0 0 6.28318530717959
0

0101000
+1891 0 -1891 0 *
Wi

0101100
+1890 0 +1899 0 -1890 0 -1889 0 *
Fa
0  1e-07 136 0

0101000
+1888 0 *
Ve
1.00005e-07
17.9079275867953 9.93561486399673 -0.606408667523467
0 0

0101101
*
Ed
 1e-07 1 1 0
1  189 0 0 0.169007882326983
3  416 417G1 137 0 0 0.169007882326983
0

0101000
+1896 0 -1886 0 *
Ed
 1.00005e-07 1 1 0
1  190 0 0 6.28318530717959
2  418 137 0 0 6.28318530717959
2  419 139 0 0 6.28318530717959
2  420 138 0 0 6.28318530717959
0

0101000
+1886 0 -1886 0 *
Wi

0101100
+1885 0 +1894 0 -1885 0 -1884 0 *
Fa
0  1e-07 137 0

0101000
+1883 0 *
Wi

0101100
+1889 0 *
Wi

0101100
-1884 0 *
Fa
0  1e-07 138 0

0101000
+1881 0 +1880 0 *
Sh

0101100
-1992 0 +1987 0 -1982 0 +1977 0 -1972 0 +1967 0 -1962 0 +1957 0 -1952 0 +1947 0 
-1942 0 +1937 0 -1932 0 +1927 0 -1922 0 +1917 0 -1912 0 +1907 0 -1902 0 +1897 0 
-1892 0 +1887 0 -1882 0 +1879 0 *
So

0100000
+1878 0 *
Co

0100000
+1877 0 *
Ve
1.00005e-07
14.7613974596186 2.4983308199893 -1.53778226027636
0 0

0101101
*
Ed
 1.00005e-07 1 1 0
1  191 0 0 6.28318530717959
2  421 141 0 0 6.28318530717959
2  422 140 0 0 6.28318530717959
0

0101000
+1875 0 -1875 0 *
Wi

0101100
+1874 0 *
Ve
1.00005e-07
14.761216901445 2.4983308199893 -1.53977409328792
0 0

0101101
*
Ed
 1.00005e-07 1 1 0
1  192 0 0 6.28318530717959
2  423 142 0 0 6.28318530717959
2  424 143 0 0 6.28318530717959
2  425 140 0 0 6.28318530717959
0

0101000
+1872 0 -1872 0 *
Wi

0101100
-1871 0 *
Fa
0  1e-07 140 0

0101000
+1873 0 +1870 0 *
Ve
0.000113682011232174
14.9580630447264 2.49465184952974 -1.55560984856713
0 0

0101101
*
Ed
 1e-07 1 1 0
1  193 0 0 0.197506227987086
3  426 427G1 141 0 0 0.197506227987086
0

0101000
+1875 0 -1868 0 *
Ed
 0.000113682011232174 1 1 0
1  194 0 0 6.28318530717959
2  428 141 0 0 6.28318530717959
2  429 144 0 0 6.28318530717959
4 G1 144 0 141 0
0

0101000
+1868 0 -1868 0 *
Wi

0101100
+1867 0 +1874 0 -1867 0 -1866 0 *
Fa
0  1e-07 141 0

0101000
+1865 0 *
Ve
0.000101050676648964
14.9578824865527 2.49465184952974 -1.55760168157868
0 0

0101101
*
Ed
 1e-07 1 1 0
1  195 0 0 0.197506227987086
3  430 431G1 142 0 0 0.197506227987086
0

0101000
+1872 0 -1863 0 *
Ed
 0.000101050676648964 1 1 0
1  196 0 0 6.28318530717959
2  432 142 0 0 6.28318530717959
2  433 145 0 0 6.28318530717959
4 G1 145 0 142 0
0

0101000
+1863 0 -1863 0 *
Wi

0101100
+1862 0 +1871 0 -1862 0 -1861 0 *
Fa
0  1e-07 142 0

0101000
+1860 0 *
Ve
0.00011368201124265
14.9614149509836 2.49462056478607 -1.55576144846027
0 0

0101101
*
Ed
 1e-07 1 1 0
1  197 0 0 1
3  434 435G1 144 0 0 1
0

0101000
+1868 0 -1858 0 *
Ed
 0.00011368201124265 1 1 0
1  198 0 0 6.28318530717959
2  436 144 0 0 6.28318530717959
2  437 146 0 0 6.28318530717959
4 G1 146 0 144 0
0

0101000
+1858 0 -1858 0 *
Wi

0101100
+1857 0 +1866 0 -1857 0 -1856 0 *
Fa
0  1e-07 144 0

0101000
+1855 0 *
Ve
0.000101050676642913
14.9614149509836 2.4946188795611 -1.55776144775027
0 0

0101101
*
Ed
 1e-07 1 1 0
1  199 0 0 1
3  438 439G1 145 0 0 1
0

0101000
+1863 0 -1853 0 *
Ed
 0.000101050676642913 1 1 0
1  200 0 0 6.28318530717959
2  440 145 0 0 6.28318530717959
2  441 147 0 0 6.28318530717959
4 G1 147 0 145 0
0

0101000
+1853 0 -1853 0 *
Wi

0101100
+1852 0 +1861 0 -1852 0 -1851 0 *
Fa
0  1e-07 145 0

0101000
+1850 0 *
Ve
1.00005e-07
15.8532696111191 2.49462056478607 -1.55576144846027
0 0

0101101
*
Ed
 1e-07 1 1 0
1  201 0 0 0.891854660135481
3  442 443G1 146 0 0 0.891854660135481
0

0101000
+1858 0 -1848 0 *
Ed
 1.00005e-07 1 1 0
1  202 0 0 6.28318530717959
2  444 146 0 0 6.28318530717959
2  445 148 0 0 6.28318530717959
0

0101000
+1848 0 -1848 0 *
Wi

0101100
+1847 0 +1856 0 -1847 0 -1846 0 *
Fa
0  1e-07 146 0

0101000
+1845 0 *
Ve
1.00005e-07
15.8532696111191 2.4946188795611 -1.55776144775027
0 0

0101101
*
Ed
 1e-07 1 1 0
1  203 0 0 0.891854660135481
3  446 447G1 147 0 0 0.891854660135481
0

0101000
+1853 0 -1843 0 *
Ed
 1.00005e-07 1 1 0
1  204 0 0 6.28318530717959
2  448 147 0 0 6.28318530717959
2  449 149 0 0 6.28318530717959
2  450 148 0 0 6.28318530717959
0

0101000
+1843 0 -1843 0 *
Wi

0101100
+1842 0 +1851 0 -1842 0 -1841 0 *
Fa
0  1e-07 147 0

0101000
+1840 0 *
Wi

0101100
+1846 0 *
Wi

0101100
-1841 0 *
Fa
0  1e-07 148 0

0101000
+1838 0 +1837 0 *
Sh

0101100
-1869 0 +1864 0 -1859 0 +1854 0 -1849 0 +1844 0 -1839 0 +1836 0 *
So

0100000
+1835 0 *
Co

0100000
+1834 0 *
Ve
1.00005e-07
14.7613974596186 -2.4983308199893 -1.53778226027636
0 0

0101101
*
Ed
 1.00005e-07 1 1 0
1  205 0 0 6.28318530717959
2  451 151 0 0 6.28318530717959
2  452 150 0 0 6.28318530717959
0

0101000
+1832 0 -1832 0 *
Wi

0101100
+1831 0 *
Ve
1.00005e-07
14.761216901445 -2.4983308199893 -1.53977409328792
0 0

0101101
*
Ed
 1.00005e-07 1 1 0
1  206 0 0 6.28318530717959
2  453 152 0 0 6.28318530717959
2  454 153 0 0 6.28318530717959
2  455 150 0 0 6.28318530717959
0

0101000
+1829 0 -1829 0 *
Wi

0101100
-1828 0 *
Fa
0  1e-07 150 0

0101000
+1830 0 +1827 0 *
Ve
0.000113682011225696
14.9580630447264 -2.49465184952974 -1.55560984856713
0 0

0101101
*
Ed
 1e-07 1 1 0
1  207 0 0 0.197506227987086
3  456 457G1 151 0 0 0.197506227987086
0

0101000
+1832 0 -1825 0 *
Ed
 0.000113682011225696 1 1 0
1  208 0 0 6.28318530717959
2  458 151 0 0 6.28318530717959
2  459 154 0 0 6.28318530717959
4 G1 154 0 151 0
0

0101000
+1825 0 -1825 0 *
Wi

0101100
+1824 0 +1831 0 -1824 0 -1823 0 *
Fa
0  1e-07 151 0

0101000
+1822 0 *
Ve
0.00010105067664447
14.9578824865527 -2.49465184952974 -1.55760168157868
0 0

0101101
*
Ed
 1e-07 1 1 0
1  209 0 0 0.197506227987086
3  460 461G1 152 0 0 0.197506227987086
0

0101000
+1829 0 -1820 0 *
Ed
 0.00010105067664447 1 1 0
1  210 0 0 6.28318530717959
2  462 152 0 0 6.28318530717959
2  463 155 0 0 6.28318530717959
4 G1 155 0 152 0
0

0101000
+1820 0 -1820 0 *
Wi

0101100
+1819 0 +1828 0 -1819 0 -1818 0 *
Fa
0  1e-07 152 0

0101000
+1817 0 *
Ve
0.000113682011225752
14.9614149509836 -2.49462056478607 -1.55576144846027
0 0

0101101
*
Ed
 1e-07 1 1 0
1  211 0 0 1
3  464 465G1 154 0 0 1
0

0101000
+1825 0 -1815 0 *
Ed
 0.000113682011225752 1 1 0
1  212 0 0 6.28318530717959
2  466 154 0 0 6.28318530717959
2  467 156 0 0 6.28318530717959
4 G1 156 0 154 0
0

0101000
+1815 0 -1815 0 *
Wi

0101100
+1814 0 +1823 0 -1814 0 -1813 0 *
Fa
0  1e-07 154 0

0101000
+1812 0 *
Ve
0.000101050676645452
14.9614149509836 -2.4946188795611 -1.55776144775027
0 0

0101101
*
Ed
 1e-07 1 1 0
1  213 0 0 1
3  468 469G1 155 0 0 1
0

0101000
+1820 0 -1810 0 *
Ed
 0.000101050676645452 1 1 0
1  214 0 0 6.28318530717959
2  470 155 0 0 6.28318530717959
2  471 157 0 0 6.28318530717959
4 G1 157 0 155 0
0

0101000
+1810 0 -1810 0 *
Wi

0101100
+1809 0 +1818 0 -1809 0 -1808 0 *
Fa
0  1e-07 155 0

0101000
+1807 0 *
Ve
1.00005e-07
15.8532696111191 -2.49462056478607 -1.55576144846027
0 0

0101101
*
Ed
 1e-07 1 1 0
1  215 0 0 0.891854660135481
3  472 473G1 156 0 0 0.891854660135481
0

0101000
+1815 0 -1805 0 *
Ed
 1.00005e-07 1 1 0
1  216 0 0 6.28318530717959
2  474 156 0 0 6.28318530717959
2  475 158 0 0 6.28318530717959
0

0101000
+1805 0 -1805 0 *
Wi

0101100
+1804 0 +1813 0 -1804 0 -1803 0 *
Fa
0  1e-07 156 0

0101000
+1802 0 *
Ve
1.00005e-07
15.8532696111191 -2.4946188795611 -1.55776144775027
0 0

0101101
*
Ed
 1e-07 1 1 0
1  217 0 0 0.891854660135481
3  476 477G1 157 0 0 0.891854660135481
0

0101000
+1810 0 -1800 0 *
Ed
 1.00005e-07 1 1 0
1  218 0 0 6.28318530717959
2  478 157 0 0 6.28318530717959
2  479 159 0 0 6.28318530717959
2  480 158 0 0 6.28318530717959
0

0101000
+1800 0 -1800 0 *
Wi

0101100
+1799 0 +1808 0 -1799 0 -1798 0 *
Fa
0  1e-07 157 0

0101000
+1797 0 *
Wi

0101100
+1803 0 *
Wi

0101100
-1798 0 *
Fa
0  1e-07 158 0

0101000
+1795 0 +1794 0 *
Sh

0101100
-1826 0 +1821 0 -1816 0 +1811 0 -1806 0 +1801 0 -1796 0 +1793 0 *
So

0100000
+1792 0 *
Co

0100000
+1791 0 *
Ve
1.00005e-07
13.9555114576981 -0.992319485935591 -1.5948233361767
0 0

0101101
*
Ed
 1.00005e-07 1 1 0
1  219 0 0 6.28318530717959
2  481 161 0 0 6.28318530717959
2  482 160 0 0 6.28318530717959
0

0101000
+1789 0 -1789 0 *
Wi

0101100
+1788 0 *
Ve
1.00005e-07
13.9553421409842 -0.992319485935591 -1.59681615625147
0 0

0101101
*
Ed
 1.00005e-07 1 1 0
1  220 0 0 6.28318530717959
2  483 162 0 0 6.28318530717959
2  484 163 0 0 6.28318530717959
2  485 160 0 0 6.28318530717959
0

0101000
+1786 0 -1786 0 *
Wi

0101100
-1785 0 *
Fa
0  1e-07 160 0

0101000
+1787 0 +1784 0 *
Ve
0.000113682013535178
14.1530675647315 -0.992281638975508 -1.61160836924421
0 0

0101101
*
Ed
 1e-07 1 1 0
1  221 0 0 0.198267884927541
3  486 487G1 161 0 0 0.198267884927541
0

0101000
+1789 0 -1782 0 *
Ed
 0.000113682013535178 1 1 0
1  222 0 0 6.28318530717959
2  488 161 0 0 6.28318530717959
2  489 164 0 0 6.28318530717959
4 G1 164 0 161 0
0

0101000
+1782 0 -1782 0 *
Wi

0101100
+1781 0 +1788 0 -1781 0 -1780 0 *
Fa
0  1e-07 161 0

0101000
+1779 0 *
Ve
0.00010105067870125
14.1528982480176 -0.992281638975508 -1.61360118931898
0 0

0101101
*
Ed
 1e-07 1 1 0
1  223 0 0 0.198267884927541
3  490 491G1 162 0 0 0.198267884927541
0

0101000
+1786 0 -1777 0 *
Ed
 0.00010105067870125 1 1 0
1  224 0 0 6.28318530717959
2  492 162 0 0 6.28318530717959
2  493 165 0 0 6.28318530717959
4 G1 165 0 162 0
0

0101000
+1777 0 -1777 0 *
Wi

0101100
+1776 0 +1785 0 -1776 0 -1775 0 *
Fa
0  1e-07 162 0

0101000
+1774 0 *
Ve
0.000113682013535431
14.1576526908343 -0.992281198122638 -1.6121464763136
0 0

0101101
*
Ed
 1e-07 1 1 0
1  225 0 0 1
3  494 495G1 164 0 0 1
0

0101000
+1782 0 -1772 0 *
Ed
 0.000113682013535431 1 1 0
1  226 0 0 6.28318530717959
2  496 164 0 0 6.28318530717959
2  497 166 0 0 6.28318530717959
4 G1 166 0 164 0
0

0101000
+1772 0 -1772 0 *
Wi

0101100
+1771 0 +1780 0 -1771 0 -1770 0 *
Fa
0  1e-07 164 0

0101000
+1769 0 *
Ve
0.000101050678698066
14.1573560099284 -0.992281210368515 -1.6141243490193
0 0

0101101
*
Ed
 1e-07 1 1 0
1  227 0 0 1
3  498 499G1 165 0 0 1
0

0101000
+1777 0 -1767 0 *
Ed
 0.000101050678698066 1 1 0
1  228 0 0 6.28318530717959
2  500 165 0 0 6.28318530717959
2  501 167 0 0 6.28318530717959
4 G1 167 0 165 0
0

0101000
+1767 0 -1767 0 *
Wi

0101100
+1766 0 +1775 0 -1766 0 -1765 0 *
Fa
0  1e-07 165 0

0101000
+1764 0 *
Ve
0.000113682012089173
14.3537403999513 -0.992281198122638 -1.64155963268116
0 0

0101101
*
Ed
 1e-07 1 1 0
1  229 0 0 0.198281424834163
3  502 503G1 166 0 0 0.198281424834163
0

0101000
+1772 0 -1762 0 *
Ed
 0.000113682012089173 1 1 0
1  230 0 0 6.28318530717959
2  504 166 0 0 6.28318530717959
2  505 168 0 0 6.28318530717959
4 G1 168 0 166 0
0

0101000
+1762 0 -1762 0 *
Wi

0101100
+1761 0 +1770 0 -1761 0 -1760 0 *
Fa
0  1e-07 166 0

0101000
+1759 0 *
Ve
0.000101050677412475
14.3534437190455 -0.992281210368515 -1.64353750538685
0 0

0101101
*
Ed
 1e-07 1 1 0
1  231 0 0 0.198281424834163
3  506 507G1 167 0 0 0.198281424834163
0

0101000
+1767 0 -1757 0 *
Ed
 0.000101050677412475 1 1 0
1  232 0 0 6.28318530717959
2  508 167 0 0 6.28318530717959
2  509 169 0 0 6.28318530717959
4 G1 169 0 167 0
0

0101000
+1757 0 -1757 0 *
Wi

0101100
+1756 0 +1765 0 -1756 0 -1755 0 *
Fa
0  1e-07 167 0

0101000
+1754 0 *
Ve
0.000113682012089645
14.356685971878 -0.992281198122638 -1.64187818966074
0 0

0101101
*
Ed
 1e-07 1 1 0
1  233 0 0 1
3  510 511G1 168 0 0 1
0

0101000
+1762 0 -1752 0 *
Ed
 0.000113682012089645 1 1 0
1  234 0 0 6.28318530717959
2  512 168 0 0 6.28318530717959
2  513 170 0 0 6.28318530717959
4 G1 170 0 168 0
0

0101000
+1752 0 -1752 0 *
Wi

0101100
+1751 0 +1760 0 -1751 0 -1750 0 *
Fa
0  1e-07 168 0

0101000
+1749 0 *
Ve
0.000101050677415216
14.3565529338569 -0.992281210368515 -1.64387375997641
0 0

0101101
*
Ed
 1e-07 1 1 0
1  235 0 0 1
3  514 515G1 169 0 0 1
0

0101000
+1757 0 -1747 0 *
Ed
 0.000101050677415216 1 1 0
1  236 0 0 6.28318530717959
2  516 169 0 0 6.28318530717959
2  517 171 0 0 6.28318530717959
4 G1 171 0 169 0
0

0101000
+1747 0 -1747 0 *
Wi

0101100
+1746 0 +1755 0 -1746 0 -1745 0 *
Fa
0  1e-07 169 0

0101000
+1744 0 *
Ve
1.00005e-07
15.8544669533085 -0.992281198122638 -1.74173025508944
0 0

0101101
*
Ed
 1e-07 1 1 0
1  237 0 0 1.50110569358235
3  518 519G1 170 0 0 1.50110569358235
0

0101000
+1752 0 -1742 0 *
Ed
 1.00005e-07 1 1 0
1  238 0 0 6.28318530717959
2  520 170 0 0 6.28318530717959
2  521 172 0 0 6.28318530717959
0

0101000
+1742 0 -1742 0 *
Wi

0101100
+1741 0 +1750 0 -1741 0 -1740 0 *
Fa
0  1e-07 170 0

0101000
+1739 0 *
Ve
1.00005e-07
15.8543339152874 -0.992281210368515 -1.74372582540511
0 0

0101101
*
Ed
 1e-07 1 1 0
1  239 0 0 1.50110569358235
3  522 523G1 171 0 0 1.50110569358235
0

0101000
+1747 0 -1737 0 *
Ed
 1.00005e-07 1 1 0
1  240 0 0 6.28318530717959
2  524 171 0 0 6.28318530717959
2  525 173 0 0 6.28318530717959
2  526 172 0 0 6.28318530717959
0

0101000
+1737 0 -1737 0 *
Wi

0101100
+1736 0 +1745 0 -1736 0 -1735 0 *
Fa
0  1e-07 171 0

0101000
+1734 0 *
Wi

0101100
+1740 0 *
Wi

0101100
-1735 0 *
Fa
0  1e-07 172 0

0101000
+1732 0 +1731 0 *
Sh

0101100
-1783 0 +1778 0 -1773 0 +1768 0 -1763 0 +1758 0 -1753 0 +1748 0 -1743 0 +1738 0 
-1733 0 +1730 0 *
So

0100000
+1729 0 *
Co

0100000
+1728 0 *
Ve
1e-07
14.0600778197447 0.992449001044231 -1.55495984280867
0 0

0101101
*
Ve
1e-07
13.8600778197447 0.992449001044231 -1.55495984280867
0 0

0101101
*
Ed
 1e-07 1 1 0
1  241 0 0 0.2
3  527 528CN 174 0 0 0.2
0

0101000
-1726 0 +1725 0 *
Ed
 1e-07 1 1 0
1  242 0 0 6.28318530717959
2  529 174 0 0 6.28318530717959
2  530 175 0 0 6.28318530717959
0

0101000
+1725 0 -1725 0 *
Ed
 1e-07 1 1 0
1  243 0 0 6.28318530717959
2  531 174 0 0 6.28318530717959
2  532 176 0 0 6.28318530717959
0

0101000
+1726 0 -1726 0 *
Wi

0101100
+1724 0 +1723 0 -1724 0 -1722 0 *
Ve
1e-07
13.9100778197447 0.97444900104423 -1.75332650382753
0 0

0101101
*
Ve
1.11873926603205e-07
13.8920778197447 0.992449001044231 -1.75495984280867
0 0

0101101
*
Ed
 1e-07 1 1 0
1  244 0 0 0.249737338227294
2  533 174 0 0 0.249737338227294
2  534 177 0 0 0.249737338227294
0

0101000
+1720 0 -1719 0 *
Ve
1.15857738739824e-07
13.9280778197447 0.992449001044231 -1.75495984280867
0 0

0101101
*
Ed
 1e-07 1 1 0
1  244 0 0.249737338227294 0.749731803269094
2  533 174 0 0.249737338227294 0.749731803269094
2  534 177 0 0.249737338227294 0.749731803269094
0

0101000
+1719 0 -1717 0 *
Ed
 1e-07 1 1 0
1  244 0 0.749731803269094 1
2  533 174 0 0.749731803269094 1
2  534 177 0 0.749731803269094 1
0

0101000
+1717 0 -1720 0 *
Wi

0101100
-1718 0 -1716 0 -1715 0 *
Fa
0  1e-07 174 0

0101000
+1721 0 +1714 0 *
Wi

0101100
-1723 0 *
Fa
0  1e-07 175 0

0111000
-1712 0 *
Wi

0101100
+1722 0 *
Fa
0  1e-07 176 0

0111000
+1710 0 *
Ve
1e-07
13.9100778197447 0.97444900104423 -1.74495984280867
0 0

0101101
*
Ed
 1e-07 1 1 0
1  245 0 0 0.00836666101886352
3  535 536CN 177 0 0 0.00836666101886352
0

0101000
+1708 0 -1720 0 *
Ed
 1e-07 1 1 0
1  246 0 0 6.28318530717959
2  537 177 0 0 6.28318530717959
2  538 178 0 0 6.28318530717959
0

0101000
+1708 0 -1708 0 *
Wi

0101100
-1716 0 -1715 0 +1707 0 +1706 0 -1707 0 -1718 0 *
Fa
0  1e-07 177 0

0101000
+1705 0 *
Wi

0101100
-1706 0 *
Fa
0  1e-07 178 0

0111000
-1703 0 *
Sh

0101100
+1713 0 -1711 0 +1709 0 -1704 0 +1702 0 *
So

0100000
+1701 0 *
Co

0100000
+1700 0 *
Co

0100000
+1699 20 *
Ve
1e-07
14.8659208777431 2.51007621923758 -1.49637730295099
0 0

0101101
*
Ve
1e-07
14.6659208777431 2.51007621923758 -1.49637730295099
0 0

0101101
*
Ed
 1e-07 1 1 0
1  247 0 0 0.2
3  539 540CN 179 0 0 0.2
0

0101000
-1697 0 +1696 0 *
Ed
 1e-07 1 1 0
1  248 0 0 6.28318530717959
2  541 179 0 0 6.28318530717959
2  542 180 0 0 6.28318530717959
0

0101000
+1696 0 -1696 0 *
Ed
 1e-07 1 1 0
1  249 0 0 6.28318530717959
2  543 179 0 0 6.28318530717959
2  544 181 0 0 6.28318530717959
0

0101000
+1697 0 -1697 0 *
Wi

0101100
+1695 0 +1694 0 -1695 0 -1693 0 *
Ve
1.00000018774262e-07
14.7159208777431 2.49207621923758 -1.69474396396987
0 0

0101101
*
Ve
1.11873896047368e-07
14.6979208777431 2.51007621923758 -1.69637730295099
0 0

0101101
*
Ed
 1e-07 1 1 0
1  250 0 0 0.249737365656132
2  545 179 0 0 0.249737365656132
2  546 182 0 0 0.249737365656132
0

0101000
+1691 0 -1690 0 *
Ve
1.15857716835028e-07
14.7339208777431 2.51007621923758 -1.69637730295099
0 0

0101101
*
Ed
 1e-07 1 1 0
1  250 0 0.249737365656132 0.749731830225271
2  545 179 0 0.249737365656132 0.749731830225271
2  546 182 0 0.249737365656132 0.749731830225271
0

0101000
+1690 0 -1688 0 *
Ed
 1e-07 1 1 0
1  250 0 0.749731830225271 1
2  545 179 0 0.749731830225271 1
2  546 182 0 0.749731830225271 1
0

0101000
+1688 0 -1691 0 *
Wi

0101100
-1689 0 -1687 0 -1686 0 *
Fa
0  1e-07 179 0

0101000
+1692 0 +1685 0 *
Wi

0101100
-1694 0 *
Fa
0  1e-07 180 0

0111000
-1683 0 *
Wi

0101100
+1693 0 *
Fa
0  1e-07 181 0

0111000
+1681 0 *
Ve
1e-07
14.7159208777431 2.49207621923758 -1.68637730295099
0 0

0101101
*
Ed
 1e-07 1 1 0
1  251 0 0 0.00836666101888173
3  547 548CN 182 0 0 0.00836666101888173
0

0101000
+1679 0 -1691 0 *
Ed
 1e-07 1 1 0
1  252 0 0 6.28318530717959
2  549 182 0 0 6.28318530717959
2  550 183 0 0 6.28318530717959
0

0101000
+1679 0 -1679 0 *
Wi

0101100
-1687 0 -1686 0 +1678 0 +1677 0 -1678 0 -1689 0 *
Fa
0  1e-07 182 0

0101000
+1676 0 *
Wi

0101100
-1677 0 *
Fa
0  1e-07 183 0

0111000
-1674 0 *
Sh

0101100
+1684 0 -1682 0 +1680 0 -1675 0 +1673 0 *
So

0100000
+1672 0 *
Co

0100000
+1671 0 *
Co

0100000
+1670 24 *
Ve
1e-07
13.96832 -0.778257306473334 -1.45317748422101
0 0

0101101
*
Ve
1e-07
13.96832 -0.778257306473334 -1.51653748422101
0 0

0101101
*
Ed
 1e-07 1 1 0
1  253 0 0 0.0633600000000001
2  551 184 0 0 0.0633600000000001
2  552 185 0 0 0.0633600000000001
0

0101000
-1668 0 +1667 0 *
Ve
1e-07
13.96832 -0.714897306473334 -1.45317748422101
0 0

0101101
*
Ed
 1e-07 1 1 0
1  254 0 0 0.06336
2  553 184 0 0 0.06336
2  554 186 0 0 0.06336
0

0101000
-1665 0 +1668 0 *
Ve
1e-07
13.96832 -0.714897306473334 -1.51653748422101
0 0

0101101
*
Ed
 1e-07 1 1 0
1  255 0 0 0.06336
2  555 184 0 0 0.06336
2  556 187 0 0 0.06336
0

0101000
-1663 0 +1667 0 *
Ed
 1e-07 1 1 0
1  256 0 0 0.0633600000000001
2  557 184 0 0 0.0633600000000001
2  558 188 0 0 0.0633600000000001
0

0101000
-1665 0 +1663 0 *
Wi

0101100
-1666 0 -1664 0 +1662 0 +1661 0 *
Ve
1e-07
13.96832 -0.746577306473334 -1.51365748422101
0 0

0101101
*
Ed
 1e-07 1 1 0
1  257 0 0 6.28318530717959
2  559 189 0 0 6.28318530717959
2  560 190 0 0 6.28318530717959
2  561 184 0 0 6.28318530717959
0

0101000
+1659 0 -1659 0 *
Wi

0101100
+1658 0 *
Fa
0  1e-07 184 0

0101000
+1660 0 +1657 0 *
Ve
1e-07
14.03168 -0.778257306473334 -1.51653748422101
0 0

0101101
*
Ed
 1e-07 1 1 0
1  258 0 0 0.0633599999999994
2  562 185 0 0 0.0633599999999994
2  563 187 0 0 0.0633599999999994
0

0101000
-1655 0 +1667 0 *
Ve
1e-07
14.03168 -0.778257306473334 -1.45317748422101
0 0

0101101
*
Ed
 1e-07 1 1 0
1  259 0 0 0.0633600000000001
2  564 191 0 0 0.0633600000000001
2  565 185 0 0 0.0633600000000001
0

0101000
-1653 0 +1655 0 *
Ed
 1e-07 1 1 0
1  260 0 0 0.0633599999999994
2  566 185 0 0 0.0633599999999994
2  567 186 0 0 0.0633599999999994
0

0101000
-1653 0 +1668 0 *
Wi

0101100
-1654 0 -1652 0 +1651 0 +1666 0 *
Fa
0  1e-07 185 0

0111000
+1650 0 *
Ve
1e-07
14.03168 -0.714897306473334 -1.45317748422101
0 0

0101101
*
Ed
 1e-07 1 1 0
1  261 0 0 0.0633599999999994
2  568 188 0 0 0.0633599999999994
2  569 186 0 0 0.0633599999999994
0

0101000
-1648 0 +1665 0 *
Ed
 1e-07 1 1 0
1  262 0 0 0.06336
2  570 191 0 0 0.06336
2  571 186 0 0 0.06336
0

0101000
-1648 0 +1653 0 *
Wi

0101100
-1664 0 -1647 0 +1646 0 +1651 0 *
Fa
0  1e-07 186 0

0111000
+1645 0 *
Ve
1e-07
14.03168 -0.714897306473334 -1.51653748422101
0 0

0101101
*
Ed
 1e-07 1 1 0
1  263 0 0 0.0633599999999994
2  572 188 0 0 0.0633599999999994
2  573 187 0 0 0.0633599999999994
0

0101000
-1643 0 +1663 0 *
Ed
 1e-07 1 1 0
1  264 0 0 0.06336
2  574 191 0 0 0.06336
2  575 187 0 0 0.06336
0

0101000
-1643 0 +1655 0 *
Wi

0101100
-1662 0 -1642 0 +1641 0 +1654 0 *
Fa
0  1e-07 187 0

0111000
+1640 0 *
Ed
 1e-07 1 1 0
1  265 0 0 0.0633600000000001
2  576 191 0 0 0.0633600000000001
2  577 188 0 0 0.0633600000000001
0

0101000
-1648 0 +1643 0 *
Wi

0101100
-1642 0 -1638 0 +1647 0 +1661 0 *
Fa
0  1e-07 188 0

0111000
+1637 0 *
Ve
1e-07
13.90496 -0.746577306473334 -1.51365748422101
0 0

0101101
*
Ed
 1e-07 1 1 0
1  266 0 0 6.28318530717959
2  578 189 0 0 6.28318530717959
2  579 192 0 0 6.28318530717959
0

0101000
+1635 0 -1635 0 *
Ed
 1e-07 1 1 0
1  267 0 0 0.06336
3  580 581CN 189 0 0 0.06336
0

0101000
-1635 0 +1659 0 *
Wi

0101100
-1634 0 +1633 0 +1658 0 -1633 0 *
Fa
0  1e-07 189 0

0111000
+1632 0 *
Wi

0101100
-1652 0 -1646 0 +1641 0 +1638 0 *
Ve
1e-07
14.03168 -0.746577306473334 -1.45605748422101
0 0

0101101
*
Ed
 1e-07 1 1 0
1  268 0 0 6.28318530717959
2  582 193 0 0 6.28318530717959
2  583 194 0 0 6.28318530717959
2  584 191 0 0 6.28318530717959
0

0101000
+1629 0 -1629 0 *
Wi

0101100
-1628 0 *
Fa
0  1e-07 191 0

0101000
+1630 0 +1627 0 *
Wi

0101100
+1634 0 *
Ve
1e-07
13.90496 -0.746577306473334 -1.50885748422101
0 0

0101101
*
Ed
 1e-07 1 1 0
1  269 0 0 6.28318530717959
2  585 195 0 0 6.28318530717959
2  586 196 0 0 6.28318530717959
2  587 192 0 0 6.28318530717959
0

0101000
+1624 0 -1624 0 *
Wi

0101100
-1623 0 *
Fa
0  1e-07 192 0

0101000
+1625 0 +1622 0 *
Ve
1e-07
14.09504 -0.746577306473334 -1.45605748422101
0 0

0101101
*
Ed
 1e-07 1 1 0
1  270 0 0 6.28318530717959
2  588 193 0 0 6.28318530717959
2  589 197 0 0 6.28318530717959
0

0101000
+1620 0 -1620 0 *
Ed
 1e-07 1 1 0
1  271 0 0 0.06336
3  590 591CN 193 0 0 0.06336
0

0101000
-1620 0 +1629 0 *
Wi

0101100
-1619 0 +1618 0 +1628 0 -1618 0 *
Fa
0  1e-07 193 0

0111000
+1617 0 *
Ve
1e-07
13.96832 -0.746577306473334 -1.50885748422101
0 0

0101101
*
Ed
 1e-07 1 1 0
1  272 0 0 0.06336
3  592 593CN 195 0 0 0.06336
0

0101000
-1624 0 +1615 0 *
Ed
 1e-07 1 1 0
1  273 0 0 6.28318530717959
2  594 195 0 0 6.28318530717959
2  595 198 0 0 6.28318530717959
2  596 190 0 0 6.28318530717959
2  597 184 0 0 6.28318530717959
0

0101000
+1615 0 -1615 0 *
Wi

0101100
-1623 0 +1614 0 +1613 0 -1614 0 *
Fa
0  1e-07 195 0

0111000
+1612 0 *
Wi

0101100
+1619 0 *
Ve
1e-07
14.09504 -0.746577306473334 -1.46085748422101
0 0

0101101
*
Ed
 1e-07 1 1 0
1  274 0 0 6.28318530717959
2  598 199 0 0 6.28318530717959
2  599 200 0 0 6.28318530717959
2  600 197 0 0 6.28318530717959
0

0101000
+1609 0 -1609 0 *
Wi

0101100
-1608 0 *
Fa
0  1e-07 197 0

0101000
+1610 0 +1607 0 *
Wi

0101100
-1613 0 *
Fa
0  1e-07 184 0

0101000
+1605 0 *
Ve
1e-07
14.03168 -0.746577306473334 -1.46085748422101
0 0

0101101
*
Ed
 1e-07 1 1 0
1  275 0 0 0.06336
3  601 602CN 199 0 0 0.06336
0

0101000
-1609 0 +1603 0 *
Ed
 1e-07 1 1 0
1  276 0 0 6.28318530717959
2  603 199 0 0 6.28318530717959
2  604 201 0 0 6.28318530717959
2  605 194 0 0 6.28318530717959
2  606 191 0 0 6.28318530717959
0

0101000
+1603 0 -1603 0 *
Wi

0101100
-1608 0 +1602 0 +1601 0 -1602 0 *
Fa
0  1e-07 199 0

0111000
+1600 0 *
Wi

0101100
+1601 0 *
Fa
0  1e-07 191 0

0101000
+1598 0 *
Sh

0101100
-1656 0 -1649 0 +1644 0 -1639 0 +1636 0 +1631 0 +1626 0 +1621 0 +1616 0 -1611 0 
+1606 0 -1604 0 -1599 0 +1597 0 *
So

0100000
+1596 0 *
Co

0100000
+1595 0 *
Co

0100000
+1594 28 *
Ve
1e-07
14.0600778197447 -0.99244900104423 -1.55495984280867
0 0

0101101
*
Ve
1e-07
13.8600778197447 -0.99244900104423 -1.55495984280867
0 0

0101101
*
Ed
 1e-07 1 1 0
1  277 0 0 0.2
3  607 608CN 202 0 0 0.2
0

0101000
-1592 0 +1591 0 *
Ed
 1e-07 1 1 0
1  278 0 0 6.28318530717959
2  609 202 0 0 6.28318530717959
2  610 203 0 0 6.28318530717959
0

0101000
+1591 0 -1591 0 *
Ed
 1e-07 1 1 0
1  279 0 0 6.28318530717959
2  611 202 0 0 6.28318530717959
2  612 204 0 0 6.28318530717959
0

0101000
+1592 0 -1592 0 *
Wi

0101100
+1590 0 +1589 0 -1590 0 -1588 0 *
Ve
1.00000000222045e-07
13.9100778197447 -1.01044900104423 -1.75332650382753
0 0

0101101
*
Ve
1.11873939130183e-07
13.8920778197447 -0.992449001044231 -1.75495984280867
0 0

0101101
*
Ed
 1e-07 1 1 0
1  280 0 0 0.249737370979883
2  613 202 0 0 0.249737370979883
2  614 205 0 0 0.249737370979883
0

0101000
+1586 0 -1585 0 *
Ve
1.15857864343801e-07
13.9280778197447 -0.992449001044231 -1.75495984280867
0 0

0101101
*
Ed
 1e-07 1 1 0
1  280 0 0.249737370979883 0.749731844790809
2  613 202 0 0.249737370979883 0.749731844790809
2  614 205 0 0.249737370979883 0.749731844790809
0

0101000
+1585 0 -1583 0 *
Ed
 1e-07 1 1 0
1  280 0 0.749731844790809 1
2  613 202 0 0.749731844790809 1
2  614 205 0 0.749731844790809 1
0

0101000
+1583 0 -1586 0 *
Wi

0101100
-1584 0 -1582 0 -1581 0 *
Fa
0  1e-07 202 0

0101000
+1587 0 +1580 0 *
Wi

0101100
-1589 0 *
Fa
0  1e-07 203 0

0111000
-1578 0 *
Wi

0101100
+1588 0 *
Fa
0  1e-07 204 0

0111000
+1576 0 *
Ve
1e-07
13.9100778197447 -1.01044900104423 -1.74495984280867
0 0

0101101
*
Ed
 1e-07 1 1 0
1  281 0 0 0.00836666101886352
3  615 616CN 205 0 0 0.00836666101886352
0

0101000
+1574 0 -1586 0 *
Ed
 1e-07 1 1 0
1  282 0 0 6.28318530717959
2  617 205 0 0 6.28318530717959
2  618 206 0 0 6.28318530717959
0

0101000
+1574 0 -1574 0 *
Wi

0101100
-1582 0 -1581 0 +1573 0 +1572 0 -1573 0 -1584 0 *
Fa
0  1e-07 205 0

0101000
+1571 0 *
Wi

0101100
-1572 0 *
Fa
0  1e-07 206 0

0111000
-1569 0 *
Sh

0101100
+1579 0 -1577 0 +1575 0 -1570 0 +1568 0 *
So

0100000
+1567 0 *
Co

0100000
+1566 0 *
Co

0100000
+1565 32 *
Ve
1e-07
17.9833156073849 -10.1976873692823 -0.480012729424298
0 0

0101101
*
Ve
1e-07
17.9833156073849 -10.1976873692823 -0.880012729424298
0 0

0101101
*
Ed
 1e-07 1 1 0
1  283 0 0 0.4
2  619 207 0 0 0.4
2  620 208 0 0 0.4
0

0101000
-1563 0 +1562 0 *
Ve
1e-07
17.9833156073849 -9.94768736928231 -0.480012729424298
0 0

0101101
*
Ed
 1e-07 1 1 0
1  284 0 0 0.25
2  621 207 0 0 0.25
2  622 209 0 0 0.25
0

0101000
-1560 0 +1563 0 *
Ve
1e-07
17.9833156073849 -9.94768736928231 -0.880012729424298
0 0

0101101
*
Ed
 1e-07 1 1 0
1  285 0 0 0.25
2  623 207 0 0 0.25
2  624 210 0 0 0.25
0

0101000
-1558 0 +1562 0 *
Ed
 1e-07 1 1 0
1  286 0 0 0.4
2  625 207 0 0 0.4
2  626 211 0 0 0.4
0

0101000
-1560 0 +1558 0 *
Wi

0101100
-1561 0 -1559 0 +1557 0 +1556 0 *
Ve
1e-07
17.9833156073849 -10.0726873692823 -0.730012729424298
0 0

0101101
*
Ed
 1e-07 1 1 0
1  287 0 0 6.28318530717959
2  627 212 0 0 6.28318530717959
2  628 213 0 0 6.28318530717959
2  629 207 0 0 6.28318530717959
0

0101000
+1554 0 -1554 0 *
Wi

0101100
+1553 0 *
Fa
0  1e-07 207 0

0101000
+1555 0 +1552 0 *
Ve
1e-07
18.083315607385 -10.1976873692823 -0.880012729424298
0 0

0101101
*
Ed
 1e-07 1 1 0
1  288 0 0 0.100000000000001
2  630 208 0 0 0.100000000000001
2  631 210 0 0 0.100000000000001
0

0101000
-1550 0 +1562 0 *
Ve
1e-07
18.083315607385 -10.1976873692823 -0.480012729424298
0 0

0101101
*
Ed
 1e-07 1 1 0
1  289 0 0 0.4
2  632 214 0 0 0.4
2  633 208 0 0 0.4
0

0101000
-1548 0 +1550 0 *
Ed
 1e-07 1 1 0
1  290 0 0 0.100000000000001
2  634 208 0 0 0.100000000000001
2  635 209 0 0 0.100000000000001
0

0101000
-1548 0 +1563 0 *
Wi

0101100
-1549 0 -1547 0 +1546 0 +1561 0 *
Fa
0  1e-07 208 0

0111000
+1545 0 *
Ve
1e-07
18.083315607385 -9.94768736928231 -0.480012729424298
0 0

0101101
*
Ed
 1e-07 1 1 0
1  291 0 0 0.100000000000001
2  636 211 0 0 0.100000000000001
2  637 209 0 0 0.100000000000001
0

0101000
-1543 0 +1560 0 *
Ed
 1e-07 1 1 0
1  292 0 0 0.25
2  638 214 0 0 0.25
2  639 209 0 0 0.25
0

0101000
-1543 0 +1548 0 *
Wi

0101100
-1559 0 -1542 0 +1541 0 +1546 0 *
Fa
0  1e-07 209 0

0111000
+1540 0 *
Ve
1e-07
18.083315607385 -9.94768736928231 -0.880012729424298
0 0

0101101
*
Ed
 1e-07 1 1 0
1  293 0 0 0.100000000000001
2  640 211 0 0 0.100000000000001
2  641 210 0 0 0.100000000000001
0

0101000
-1538 0 +1558 0 *
Ed
 1e-07 1 1 0
1  294 0 0 0.25
2  642 214 0 0 0.25
2  643 210 0 0 0.25
0

0101000
-1538 0 +1550 0 *
Wi

0101100
-1557 0 -1537 0 +1549 0 +1536 0 *
Ve
1e-07
17.993315607385 -10.0726873692823 -0.880012729424298
0 0

0101101
*
Ed
 1e-07 1 1 0
1  295 0 0 6.28318530717959
2  644 215 0 0 6.28318530717959
2  645 216 0 0 6.28318530717959
2  646 210 0 0 6.28318530717959
0

0101000
+1534 0 -1534 0 *
Wi

0101100
+1533 0 *
Fa
0  1e-07 210 0

0101000
+1535 0 +1532 0 *
Ed
 1e-07 1 1 0
1  296 0 0 0.4
2  647 214 0 0 0.4
2  648 211 0 0 0.4
0

0101000
-1543 0 +1538 0 *
Wi

0101100
-1537 0 -1530 0 +1542 0 +1556 0 *
Fa
0  1e-07 211 0

0111000
+1529 0 *
Ve
1e-07
18.0333156073849 -10.0726873692823 -0.730012729424298
0 0

0101101
*
Ed
 1e-07 1 1 0
1  297 0 0 0.05
3  649 650CN 212 0 0 0.05
0

0101000
-1554 0 +1527 0 *
Ed
 1e-07 1 1 0
1  298 0 0 6.28318530717959
2  651 212 0 0 6.28318530717959
2  652 217 0 0 6.28318530717959
0

0101000
+1527 0 -1527 0 *
Wi

0101100
-1553 0 +1526 0 +1525 0 -1526 0 *
Fa
0  1e-07 212 0

0111000
+1524 0 *
Wi

0101100
-1547 0 -1541 0 +1530 0 +1536 0 *
Fa
0  1e-07 214 0

0111000
+1522 0 *
Ve
1e-07
17.993315607385 -10.0726873692823 -0.830012729424298
0 0

0101101
*
Ed
 1e-07 1 1 0
1  299 0 0 0.05
3  653 654CN 215 0 0 0.05
0

0101000
-1534 0 +1520 0 *
Ed
 1e-07 1 1 0
1  300 0 0 6.28318530717959
2  655 215 0 0 6.28318530717959
2  656 218 0 0 6.28318530717959
0

0101000
+1520 0 -1520 0 *
Wi

0101100
-1533 0 +1519 0 +1518 0 -1519 0 *
Fa
0  1e-07 215 0

0111000
+1517 0 *
Wi

0101100
-1525 0 *
Fa
0  1e-07 217 0

0111000
-1515 0 *
Wi

0101100
-1518 0 *
Fa
0  1e-07 218 0

0111000
-1513 0 *
Sh

0101100
-1551 0 -1544 0 +1539 0 -1531 0 +1528 0 -1523 0 +1521 0 -1516 0 +1514 0 +1512 0 
*
So

0100000
+1511 0 *
Co

0100000
+1510 0 *
Co

0100000
+1509 37 *
Ve
1.00005e-07
15.8532696111191 1.7671869888104 -1.64363479634405
0 0

0101101
*
Ed
 1.00005e-07 1 1 0
1  301 0 0 6.28318530717959
2  657 220 0 0 6.28318530717959
2  658 219 0 0 6.28318530717959
0

0101000
+1507 0 -1507 0 *
Wi

0101100
+1506 0 *
Ve
1.00005e-07
15.8532696111191 1.76743263644985 -1.6456196533256
0 0

0101101
*
Ed
 1.00005e-07 1 1 0
1  302 0 0 6.28318530717959
2  659 221 0 0 6.28318530717959
2  660 222 0 0 6.28318530717959
2  661 219 0 0 6.28318530717959
0

0101000
+1504 0 -1504 0 *
Wi

0101100
-1503 0 *
Fa
0  1e-07 219 0

0101000
+1505 0 +1502 0 *
Ve
0.000126313348851719
15.8532696111191 2.48430269327023 -1.55488392831997
0 0

0101101
*
Ed
 1e-07 1 1 0
1  303 0 0 0.722586776904998
3  662 663G1 220 0 0 0.722586776904998
0

0101000
+1507 0 -1500 0 *
Ed
 0.000126313348851719 1 1 0
1  304 0 0 6.28318530717959
2  664 220 0 0 6.28318530717959
2  665 223 0 0 6.28318530717959
4 G1 223 0 220 0
0

0101000
+1500 0 -1500 0 *
Wi

0101100
+1499 0 +1506 0 -1499 0 -1498 0 *
Fa
0  1e-07 220 0

0101000
+1497 0 *
Ve
0.000113682013997114
15.8532696111191 2.48454834090969 -1.55686878530152
0 0

0101101
*
Ed
 1e-07 1 1 0
1  305 0 0 0.722586776904998
3  666 667G1 221 0 0 0.722586776904998
0

0101000
+1504 0 -1495 0 *
Ed
 0.000113682013997114 1 1 0
1  306 0 0 6.28318530717959
2  668 221 0 0 6.28318530717959
2  669 224 0 0 6.28318530717959
4 G1 224 0 221 0
0

0101000
+1495 0 -1495 0 *
Wi

0101100
+1494 0 +1503 0 -1494 0 -1493 0 *
Fa
0  1e-07 221 0

0101000
+1492 0 *
Ve
0.000126313348836237
15.8553004727488 2.49835812324161 -1.55268304322849
0 0

0101101
*
Ed
 1e-07 1 1 0
1  307 0 0 1
3  670 671G1 223 0 0 1
0

0101000
+1500 0 -1490 0 *
Ed
 0.000126313348836237 1 1 0
1  308 0 0 6.28318530717959
2  672 223 0 0 6.28318530717959
2  673 225 0 0 6.28318530717959
4 G1 225 0 223 0
0

0101000
+1490 0 -1490 0 *
Wi

0101100
+1489 0 +1498 0 -1489 0 -1488 0 *
Fa
0  1e-07 223 0

0101000
+1487 0 *
Ve
0.000113682013955969
15.8553184831017 2.49872841908427 -1.55464838203289
0 0

0101101
*
Ed
 1e-07 1 1 0
1  309 0 0 1
3  674 675G1 224 0 0 1
0

0101000
+1495 0 -1485 0 *
Ed
 0.000113682013955969 1 1 0
1  310 0 0 6.28318530717959
2  676 224 0 0 6.28318530717959
2  677 226 0 0 6.28318530717959
4 G1 226 0 224 0
0

0101000
+1485 0 -1485 0 *
Wi

0101100
+1484 0 +1493 0 -1484 0 -1483 0 *
Fa
0  1e-07 224 0

0101000
+1482 0 *
Ve
0.000126313348858934
16.0507879839676 3.15756936681074 -1.42668747369745
0 0

0101101
*
Ed
 1e-07 1 1 0
1  311 0 0 0.69903484479096
3  678 679G1 225 0 0 0.69903484479096
0

0101000
+1490 0 -1480 0 *
Ed
 0.000126313348858934 1 1 0
1  312 0 0 6.28318530717959
2  680 225 0 0 6.28318530717959
2  681 227 0 0 6.28318530717959
4 G1 227 0 225 0
0

0101000
+1480 0 -1480 0 *
Wi

0101100
+1479 0 +1488 0 -1479 0 -1478 0 *
Fa
0  1e-07 225 0

0101000
+1477 0 *
Ve
0.000113682013948497
16.0508059943204 3.1579396626534 -1.42865281250185
0 0

0101101
*
Ed
 1e-07 1 1 0
1  313 0 0 0.69903484479096
3  682 683G1 226 0 0 0.69903484479096
0

0101000
+1485 0 -1475 0 *
Ed
 0.000113682013948497 1 1 0
1  314 0 0 6.28318530717959
2  684 226 0 0 6.28318530717959
2  685 228 0 0 6.28318530717959
4 G1 228 0 226 0
0

0101000
+1475 0 -1475 0 *
Wi

0101100
+1474 0 +1483 0 -1474 0 -1473 0 *
Fa
0  1e-07 226 0

0101000
+1472 0 *
Ve
0.000126313348881002
16.0528771427257 3.17293233354425 -1.42358836020568
0 0

0101101
*
Ed
 1e-07 1 1 0
1  315 0 0 1
3  686 687G1 227 0 0 1
0

0101000
+1480 0 -1470 0 *
Ed
 0.000126313348881002 1 1 0
1  316 0 0 6.28318530717959
2  688 227 0 0 6.28318530717959
2  689 229 0 0 6.28318530717959
4 G1 229 0 227 0
0

0101000
+1470 0 -1470 0 *
Wi

0101100
+1469 0 +1478 0 -1469 0 -1468 0 *
Fa
0  1e-07 227 0

0101000
+1467 0 *
Ve
0.000113682013950343
16.052901242619 3.17334740980722 -1.42554466562434
0 0

0101101
*
Ed
 1e-07 1 1 0
1  317 0 0 1
3  690 691G1 228 0 0 1
0

0101000
+1475 0 -1465 0 *
Ed
 0.000113682013950343 1 1 0
1  318 0 0 6.28318530717959
2  692 228 0 0 6.28318530717959
2  693 230 0 0 6.28318530717959
4 G1 230 0 228 0
0

0101000
+1465 0 -1465 0 *
Wi

0101100
+1464 0 +1473 0 -1464 0 -1463 0 *
Fa
0  1e-07 228 0

0101000
+1462 0 *
Ve
0.000126313348860987
16.0007347309639 5.9439949304777 -0.836284522241925
0 0

0101101
*
Ed
 1e-07 1 1 0
1  319 0 0 2.83309592942329
3  694 695G1 229 0 0 2.83309592942329
0

0101000
+1470 0 -1460 0 *
Ed
 0.000126313348860987 1 1 0
1  320 0 0 6.28318530717959
2  696 229 0 0 6.28318530717959
2  697 231 0 0 6.28318530717959
4 G1 231 0 229 0
0

0101000
+1460 0 -1460 0 *
Wi

0101100
+1459 0 +1468 0 -1459 0 -1458 0 *
Fa
0  1e-07 229 0

0101000
+1457 0 *
Ve
0.000113682013957164
16.0007588308572 5.94441000674066 -0.838240827660583
0 0

0101101
*
Ed
 1e-07 1 1 0
1  321 0 0 2.83309592942329
3  698 699G1 230 0 0 2.83309592942329
0

0101000
+1465 0 -1455 0 *
Ed
 0.000113682013957164 1 1 0
1  322 0 0 6.28318530717959
2  700 230 0 0 6.28318530717959
2  701 232 0 0 6.28318530717959
4 G1 232 0 230 0
0

0101000
+1455 0 -1455 0 *
Wi

0101100
+1454 0 +1463 0 -1454 0 -1453 0 *
Fa
0  1e-07 230 0

0101000
+1452 0 *
Ve
0.000126313348837841
15.9469848765079 5.99561777533859 -0.825343486500993
0 0

0101101
*
Ed
 1e-07 1 1 0
1  323 0 0 1
3  702 703G1 231 0 0 1
0

0101000
+1460 0 -1450 0 *
Ed
 0.000126313348837841 1 1 0
1  324 0 0 6.28318530717959
2  704 231 0 0 6.28318530717959
2  705 233 0 0 6.28318530717959
4 G1 233 0 231 0
0

0101000
+1450 0 -1450 0 *
Wi

0101100
+1449 0 +1458 0 -1449 0 -1448 0 *
Fa
0  1e-07 231 0

0101000
+1447 0 *
Ve
0.000113682013952228
15.9469848765079 5.99605599780473 -0.827294886272995
0 0

0101101
*
Ed
 1e-07 1 1 0
1  325 0 0 1
3  706 707G1 232 0 0 1
0

0101000
+1455 0 -1445 0 *
Ed
 0.000113682013952228 1 1 0
1  326 0 0 6.28318530717959
2  708 232 0 0 6.28318530717959
2  709 234 0 0 6.28318530717959
4 G1 234 0 232 0
0

0101000
+1445 0 -1445 0 *
Wi

0101100
+1444 0 +1453 0 -1444 0 -1443 0 *
Fa
0  1e-07 232 0

0101000
+1442 0 *
Ve
1.00005e-07
15.7264 5.99561777533859 -0.825343486500993
0 0

0101101
*
Ed
 1e-07 1 1 0
1  327 0 0 0.220584876507903
3  710 711G1 233 0 0 0.220584876507903
0

0101000
+1450 0 -1440 0 *
Ed
 1.00005e-07 1 1 0
1  328 0 0 6.28318530717959
2  712 233 0 0 6.28318530717959
2  713 235 0 0 6.28318530717959
0

0101000
+1440 0 -1440 0 *
Wi

0101100
+1439 0 +1448 0 -1439 0 -1438 0 *
Fa
0  1e-07 233 0

0101000
+1437 0 *
Ve
1.00005e-07
15.7264 5.99605599780473 -0.827294886272995
0 0

0101101
*
Ed
 1e-07 1 1 0
1  329 0 0 0.220584876507903
3  714 715G1 234 0 0 0.220584876507903
0

0101000
+1445 0 -1435 0 *
Ed
 1.00005e-07 1 1 0
1  330 0 0 6.28318530717959
2  716 234 0 0 6.28318530717959
2  717 236 0 0 6.28318530717959
2  718 235 0 0 6.28318530717959
0

0101000
+1435 0 -1435 0 *
Wi

0101100
+1434 0 +1443 0 -1434 0 -1433 0 *
Fa
0  1e-07 234 0

0101000
+1432 0 *
Wi

0101100
+1438 0 *
Wi

0101100
-1433 0 *
Fa
0  1e-07 235 0

0101000
+1430 0 +1429 0 *
Sh

0101100
-1501 0 +1496 0 -1491 0 +1486 0 -1481 0 +1476 0 -1471 0 +1466 0 -1461 0 +1456 0 
-1451 0 +1446 0 -1441 0 +1436 0 -1431 0 +1428 0 *
So

0100000
+1427 0 *
Co

0100000
+1426 0 *
Ve
1e-07
14.8982676308192 -3.18418388752405 -1.36872072395188
0 0

0101101
*
Ve
1e-07
14.6982676308192 -3.18418388752405 -1.36872072395188
0 0

0101101
*
Ed
 1e-07 1 1 0
1  331 0 0 0.2
3  719 720CN 237 0 0 0.2
0

0101000
-1424 0 +1423 0 *
Ed
 1e-07 1 1 0
1  332 0 0 6.28318530717959
2  721 237 0 0 6.28318530717959
2  722 238 0 0 6.28318530717959
0

0101000
+1423 0 -1423 0 *
Ed
 1e-07 1 1 0
1  333 0 0 6.28318530717959
2  723 237 0 0 6.28318530717959
2  724 239 0 0 6.28318530717959
0

0101000
+1424 0 -1424 0 *
Wi

0101100
+1422 0 +1421 0 -1422 0 -1420 0 *
Ve
1.00000001776357e-07
14.7482676308192 -3.20218388752405 -1.56708738497075
0 0

0101101
*
Ve
1.11873896047365e-07
14.7302676308192 -3.18418388752405 -1.56872072395188
0 0

0101101
*
Ed
 1e-07 1 1 0
1  334 0 0 0.249737365755576
2  725 237 0 0 0.249737365755576
2  726 240 0 0 0.249737365755576
0

0101000
+1418 0 -1417 0 *
Ve
1.15857947690255e-07
14.7662676308192 -3.18418388752405 -1.56872072395188
0 0

0101101
*
Ed
 1e-07 1 1 0
1  334 0 0.249737365755576 0.749731830401363
2  725 237 0 0.249737365755576 0.749731830401363
2  726 240 0 0.249737365755576 0.749731830401363
0

0101000
+1417 0 -1415 0 *
Ed
 1e-07 1 1 0
1  334 0 0.749731830401363 1
2  725 237 0 0.749731830401363 1
2  726 240 0 0.749731830401363 1
0

0101000
+1415 0 -1418 0 *
Wi

0101100
-1416 0 -1414 0 -1413 0 *
Fa
0  1e-07 237 0

0101000
+1419 0 +1412 0 *
Wi

0101100
-1421 0 *
Fa
0  1e-07 238 0

0111000
-1410 0 *
Wi

0101100
+1420 0 *
Fa
0  1e-07 239 0

0111000
+1408 0 *
Ve
1e-07
14.7482676308192 -3.20218388752405 -1.55872072395188
0 0

0101101
*
Ed
 1e-07 1 1 0
1  335 0 0 0.00836666101886352
3  727 728CN 240 0 0 0.00836666101886352
0

0101000
+1406 0 -1418 0 *
Ed
 1e-07 1 1 0
1  336 0 0 6.28318530717959
2  729 240 0 0 6.28318530717959
2  730 241 0 0 6.28318530717959
0

0101000
+1406 0 -1406 0 *
Wi

0101100
-1414 0 -1413 0 +1405 0 +1404 0 -1405 0 -1416 0 *
Fa
0  1e-07 240 0

0101000
+1403 0 *
Wi

0101100
-1404 0 *
Fa
0  1e-07 241 0

0111000
-1401 0 *
Sh

0101100
+1411 0 -1409 0 +1407 0 -1402 0 +1400 0 *
So

0100000
+1399 0 *
Co

0100000
+1398 0 *
Co

0100000
+1397 41 *
Ve
1e-07
17.96832 -9.59812326618333 -0.651406753004325
0 0

0101101
*
Ve
1e-07
17.96832 -9.59812326618333 -0.714766753004325
0 0

0101101
*
Ed
 1e-07 1 1 0
1  337 0 0 0.06336
2  731 242 0 0 0.06336
2  732 243 0 0 0.06336
0

0101000
-1395 0 +1394 0 *
Ve
1e-07
17.96832 -9.53476326618333 -0.651406753004325
0 0

0101101
*
Ed
 1e-07 1 1 0
1  338 0 0 0.0633599999999994
2  733 242 0 0 0.0633599999999994
2  734 244 0 0 0.0633599999999994
0

0101000
-1392 0 +1395 0 *
Ve
1e-07
17.96832 -9.53476326618333 -0.714766753004325
0 0

0101101
*
Ed
 1e-07 1 1 0
1  339 0 0 0.0633599999999994
2  735 242 0 0 0.0633599999999994
2  736 245 0 0 0.0633599999999994
0

0101000
-1390 0 +1394 0 *
Ed
 1e-07 1 1 0
1  340 0 0 0.06336
2  737 242 0 0 0.06336
2  738 246 0 0 0.06336
0

0101000
-1392 0 +1390 0 *
Wi

0101100
-1393 0 -1391 0 +1389 0 +1388 0 *
Ve
1e-07
17.96832 -9.56644326618333 -0.711886753004325
0 0

0101101
*
Ed
 1e-07 1 1 0
1  341 0 0 6.28318530717959
2  739 247 0 0 6.28318530717959
2  740 248 0 0 6.28318530717959
2  741 242 0 0 6.28318530717959
0

0101000
+1386 0 -1386 0 *
Wi

0101100
+1385 0 *
Fa
0  1e-07 242 0

0101000
+1387 0 +1384 0 *
Ve
1e-07
18.03168 -9.59812326618333 -0.714766753004325
0 0

0101101
*
Ed
 1e-07 1 1 0
1  342 0 0 0.0633599999999994
2  742 243 0 0 0.0633599999999994
2  743 245 0 0 0.0633599999999994
0

0101000
-1382 0 +1394 0 *
Ve
1e-07
18.03168 -9.59812326618333 -0.651406753004325
0 0

0101101
*
Ed
 1e-07 1 1 0
1  343 0 0 0.06336
2  744 249 0 0 0.06336
2  745 243 0 0 0.06336
0

0101000
-1380 0 +1382 0 *
Ed
 1e-07 1 1 0
1  344 0 0 0.0633599999999994
2  746 243 0 0 0.0633599999999994
2  747 244 0 0 0.0633599999999994
0

0101000
-1380 0 +1395 0 *
Wi

0101100
-1381 0 -1379 0 +1378 0 +1393 0 *
Fa
0  1e-07 243 0

0111000
+1377 0 *
Ve
1e-07
18.03168 -9.53476326618333 -0.651406753004325
0 0

0101101
*
Ed
 1e-07 1 1 0
1  345 0 0 0.0633599999999994
2  748 246 0 0 0.0633599999999994
2  749 244 0 0 0.0633599999999994
0

0101000
-1375 0 +1392 0 *
Ed
 1e-07 1 1 0
1  346 0 0 0.0633599999999994
2  750 249 0 0 0.0633599999999994
2  751 244 0 0 0.0633599999999994
0

0101000
-1375 0 +1380 0 *
Wi

0101100
-1391 0 -1374 0 +1373 0 +1378 0 *
Fa
0  1e-07 244 0

0111000
+1372 0 *
Ve
1e-07
18.03168 -9.53476326618333 -0.714766753004325
0 0

0101101
*
Ed
 1e-07 1 1 0
1  347 0 0 0.0633599999999994
2  752 246 0 0 0.0633599999999994
2  753 245 0 0 0.0633599999999994
0

0101000
-1370 0 +1390 0 *
Ed
 1e-07 1 1 0
1  348 0 0 0.0633599999999994
2  754 249 0 0 0.0633599999999994
2  755 245 0 0 0.0633599999999994
0

0101000
-1370 0 +1382 0 *
Wi

0101100
-1389 0 -1369 0 +1368 0 +1381 0 *
Fa
0  1e-07 245 0

0111000
+1367 0 *
Ed
 1e-07 1 1 0
1  349 0 0 0.06336
2  756 249 0 0 0.06336
2  757 246 0 0 0.06336
0

0101000
-1375 0 +1370 0 *
Wi

0101100
-1369 0 -1365 0 +1374 0 +1388 0 *
Fa
0  1e-07 246 0

0111000
+1364 0 *
Ve
1e-07
17.90496 -9.56644326618333 -0.711886753004325
0 0

0101101
*
Ed
 1e-07 1 1 0
1  350 0 0 6.28318530717959
2  758 247 0 0 6.28318530717959
2  759 250 0 0 6.28318530717959
0

0101000
+1362 0 -1362 0 *
Ed
 1e-07 1 1 0
1  351 0 0 0.06336
3  760 761CN 247 0 0 0.06336
0

0101000
-1362 0 +1386 0 *
Wi

0101100
-1361 0 +1360 0 +1385 0 -1360 0 *
Fa
0  1e-07 247 0

0111000
+1359 0 *
Wi

0101100
-1379 0 -1373 0 +1368 0 +1365 0 *
Ve
1.00000003552714e-07
18.03168 -9.56644326618333 -0.654286753004325
0 0

0101101
*
Ed
 1.00000003552714e-07 1 1 0
1  352 0 0 6.28318530717959
2  762 251 0 0 6.28318530717959
2  763 252 0 0 6.28318530717959
2  764 249 0 0 6.28318530717959
0

0101000
+1356 0 -1356 0 *
Wi

0101100
-1355 0 *
Fa
0  1e-07 249 0

0101000
+1357 0 +1354 0 *
Wi

0101100
+1361 0 *
Ve
1e-07
17.90496 -9.56644326618333 -0.707086753004325
0 0

0101101
*
Ed
 1e-07 1 1 0
1  353 0 0 6.28318530717959
2  765 253 0 0 6.28318530717959
2  766 254 0 0 6.28318530717959
2  767 250 0 0 6.28318530717959
0

0101000
+1351 0 -1351 0 *
Wi

0101100
-1350 0 *
Fa
0  1e-07 250 0

0101000
+1352 0 +1349 0 *
Ve
1e-07
18.09504 -9.56644326618333 -0.654286753004325
0 0

0101101
*
Ed
 1e-07 1 1 0
1  354 0 0 6.28318530717959
2  768 251 0 0 6.28318530717959
2  769 255 0 0 6.28318530717959
0

0101000
+1347 0 -1347 0 *
Ed
 1e-07 1 1 0
1  355 0 0 0.06336
3  770 771CN 251 0 0 0.06336
0

0101000
-1347 0 +1356 0 *
Wi

0101100
-1346 0 +1345 0 +1355 0 -1345 0 *
Fa
0  1e-07 251 0

0111000
+1344 0 *
Ve
1e-07
17.96832 -9.56644326618333 -0.707086753004325
0 0

0101101
*
Ed
 1e-07 1 1 0
1  356 0 0 0.06336
3  772 773CN 253 0 0 0.06336
0

0101000
-1351 0 +1342 0 *
Ed
 1e-07 1 1 0
1  357 0 0 6.28318530717959
2  774 253 0 0 6.28318530717959
2  775 256 0 0 6.28318530717959
2  776 248 0 0 6.28318530717959
2  777 242 0 0 6.28318530717959
0

0101000
+1342 0 -1342 0 *
Wi

0101100
-1350 0 +1341 0 +1340 0 -1341 0 *
Fa
0  1e-07 253 0

0111000
+1339 0 *
Wi

0101100
+1346 0 *
Ve
1e-07
18.09504 -9.56644326618333 -0.659086753004325
0 0

0101101
*
Ed
 1e-07 1 1 0
1  358 0 0 6.28318530717959
2  778 257 0 0 6.28318530717959
2  779 258 0 0 6.28318530717959
2  780 255 0 0 6.28318530717959
0

0101000
+1336 0 -1336 0 *
Wi

0101100
-1335 0 *
Fa
0  1e-07 255 0

0101000
+1337 0 +1334 0 *
Wi

0101100
-1340 0 *
Fa
0  1e-07 242 0

0101000
+1332 0 *
Ve
1.00000003552714e-07
18.03168 -9.56644326618333 -0.659086753004325
0 0

0101101
*
Ed
 1e-07 1 1 0
1  359 0 0 0.06336
3  781 782CN 257 0 0 0.06336
0

0101000
-1336 0 +1330 0 *
Ed
 1.00000003552714e-07 1 1 0
1  360 0 0 6.28318530717959
2  783 257 0 0 6.28318530717959
2  784 259 0 0 6.28318530717959
2  785 252 0 0 6.28318530717959
2  786 249 0 0 6.28318530717959
0

0101000
+1330 0 -1330 0 *
Wi

0101100
-1335 0 +1329 0 +1328 0 -1329 0 *
Fa
0  1e-07 257 0

0111000
+1327 0 *
Wi

0101100
+1328 0 *
Fa
0  1e-07 249 0

0101000
+1325 0 *
Sh

0101100
-1383 0 -1376 0 +1371 0 -1366 0 +1363 0 +1358 0 +1353 0 +1348 0 +1343 0 -1338 0 
+1333 0 -1331 0 -1326 0 +1324 0 *
So

0100000
+1323 0 *
Co

0100000
+1322 0 *
Co

0100000
+1321 45 *
Ve
1.00005e-07
15.6736 -6 -0.864857484221012
0 0

0101101
*
Ed
 1.00005e-07 1 1 0
1  361 0 0 6.28318530717959
2  787 261 0 0 6.28318530717959
2  788 260 0 0 6.28318530717959
0

0101000
+1319 0 -1319 0 *
Wi

0101100
+1318 0 *
Ve
1.00005e-07
15.6736 -6 -0.862857484221012
0 0

0101101
*
Ed
 1.00005e-07 1 1 0
1  362 0 0 6.28318530717959
2  789 262 0 0 6.28318530717959
2  790 263 0 0 6.28318530717959
2  791 260 0 0 6.28318530717959
0

0101000
+1316 0 -1316 0 *
Wi

0101100
-1315 0 *
Fa
0  1e-07 260 0

0101000
+1317 0 +1314 0 *
Ve
1.00005e-07
15 -6 -0.864857484221012
0 0

0101101
*
Ed
 1e-07 1 1 0
1  363 0 0 0.673599999999999
3  792 793G1 261 0 0 0.673599999999999
0

0101000
+1319 0 -1312 0 *
Ed
 1.00005e-07 1 1 0
1  364 0 0 6.28318530717959
2  794 261 0 0 6.28318530717959
2  795 264 0 0 6.28318530717959
0

0101000
+1312 0 -1312 0 *
Wi

0101100
+1311 0 +1318 0 -1311 0 -1310 0 *
Fa
0  1e-07 261 0

0101000
+1309 0 *
Ve
1.00005e-07
15 -6 -0.862857484221012
0 0

0101101
*
Ed
 1e-07 1 1 0
1  365 0 0 0.673599999999999
3  796 797G1 262 0 0 0.673599999999999
0

0101000
+1316 0 -1307 0 *
Ed
 1.00005e-07 1 1 0
1  366 0 0 6.28318530717959
2  798 262 0 0 6.28318530717959
2  799 265 0 0 6.28318530717959
2  800 264 0 0 6.28318530717959
0

0101000
+1307 0 -1307 0 *
Wi

0101100
+1306 0 +1315 0 -1306 0 -1305 0 *
Fa
0  1e-07 262 0

0101000
+1304 0 *
Wi

0101100
+1310 0 *
Wi

0101100
-1305 0 *
Fa
0  1e-07 264 0

0101000
+1302 0 +1301 0 *
Sh

0101100
-1313 0 +1308 0 -1303 0 +1300 0 *
So

0100000
+1299 0 *
Co

0100000
+1298 0 *
Ve
1.00005e-07
15.3532696111191 0.0264000000000006 -1.63969038793052
0 0

0101101
*
Ed
 1.00005e-07 1 1 0
1  367 0 0 6.28318530717959
2  801 267 0 0 6.28318530717959
2  802 266 0 0 6.28318530717959
0

0101000
+1296 0 -1296 0 *
Wi

0101100
+1295 0 *
Ve
1.00005e-07
15.3532696111191 0.0264000000000006 -1.64169038793052
0 0

0101101
*
Ed
 1.00005e-07 1 1 0
1  368 0 0 6.28318530717959
2  803 268 0 0 6.28318530717959
2  804 269 0 0 6.28318530717959
2  805 266 0 0 6.28318530717959
0

0101000
+1293 0 -1293 0 *
Wi

0101100
-1292 0 *
Fa
0  1e-07 266 0

0101000
+1294 0 +1291 0 *
Ve
0.000126313348872463
15.3532696111191 0.455340654167763 -1.63969038793052
0 0

0101101
*
Ed
 1e-07 1 1 0
1  369 0 0 0.428940654167762
3  806 807G1 267 0 0 0.428940654167762
0

0101000
+1296 0 -1289 0 *
Ed
 0.000126313348872463 1 1 0
1  370 0 0 6.28318530717959
2  808 267 0 0 6.28318530717959
2  809 270 0 0 6.28318530717959
4 G1 270 0 267 0
0

0101000
+1289 0 -1289 0 *
Wi

0101100
+1288 0 +1295 0 -1288 0 -1287 0 *
Fa
0  1e-07 267 0

0101000
+1286 0 *
Ve
0.000113682013978946
15.3532696111191 0.455340654167763 -1.64169038793052
0 0

0101101
*
Ed
 1e-07 1 1 0
1  371 0 0 0.428940654167762
3  810 811G1 268 0 0 0.428940654167762
0

0101000
+1293 0 -1284 0 *
Ed
 0.000113682013978946 1 1 0
1  372 0 0 6.28318530717959
2  812 268 0 0 6.28318530717959
2  813 271 0 0 6.28318530717959
4 G1 271 0 268 0
0

0101000
+1284 0 -1284 0 *
Wi

0101100
+1283 0 +1292 0 -1283 0 -1282 0 *
Fa
0  1e-07 268 0

0101000
+1281 0 *
Ve
0.000126313348836807
15.4100671214525 0.513262976870527 -1.65104988999721
0 0

0101101
*
Ed
 1e-07 1 1 0
1  373 0 0 1
3  814 815G1 270 0 0 1
0

0101000
+1289 0 -1279 0 *
Ed
 0.000126313348836807 1 1 0
1  374 0 0 6.28318530717959
2  816 270 0 0 6.28318530717959
2  817 272 0 0 6.28318530717959
4 G1 272 0 270 0
0

0101000
+1279 0 -1279 0 *
Wi

0101100
+1278 0 +1287 0 -1278 0 -1277 0 *
Fa
0  1e-07 270 0

0101000
+1276 0 *
Ve
0.00011368201395309
15.4096825060679 0.51287074460025 -1.65297296692029
0 0

0101101
*
Ed
 1e-07 1 1 0
1  375 0 0 1
3  818 819G1 271 0 0 1
0

0101000
+1284 0 -1274 0 *
Ed
 0.00011368201395309 1 1 0
1  376 0 0 6.28318530717959
2  820 271 0 0 6.28318530717959
2  821 273 0 0 6.28318530717959
4 G1 273 0 271 0
0

0101000
+1274 0 -1274 0 *
Wi

0101100
+1273 0 +1282 0 -1273 0 -1272 0 *
Fa
0  1e-07 271 0

0101000
+1271 0 *
Ve
1.00005e-07
15.8571157649652 0.513262976870527 -1.74045961869975
0 0

0101101
*
Ed
 1e-07 1 1 0
1  377 0 0 0.455901951359279
3  822 823G1 272 0 0 0.455901951359279
0

0101000
+1279 0 -1269 0 *
Ed
 1.00005e-07 1 1 0
1  378 0 0 6.28318530717959
2  824 272 0 0 6.28318530717959
2  825 274 0 0 6.28318530717959
0

0101000
+1269 0 -1269 0 *
Wi

0101100
+1268 0 +1277 0 -1268 0 -1267 0 *
Fa
0  1e-07 272 0

0101000
+1266 0 *
Ve
1.00005e-07
15.8567311495806 0.51287074460025 -1.74238269562283
0 0

0101101
*
Ed
 1e-07 1 1 0
1  379 0 0 0.455901951359279
3  826 827G1 273 0 0 0.455901951359279
0

0101000
+1274 0 -1264 0 *
Ed
 1.00005e-07 1 1 0
1  380 0 0 6.28318530717959
2  828 273 0 0 6.28318530717959
2  829 275 0 0 6.28318530717959
2  830 274 0 0 6.28318530717959
0

0101000
+1264 0 -1264 0 *
Wi

0101100
+1263 0 +1272 0 -1263 0 -1262 0 *
Fa
0  1e-07 273 0

0101000
+1261 0 *
Wi

0101100
+1267 0 *
Wi

0101100
-1262 0 *
Fa
0  1e-07 274 0

0101000
+1259 0 +1258 0 *
Sh

0101100
-1290 0 +1285 0 -1280 0 +1275 0 -1270 0 +1265 0 -1260 0 +1257 0 *
So

0100000
+1256 0 *
Co

0100000
+1255 0 *
Ve
1.00005e-07
14.793508048155 -3.17256777869517 -1.40971427182182
0 0

0101101
*
Ed
 1.00005e-07 1 1 0
1  381 0 0 6.28318530717959
2  831 277 0 0 6.28318530717959
2  832 276 0 0 6.28318530717959
0

0101000
+1253 0 -1253 0 *
Wi

0101100
+1252 0 *
Ve
1.00005e-07
14.7933359212901 -3.17256777869517 -1.41170685114079
0 0

0101101
*
Ed
 1.00005e-07 1 1 0
1  382 0 0 6.28318530717959
2  833 278 0 0 6.28318530717959
2  834 279 0 0 6.28318530717959
2  835 276 0 0 6.28318530717959
0

0101000
+1250 0 -1250 0 *
Wi

0101100
-1249 0 *
Fa
0  1e-07 276 0

0101000
+1251 0 +1248 0 *
Ve
0.000113682011904878
14.9903676182745 -3.16907538120063 -1.42671977835306
0 0

0101101
*
Ed
 1e-07 1 1 0
1  383 0 0 0.197623567522467
3  836 837G1 277 0 0 0.197623567522467
0

0101000
+1253 0 -1246 0 *
Ed
 0.000113682011904878 1 1 0
1  384 0 0 6.28318530717959
2  838 277 0 0 6.28318530717959
2  839 280 0 0 6.28318530717959
4 G1 280 0 277 0
0

0101000
+1246 0 -1246 0 *
Wi

0101100
+1245 0 +1252 0 -1245 0 -1244 0 *
Fa
0  1e-07 277 0

0101000
+1243 0 *
Ve
0.000101050677248646
14.9901954914097 -3.16907538120063 -1.42871235767203
0 0

0101101
*
Ed
 1e-07 1 1 0
1  385 0 0 0.197623567522467
3  840 841G1 278 0 0 0.197623567522467
0

0101000
+1250 0 -1241 0 *
Ed
 0.000101050677248646 1 1 0
1  386 0 0 6.28318530717959
2  842 278 0 0 6.28318530717959
2  843 281 0 0 6.28318530717959
4 G1 281 0 278 0
0

0101000
+1241 0 -1241 0 *
Wi

0101100
+1240 0 +1249 0 -1240 0 -1239 0 *
Fa
0  1e-07 278 0

0101000
+1238 0 *
Ve
0.000113682011905542
14.993562154342 -3.1690470996629 -1.42685748944582
0 0

0101101
*
Ed
 1e-07 1 1 0
1  387 0 0 1
3  844 845G1 280 0 0 1
0

0101000
+1246 0 -1236 0 *
Ed
 0.000113682011905542 1 1 0
1  388 0 0 6.28318530717959
2  846 280 0 0 6.28318530717959
2  847 282 0 0 6.28318530717959
4 G1 282 0 280 0
0

0101000
+1236 0 -1236 0 *
Wi

0101100
+1235 0 +1244 0 -1235 0 -1234 0 *
Fa
0  1e-07 280 0

0101000
+1233 0 *
Ve
0.000101050677250241
14.993562154342 -3.16904557580706 -1.42885748886529
0 0

0101101
*
Ed
 1e-07 1 1 0
1  389 0 0 1
3  848 849G1 281 0 0 1
0

0101000
+1241 0 -1231 0 *
Ed
 0.000101050677250241 1 1 0
1  390 0 0 6.28318530717959
2  850 281 0 0 6.28318530717959
2  851 283 0 0 6.28318530717959
4 G1 283 0 281 0
0

0101000
+1231 0 -1231 0 *
Wi

0101100
+1230 0 +1239 0 -1230 0 -1229 0 *
Fa
0  1e-07 281 0

0101000
+1228 0 *
Ve
1.00005e-07
16.0532696111191 -3.1690470996629 -1.42685748944582
0 0

0101101
*
Ed
 1e-07 1 1 0
1  391 0 0 1.05970745677711
3  852 853G1 282 0 0 1.05970745677711
0

0101000
+1236 0 -1226 0 *
Ed
 1.00005e-07 1 1 0
1  392 0 0 6.28318530717959
2  854 282 0 0 6.28318530717959
2  855 284 0 0 6.28318530717959
0

0101000
+1226 0 -1226 0 *
Wi

0101100
+1225 0 +1234 0 -1225 0 -1224 0 *
Fa
0  1e-07 282 0

0101000
+1223 0 *
Ve
1.00005e-07
16.0532696111191 -3.16904557580706 -1.42885748886529
0 0

0101101
*
Ed
 1e-07 1 1 0
1  393 0 0 1.05970745677711
3  856 857G1 283 0 0 1.05970745677711
0

0101000
+1231 0 -1221 0 *
Ed
 1.00005e-07 1 1 0
1  394 0 0 6.28318530717959
2  858 283 0 0 6.28318530717959
2  859 285 0 0 6.28318530717959
2  860 284 0 0 6.28318530717959
0

0101000
+1221 0 -1221 0 *
Wi

0101100
+1220 0 +1229 0 -1220 0 -1219 0 *
Fa
0  1e-07 283 0

0101000
+1218 0 *
Wi

0101100
+1224 0 *
Wi

0101100
-1219 0 *
Fa
0  1e-07 284 0

0101000
+1216 0 +1215 0 *
Sh

0101100
-1247 0 +1242 0 -1237 0 +1232 0 -1227 0 +1222 0 -1217 0 +1214 0 *
So

0100000
+1213 0 *
Co

0100000
+1212 0 *
Ve
1.00005e-07
14.2023880892565 2.76644326618333 -1.32097659165597
0 0

0101101
*
Ed
 1.00005e-07 1 1 0
1  395 0 0 6.28318530717959
2  861 287 0 0 6.28318530717959
2  862 286 0 0 6.28318530717959
0

0101000
+1210 0 -1210 0 *
Wi

0101100
+1209 0 *
Ve
1.00005e-07
14.2021492803309 2.76644326618333 -1.32336468091248
0 0

0101101
*
Ed
 1.00005e-07 1 1 0
1  396 0 0 6.28318530717959
2  863 288 0 0 6.28318530717959
2  864 289 0 0 6.28318530717959
2  865 286 0 0 6.28318530717959
0

0101000
+1207 0 -1207 0 *
Wi

0101100
-1206 0 *
Fa
0  1e-07 286 0

0101000
+1208 0 +1205 0 *
Ve
1.00005e-07
14.5708653110707 2.76644326618333 -1.35782431383739
0 0

0101101
*
Ed
 1e-07 1 1 0
1  397 0 0 0.370315024844836
3  866 867G1 287 0 0 0.370315024844836
0

0101000
+1210 0 -1203 0 *
Ed
 1.00005e-07 1 1 0
1  398 0 0 6.28318530717959
2  868 287 0 0 6.28318530717959
2  869 290 0 0 6.28318530717959
0

0101000
+1203 0 -1203 0 *
Wi

0101100
+1202 0 +1209 0 -1202 0 -1201 0 *
Fa
0  1e-07 287 0

0101000
+1200 0 *
Ve
1.00005e-07
14.570626502145 2.76644326618333 -1.36021240309389
0 0

0101101
*
Ed
 1e-07 1 1 0
1  399 0 0 0.370315024844836
3  870 871G1 288 0 0 0.370315024844836
0

0101000
+1207 0 -1198 0 *
Ed
 1.00005e-07 1 1 0
1  400 0 0 6.28318530717959
2  872 288 0 0 6.28318530717959
2  873 291 0 0 6.28318530717959
2  874 290 0 0 6.28318530717959
0

0101000
+1198 0 -1198 0 *
Wi

0101100
+1197 0 +1206 0 -1197 0 -1196 0 *
Fa
0  1e-07 288 0

0101000
+1195 0 *
Wi

0101100
+1201 0 *
Wi

0101100
-1196 0 *
Fa
0  1e-07 290 0

0101000
+1193 0 +1192 0 *
Sh

0101100
-1204 0 +1199 0 -1194 0 +1191 0 *
So

0100000
+1190 0 *
Co

0100000
+1189 0 *
Ve
1e-07
14.56832 2.73476326618333 -1.35317748422101
0 0

0101101
*
Ve
1e-07
14.56832 2.73476326618333 -1.41653748422101
0 0

0101101
*
Ed
 1e-07 1 1 0
1  401 0 0 0.0633600000000001
2  875 292 0 0 0.0633600000000001
2  876 293 0 0 0.0633600000000001
0

0101000
-1187 0 +1186 0 *
Ve
1e-07
14.56832 2.79812326618333 -1.35317748422101
0 0

0101101
*
Ed
 1e-07 1 1 0
1  402 0 0 0.0633599999999999
2  877 292 0 0 0.0633599999999999
2  878 294 0 0 0.0633599999999999
0

0101000
-1184 0 +1187 0 *
Ve
1e-07
14.56832 2.79812326618333 -1.41653748422101
0 0

0101101
*
Ed
 1e-07 1 1 0
1  403 0 0 0.0633599999999999
2  879 292 0 0 0.0633599999999999
2  880 295 0 0 0.0633599999999999
0

0101000
-1182 0 +1186 0 *
Ed
 1e-07 1 1 0
1  404 0 0 0.0633600000000001
2  881 292 0 0 0.0633600000000001
2  882 296 0 0 0.0633600000000001
0

0101000
-1184 0 +1182 0 *
Wi

0101100
-1185 0 -1183 0 +1181 0 +1180 0 *
Ve
1e-07
14.56832 2.76644326618333 -1.41365748422101
0 0

0101101
*
Ed
 1e-07 1 1 0
1  405 0 0 6.28318530717959
2  883 297 0 0 6.28318530717959
2  884 298 0 0 6.28318530717959
2  885 292 0 0 6.28318530717959
0

0101000
+1178 0 -1178 0 *
Wi

0101100
+1177 0 *
Fa
0  1e-07 292 0

0101000
+1179 0 +1176 0 *
Ve
1e-07
14.63168 2.73476326618333 -1.41653748422101
0 0

0101101
*
Ed
 1e-07 1 1 0
1  406 0 0 0.0633599999999994
2  886 293 0 0 0.0633599999999994
2  887 295 0 0 0.0633599999999994
0

0101000
-1174 0 +1186 0 *
Ve
1e-07
14.63168 2.73476326618333 -1.35317748422101
0 0

0101101
*
Ed
 1e-07 1 1 0
1  407 0 0 0.0633600000000001
2  888 299 0 0 0.0633600000000001
2  889 293 0 0 0.0633600000000001
0

0101000
-1172 0 +1174 0 *
Ed
 1e-07 1 1 0
1  408 0 0 0.0633599999999994
2  890 293 0 0 0.0633599999999994
2  891 294 0 0 0.0633599999999994
0

0101000
-1172 0 +1187 0 *
Wi

0101100
-1173 0 -1171 0 +1170 0 +1185 0 *
Fa
0  1e-07 293 0

0111000
+1169 0 *
Ve
1e-07
14.63168 2.79812326618333 -1.35317748422101
0 0

0101101
*
Ed
 1e-07 1 1 0
1  409 0 0 0.0633599999999994
2  892 296 0 0 0.0633599999999994
2  893 294 0 0 0.0633599999999994
0

0101000
-1167 0 +1184 0 *
Ed
 1e-07 1 1 0
1  410 0 0 0.0633599999999999
2  894 299 0 0 0.0633599999999999
2  895 294 0 0 0.0633599999999999
0

0101000
-1167 0 +1172 0 *
Wi

0101100
-1183 0 -1166 0 +1165 0 +1170 0 *
Fa
0  1e-07 294 0

0111000
+1164 0 *
Ve
1e-07
14.63168 2.79812326618333 -1.41653748422101
0 0

0101101
*
Ed
 1e-07 1 1 0
1  411 0 0 0.0633599999999994
2  896 296 0 0 0.0633599999999994
2  897 295 0 0 0.0633599999999994
0

0101000
-1162 0 +1182 0 *
Ed
 1e-07 1 1 0
1  412 0 0 0.0633599999999999
2  898 299 0 0 0.0633599999999999
2  899 295 0 0 0.0633599999999999
0

0101000
-1162 0 +1174 0 *
Wi

0101100
-1181 0 -1161 0 +1160 0 +1173 0 *
Fa
0  1e-07 295 0

0111000
+1159 0 *
Ed
 1e-07 1 1 0
1  413 0 0 0.0633600000000001
2  900 299 0 0 0.0633600000000001
2  901 296 0 0 0.0633600000000001
0

0101000
-1167 0 +1162 0 *
Wi

0101100
-1161 0 -1157 0 +1166 0 +1180 0 *
Fa
0  1e-07 296 0

0111000
+1156 0 *
Ve
1e-07
14.50496 2.76644326618333 -1.41365748422101
0 0

0101101
*
Ed
 1e-07 1 1 0
1  414 0 0 6.28318530717959
2  902 297 0 0 6.28318530717959
2  903 300 0 0 6.28318530717959
0

0101000
+1154 0 -1154 0 *
Ed
 1e-07 1 1 0
1  415 0 0 0.06336
3  904 905CN 297 0 0 0.06336
0

0101000
-1154 0 +1178 0 *
Wi

0101100
-1153 0 +1152 0 +1177 0 -1152 0 *
Fa
0  1e-07 297 0

0111000
+1151 0 *
Wi

0101100
-1171 0 -1165 0 +1160 0 +1157 0 *
Ve
1e-07
14.63168 2.76644326618333 -1.35605748422101
0 0

0101101
*
Ed
 1e-07 1 1 0
1  416 0 0 6.28318530717959
2  906 301 0 0 6.28318530717959
2  907 302 0 0 6.28318530717959
2  908 299 0 0 6.28318530717959
0

0101000
+1148 0 -1148 0 *
Wi

0101100
-1147 0 *
Fa
0  1e-07 299 0

0101000
+1149 0 +1146 0 *
Wi

0101100
+1153 0 *
Ve
1e-07
14.50496 2.76644326618333 -1.40885748422101
0 0

0101101
*
Ed
 1e-07 1 1 0
1  417 0 0 6.28318530717959
2  909 303 0 0 6.28318530717959
2  910 304 0 0 6.28318530717959
2  911 300 0 0 6.28318530717959
0

0101000
+1143 0 -1143 0 *
Wi

0101100
-1142 0 *
Fa
0  1e-07 300 0

0101000
+1144 0 +1141 0 *
Ve
1e-07
14.69504 2.76644326618333 -1.35605748422101
0 0

0101101
*
Ed
 1e-07 1 1 0
1  418 0 0 6.28318530717959
2  912 301 0 0 6.28318530717959
2  913 305 0 0 6.28318530717959
0

0101000
+1139 0 -1139 0 *
Ed
 1e-07 1 1 0
1  419 0 0 0.06336
3  914 915CN 301 0 0 0.06336
0

0101000
-1139 0 +1148 0 *
Wi

0101100
-1138 0 +1137 0 +1147 0 -1137 0 *
Fa
0  1e-07 301 0

0111000
+1136 0 *
Ve
1e-07
14.56832 2.76644326618333 -1.40885748422101
0 0

0101101
*
Ed
 1e-07 1 1 0
1  420 0 0 0.06336
3  916 917CN 303 0 0 0.06336
0

0101000
-1143 0 +1134 0 *
Ed
 1e-07 1 1 0
1  421 0 0 6.28318530717959
2  918 303 0 0 6.28318530717959
2  919 306 0 0 6.28318530717959
2  920 298 0 0 6.28318530717959
2  921 292 0 0 6.28318530717959
0

0101000
+1134 0 -1134 0 *
Wi

0101100
-1142 0 +1133 0 +1132 0 -1133 0 *
Fa
0  1e-07 303 0

0111000
+1131 0 *
Wi

0101100
+1138 0 *
Ve
1e-07
14.69504 2.76644326618333 -1.36085748422101
0 0

0101101
*
Ed
 1e-07 1 1 0
1  422 0 0 6.28318530717959
2  922 307 0 0 6.28318530717959
2  923 308 0 0 6.28318530717959
2  924 305 0 0 6.28318530717959
0

0101000
+1128 0 -1128 0 *
Wi

0101100
-1127 0 *
Fa
0  1e-07 305 0

0101000
+1129 0 +1126 0 *
Wi

0101100
-1132 0 *
Fa
0  1e-07 292 0

0101000
+1124 0 *
Ve
1e-07
14.63168 2.76644326618333 -1.36085748422101
0 0

0101101
*
Ed
 1e-07 1 1 0
1  423 0 0 0.06336
3  925 926CN 307 0 0 0.06336
0

0101000
-1128 0 +1122 0 *
Ed
 1e-07 1 1 0
1  424 0 0 6.28318530717959
2  927 307 0 0 6.28318530717959
2  928 309 0 0 6.28318530717959
2  929 302 0 0 6.28318530717959
2  930 299 0 0 6.28318530717959
0

0101000
+1122 0 -1122 0 *
Wi

0101100
-1127 0 +1121 0 +1120 0 -1121 0 *
Fa
0  1e-07 307 0

0111000
+1119 0 *
Wi

0101100
+1120 0 *
Fa
0  1e-07 299 0

0101000
+1117 0 *
Sh

0101100
-1175 0 -1168 0 +1163 0 -1158 0 +1155 0 +1150 0 +1145 0 +1140 0 +1135 0 -1130 0 
+1125 0 -1123 0 -1118 0 +1116 0 *
So

0100000
+1115 0 *
Co

0100000
+1114 0 *
Co

0100000
+1113 49 *
Ve
1.00005e-07
17.9433728554703 -9.91814971608865 -0.642288926113291
0 0

0101101
*
Ed
 1.00005e-07 1 1 0
1  425 0 0 6.28318530717959
2  931 311 0 0 6.28318530717959
2  932 310 0 0 6.28318530717959
0

0101000
+1111 0 -1111 0 *
Wi

0101100
+1110 0 *
Ve
1.00005e-07
17.9399228645766 -9.92017395985694 -0.642288926113291
0 0

0101101
*
Ed
 1.00005e-07 1 1 0
1  426 0 0 6.28318530717959
2  933 312 0 0 6.28318530717959
2  934 313 0 0 6.28318530717959
2  935 310 0 0 6.28318530717959
0

0101000
+1108 0 -1108 0 *
Wi

0101100
-1107 0 *
Fa
0  1e-07 310 0

0101000
+1109 0 +1106 0 *
Ve
7.84943612239983e-05
17.8581175927318 -9.77284612928986 -0.655782336632962
0 0

0101101
*
Ed
 1e-07 1 1 0
1  427 0 0 0.169007882326983
3  936 937G1 311 0 0 0.169007882326983
0

0101000
+1111 0 -1104 0 *
Ed
 7.84943612239983e-05 1 1 0
1  428 0 0 6.28318530717959
2  938 311 0 0 6.28318530717959
2  939 314 0 0 6.28318530717959
4 G1 314 0 311 0
0

0101000
+1104 0 -1104 0 *
Wi

0101100
+1103 0 +1110 0 -1103 0 -1102 0 *
Fa
0  1e-07 311 0

0101000
+1101 0 *
Ve
0.000112222896437755
17.8546676018382 -9.77487037305815 -0.655782336632962
0 0

0101101
*
Ed
 1e-07 1 1 0
1  429 0 0 0.169007882326983
3  940 941G1 312 0 0 0.169007882326983
0

0101000
+1108 0 -1099 0 *
Ed
 0.000112222896437755 1 1 0
1  430 0 0 6.28318530717959
2  942 312 0 0 6.28318530717959
2  943 315 0 0 6.28318530717959
4 G1 315 0 312 0
0

0101000
+1099 0 -1099 0 *
Wi

0101100
+1098 0 +1107 0 -1098 0 -1097 0 *
Fa
0  1e-07 312 0

0101000
+1096 0 *
Ve
3.69421428207216e-05
17.7769917323702 -9.72648518897483 -0.660087579287535
0 0

0101101
*
Ed
 1e-07 1 1 0
1  431 0 0 1
3  944 945G1 314 0 0 1
0

0101000
+1104 0 -1094 0 *
Ed
 3.69421428207216e-05 1 1 0
1  432 0 0 6.28318530717959
2  946 314 0 0 6.28318530717959
2  947 316 0 0 6.28318530717959
4 G1 316 0 314 0
0

0101000
+1094 0 -1094 0 *
Wi

0101100
+1093 0 +1102 0 -1093 0 -1092 0 *
Fa
0  1e-07 314 0

0101000
+1091 0 *
Ve
4.11640472577543e-05
17.7769917323702 -9.73048099669569 -0.659904492810705
0 0

0101101
*
Ed
 1e-07 1 1 0
1  433 0 0 1
3  948 949G1 315 0 0 1
0

0101000
+1099 0 -1089 0 *
Ed
 4.11640472577543e-05 1 1 0
1  434 0 0 6.28318530717959
2  950 315 0 0 6.28318530717959
2  951 317 0 0 6.28318530717959
4 G1 317 0 315 0
0

0101000
+1089 0 -1089 0 *
Wi

0101100
+1088 0 +1097 0 -1088 0 -1087 0 *
Fa
0  1e-07 315 0

0101000
+1086 0 *
Ve
7.84943612311527e-05
17.7334264610251 -9.72648518897483 -0.660087579287535
0 0

0101101
*
Ed
 1e-07 1 1 0
1  435 0 0 0.0435652713450345
3  952 953G1 316 0 0 0.0435652713450345
0

0101000
+1094 0 -1084 0 *
Ed
 7.84943612311527e-05 1 1 0
1  436 0 0 6.28318530717959
2  954 316 0 0 6.28318530717959
2  955 318 0 0 6.28318530717959
4 G1 318 0 316 0
0

0101000
+1084 0 -1084 0 *
Wi

0101100
+1083 0 +1092 0 -1083 0 -1082 0 *
Fa
0  1e-07 316 0

0101000
+1081 0 *
Ve
0.000112222896441409
17.7334264610251 -9.73048099669569 -0.659904492810705
0 0

0101101
*
Ed
 1e-07 1 1 0
1  437 0 0 0.0435652713450345
3  956 957G1 317 0 0 0.0435652713450345
0

0101000
+1089 0 -1079 0 *
Ed
 0.000112222896441409 1 1 0
1  438 0 0 6.28318530717959
2  958 317 0 0 6.28318530717959
2  959 319 0 0 6.28318530717959
4 G1 319 0 317 0
0

0101000
+1079 0 -1079 0 *
Wi

0101100
+1078 0 +1087 0 -1078 0 -1077 0 *
Fa
0  1e-07 317 0

0101000
+1076 0 *
Ve
3.69421428118331e-05
17.720869595519 -9.71873975733272 -0.660739358850638
0 0

0101101
*
Ed
 1e-07 1 1 0
1  439 0 0 1
3  960 961G1 318 0 0 1
0

0101000
+1084 0 -1074 0 *
Ed
 3.69421428118331e-05 1 1 0
1  440 0 0 6.28318530717959
2  962 318 0 0 6.28318530717959
2  963 320 0 0 6.28318530717959
4 G1 320 0 318 0
0

0101000
+1074 0 -1074 0 *
Wi

0101100
+1073 0 +1082 0 -1073 0 -1072 0 *
Fa
0  1e-07 318 0

0101000
+1071 0 *
Ve
4.11640472538114e-05
17.7172919755208 -9.72052878732515 -0.660741973144295
0 0

0101101
*
Ed
 1e-07 1 1 0
1  441 0 0 1
3  964 965G1 319 0 0 1
0

0101000
+1079 0 -1069 0 *
Ed
 4.11640472538114e-05 1 1 0
1  442 0 0 6.28318530717959
2  966 319 0 0 6.28318530717959
2  967 321 0 0 6.28318530717959
4 G1 321 0 319 0
0

0101000
+1069 0 -1069 0 *
Wi

0101100
+1068 0 +1077 0 -1068 0 -1067 0 *
Fa
0  1e-07 319 0

0101000
+1066 0 *
Ve
7.84943612312243e-05
15.736123586149 -5.74924773859264 -0.994772876058879
0 0

0101101
*
Ed
 1e-07 1 1 0
1  443 0 0 4.45057996211393
3  968 969G1 320 0 0 4.45057996211393
0

0101000
+1074 0 -1064 0 *
Ed
 7.84943612312243e-05 1 1 0
1  444 0 0 6.28318530717959
2  970 320 0 0 6.28318530717959
2  971 322 0 0 6.28318530717959
4 G1 322 0 320 0
0

0101000
+1064 0 -1064 0 *
Wi

0101100
+1063 0 +1072 0 -1063 0 -1062 0 *
Fa
0  1e-07 320 0

0101000
+1061 0 *
Ve
0.000112222896446746
15.7325459661508 -5.75103676858506 -0.994775490352536
0 0

0101101
*
Ed
 1e-07 1 1 0
1  445 0 0 4.45057996211393
3  972 973G1 321 0 0 4.45057996211393
0

0101000
+1069 0 -1059 0 *
Ed
 0.000112222896446746 1 1 0
1  446 0 0 6.28318530717959
2  974 321 0 0 6.28318530717959
2  975 323 0 0 6.28318530717959
4 G1 323 0 321 0
0

0101000
+1059 0 -1059 0 *
Wi

0101100
+1058 0 +1067 0 -1058 0 -1057 0 *
Fa
0  1e-07 321 0

0101000
+1056 0 *
Ve
3.69421428108066e-05
15.7354293756829 -5.74785931766053 -0.994912255983992
0 0

0101101
*
Ed
 1e-07 1 1 0
1  447 0 0 1
3  976 977G1 322 0 0 1
0

0101000
+1064 0 -1054 0 *
Ed
 3.69421428108066e-05 1 1 0
1  448 0 0 6.28318530717959
2  978 322 0 0 6.28318530717959
2  979 324 0 0 6.28318530717959
4 G1 324 0 322 0
0

0101000
+1054 0 -1054 0 *
Wi

0101100
+1053 0 +1062 0 -1053 0 -1052 0 *
Fa
0  1e-07 322 0

0101000
+1051 0 *
Ve
4.11640472595096e-05
15.7318517893721 -5.74964841502779 -0.99491486351428
0 0

0101101
*
Ed
 1e-07 1 1 0
1  449 0 0 1
3  980 981G1 323 0 0 1
0

0101000
+1059 0 -1049 0 *
Ed
 4.11640472595096e-05 1 1 0
1  450 0 0 6.28318530717959
2  982 323 0 0 6.28318530717959
2  983 325 0 0 6.28318530717959
4 G1 325 0 323 0
0

0101000
+1049 0 -1049 0 *
Wi

0101100
+1048 0 +1057 0 -1048 0 -1047 0 *
Fa
0  1e-07 323 0

0101000
+1046 0 *
Ve
7.84943612258881e-05
14.2372707661421 -2.75154209857885 -1.34448259821019
0 0

0101101
*
Ed
 1e-07 1 1 0
1  451 0 0 3.36817391487893
3  984 985G1 324 0 0 3.36817391487893
0

0101000
+1054 0 -1044 0 *
Ed
 7.84943612258881e-05 1 1 0
1  452 0 0 6.28318530717959
2  986 324 0 0 6.28318530717959
2  987 326 0 0 6.28318530717959
4 G1 326 0 324 0
0

0101000
+1044 0 -1044 0 *
Wi

0101100
+1043 0 +1052 0 -1043 0 -1042 0 *
Fa
0  1e-07 324 0

0101000
+1041 0 *
Ve
0.000112222896446773
14.2336931798313 -2.7533311959461 -1.34448520574048
0 0

0101101
*
Ed
 1e-07 1 1 0
1  453 0 0 3.36817391487893
3  988 989G1 325 0 0 3.36817391487893
0

0101000
+1049 0 -1039 0 *
Ed
 0.000112222896446773 1 1 0
1  454 0 0 6.28318530717959
2  990 325 0 0 6.28318530717959
2  991 327 0 0 6.28318530717959
4 G1 327 0 325 0
0

0101000
+1039 0 -1039 0 *
Wi

0101100
+1038 0 +1047 0 -1038 0 -1037 0 *
Fa
0  1e-07 325 0

0101000
+1036 0 *
Ve
3.69421428075386e-05
14.2314470120143 -2.74150755825084 -1.34562641178293
0 0

0101101
*
Ed
 1e-07 1 1 0
1  455 0 0 1
3  992 993G1 326 0 0 1
0

0101000
+1044 0 -1034 0 *
Ed
 3.69421428075386e-05 1 1 0
1  456 0 0 6.28318530717959
2  994 326 0 0 6.28318530717959
2  995 328 0 0 6.28318530717959
4 G1 328 0 326 0
0

0101000
+1034 0 -1034 0 *
Wi

0101100
+1033 0 +1042 0 -1033 0 -1032 0 *
Fa
0  1e-07 326 0

0101000
+1031 0 *
Ve
4.11640472539412e-05
14.2281166757609 -2.74372267646626 -1.34558045820205
0 0

0101101
*
Ed
 1e-07 1 1 0
1  457 0 0 1
3  996 997G1 327 0 0 1
0

0101000
+1039 0 -1029 0 *
Ed
 4.11640472539412e-05 1 1 0
1  458 0 0 6.28318530717959
2  998 327 0 0 6.28318530717959
2  999 329 0 0 6.28318530717959
4 G1 329 0 327 0
0

0101000
+1029 0 -1029 0 *
Wi

0101100
+1028 0 +1037 0 -1028 0 -1027 0 *
Fa
0  1e-07 327 0

0101000
+1026 0 *
Ve
7.84943612275408e-05
13.6424374428369 -1.85799320448486 -1.44379467331248
0 0

0101101
*
Ed
 1e-07 1 1 0
1  459 0 0 1.06638027619828
3  1000 1001G1 328 0 0 1.06638027619828
0

0101000
+1034 0 -1024 0 *
Ed
 7.84943612275408e-05 1 1 0
1  460 0 0 6.28318530717959
2  1002 328 0 0 6.28318530717959
2  1003 330 0 0 6.28318530717959
4 G1 330 0 328 0
0

0101000
+1024 0 -1024 0 *
Wi

0101100
+1023 0 +1032 0 -1023 0 -1022 0 *
Fa
0  1e-07 328 0

0101000
+1021 0 *
Ve
0.000112222896440981
13.6391071065836 -1.86020832270028 -1.4437487197316
0 0

0101101
*
Ed
 1e-07 1 1 0
1  461 0 0 1.06638027619828
3  1004 1005G1 329 0 0 1.06638027619828
0

0101000
+1029 0 -1019 0 *
Ed
 0.000112222896440981 1 1 0
1  462 0 0 6.28318530717959
2  1006 329 0 0 6.28318530717959
2  1007 331 0 0 6.28318530717959
4 G1 331 0 329 0
0

0101000
+1019 0 -1019 0 *
Wi

0101100
+1018 0 +1027 0 -1018 0 -1017 0 *
Fa
0  1e-07 329 0

0101000
+1016 0 *
Ve
3.69421428105578e-05
13.6399946257721 -1.84990634796193 -1.44420180948996
0 0

0101101
*
Ed
 1e-07 1 1 0
1  463 0 0 1
3  1008 1009G1 330 0 0 1
0

0101000
+1024 0 -1014 0 *
Ed
 3.69421428105578e-05 1 1 0
1  464 0 0 6.28318530717959
2  1010 330 0 0 6.28318530717959
2  1011 332 0 0 6.28318530717959
4 G1 332 0 330 0
0

0101000
+1014 0 -1014 0 *
Wi

0101100
+1013 0 +1022 0 -1013 0 -1012 0 *
Fa
0  1e-07 330 0

0101000
+1011 0 *
Ve
4.11640472574903e-05
13.6359951631949 -1.84990634796191 -1.44426737696307
0 0

0101101
*
Ed
 1e-07 1 1 0
1  465 0 0 1
3  1012 1013G1 331 0 0 1
0

0101000
+1019 0 -1009 0 *
Ed
 4.11640472574903e-05 1 1 0
1  466 0 0 6.28318530717959
2  1014 331 0 0 6.28318530717959
2  1015 333 0 0 6.28318530717959
4 G1 333 0 331 0
0

0101000
+1009 0 -1009 0 *
Wi

0101100
+1008 0 +1017 0 -1008 0 -1007 0 *
Fa
0  1e-07 331 0

0101000
+1006 0 *
Ve
1.00005e-07
13.6399946257721 0 -1.44420180948996
0 0

0101101
*
Ed
 1e-07 1 1 0
1  467 0 0 1.84990634796176
3  1016 1017G1 332 0 0 1.84990634796176
0

0101000
+1014 0 -1004 0 *
Ed
 1.00005e-07 1 1 0
1  468 0 0 6.28318530717959
2  1018 332 0 0 6.28318530717959
2  1019 334 0 0 6.28318530717959
0

0101000
+1004 0 -1004 0 *
Wi

0101100
+1003 0 +1012 0 -1003 0 -1002 0 *
Fa
0  1e-07 332 0

0101000
+1001 0 *
Ve
1.00005e-07
13.6359951631949 0 -1.44426737696307
0 0

0101101
*
Ed
 1e-07 1 1 0
1  469 0 0 1.84990634796176
3  1020 1021G1 333 0 0 1.84990634796176
0

0101000
+1009 0 -999 0 *
Ed
 1.00005e-07 1 1 0
1  470 0 0 6.28318530717959
2  1022 333 0 0 6.28318530717959
2  1023 335 0 0 6.28318530717959
2  1024 334 0 0 6.28318530717959
0

0101000
+999 0 -999 0 *
Wi

0101100
+998 0 +1007 0 -998 0 -997 0 *
Fa
0  1e-07 333 0

0101000
+996 0 *
Wi

0101100
+1002 0 *
Wi

0101100
-997 0 *
Fa
0  1e-07 334 0

0101000
+994 0 +993 0 *
Sh

0101100
-1105 0 +1100 0 -1095 0 +1090 0 -1085 0 +1080 0 -1075 0 +1070 0 -1065 0 +1060 0 
-1055 0 +1050 0 -1045 0 +1040 0 -1035 0 +1030 0 -1025 0 +1020 0 -1015 0 +1010 0 
-1005 0 +1000 0 -995 0 +992 0 *
So

0100000
+991 0 *
Co

0100000
+990 0 *
Ve
1e-07
16.3571350937867 -0.997944993768217 -1.3
0 0

0101101
*
Ve
1e-07
16.1571350937867 -0.997944993768217 -1.3
0 0

0101101
*
Ed
 1e-07 1 1 0
1  471 0 0 0.2
3  1025 1026CN 336 0 0 0.2
0

0101000
-988 0 +987 0 *
Ed
 1e-07 1 1 0
1  472 0 0 6.28318530717959
2  1027 336 0 0 6.28318530717959
2  1028 337 0 0 6.28318530717959
0

0101000
+987 0 -987 0 *
Ed
 1e-07 1 1 0
1  473 0 0 6.28318530717959
2  1029 336 0 0 6.28318530717959
2  1030 338 0 0 6.28318530717959
0

0101000
+988 0 -988 0 *
Wi

0101100
+986 0 +985 0 -986 0 -984 0 *
Ve
1.00000000111022e-07
16.2071350937867 -0.899578332749354 -1.382
0 0

0101101
*
Ve
1e-07
16.2251350937867 -0.897944993768217 -1.4
0 0

0101101
*
Ed
 1e-07 1 1 0
1  474 0 0 0.249999969729977
2  1031 336 0 0 0.249999969729977
2  1032 339 0 0 0.249999969729977
0

0101000
+982 0 -981 0 *
Ve
1e-07
16.1891350937867 -0.897944993768217 -1.4
0 0

0101101
*
Ed
 1e-07 1 1 0
1  474 0 0.249999969729977 0.74999998056905
2  1031 336 0 0.249999969729977 0.74999998056905
2  1032 339 0 0.249999969729977 0.74999998056905
0

0101000
+981 0 -979 0 *
Ed
 1e-07 1 1 0
1  474 0 0.74999998056905 1
2  1031 336 0 0.74999998056905 1
2  1032 339 0 0.74999998056905 1
0

0101000
+979 0 -982 0 *
Wi

0101100
-980 0 -978 0 -977 0 *
Ve
1.000000037943e-07
16.2571350937867 -1.00794499376822 -1.49949874371066
0 0

0101101
*
Ve
4.46505104134604e-07
16.2471350937967 -0.997945440272321 -1.5
0 0

0101101
*
Ed
 1e-07 1 1 0
1  475 0 0 0.250219031359605
2  1033 336 0 0 0.250219031359605
2  1034 340 0 0 0.250219031359605
0

0101000
+975 0 -974 0 *
Ve
1.15641621334026e-07
16.2671350937867 -0.997944993768217 -1.5
0 0

0101101
*
Ed
 1e-07 1 1 0
1  475 0 0.250219031359605 0.750206235473056
2  1033 336 0 0.250219031359605 0.750206235473056
2  1034 340 0 0.250219031359605 0.750206235473056
0

0101000
+974 0 -972 0 *
Ed
 1e-07 1 1 0
1  475 0 0.750206235473056 1
2  1033 336 0 0.750206235473056 1
2  1034 340 0 0.750206235473056 1
0

0101000
+972 0 -975 0 *
Wi

0101100
-973 0 -971 0 -970 0 *
Fa
0  1e-07 336 0

0101000
+983 0 +976 0 +969 0 *
Wi

0101100
-985 0 *
Fa
0  1e-07 337 0

0111000
-967 0 *
Wi

0101100
+984 0 *
Fa
0  1e-07 338 0

0111000
+965 0 *
Ve
1e-07
16.2071350937867 -0.907944993768217 -1.382
0 0

0101101
*
Ed
 1e-07 1 1 0
1  476 0 0 0.00836666101886363
3  1035 1036CN 339 0 0 0.00836666101886363
0

0101000
+963 0 -982 0 *
Ed
 1e-07 1 1 0
1  477 0 0 6.28318530717959
2  1037 339 0 0 6.28318530717959
2  1038 341 0 0 6.28318530717959
0

0101000
+963 0 -963 0 *
Wi

0101100
-978 0 -977 0 +962 0 +961 0 -962 0 -980 0 *
Fa
0  1e-07 339 0

0101000
+960 0 *
Ve
1e-07
16.2571350937867 -1.00794499376822 -1.49
0 0

0101101
*
Ed
 1e-07 1 1 0
1  478 0 0 0.00949874371066328
3  1039 1040CN 340 0 0 0.00949874371066328
0

0101000
+958 0 -975 0 *
Ed
 1e-07 1 1 0
1  479 0 0 6.28318530717959
2  1041 340 0 0 6.28318530717959
2  1042 342 0 0 6.28318530717959
0

0101000
+958 0 -958 0 *
Wi

0101100
-971 0 -970 0 +957 0 +956 0 -957 0 -973 0 *
Fa
0  1e-07 340 0

0101000
+955 0 *
Wi

0101100
-961 0 *
Fa
0  1e-07 341 0

0111000
-953 0 *
Wi

0101100
-956 0 *
Fa
0  1e-07 342 0

0111000
-951 0 *
Sh

0101100
+968 0 -966 0 +964 0 -959 0 -954 0 +952 0 +950 0 *
So

0100000
+949 0 *
Co

0100000
+948 0 *
Co

0100000
+947 53 *
Ve
1e-07
15.6736 -6.0264 -0.818457484221012
0 0

0101101
*
Ve
1e-07
15.6736 -6.0264 -0.871257484221012
0 0

0101101
*
Ed
 1e-07 1 1 0
1  480 0 0 0.0528
2  1043 343 0 0 0.0528
2  1044 344 0 0 0.0528
0

0101000
-945 0 +944 0 *
Ve
1e-07
15.6736 -5.9736 -0.818457484221012
0 0

0101101
*
Ed
 1e-07 1 1 0
1  481 0 0 0.0528000000000004
2  1045 343 0 0 0.0528000000000004
2  1046 345 0 0 0.0528000000000004
0

0101000
-942 0 +945 0 *
Ve
1e-07
15.6736 -5.9736 -0.871257484221012
0 0

0101101
*
Ed
 1e-07 1 1 0
1  482 0 0 0.0528000000000004
2  1047 343 0 0 0.0528000000000004
2  1048 346 0 0 0.0528000000000004
0

0101000
-940 0 +944 0 *
Ed
 1e-07 1 1 0
1  483 0 0 0.0528
2  1049 343 0 0 0.0528
2  1050 347 0 0 0.0528
0

0101000
-942 0 +940 0 *
Wi

0101100
-943 0 -941 0 +939 0 +938 0 *
Ve
1e-07
15.6736 -6 -0.868857484221012
0 0

0101101
*
Ed
 1e-07 1 1 0
1  484 0 0 6.28318530717959
2  1051 348 0 0 6.28318530717959
2  1052 349 0 0 6.28318530717959
2  1053 343 0 0 6.28318530717959
0

0101000
+936 0 -936 0 *
Wi

0101100
+935 0 *
Fa
0  1e-07 343 0

0101000
+937 0 +934 0 *
Ve
1e-07
15.7264 -6.0264 -0.871257484221012
0 0

0101101
*
Ed
 1e-07 1 1 0
1  485 0 0 0.0527999999999995
2  1054 344 0 0 0.0527999999999995
2  1055 346 0 0 0.0527999999999995
0

0101000
-932 0 +944 0 *
Ve
1e-07
15.7264 -6.0264 -0.818457484221012
0 0

0101101
*
Ed
 1e-07 1 1 0
1  486 0 0 0.0528
2  1056 350 0 0 0.0528
2  1057 344 0 0 0.0528
0

0101000
-930 0 +932 0 *
Ed
 1e-07 1 1 0
1  487 0 0 0.0527999999999995
2  1058 344 0 0 0.0527999999999995
2  1059 345 0 0 0.0527999999999995
0

0101000
-930 0 +945 0 *
Wi

0101100
-931 0 -929 0 +928 0 +943 0 *
Fa
0  1e-07 344 0

0111000
+927 0 *
Ve
1e-07
15.7264 -5.9736 -0.818457484221012
0 0

0101101
*
Ed
 1e-07 1 1 0
1  488 0 0 0.0527999999999995
2  1060 347 0 0 0.0527999999999995
2  1061 345 0 0 0.0527999999999995
0

0101000
-925 0 +942 0 *
Ed
 1e-07 1 1 0
1  489 0 0 0.0528000000000004
2  1062 350 0 0 0.0528000000000004
2  1063 345 0 0 0.0528000000000004
0

0101000
-925 0 +930 0 *
Wi

0101100
-941 0 -924 0 +923 0 +928 0 *
Fa
0  1e-07 345 0

0111000
+922 0 *
Ve
1e-07
15.7264 -5.9736 -0.871257484221012
0 0

0101101
*
Ed
 1e-07 1 1 0
1  490 0 0 0.0527999999999995
2  1064 347 0 0 0.0527999999999995
2  1065 346 0 0 0.0527999999999995
0

0101000
-920 0 +940 0 *
Ed
 1e-07 1 1 0
1  491 0 0 0.0528000000000004
2  1066 350 0 0 0.0528000000000004
2  1067 346 0 0 0.0528000000000004
0

0101000
-920 0 +932 0 *
Wi

0101100
-939 0 -919 0 +918 0 +931 0 *
Fa
0  1e-07 346 0

0111000
+917 0 *
Ed
 1e-07 1 1 0
1  492 0 0 0.0528
2  1068 350 0 0 0.0528
2  1069 347 0 0 0.0528
0

0101000
-925 0 +920 0 *
Wi

0101100
-919 0 -915 0 +924 0 +938 0 *
Fa
0  1e-07 347 0

0111000
+914 0 *
Ve
1e-07
15.6208 -6 -0.868857484221012
0 0

0101101
*
Ed
 1e-07 1 1 0
1  493 0 0 6.28318530717959
2  1070 348 0 0 6.28318530717959
2  1071 351 0 0 6.28318530717959
0

0101000
+912 0 -912 0 *
Ed
 1e-07 1 1 0
1  494 0 0 0.0528
3  1072 1073CN 348 0 0 0.0528
0

0101000
-912 0 +936 0 *
Wi

0101100
-911 0 +910 0 +935 0 -910 0 *
Fa
0  1e-07 348 0

0111000
+909 0 *
Wi

0101100
-929 0 -923 0 +918 0 +915 0 *
Ve
1.00000001776357e-07
15.7264 -6 -0.820857484221012
0 0

0101101
*
Ed
 1.00000001776357e-07 1 1 0
1  495 0 0 6.28318530717959
2  1074 352 0 0 6.28318530717959
2  1075 353 0 0 6.28318530717959
2  1076 350 0 0 6.28318530717959
0

0101000
+906 0 -906 0 *
Wi

0101100
-905 0 *
Fa
0  1e-07 350 0

0101000
+907 0 +904 0 *
Wi

0101100
+911 0 *
Ve
1e-07
15.6208 -6 -0.864857484221012
0 0

0101101
*
Ed
 1e-07 1 1 0
1  496 0 0 6.28318530717959
2  1077 354 0 0 6.28318530717959
2  1078 355 0 0 6.28318530717959
2  1079 351 0 0 6.28318530717959
0

0101000
+901 0 -901 0 *
Wi

0101100
-900 0 *
Fa
0  1e-07 351 0

0101000
+902 0 +899 0 *
Ve
1e-07
15.7792 -6 -0.820857484221012
0 0

0101101
*
Ed
 1e-07 1 1 0
1  497 0 0 6.28318530717959
2  1080 352 0 0 6.28318530717959
2  1081 356 0 0 6.28318530717959
0

0101000
+897 0 -897 0 *
Ed
 1e-07 1 1 0
1  498 0 0 0.0528
3  1082 1083CN 352 0 0 0.0528
0

0101000
-897 0 +906 0 *
Wi

0101100
-896 0 +895 0 +905 0 -895 0 *
Fa
0  1e-07 352 0

0111000
+894 0 *
Ve
1e-07
15.6736 -6 -0.864857484221012
0 0

0101101
*
Ed
 1e-07 1 1 0
1  499 0 0 0.0528
3  1084 1085CN 354 0 0 0.0528
0

0101000
-901 0 +892 0 *
Ed
 1e-07 1 1 0
1  500 0 0 6.28318530717959
2  1086 354 0 0 6.28318530717959
2  1087 357 0 0 6.28318530717959
2  1088 349 0 0 6.28318530717959
2  1089 343 0 0 6.28318530717959
0

0101000
+892 0 -892 0 *
Wi

0101100
-900 0 +891 0 +890 0 -891 0 *
Fa
0  1e-07 354 0

0111000
+889 0 *
Wi

0101100
+896 0 *
Ve
1e-07
15.7792 -6 -0.824857484221012
0 0

0101101
*
Ed
 1e-07 1 1 0
1  501 0 0 6.28318530717959
2  1090 358 0 0 6.28318530717959
2  1091 359 0 0 6.28318530717959
2  1092 356 0 0 6.28318530717959
0

0101000
+886 0 -886 0 *
Wi

0101100
-885 0 *
Fa
0  1e-07 356 0

0101000
+887 0 +884 0 *
Wi

0101100
-890 0 *
Fa
0  1e-07 343 0

0101000
+882 0 *
Ve
1.00000001776357e-07
15.7264 -6 -0.824857484221012
0 0

0101101
*
Ed
 1e-07 1 1 0
1  502 0 0 0.0528
3  1093 1094CN 358 0 0 0.0528
0

0101000
-886 0 +880 0 *
Ed
 1.00000001776357e-07 1 1 0
1  503 0 0 6.28318530717959
2  1095 358 0 0 6.28318530717959
2  1096 360 0 0 6.28318530717959
2  1097 353 0 0 6.28318530717959
2  1098 350 0 0 6.28318530717959
0

0101000
+880 0 -880 0 *
Wi

0101100
-885 0 +879 0 +878 0 -879 0 *
Fa
0  1e-07 358 0

0111000
+877 0 *
Wi

0101100
+878 0 *
Fa
0  1e-07 350 0

0101000
+875 0 *
Sh

0101100
-933 0 -926 0 +921 0 -916 0 +913 0 +908 0 +903 0 +898 0 +893 0 -888 0 
+883 0 -881 0 -876 0 +874 0 *
So

0100000
+873 0 *
Co

0100000
+872 0 *
Co

0100000
+871 57 *
Ve
1.00005e-07
13.9555114576981 0.992319485935591 -1.5948233361767
0 0

0101101
*
Ed
 1.00005e-07 1 1 0
1  504 0 0 6.28318530717959
2  1099 362 0 0 6.28318530717959
2  1100 361 0 0 6.28318530717959
0

0101000
+869 0 -869 0 *
Wi

0101100
+868 0 *
Ve
1.00005e-07
13.9553421409842 0.992319485935591 -1.59681615625147
0 0

0101101
*
Ed
 1.00005e-07 1 1 0
1  505 0 0 6.28318530717959
2  1101 363 0 0 6.28318530717959
2  1102 364 0 0 6.28318530717959
2  1103 361 0 0 6.28318530717959
0

0101000
+866 0 -866 0 *
Wi

0101100
-865 0 *
Fa
0  1e-07 361 0

0101000
+867 0 +864 0 *
Ve
0.000113682013537731
14.1530675647315 0.992281638975508 -1.61160836924421
0 0

0101101
*
Ed
 1e-07 1 1 0
1  506 0 0 0.198267884927541
3  1104 1105G1 362 0 0 0.198267884927541
0

0101000
+869 0 -862 0 *
Ed
 0.000113682013537731 1 1 0
1  507 0 0 6.28318530717959
2  1106 362 0 0 6.28318530717959
2  1107 365 0 0 6.28318530717959
4 G1 365 0 362 0
0

0101000
+862 0 -862 0 *
Wi

0101100
+861 0 +868 0 -861 0 -860 0 *
Fa
0  1e-07 362 0

0101000
+859 0 *
Ve
0.000101050678700085
14.1528982480176 0.992281638975508 -1.61360118931898
0 0

0101101
*
Ed
 1e-07 1 1 0
1  508 0 0 0.198267884927541
3  1108 1109G1 363 0 0 0.198267884927541
0

0101000
+866 0 -857 0 *
Ed
 0.000101050678700085 1 1 0
1  509 0 0 6.28318530717959
2  1110 363 0 0 6.28318530717959
2  1111 366 0 0 6.28318530717959
4 G1 366 0 363 0
0

0101000
+857 0 -857 0 *
Wi

0101100
+856 0 +865 0 -856 0 -855 0 *
Fa
0  1e-07 363 0

0101000
+854 0 *
Ve
0.000113682013537489
14.1576526908343 0.992281198122638 -1.6121464763136
0 0

0101101
*
Ed
 1e-07 1 1 0
1  510 0 0 1
3  1112 1113G1 365 0 0 1
0

0101000
+862 0 -852 0 *
Ed
 0.000113682013537489 1 1 0
1  511 0 0 6.28318530717959
2  1114 365 0 0 6.28318530717959
2  1115 367 0 0 6.28318530717959
4 G1 367 0 365 0
0

0101000
+852 0 -852 0 *
Wi

0101100
+851 0 +860 0 -851 0 -850 0 *
Fa
0  1e-07 365 0

0101000
+849 0 *
Ve
0.000101050678707969
14.1573560099284 0.992281210368515 -1.6141243490193
0 0

0101101
*
Ed
 1e-07 1 1 0
1  512 0 0 1
3  1116 1117G1 366 0 0 1
0

0101000
+857 0 -847 0 *
Ed
 0.000101050678707969 1 1 0
1  513 0 0 6.28318530717959
2  1118 366 0 0 6.28318530717959
2  1119 368 0 0 6.28318530717959
4 G1 368 0 366 0
0

0101000
+847 0 -847 0 *
Wi

0101100
+846 0 +855 0 -846 0 -845 0 *
Fa
0  1e-07 366 0

0101000
+844 0 *
Ve
0.000113682012089352
14.3537403999513 0.992281198122638 -1.64155963268116
0 0

0101101
*
Ed
 1e-07 1 1 0
1  514 0 0 0.198281424834163
3  1120 1121G1 367 0 0 0.198281424834163
0

0101000
+852 0 -842 0 *
Ed
 0.000113682012089352 1 1 0
1  515 0 0 6.28318530717959
2  1122 367 0 0 6.28318530717959
2  1123 369 0 0 6.28318530717959
4 G1 369 0 367 0
0

0101000
+842 0 -842 0 *
Wi

0101100
+841 0 +850 0 -841 0 -840 0 *
Fa
0  1e-07 367 0

0101000
+839 0 *
Ve
0.000101050677415297
14.3534437190455 0.992281210368515 -1.64353750538685
0 0

0101101
*
Ed
 1e-07 1 1 0
1  516 0 0 0.198281424834163
3  1124 1125G1 368 0 0 0.198281424834163
0

0101000
+847 0 -837 0 *
Ed
 0.000101050677415297 1 1 0
1  517 0 0 6.28318530717959
2  1126 368 0 0 6.28318530717959
2  1127 370 0 0 6.28318530717959
4 G1 370 0 368 0
0

0101000
+837 0 -837 0 *
Wi

0101100
+836 0 +845 0 -836 0 -835 0 *
Fa
0  1e-07 368 0

0101000
+834 0 *
Ve
0.000113682012093969
14.356685971878 0.992281198122638 -1.64187818966074
0 0

0101101
*
Ed
 1e-07 1 1 0
1  518 0 0 1
3  1128 1129G1 369 0 0 1
0

0101000
+842 0 -832 0 *
Ed
 0.000113682012093969 1 1 0
1  519 0 0 6.28318530717959
2  1130 369 0 0 6.28318530717959
2  1131 371 0 0 6.28318530717959
4 G1 371 0 369 0
0

0101000
+832 0 -832 0 *
Wi

0101100
+831 0 +840 0 -831 0 -830 0 *
Fa
0  1e-07 369 0

0101000
+829 0 *
Ve
0.000101050677418002
14.3565529338569 0.992281210368515 -1.64387375997641
0 0

0101101
*
Ed
 1e-07 1 1 0
1  520 0 0 1
3  1132 1133G1 370 0 0 1
0

0101000
+837 0 -827 0 *
Ed
 0.000101050677418002 1 1 0
1  521 0 0 6.28318530717959
2  1134 370 0 0 6.28318530717959
2  1135 372 0 0 6.28318530717959
4 G1 372 0 370 0
0

0101000
+827 0 -827 0 *
Wi

0101100
+826 0 +835 0 -826 0 -825 0 *
Fa
0  1e-07 370 0

0101000
+824 0 *
Ve
1.00005e-07
15.8544669533085 0.992281198122638 -1.74173025508944
0 0

0101101
*
Ed
 1e-07 1 1 0
1  522 0 0 1.50110569358235
3  1136 1137G1 371 0 0 1.50110569358235
0

0101000
+832 0 -822 0 *
Ed
 1.00005e-07 1 1 0
1  523 0 0 6.28318530717959
2  1138 371 0 0 6.28318530717959
2  1139 373 0 0 6.28318530717959
0

0101000
+822 0 -822 0 *
Wi

0101100
+821 0 +830 0 -821 0 -820 0 *
Fa
0  1e-07 371 0

0101000
+819 0 *
Ve
1.00005e-07
15.8543339152874 0.992281210368515 -1.74372582540511
0 0

0101101
*
Ed
 1e-07 1 1 0
1  524 0 0 1.50110569358235
3  1140 1141G1 372 0 0 1.50110569358235
0

0101000
+827 0 -817 0 *
Ed
 1.00005e-07 1 1 0
1  525 0 0 6.28318530717959
2  1142 372 0 0 6.28318530717959
2  1143 374 0 0 6.28318530717959
2  1144 373 0 0 6.28318530717959
0

0101000
+817 0 -817 0 *
Wi

0101100
+816 0 +825 0 -816 0 -815 0 *
Fa
0  1e-07 372 0

0101000
+814 0 *
Wi

0101100
+820 0 *
Wi

0101100
-815 0 *
Fa
0  1e-07 373 0

0101000
+812 0 +811 0 *
Sh

0101100
-863 0 +858 0 -853 0 +848 0 -843 0 +838 0 -833 0 +828 0 -823 0 +818 0 
-813 0 +810 0 *
So

0100000
+809 0 *
Co

0100000
+808 0 *
Ve
1e-07
13.96832 0.714897306473334 -1.45317748422101
0 0

0101101
*
Ve
1e-07
13.96832 0.714897306473334 -1.51653748422101
0 0

0101101
*
Ed
 1e-07 1 1 0
1  526 0 0 0.0633600000000001
2  1145 375 0 0 0.0633600000000001
2  1146 376 0 0 0.0633600000000001
0

0101000
-806 0 +805 0 *
Ve
1e-07
13.96832 0.778257306473334 -1.45317748422101
0 0

0101101
*
Ed
 1e-07 1 1 0
1  527 0 0 0.06336
2  1147 375 0 0 0.06336
2  1148 377 0 0 0.06336
0

0101000
-803 0 +806 0 *
Ve
1e-07
13.96832 0.778257306473334 -1.51653748422101
0 0

0101101
*
Ed
 1e-07 1 1 0
1  528 0 0 0.06336
2  1149 375 0 0 0.06336
2  1150 378 0 0 0.06336
0

0101000
-801 0 +805 0 *
Ed
 1e-07 1 1 0
1  529 0 0 0.0633600000000001
2  1151 375 0 0 0.0633600000000001
2  1152 379 0 0 0.0633600000000001
0

0101000
-803 0 +801 0 *
Wi

0101100
-804 0 -802 0 +800 0 +799 0 *
Ve
1e-07
13.96832 0.746577306473334 -1.51365748422101
0 0

0101101
*
Ed
 1e-07 1 1 0
1  530 0 0 6.28318530717959
2  1153 380 0 0 6.28318530717959
2  1154 381 0 0 6.28318530717959
2  1155 375 0 0 6.28318530717959
0

0101000
+797 0 -797 0 *
Wi

0101100
+796 0 *
Fa
0  1e-07 375 0

0101000
+798 0 +795 0 *
Ve
1e-07
14.03168 0.714897306473334 -1.51653748422101
0 0

0101101
*
Ed
 1e-07 1 1 0
1  531 0 0 0.0633599999999994
2  1156 376 0 0 0.0633599999999994
2  1157 378 0 0 0.0633599999999994
0

0101000
-793 0 +805 0 *
Ve
1e-07
14.03168 0.714897306473334 -1.45317748422101
0 0

0101101
*
Ed
 1e-07 1 1 0
1  532 0 0 0.0633600000000001
2  1158 382 0 0 0.0633600000000001
2  1159 376 0 0 0.0633600000000001
0

0101000
-791 0 +793 0 *
Ed
 1e-07 1 1 0
1  533 0 0 0.0633599999999994
2  1160 376 0 0 0.0633599999999994
2  1161 377 0 0 0.0633599999999994
0

0101000
-791 0 +806 0 *
Wi

0101100
-792 0 -790 0 +789 0 +804 0 *
Fa
0  1e-07 376 0

0111000
+788 0 *
Ve
1e-07
14.03168 0.778257306473334 -1.45317748422101
0 0

0101101
*
Ed
 1e-07 1 1 0
1  534 0 0 0.0633599999999994
2  1162 379 0 0 0.0633599999999994
2  1163 377 0 0 0.0633599999999994
0

0101000
-786 0 +803 0 *
Ed
 1e-07 1 1 0
1  535 0 0 0.06336
2  1164 382 0 0 0.06336
2  1165 377 0 0 0.06336
0

0101000
-786 0 +791 0 *
Wi

0101100
-802 0 -785 0 +784 0 +789 0 *
Fa
0  1e-07 377 0

0111000
+783 0 *
Ve
1e-07
14.03168 0.778257306473334 -1.51653748422101
0 0

0101101
*
Ed
 1e-07 1 1 0
1  536 0 0 0.0633599999999994
2  1166 379 0 0 0.0633599999999994
2  1167 378 0 0 0.0633599999999994
0

0101000
-781 0 +801 0 *
Ed
 1e-07 1 1 0
1  537 0 0 0.06336
2  1168 382 0 0 0.06336
2  1169 378 0 0 0.06336
0

0101000
-781 0 +793 0 *
Wi

0101100
-800 0 -780 0 +779 0 +792 0 *
Fa
0  1e-07 378 0

0111000
+778 0 *
Ed
 1e-07 1 1 0
1  538 0 0 0.0633600000000001
2  1170 382 0 0 0.0633600000000001
2  1171 379 0 0 0.0633600000000001
0

0101000
-786 0 +781 0 *
Wi

0101100
-780 0 -776 0 +785 0 +799 0 *
Fa
0  1e-07 379 0

0111000
+775 0 *
Ve
1e-07
13.90496 0.746577306473334 -1.51365748422101
0 0

0101101
*
Ed
 1e-07 1 1 0
1  539 0 0 6.28318530717959
2  1172 380 0 0 6.28318530717959
2  1173 383 0 0 6.28318530717959
0

0101000
+773 0 -773 0 *
Ed
 1e-07 1 1 0
1  540 0 0 0.06336
3  1174 1175CN 380 0 0 0.06336
0

0101000
-773 0 +797 0 *
Wi

0101100
-772 0 +771 0 +796 0 -771 0 *
Fa
0  1e-07 380 0

0111000
+770 0 *
Wi

0101100
-790 0 -784 0 +779 0 +776 0 *
Ve
1e-07
14.03168 0.746577306473334 -1.45605748422101
0 0

0101101
*
Ed
 1e-07 1 1 0
1  541 0 0 6.28318530717959
2  1176 384 0 0 6.28318530717959
2  1177 385 0 0 6.28318530717959
2  1178 382 0 0 6.28318530717959
0

0101000
+767 0 -767 0 *
Wi

0101100
-766 0 *
Fa
0  1e-07 382 0

0101000
+768 0 +765 0 *
Wi

0101100
+772 0 *
Ve
1e-07
13.90496 0.746577306473334 -1.50885748422101
0 0

0101101
*
Ed
 1e-07 1 1 0
1  542 0 0 6.28318530717959
2  1179 386 0 0 6.28318530717959
2  1180 387 0 0 6.28318530717959
2  1181 383 0 0 6.28318530717959
0

0101000
+762 0 -762 0 *
Wi

0101100
-761 0 *
Fa
0  1e-07 383 0

0101000
+763 0 +760 0 *
Ve
1e-07
14.09504 0.746577306473334 -1.45605748422101
0 0

0101101
*
Ed
 1e-07 1 1 0
1  543 0 0 6.28318530717959
2  1182 384 0 0 6.28318530717959
2  1183 388 0 0 6.28318530717959
0

0101000
+758 0 -758 0 *
Ed
 1e-07 1 1 0
1  544 0 0 0.06336
3  1184 1185CN 384 0 0 0.06336
0

0101000
-758 0 +767 0 *
Wi

0101100
-757 0 +756 0 +766 0 -756 0 *
Fa
0  1e-07 384 0

0111000
+755 0 *
Ve
1e-07
13.96832 0.746577306473334 -1.50885748422101
0 0

0101101
*
Ed
 1e-07 1 1 0
1  545 0 0 0.06336
3  1186 1187CN 386 0 0 0.06336
0

0101000
-762 0 +753 0 *
Ed
 1e-07 1 1 0
1  546 0 0 6.28318530717959
2  1188 386 0 0 6.28318530717959
2  1189 389 0 0 6.28318530717959
2  1190 381 0 0 6.28318530717959
2  1191 375 0 0 6.28318530717959
0

0101000
+753 0 -753 0 *
Wi

0101100
-761 0 +752 0 +751 0 -752 0 *
Fa
0  1e-07 386 0

0111000
+750 0 *
Wi

0101100
+757 0 *
Ve
1e-07
14.09504 0.746577306473334 -1.46085748422101
0 0

0101101
*
Ed
 1e-07 1 1 0
1  547 0 0 6.28318530717959
2  1192 390 0 0 6.28318530717959
2  1193 391 0 0 6.28318530717959
2  1194 388 0 0 6.28318530717959
0

0101000
+747 0 -747 0 *
Wi

0101100
-746 0 *
Fa
0  1e-07 388 0

0101000
+748 0 +745 0 *
Wi

0101100
-751 0 *
Fa
0  1e-07 375 0

0101000
+743 0 *
Ve
1e-07
14.03168 0.746577306473334 -1.46085748422101
0 0

0101101
*
Ed
 1e-07 1 1 0
1  548 0 0 0.06336
3  1195 1196CN 390 0 0 0.06336
0

0101000
-747 0 +741 0 *
Ed
 1e-07 1 1 0
1  549 0 0 6.28318530717959
2  1197 390 0 0 6.28318530717959
2  1198 392 0 0 6.28318530717959
2  1199 385 0 0 6.28318530717959
2  1200 382 0 0 6.28318530717959
0

0101000
+741 0 -741 0 *
Wi

0101100
-746 0 +740 0 +739 0 -740 0 *
Fa
0  1e-07 390 0

0111000
+738 0 *
Wi

0101100
+739 0 *
Fa
0  1e-07 382 0

0101000
+736 0 *
Sh

0101100
-794 0 -787 0 +782 0 -777 0 +774 0 +769 0 +764 0 +759 0 +754 0 -749 0 
+744 0 -742 0 -737 0 +735 0 *
So

0100000
+734 0 *
Co

0100000
+733 0 *
Co

0100000
+732 61 *
Ve
1.00005e-07
14.0339108674424 0.746577306473334 -1.46412886947456
0 0

0101101
*
Ed
 1.00005e-07 1 1 0
1  550 0 0 6.28318530717959
2  1201 394 0 0 6.28318530717959
2  1202 393 0 0 6.28318530717959
0

0101000
+730 0 -730 0 *
Wi

0101100
+729 0 *
Ve
1.00005e-07
14.0336720585167 0.746577306473334 -1.46651695873106
0 0

0101101
*
Ed
 1.00005e-07 1 1 0
1  551 0 0 6.28318530717959
2  1203 395 0 0 6.28318530717959
2  1204 396 0 0 6.28318530717959
2  1205 393 0 0 6.28318530717959
0

0101000
+727 0 -727 0 *
Wi

0101100
-726 0 *
Fa
0  1e-07 393 0

0101000
+728 0 +725 0 *
Ve
1.00005e-07
14.1023880892565 0.746577306473334 -1.47097659165597
0 0

0101101
*
Ed
 1e-07 1 1 0
1  552 0 0 0.0688187562112085
3  1206 1207G1 394 0 0 0.0688187562112085
0

0101000
+730 0 -723 0 *
Ed
 1.00005e-07 1 1 0
1  553 0 0 6.28318530717959
2  1208 394 0 0 6.28318530717959
2  1209 397 0 0 6.28318530717959
0

0101000
+723 0 -723 0 *
Wi

0101100
+722 0 +729 0 -722 0 -721 0 *
Fa
0  1e-07 394 0

0101000
+720 0 *
Ve
1.00005e-07
14.1021492803309 0.746577306473334 -1.47336468091248
0 0

0101101
*
Ed
 1e-07 1 1 0
1  554 0 0 0.0688187562112085
3  1210 1211G1 395 0 0 0.0688187562112085
0

0101000
+727 0 -718 0 *
Ed
 1.00005e-07 1 1 0
1  555 0 0 6.28318530717959
2  1212 395 0 0 6.28318530717959
2  1213 398 0 0 6.28318530717959
2  1214 397 0 0 6.28318530717959
0

0101000
+718 0 -718 0 *
Wi

0101100
+717 0 +726 0 -717 0 -716 0 *
Fa
0  1e-07 395 0

0101000
+715 0 *
Wi

0101100
+721 0 *
Wi

0101100
-716 0 *
Fa
0  1e-07 397 0

0101000
+713 0 +712 0 *
Sh

0101100
-724 0 +719 0 -714 0 +711 0 *
So

0100000
+710 0 *
Co

0100000
+709 0 *
Ve
1.00005e-07
16.065965873663 -0.909129604887506 -1.4
0 0

0101101
*
Ed
 1.00005e-07 1 1 0
1  556 0 0 6.28318530717959
2  1215 400 0 0 6.28318530717959
2  1216 399 0 0 6.28318530717959
0

0101000
+707 0 -707 0 *
Wi

0101100
+706 0 *
Ve
1.00005e-07
16.0629661301796 -0.909168835408223 -1.4
0 0

0101101
*
Ed
 1.00005e-07 1 1 0
1  557 0 0 6.28318530717959
2  1217 401 0 0 6.28318530717959
2  1218 402 0 0 6.28318530717959
2  1219 399 0 0 6.28318530717959
0

0101000
+704 0 -704 0 *
Wi

0101100
-703 0 *
Fa
0  1e-07 399 0

0101000
+705 0 +702 0 *
Ve
6.3156674413013e-05
16.0636287341291 -0.730421319638708 -1.4
0 0

0101101
*
Ed
 1e-07 1 1 0
1  558 0 0 0.178723567102291
3  1220 1221G1 400 0 0 0.178723567102291
0

0101000
+707 0 -700 0 *
Ed
 6.3156674413013e-05 1 1 0
1  559 0 0 6.28318530717959
2  1222 400 0 0 6.28318530717959
2  1223 403 0 0 6.28318530717959
4 G1 403 0 400 0
0

0101000
+700 0 -700 0 *
Wi

0101100
+699 0 +706 0 -699 0 -698 0 *
Fa
0  1e-07 400 0

0101000
+697 0 *
Ve
4.42096720913457e-05
16.0606289906457 -0.730460550159425 -1.4
0 0

0101101
*
Ed
 1e-07 1 1 0
1  560 0 0 0.178723567102291
3  1224 1225G1 401 0 0 0.178723567102291
0

0101000
+704 0 -695 0 *
Ed
 4.42096720913457e-05 1 1 0
1  561 0 0 6.28318530717959
2  1226 401 0 0 6.28318530717959
2  1227 404 0 0 6.28318530717959
4 G1 404 0 401 0
0

0101000
+695 0 -695 0 *
Wi

0101100
+694 0 +703 0 -694 0 -693 0 *
Fa
0  1e-07 401 0

0101000
+692 0 *
Ve
6.31566744187748e-05
16.0746277935682 -0.719277474396077 -1.4
0 0

0101101
*
Ed
 1e-07 1 1 0
1  562 0 0 1
3  1228 1229G1 403 0 0 1
0

0101000
+700 0 -690 0 *
Ed
 6.31566744187748e-05 1 1 0
1  563 0 0 6.28318530717959
2  1230 403 0 0 6.28318530717959
2  1231 405 0 0 6.28318530717959
4 G1 405 0 403 0
0

0101000
+690 0 -690 0 *
Wi

0101100
+689 0 +698 0 -689 0 -688 0 *
Fa
0  1e-07 403 0

0101000
+687 0 *
Ve
4.42096720929493e-05
16.0746277935682 -0.716277474396077 -1.4
0 0

0101101
*
Ed
 1e-07 1 1 0
1  564 0 0 1
3  1232 1233G1 404 0 0 1
0

0101000
+695 0 -685 0 *
Ed
 4.42096720929493e-05 1 1 0
1  565 0 0 6.28318530717959
2  1234 404 0 0 6.28318530717959
2  1235 406 0 0 6.28318530717959
4 G1 406 0 404 0
0

0101000
+685 0 -685 0 *
Wi

0101100
+684 0 +693 0 -684 0 -683 0 *
Fa
0  1e-07 404 0

0101000
+682 0 *
Ve
1.00005e-07
21.0533513606705 -0.719277474396079 -1.4
0 0

0101101
*
Ed
 1e-07 1 1 0
1  566 0 0 4.97872356710229
3  1236 1237G1 405 0 0 4.97872356710229
0

0101000
+690 0 -680 0 *
Ed
 1.00005e-07 1 1 0
1  567 0 0 6.28318530717959
2  1238 405 0 0 6.28318530717959
2  1239 407 0 0 6.28318530717959
0

0101000
+680 0 -680 0 *
Wi

0101100
+679 0 +688 0 -679 0 -678 0 *
Fa
0  1e-07 405 0

0101000
+677 0 *
Ve
1.00005e-07
21.0533513606705 -0.716277474396079 -1.4
0 0

0101101
*
Ed
 1e-07 1 1 0
1  568 0 0 4.97872356710229
3  1240 1241G1 406 0 0 4.97872356710229
0

0101000
+685 0 -675 0 *
Ed
 1.00005e-07 1 1 0
1  569 0 0 6.28318530717959
2  1242 406 0 0 6.28318530717959
2  1243 408 0 0 6.28318530717959
2  1244 407 0 0 6.28318530717959
0

0101000
+675 0 -675 0 *
Wi

0101100
+674 0 +683 0 -674 0 -673 0 *
Fa
0  1e-07 406 0

0101000
+672 0 *
Wi

0101100
+678 0 *
Wi

0101100
-673 0 *
Fa
0  1e-07 407 0

0101000
+670 0 +669 0 *
Sh

0101100
-701 0 +696 0 -691 0 +686 0 -681 0 +676 0 -671 0 +668 0 *
So

0100000
+667 0 *
Co

0100000
+666 0 *
Ve
1.00005e-07
17.6004799040288 9.56644326618333 -0.651091551564805
0 0

0101101
*
Ed
 1.00005e-07 1 1 0
1  570 0 0 6.28318530717959
2  1245 410 0 0 6.28318530717959
2  1246 409 0 0 6.28318530717959
0

0101000
+664 0 -664 0 *
Wi

0101100
+663 0 *
Ve
1.00005e-07
17.6004319136259 9.56644326618333 -0.653491071708757
0 0

0101101
*
Ed
 1.00005e-07 1 1 0
1  571 0 0 6.28318530717959
2  1247 411 0 0 6.28318530717959
2  1248 412 0 0 6.28318530717959
2  1249 409 0 0 6.28318530717959
0

0101000
+661 0 -661 0 *
Wi

0101100
-660 0 *
Fa
0  1e-07 409 0

0101000
+662 0 +659 0 *
Ve
1.00005e-07
17.9688062381286 9.56644326618333 -0.658458078246801
0 0

0101101
*
Ed
 1e-07 1 1 0
1  572 0 0 0.368399992001596
3  1250 1251G1 410 0 0 0.368399992001596
0

0101000
+664 0 -657 0 *
Ed
 1.00005e-07 1 1 0
1  573 0 0 6.28318530717959
2  1252 410 0 0 6.28318530717959
2  1253 413 0 0 6.28318530717959
0

0101000
+657 0 -657 0 *
Wi

0101100
+656 0 +663 0 -656 0 -655 0 *
Fa
0  1e-07 410 0

0101000
+654 0 *
Ve
1.00005e-07
17.9687582477257 9.56644326618333 -0.660857598390753
0 0

0101101
*
Ed
 1e-07 1 1 0
1  574 0 0 0.368399992001596
3  1254 1255G1 411 0 0 0.368399992001596
0

0101000
+661 0 -652 0 *
Ed
 1.00005e-07 1 1 0
1  575 0 0 6.28318530717959
2  1256 411 0 0 6.28318530717959
2  1257 414 0 0 6.28318530717959
2  1258 413 0 0 6.28318530717959
0

0101000
+652 0 -652 0 *
Wi

0101100
+651 0 +660 0 -651 0 -650 0 *
Fa
0  1e-07 411 0

0101000
+649 0 *
Wi

0101100
+655 0 *
Wi

0101100
-650 0 *
Fa
0  1e-07 413 0

0101000
+647 0 +646 0 *
Sh

0101100
-658 0 +653 0 -648 0 +645 0 *
So

0100000
+644 0 *
Co

0100000
+643 0 *
Ve
1.00005e-07
17.6004799040288 -9.56644326618333 -0.651091551564805
0 0

0101101
*
Ed
 1.00005e-07 1 1 0
1  576 0 0 6.28318530717959
2  1259 416 0 0 6.28318530717959
2  1260 415 0 0 6.28318530717959
0

0101000
+641 0 -641 0 *
Wi

0101100
+640 0 *
Ve
1.00005e-07
17.6004319136259 -9.56644326618333 -0.653491071708757
0 0

0101101
*
Ed
 1.00005e-07 1 1 0
1  577 0 0 6.28318530717959
2  1261 417 0 0 6.28318530717959
2  1262 418 0 0 6.28318530717959
2  1263 415 0 0 6.28318530717959
0

0101000
+638 0 -638 0 *
Wi

0101100
-637 0 *
Fa
0  1e-07 415 0

0101000
+639 0 +636 0 *
Ve
1.00005e-07
17.9688062381286 -9.56644326618333 -0.658458078246801
0 0

0101101
*
Ed
 1e-07 1 1 0
1  578 0 0 0.368399992001596
3  1264 1265G1 416 0 0 0.368399992001596
0

0101000
+641 0 -634 0 *
Ed
 1.00005e-07 1 1 0
1  579 0 0 6.28318530717959
2  1266 416 0 0 6.28318530717959
2  1267 419 0 0 6.28318530717959
0

0101000
+634 0 -634 0 *
Wi

0101100
+633 0 +640 0 -633 0 -632 0 *
Fa
0  1e-07 416 0

0101000
+631 0 *
Ve
1.00005e-07
17.9687582477257 -9.56644326618333 -0.660857598390753
0 0

0101101
*
Ed
 1e-07 1 1 0
1  580 0 0 0.368399992001596
3  1268 1269G1 417 0 0 0.368399992001596
0

0101000
+638 0 -629 0 *
Ed
 1.00005e-07 1 1 0
1  581 0 0 6.28318530717959
2  1270 417 0 0 6.28318530717959
2  1271 420 0 0 6.28318530717959
2  1272 419 0 0 6.28318530717959
0

0101000
+629 0 -629 0 *
Wi

0101100
+628 0 +637 0 -628 0 -627 0 *
Fa
0  1e-07 417 0

0101000
+626 0 *
Wi

0101100
+632 0 *
Wi

0101100
-627 0 *
Fa
0  1e-07 419 0

0101000
+624 0 +623 0 *
Sh

0101100
-635 0 +630 0 -625 0 +622 0 *
So

0100000
+621 0 *
Co

0100000
+620 0 *
Ve
1.00005e-07
15.8532696111191 -1.7720999415995 -1.68333193597516
0 0

0101101
*
Ed
 1.00005e-07 1 1 0
1  582 0 0 6.28318530717959
2  1273 422 0 0 6.28318530717959
2  1274 421 0 0 6.28318530717959
0

0101000
+618 0 -618 0 *
Wi

0101100
+617 0 *
Ve
1.00005e-07
15.8532696111191 -1.77185429396004 -1.68134707899361
0 0

0101101
*
Ed
 1.00005e-07 1 1 0
1  583 0 0 6.28318530717959
2  1275 423 0 0 6.28318530717959
2  1276 424 0 0 6.28318530717959
2  1277 421 0 0 6.28318530717959
0

0101000
+615 0 -615 0 *
Wi

0101100
-614 0 *
Fa
0  1e-07 421 0

0101000
+616 0 +613 0 *
Ve
0.000126313348831726
15.8532696111191 -2.48921564605933 -1.59458106795108
0 0

0101101
*
Ed
 1e-07 1 1 0
1  584 0 0 0.722586776904998
3  1278 1279G1 422 0 0 0.722586776904998
0

0101000
+618 0 -611 0 *
Ed
 0.000126313348831726 1 1 0
1  585 0 0 6.28318530717959
2  1280 422 0 0 6.28318530717959
2  1281 425 0 0 6.28318530717959
4 G1 425 0 422 0
0

0101000
+611 0 -611 0 *
Wi

0101100
+610 0 +617 0 -610 0 -609 0 *
Fa
0  1e-07 422 0

0101000
+608 0 *
Ve
0.000113682013966836
15.8532696111191 -2.48896999841988 -1.59259621096952
0 0

0101101
*
Ed
 1e-07 1 1 0
1  586 0 0 0.722586776904998
3  1282 1283G1 423 0 0 0.722586776904998
0

0101000
+615 0 -606 0 *
Ed
 0.000113682013966836 1 1 0
1  587 0 0 6.28318530717959
2  1284 423 0 0 6.28318530717959
2  1285 426 0 0 6.28318530717959
4 G1 426 0 423 0
0

0101000
+606 0 -606 0 *
Wi

0101100
+605 0 +614 0 -605 0 -604 0 *
Fa
0  1e-07 423 0

0101000
+603 0 *
Ve
0.000126313348836456
15.8556606798057 -2.50576404009484 -1.59198981931658
0 0

0101101
*
Ed
 1e-07 1 1 0
1  588 0 0 1
3  1286 1287G1 425 0 0 1
0

0101000
+611 0 -601 0 *
Ed
 0.000126313348836456 1 1 0
1  589 0 0 6.28318530717959
2  1288 425 0 0 6.28318530717959
2  1289 427 0 0 6.28318530717959
4 G1 427 0 425 0
0

0101000
+601 0 -601 0 *
Wi

0101100
+600 0 +609 0 -600 0 -599 0 *
Fa
0  1e-07 425 0

0101000
+598 0 *
Ve
0.000113682013953609
15.8556426694528 -2.50539374425217 -1.59002448051217
0 0

0101101
*
Ed
 1e-07 1 1 0
1  590 0 0 1
3  1290 1291G1 426 0 0 1
0

0101000
+606 0 -596 0 *
Ed
 0.000113682013953609 1 1 0
1  591 0 0 6.28318530717959
2  1292 426 0 0 6.28318530717959
2  1293 428 0 0 6.28318530717959
4 G1 428 0 426 0
0

0101000
+596 0 -596 0 *
Wi

0101100
+595 0 +604 0 -595 0 -594 0 *
Fa
0  1e-07 426 0

0101000
+593 0 *
Ve
0.000126313348849125
16.0511481910244 -3.16497528366397 -1.46599424978554
0 0

0101101
*
Ed
 1e-07 1 1 0
1  592 0 0 0.69903484479096
3  1294 1295G1 427 0 0 0.69903484479096
0

0101000
+601 0 -591 0 *
Ed
 0.000126313348849125 1 1 0
1  593 0 0 6.28318530717959
2  1296 427 0 0 6.28318530717959
2  1297 429 0 0 6.28318530717959
4 G1 429 0 427 0
0

0101000
+591 0 -591 0 *
Wi

0101100
+590 0 +599 0 -590 0 -589 0 *
Fa
0  1e-07 427 0

0101000
+588 0 *
Ve
0.00011368201397559
16.0511301806716 -3.1646049878213 -1.46402891098114
0 0

0101101
*
Ed
 1e-07 1 1 0
1  594 0 0 0.69903484479096
3  1298 1299G1 428 0 0 0.69903484479096
0

0101000
+596 0 -586 0 *
Ed
 0.00011368201397559 1 1 0
1  595 0 0 6.28318530717959
2  1300 428 0 0 6.28318530717959
2  1301 430 0 0 6.28318530717959
4 G1 430 0 428 0
0

0101000
+586 0 -586 0 *
Wi

0101100
+585 0 +594 0 -585 0 -584 0 *
Fa
0  1e-07 428 0

0101000
+583 0 *
Ve
0.000126313348850879
16.0533591405914 -3.18123385880348 -1.46271446857884
0 0

0101101
*
Ed
 1e-07 1 1 0
1  596 0 0 1
3  1302 1303G1 429 0 0 1
0

0101000
+591 0 -581 0 *
Ed
 0.000126313348850879 1 1 0
1  597 0 0 6.28318530717959
2  1304 429 0 0 6.28318530717959
2  1305 431 0 0 6.28318530717959
4 G1 431 0 429 0
0

0101000
+581 0 -581 0 *
Wi

0101100
+580 0 +589 0 -580 0 -579 0 *
Fa
0  1e-07 429 0

0101000
+578 0 *
Ve
0.000113682013956428
16.0533350406981 -3.18081878254052 -1.46075816316018
0 0

0101101
*
Ed
 1e-07 1 1 0
1  598 0 0 1
3  1306 1307G1 430 0 0 1
0

0101000
+586 0 -576 0 *
Ed
 0.000113682013956428 1 1 0
1  599 0 0 6.28318530717959
2  1308 430 0 0 6.28318530717959
2  1309 432 0 0 6.28318530717959
4 G1 432 0 430 0
0

0101000
+576 0 -576 0 *
Wi

0101100
+575 0 +584 0 -575 0 -574 0 *
Fa
0  1e-07 430 0

0101000
+573 0 *
Ve
0.000126313348847516
16.0012167288296 -5.95229645573692 -0.875410630615081
0 0

0101101
*
Ed
 1e-07 1 1 0
1  600 0 0 2.83309592942329
3  1310 1311G1 431 0 0 2.83309592942329
0

0101000
+581 0 -571 0 *
Ed
 0.000126313348847516 1 1 0
1  601 0 0 6.28318530717959
2  1312 431 0 0 6.28318530717959
2  1313 433 0 0 6.28318530717959
4 G1 433 0 431 0
0

0101000
+571 0 -571 0 *
Wi

0101100
+570 0 +579 0 -570 0 -569 0 *
Fa
0  1e-07 431 0

0101000
+568 0 *
Ve
0.000113682013974488
16.0011926289363 -5.95188137947396 -0.873454325196424
0 0

0101101
*
Ed
 1e-07 1 1 0
1  602 0 0 2.83309592942329
3  1314 1315G1 432 0 0 2.83309592942329
0

0101000
+576 0 -566 0 *
Ed
 0.000113682013974488 1 1 0
1  603 0 0 6.28318530717959
2  1316 432 0 0 6.28318530717959
2  1317 434 0 0 6.28318530717959
4 G1 434 0 432 0
0

0101000
+566 0 -566 0 *
Wi

0101100
+565 0 +574 0 -565 0 -564 0 *
Fa
0  1e-07 432 0

0101000
+563 0 *
Ve
0.000126313348836569
15.9469848765079 -6.00438222466141 -0.86437148194103
0 0

0101101
*
Ed
 1e-07 1 1 0
1  604 0 0 1
3  1318 1319G1 433 0 0 1
0

0101000
+571 0 -561 0 *
Ed
 0.000126313348836569 1 1 0
1  605 0 0 6.28318530717959
2  1320 433 0 0 6.28318530717959
2  1321 435 0 0 6.28318530717959
4 G1 435 0 433 0
0

0101000
+561 0 -561 0 *
Wi

0101100
+560 0 +569 0 -560 0 -559 0 *
Fa
0  1e-07 433 0

0101000
+558 0 *
Ve
0.000113682013952489
15.9469848765079 -6.00394400219527 -0.862420082169029
0 0

0101101
*
Ed
 1e-07 1 1 0
1  606 0 0 1
3  1322 1323G1 434 0 0 1
0

0101000
+566 0 -556 0 *
Ed
 0.000113682013952489 1 1 0
1  607 0 0 6.28318530717959
2  1324 434 0 0 6.28318530717959
2  1325 436 0 0 6.28318530717959
4 G1 436 0 434 0
0

0101000
+556 0 -556 0 *
Wi

0101100
+555 0 +564 0 -555 0 -554 0 *
Fa
0  1e-07 434 0

0101000
+553 0 *
Ve
1.00005e-07
15.7264 -6.00438222466141 -0.86437148194103
0 0

0101101
*
Ed
 1e-07 1 1 0
1  608 0 0 0.220584876507903
3  1326 1327G1 435 0 0 0.220584876507903
0

0101000
+561 0 -551 0 *
Ed
 1.00005e-07 1 1 0
1  609 0 0 6.28318530717959
2  1328 435 0 0 6.28318530717959
2  1329 437 0 0 6.28318530717959
0

0101000
+551 0 -551 0 *
Wi

0101100
+550 0 +559 0 -550 0 -549 0 *
Fa
0  1e-07 435 0

0101000
+548 0 *
Ve
1.00005e-07
15.7264 -6.00394400219527 -0.862420082169028
0 0

0101101
*
Ed
 1e-07 1 1 0
1  610 0 0 0.220584876507903
3  1330 1331G1 436 0 0 0.220584876507903
0

0101000
+556 0 -546 0 *
Ed
 1.00005e-07 1 1 0
1  611 0 0 6.28318530717959
2  1332 436 0 0 6.28318530717959
2  1333 438 0 0 6.28318530717959
2  1334 437 0 0 6.28318530717959
0

0101000
+546 0 -546 0 *
Wi

0101100
+545 0 +554 0 -545 0 -544 0 *
Fa
0  1e-07 436 0

0101000
+543 0 *
Wi

0101100
+549 0 *
Wi

0101100
-544 0 *
Fa
0  1e-07 437 0

0101000
+541 0 +540 0 *
Sh

0101100
-612 0 +607 0 -602 0 +597 0 -592 0 +587 0 -582 0 +577 0 -572 0 +567 0 
-562 0 +557 0 -552 0 +547 0 -542 0 +539 0 *
So

0100000
+538 0 *
Co

0100000
+537 0 *
Ve
1e-07
15.8268696111191 1.71704335304841 -1.64032591500041
0 0

0101101
*
Ve
1e-07
15.8268696111191 1.71704335304841 -1.69312591500041
0 0

0101101
*
Ed
 1e-07 1 1 0
1  612 0 0 0.0528
2  1335 439 0 0 0.0528
2  1336 440 0 0 0.0528
0

0101000
-535 0 +534 0 *
Ve
1e-07
15.8268696111191 1.76984335304841 -1.64032591500041
0 0

0101101
*
Ed
 1e-07 1 1 0
1  613 0 0 0.0528
2  1337 439 0 0 0.0528
2  1338 441 0 0 0.0528
0

0101000
-532 0 +535 0 *
Ve
1e-07
15.8268696111191 1.76984335304841 -1.69312591500041
0 0

0101101
*
Ed
 1e-07 1 1 0
1  614 0 0 0.0528
2  1339 439 0 0 0.0528
2  1340 442 0 0 0.0528
0

0101000
-530 0 +534 0 *
Ed
 1e-07 1 1 0
1  615 0 0 0.0528
2  1341 439 0 0 0.0528
2  1342 443 0 0 0.0528
0

0101000
-532 0 +530 0 *
Wi

0101100
-533 0 -531 0 +529 0 +528 0 *
Ve
1e-07
15.8268696111191 1.74344335304841 -1.69072591500041
0 0

0101101
*
Ed
 1e-07 1 1 0
1  616 0 0 6.28318530717959
2  1343 444 0 0 6.28318530717959
2  1344 445 0 0 6.28318530717959
2  1345 439 0 0 6.28318530717959
0

0101000
+526 0 -526 0 *
Wi

0101100
+525 0 *
Fa
0  1e-07 439 0

0101000
+527 0 +524 0 *
Ve
1e-07
15.8796696111191 1.71704335304841 -1.69312591500041
0 0

0101101
*
Ed
 1e-07 1 1 0
1  617 0 0 0.0527999999999995
2  1346 440 0 0 0.0527999999999995
2  1347 442 0 0 0.0527999999999995
0

0101000
-522 0 +534 0 *
Ve
1e-07
15.8796696111191 1.71704335304841 -1.64032591500041
0 0

0101101
*
Ed
 1e-07 1 1 0
1  618 0 0 0.0528
2  1348 446 0 0 0.0528
2  1349 440 0 0 0.0528
0

0101000
-520 0 +522 0 *
Ed
 1e-07 1 1 0
1  619 0 0 0.0527999999999995
2  1350 440 0 0 0.0527999999999995
2  1351 441 0 0 0.0527999999999995
0

0101000
-520 0 +535 0 *
Wi

0101100
-521 0 -519 0 +518 0 +533 0 *
Fa
0  1e-07 440 0

0111000
+517 0 *
Ve
1e-07
15.8796696111191 1.76984335304841 -1.64032591500041
0 0

0101101
*
Ed
 1e-07 1 1 0
1  620 0 0 0.0527999999999995
2  1352 443 0 0 0.0527999999999995
2  1353 441 0 0 0.0527999999999995
0

0101000
-515 0 +532 0 *
Ed
 1e-07 1 1 0
1  621 0 0 0.0528
2  1354 446 0 0 0.0528
2  1355 441 0 0 0.0528
0

0101000
-515 0 +520 0 *
Wi

0101100
-531 0 -514 0 +513 0 +518 0 *
Fa
0  1e-07 441 0

0111000
+512 0 *
Ve
1e-07
15.8796696111191 1.76984335304841 -1.69312591500041
0 0

0101101
*
Ed
 1e-07 1 1 0
1  622 0 0 0.0527999999999995
2  1356 443 0 0 0.0527999999999995
2  1357 442 0 0 0.0527999999999995
0

0101000
-510 0 +530 0 *
Ed
 1e-07 1 1 0
1  623 0 0 0.0528
2  1358 446 0 0 0.0528
2  1359 442 0 0 0.0528
0

0101000
-510 0 +522 0 *
Wi

0101100
-529 0 -509 0 +508 0 +521 0 *
Fa
0  1e-07 442 0

0111000
+507 0 *
Ed
 1e-07 1 1 0
1  624 0 0 0.0528
2  1360 446 0 0 0.0528
2  1361 443 0 0 0.0528
0

0101000
-515 0 +510 0 *
Wi

0101100
-509 0 -505 0 +514 0 +528 0 *
Fa
0  1e-07 443 0

0111000
+504 0 *
Ve
1e-07
15.7740696111191 1.74344335304841 -1.69072591500041
0 0

0101101
*
Ed
 1e-07 1 1 0
1  625 0 0 6.28318530717959
2  1362 444 0 0 6.28318530717959
2  1363 447 0 0 6.28318530717959
0

0101000
+502 0 -502 0 *
Ed
 1e-07 1 1 0
1  626 0 0 0.0528
3  1364 1365CN 444 0 0 0.0528
0

0101000
-502 0 +526 0 *
Wi

0101100
-501 0 +500 0 +525 0 -500 0 *
Fa
0  1e-07 444 0

0111000
+499 0 *
Wi

0101100
-519 0 -513 0 +508 0 +505 0 *
Ve
1.00000001776357e-07
15.8796696111191 1.74344335304841 -1.64272591500041
0 0

0101101
*
Ed
 1.00000001776357e-07 1 1 0
1  627 0 0 6.28318530717959
2  1366 448 0 0 6.28318530717959
2  1367 449 0 0 6.28318530717959
2  1368 446 0 0 6.28318530717959
0

0101000
+496 0 -496 0 *
Wi

0101100
-495 0 *
Fa
0  1e-07 446 0

0101000
+497 0 +494 0 *
Wi

0101100
+501 0 *
Ve
1e-07
15.7740696111191 1.74344335304841 -1.68672591500041
0 0

0101101
*
Ed
 1e-07 1 1 0
1  628 0 0 6.28318530717959
2  1369 450 0 0 6.28318530717959
2  1370 451 0 0 6.28318530717959
2  1371 447 0 0 6.28318530717959
0

0101000
+491 0 -491 0 *
Wi

0101100
-490 0 *
Fa
0  1e-07 447 0

0101000
+492 0 +489 0 *
Ve
1e-07
15.9324696111191 1.74344335304841 -1.64272591500041
0 0

0101101
*
Ed
 1e-07 1 1 0
1  629 0 0 6.28318530717959
2  1372 448 0 0 6.28318530717959
2  1373 452 0 0 6.28318530717959
0

0101000
+487 0 -487 0 *
Ed
 1e-07 1 1 0
1  630 0 0 0.0528
3  1374 1375CN 448 0 0 0.0528
0

0101000
-487 0 +496 0 *
Wi

0101100
-486 0 +485 0 +495 0 -485 0 *
Fa
0  1e-07 448 0

0111000
+484 0 *
Ve
1e-07
15.8268696111191 1.74344335304841 -1.68672591500041
0 0

0101101
*
Ed
 1e-07 1 1 0
1  631 0 0 0.0528
3  1376 1377CN 450 0 0 0.0528
0

0101000
-491 0 +482 0 *
Ed
 1e-07 1 1 0
1  632 0 0 6.28318530717959
2  1378 450 0 0 6.28318530717959
2  1379 453 0 0 6.28318530717959
2  1380 445 0 0 6.28318530717959
2  1381 439 0 0 6.28318530717959
0

0101000
+482 0 -482 0 *
Wi

0101100
-490 0 +481 0 +480 0 -481 0 *
Fa
0  1e-07 450 0

0111000
+479 0 *
Wi

0101100
+486 0 *
Ve
1e-07
15.9324696111191 1.74344335304841 -1.64672591500041
0 0

0101101
*
Ed
 1e-07 1 1 0
1  633 0 0 6.28318530717959
2  1382 454 0 0 6.28318530717959
2  1383 455 0 0 6.28318530717959
2  1384 452 0 0 6.28318530717959
0

0101000
+476 0 -476 0 *
Wi

0101100
-475 0 *
Fa
0  1e-07 452 0

0101000
+477 0 +474 0 *
Wi

0101100
-480 0 *
Fa
0  1e-07 439 0

0101000
+472 0 *
Ve
1.00000001776357e-07
15.8796696111191 1.74344335304841 -1.64672591500041
0 0

0101101
*
Ed
 1e-07 1 1 0
1  634 0 0 0.0528
3  1385 1386CN 454 0 0 0.0528
0

0101000
-476 0 +470 0 *
Ed
 1.00000001776357e-07 1 1 0
1  635 0 0 6.28318530717959
2  1387 454 0 0 6.28318530717959
2  1388 456 0 0 6.28318530717959
2  1389 449 0 0 6.28318530717959
2  1390 446 0 0 6.28318530717959
0

0101000
+470 0 -470 0 *
Wi

0101100
-475 0 +469 0 +468 0 -469 0 *
Fa
0  1e-07 454 0

0111000
+467 0 *
Wi

0101100
+468 0 *
Fa
0  1e-07 446 0

0101000
+465 0 *
Sh

0101100
-523 0 -516 0 +511 0 -506 0 +503 0 +498 0 +493 0 +488 0 +483 0 -478 0 
+473 0 -471 0 -466 0 +464 0 *
So

0100000
+463 0 *
Co

0100000
+462 0 *
Co

0100000
+461 65 *
Ve
1.00005e-07
14.2023880892565 -2.76644326618333 -1.32097659165597
0 0

0101101
*
Ed
 1.00005e-07 1 1 0
1  636 0 0 6.28318530717959
2  1391 458 0 0 6.28318530717959
2  1392 457 0 0 6.28318530717959
0

0101000
+459 0 -459 0 *
Wi

0101100
+458 0 *
Ve
1.00005e-07
14.2021492803309 -2.76644326618333 -1.32336468091248
0 0

0101101
*
Ed
 1.00005e-07 1 1 0
1  637 0 0 6.28318530717959
2  1393 459 0 0 6.28318530717959
2  1394 460 0 0 6.28318530717959
2  1395 457 0 0 6.28318530717959
0

0101000
+456 0 -456 0 *
Wi

0101100
-455 0 *
Fa
0  1e-07 457 0

0101000
+457 0 +454 0 *
Ve
1.00005e-07
14.5708653110707 -2.76644326618333 -1.35782431383739
0 0

0101101
*
Ed
 1e-07 1 1 0
1  638 0 0 0.370315024844836
3  1396 1397G1 458 0 0 0.370315024844836
0

0101000
+459 0 -452 0 *
Ed
 1.00005e-07 1 1 0
1  639 0 0 6.28318530717959
2  1398 458 0 0 6.28318530717959
2  1399 461 0 0 6.28318530717959
0

0101000
+452 0 -452 0 *
Wi

0101100
+451 0 +458 0 -451 0 -450 0 *
Fa
0  1e-07 458 0

0101000
+449 0 *
Ve
1.00005e-07
14.570626502145 -2.76644326618333 -1.36021240309389
0 0

0101101
*
Ed
 1e-07 1 1 0
1  640 0 0 0.370315024844836
3  1400 1401G1 459 0 0 0.370315024844836
0

0101000
+456 0 -447 0 *
Ed
 1.00005e-07 1 1 0
1  641 0 0 6.28318530717959
2  1402 459 0 0 6.28318530717959
2  1403 462 0 0 6.28318530717959
2  1404 461 0 0 6.28318530717959
0

0101000
+447 0 -447 0 *
Wi

0101100
+446 0 +455 0 -446 0 -445 0 *
Fa
0  1e-07 459 0

0101000
+444 0 *
Wi

0101100
+450 0 *
Wi

0101100
-445 0 *
Fa
0  1e-07 461 0

0101000
+442 0 +441 0 *
Sh

0101100
-453 0 +448 0 -443 0 +440 0 *
So

0100000
+439 0 *
Co

0100000
+438 0 *
Ve
1.00005e-07
15.3532696111191 -0.0264000000000006 -1.67969038793052
0 0

0101101
*
Ed
 1.00005e-07 1 1 0
1  642 0 0 6.28318530717959
2  1405 464 0 0 6.28318530717959
2  1406 463 0 0 6.28318530717959
0

0101000
+436 0 -436 0 *
Wi

0101100
+435 0 *
Ve
1.00005e-07
15.3532696111191 -0.0264000000000006 -1.67769038793052
0 0

0101101
*
Ed
 1.00005e-07 1 1 0
1  643 0 0 6.28318530717959
2  1407 465 0 0 6.28318530717959
2  1408 466 0 0 6.28318530717959
2  1409 463 0 0 6.28318530717959
0

0101000
+433 0 -433 0 *
Wi

0101100
-432 0 *
Fa
0  1e-07 463 0

0101000
+434 0 +431 0 *
Ve
0.000126313348878207
15.3532696111191 -0.455340654167763 -1.67969038793052
0 0

0101101
*
Ed
 1e-07 1 1 0
1  644 0 0 0.428940654167762
3  1410 1411G1 464 0 0 0.428940654167762
0

0101000
+436 0 -429 0 *
Ed
 0.000126313348878207 1 1 0
1  645 0 0 6.28318530717959
2  1412 464 0 0 6.28318530717959
2  1413 467 0 0 6.28318530717959
4 G1 467 0 464 0
0

0101000
+429 0 -429 0 *
Wi

0101100
+428 0 +435 0 -428 0 -427 0 *
Fa
0  1e-07 464 0

0101000
+426 0 *
Ve
0.000113682013982299
15.3532696111191 -0.455340654167763 -1.67769038793052
0 0

0101101
*
Ed
 1e-07 1 1 0
1  646 0 0 0.428940654167762
3  1414 1415G1 465 0 0 0.428940654167762
0

0101000
+433 0 -424 0 *
Ed
 0.000113682013982299 1 1 0
1  647 0 0 6.28318530717959
2  1416 465 0 0 6.28318530717959
2  1417 468 0 0 6.28318530717959
4 G1 468 0 465 0
0

0101000
+424 0 -424 0 *
Wi

0101100
+423 0 +432 0 -423 0 -422 0 *
Fa
0  1e-07 465 0

0101000
+421 0 *
Ve
0.000126313348836999
15.4023748137602 -0.505418331464999 -1.68951142845875
0 0

0101101
*
Ed
 1e-07 1 1 0
1  648 0 0 1
3  1418 1419G1 467 0 0 1
0

0101000
+429 0 -419 0 *
Ed
 0.000126313348836999 1 1 0
1  649 0 0 6.28318530717959
2  1420 467 0 0 6.28318530717959
2  1421 469 0 0 6.28318530717959
4 G1 469 0 467 0
0

0101000
+419 0 -419 0 *
Wi

0101100
+418 0 +427 0 -418 0 -417 0 *
Fa
0  1e-07 467 0

0101000
+416 0 *
Ve
0.00011368201396173
15.4027594291448 -0.505810563735276 -1.68758835153567
0 0

0101101
*
Ed
 1e-07 1 1 0
1  650 0 0 1
3  1422 1423G1 468 0 0 1
0

0101000
+424 0 -414 0 *
Ed
 0.00011368201396173 1 1 0
1  651 0 0 6.28318530717959
2  1424 468 0 0 6.28318530717959
2  1425 470 0 0 6.28318530717959
4 G1 470 0 468 0
0

0101000
+414 0 -414 0 *
Wi

0101100
+413 0 +422 0 -413 0 -412 0 *
Fa
0  1e-07 468 0

0101000
+411 0 *
Ve
1.00005e-07
15.8494234572729 -0.505418331464999 -1.77892115716129
0 0

0101101
*
Ed
 1e-07 1 1 0
1  652 0 0 0.455901951359279
3  1426 1427G1 469 0 0 0.455901951359279
0

0101000
+419 0 -409 0 *
Ed
 1.00005e-07 1 1 0
1  653 0 0 6.28318530717959
2  1428 469 0 0 6.28318530717959
2  1429 471 0 0 6.28318530717959
0

0101000
+409 0 -409 0 *
Wi

0101100
+408 0 +417 0 -408 0 -407 0 *
Fa
0  1e-07 469 0

0101000
+406 0 *
Ve
1.00005e-07
15.8498080726575 -0.505810563735276 -1.77699808023821
0 0

0101101
*
Ed
 1e-07 1 1 0
1  654 0 0 0.455901951359279
3  1430 1431G1 470 0 0 0.455901951359279
0

0101000
+414 0 -404 0 *
Ed
 1.00005e-07 1 1 0
1  655 0 0 6.28318530717959
2  1432 470 0 0 6.28318530717959
2  1433 472 0 0 6.28318530717959
2  1434 471 0 0 6.28318530717959
0

0101000
+404 0 -404 0 *
Wi

0101100
+403 0 +412 0 -403 0 -402 0 *
Fa
0  1e-07 470 0

0101000
+401 0 *
Wi

0101100
+407 0 *
Wi

0101100
-402 0 *
Fa
0  1e-07 471 0

0101000
+399 0 +398 0 *
Sh

0101100
-430 0 +425 0 -420 0 +415 0 -410 0 +405 0 -400 0 +397 0 *
So

0100000
+396 0 *
Co

0100000
+395 0 *
Ve
1e-07
15.8268696111191 -0.0264 -1.73329038793052
0 0

0101101
*
Ve
1e-07
15.8268696111191 -0.0264 -1.78609038793052
0 0

0101101
*
Ed
 1e-07 1 1 0
1  656 0 0 0.0528
2  1435 473 0 0 0.0528
2  1436 474 0 0 0.0528
0

0101000
-393 0 +392 0 *
Ve
1e-07
15.8268696111191 0.0264 -1.73329038793052
0 0

0101101
*
Ed
 1e-07 1 1 0
1  657 0 0 0.0528
2  1437 473 0 0 0.0528
2  1438 475 0 0 0.0528
0

0101000
-390 0 +393 0 *
Ve
1e-07
15.8268696111191 0.0264 -1.78609038793052
0 0

0101101
*
Ed
 1e-07 1 1 0
1  658 0 0 0.0528
2  1439 473 0 0 0.0528
2  1440 476 0 0 0.0528
0

0101000
-388 0 +392 0 *
Ed
 1e-07 1 1 0
1  659 0 0 0.0528
2  1441 473 0 0 0.0528
2  1442 477 0 0 0.0528
0

0101000
-390 0 +388 0 *
Wi

0101100
-391 0 -389 0 +387 0 +386 0 *
Ve
1e-07
15.8268696111191 5.87830463590728e-18 -1.78369038793052
0 0

0101101
*
Ed
 1e-07 1 1 0
1  660 0 0 6.28318530717959
2  1443 478 0 0 6.28318530717959
2  1444 479 0 0 6.28318530717959
2  1445 473 0 0 6.28318530717959
0

0101000
+384 0 -384 0 *
Wi

0101100
+383 0 *
Fa
0  1e-07 473 0

0101000
+385 0 +382 0 *
Ve
1e-07
15.8796696111191 -0.0264 -1.78609038793052
0 0

0101101
*
Ed
 1e-07 1 1 0
1  661 0 0 0.0527999999999995
2  1446 474 0 0 0.0527999999999995
2  1447 476 0 0 0.0527999999999995
0

0101000
-380 0 +392 0 *
Ve
1e-07
15.8796696111191 -0.0264 -1.73329038793052
0 0

0101101
*
Ed
 1e-07 1 1 0
1  662 0 0 0.0528
2  1448 480 0 0 0.0528
2  1449 474 0 0 0.0528
0

0101000
-378 0 +380 0 *
Ed
 1e-07 1 1 0
1  663 0 0 0.0527999999999995
2  1450 474 0 0 0.0527999999999995
2  1451 475 0 0 0.0527999999999995
0

0101000
-378 0 +393 0 *
Wi

0101100
-379 0 -377 0 +376 0 +391 0 *
Fa
0  1e-07 474 0

0111000
+375 0 *
Ve
1e-07
15.8796696111191 0.0264 -1.73329038793052
0 0

0101101
*
Ed
 1e-07 1 1 0
1  664 0 0 0.0527999999999995
2  1452 477 0 0 0.0527999999999995
2  1453 475 0 0 0.0527999999999995
0

0101000
-373 0 +390 0 *
Ed
 1e-07 1 1 0
1  665 0 0 0.0528
2  1454 480 0 0 0.0528
2  1455 475 0 0 0.0528
0

0101000
-373 0 +378 0 *
Wi

0101100
-389 0 -372 0 +371 0 +376 0 *
Fa
0  1e-07 475 0

0111000
+370 0 *
Ve
1e-07
15.8796696111191 0.0264 -1.78609038793052
0 0

0101101
*
Ed
 1e-07 1 1 0
1  666 0 0 0.0527999999999995
2  1456 477 0 0 0.0527999999999995
2  1457 476 0 0 0.0527999999999995
0

0101000
-368 0 +388 0 *
Ed
 1e-07 1 1 0
1  667 0 0 0.0528
2  1458 480 0 0 0.0528
2  1459 476 0 0 0.0528
0

0101000
-368 0 +380 0 *
Wi

0101100
-387 0 -367 0 +366 0 +379 0 *
Fa
0  1e-07 476 0

0111000
+365 0 *
Ed
 1e-07 1 1 0
1  668 0 0 0.0528
2  1460 480 0 0 0.0528
2  1461 477 0 0 0.0528
0

0101000
-373 0 +368 0 *
Wi

0101100
-367 0 -363 0 +372 0 +386 0 *
Fa
0  1e-07 477 0

0111000
+362 0 *
Ve
1e-07
15.7740696111191 5.87830463590728e-18 -1.78369038793052
0 0

0101101
*
Ed
 1e-07 1 1 0
1  669 0 0 6.28318530717959
2  1462 478 0 0 6.28318530717959
2  1463 481 0 0 6.28318530717959
0

0101000
+360 0 -360 0 *
Ed
 1e-07 1 1 0
1  670 0 0 0.0528
3  1464 1465CN 478 0 0 0.0528
0

0101000
-360 0 +384 0 *
Wi

0101100
-359 0 +358 0 +383 0 -358 0 *
Fa
0  1e-07 478 0

0111000
+357 0 *
Wi

0101100
-377 0 -371 0 +366 0 +363 0 *
Ve
1.00000001776357e-07
15.8796696111191 5.87830463590733e-18 -1.73569038793052
0 0

0101101
*
Ed
 1.00000001776357e-07 1 1 0
1  671 0 0 6.28318530717959
2  1466 482 0 0 6.28318530717959
2  1467 483 0 0 6.28318530717959
2  1468 480 0 0 6.28318530717959
0

0101000
+354 0 -354 0 *
Wi

0101100
-353 0 *
Fa
0  1e-07 480 0

0101000
+355 0 +352 0 *
Wi

0101100
+359 0 *
Ve
1e-07
15.7740696111191 4.8985871965894e-18 -1.77969038793052
0 0

0101101
*
Ed
 1e-07 1 1 0
1  672 0 0 6.28318530717959
2  1469 484 0 0 6.28318530717959
2  1470 485 0 0 6.28318530717959
2  1471 481 0 0 6.28318530717959
0

0101000
+349 0 -349 0 *
Wi

0101100
-348 0 *
Fa
0  1e-07 481 0

0101000
+350 0 +347 0 *
Ve
1e-07
15.9324696111191 5.87830463590733e-18 -1.73569038793052
0 0

0101101
*
Ed
 1e-07 1 1 0
1  673 0 0 6.28318530717959
2  1472 482 0 0 6.28318530717959
2  1473 486 0 0 6.28318530717959
0

0101000
+345 0 -345 0 *
Ed
 1e-07 1 1 0
1  674 0 0 0.0528
3  1474 1475CN 482 0 0 0.0528
0

0101000
-345 0 +354 0 *
Wi

0101100
-344 0 +343 0 +353 0 -343 0 *
Fa
0  1e-07 482 0

0111000
+342 0 *
Ve
1e-07
15.8268696111191 4.8985871965894e-18 -1.77969038793052
0 0

0101101
*
Ed
 1e-07 1 1 0
1  675 0 0 0.0528
3  1476 1477CN 484 0 0 0.0528
0

0101000
-349 0 +340 0 *
Ed
 1e-07 1 1 0
1  676 0 0 6.28318530717959
2  1478 484 0 0 6.28318530717959
2  1479 487 0 0 6.28318530717959
2  1480 479 0 0 6.28318530717959
2  1481 473 0 0 6.28318530717959
0

0101000
+340 0 -340 0 *
Wi

0101100
-348 0 +339 0 +338 0 -339 0 *
Fa
0  1e-07 484 0

0111000
+337 0 *
Wi

0101100
+344 0 *
Ve
1e-07
15.9324696111191 4.89858719658945e-18 -1.73969038793052
0 0

0101101
*
Ed
 1e-07 1 1 0
1  677 0 0 6.28318530717959
2  1482 488 0 0 6.28318530717959
2  1483 489 0 0 6.28318530717959
2  1484 486 0 0 6.28318530717959
0

0101000
+334 0 -334 0 *
Wi

0101100
-333 0 *
Fa
0  1e-07 486 0

0101000
+335 0 +332 0 *
Wi

0101100
-338 0 *
Fa
0  1e-07 473 0

0101000
+330 0 *
Ve
1.00000001776357e-07
15.8796696111191 4.89858719658945e-18 -1.73969038793052
0 0

0101101
*
Ed
 1e-07 1 1 0
1  678 0 0 0.0528
3  1485 1486CN 488 0 0 0.0528
0

0101000
-334 0 +328 0 *
Ed
 1.00000001776357e-07 1 1 0
1  679 0 0 6.28318530717959
2  1487 488 0 0 6.28318530717959
2  1488 490 0 0 6.28318530717959
2  1489 483 0 0 6.28318530717959
2  1490 480 0 0 6.28318530717959
0

0101000
+328 0 -328 0 *
Wi

0101100
-333 0 +327 0 +326 0 -327 0 *
Fa
0  1e-07 488 0

0111000
+325 0 *
Wi

0101100
+326 0 *
Fa
0  1e-07 480 0

0101000
+323 0 *
Sh

0101100
-381 0 -374 0 +369 0 -364 0 +361 0 +356 0 +351 0 +346 0 +341 0 -336 0 
+331 0 -329 0 -324 0 +322 0 *
So

0100000
+321 0 *
Co

0100000
+320 0 *
Co

0100000
+319 69 *
Ve
1.00005e-07
14.793508048155 3.17256777869517 -1.40971427182182
0 0

0101101
*
Ed
 1.00005e-07 1 1 0
1  680 0 0 6.28318530717959
2  1491 492 0 0 6.28318530717959
2  1492 491 0 0 6.28318530717959
0

0101000
+317 0 -317 0 *
Wi

0101100
+316 0 *
Ve
1.00005e-07
14.7933359212901 3.17256777869517 -1.41170685114079
0 0

0101101
*
Ed
 1.00005e-07 1 1 0
1  681 0 0 6.28318530717959
2  1493 493 0 0 6.28318530717959
2  1494 494 0 0 6.28318530717959
2  1495 491 0 0 6.28318530717959
0

0101000
+314 0 -314 0 *
Wi

0101100
-313 0 *
Fa
0  1e-07 491 0

0101000
+315 0 +312 0 *
Ve
0.000113682011904487
14.9903676182745 3.16907538120063 -1.42671977835306
0 0

0101101
*
Ed
 1e-07 1 1 0
1  682 0 0 0.197623567522467
3  1496 1497G1 492 0 0 0.197623567522467
0

0101000
+317 0 -310 0 *
Ed
 0.000113682011904487 1 1 0
1  683 0 0 6.28318530717959
2  1498 492 0 0 6.28318530717959
2  1499 495 0 0 6.28318530717959
4 G1 495 0 492 0
0

0101000
+310 0 -310 0 *
Wi

0101100
+309 0 +316 0 -309 0 -308 0 *
Fa
0  1e-07 492 0

0101000
+307 0 *
Ve
0.00010105067725646
14.9901954914097 3.16907538120063 -1.42871235767203
0 0

0101101
*
Ed
 1e-07 1 1 0
1  684 0 0 0.197623567522467
3  1500 1501G1 493 0 0 0.197623567522467
0

0101000
+314 0 -305 0 *
Ed
 0.00010105067725646 1 1 0
1  685 0 0 6.28318530717959
2  1502 493 0 0 6.28318530717959
2  1503 496 0 0 6.28318530717959
4 G1 496 0 493 0
0

0101000
+305 0 -305 0 *
Wi

0101100
+304 0 +313 0 -304 0 -303 0 *
Fa
0  1e-07 493 0

0101000
+302 0 *
Ve
0.000113682011926799
14.993562154342 3.1690470996629 -1.42685748944582
0 0

0101101
*
Ed
 1e-07 1 1 0
1  686 0 0 1
3  1504 1505G1 495 0 0 1
0

0101000
+310 0 -300 0 *
Ed
 0.000113682011926799 1 1 0
1  687 0 0 6.28318530717959
2  1506 495 0 0 6.28318530717959
2  1507 497 0 0 6.28318530717959
4 G1 497 0 495 0
0

0101000
+300 0 -300 0 *
Wi

0101100
+299 0 +308 0 -299 0 -298 0 *
Fa
0  1e-07 495 0

0101000
+297 0 *
Ve
0.000101050677253894
14.993562154342 3.16904557580706 -1.42885748886529
0 0

0101101
*
Ed
 1e-07 1 1 0
1  688 0 0 1
3  1508 1509G1 496 0 0 1
0

0101000
+305 0 -295 0 *
Ed
 0.000101050677253894 1 1 0
1  689 0 0 6.28318530717959
2  1510 496 0 0 6.28318530717959
2  1511 498 0 0 6.28318530717959
4 G1 498 0 496 0
0

0101000
+295 0 -295 0 *
Wi

0101100
+294 0 +303 0 -294 0 -293 0 *
Fa
0  1e-07 496 0

0101000
+292 0 *
Ve
1.00005e-07
16.0532696111191 3.1690470996629 -1.42685748944582
0 0

0101101
*
Ed
 1e-07 1 1 0
1  690 0 0 1.05970745677711
3  1512 1513G1 497 0 0 1.05970745677711
0

0101000
+300 0 -290 0 *
Ed
 1.00005e-07 1 1 0
1  691 0 0 6.28318530717959
2  1514 497 0 0 6.28318530717959
2  1515 499 0 0 6.28318530717959
0

0101000
+290 0 -290 0 *
Wi

0101100
+289 0 +298 0 -289 0 -288 0 *
Fa
0  1e-07 497 0

0101000
+287 0 *
Ve
1.00005e-07
16.0532696111191 3.16904557580706 -1.42885748886529
0 0

0101101
*
Ed
 1e-07 1 1 0
1  692 0 0 1.05970745677711
3  1516 1517G1 498 0 0 1.05970745677711
0

0101000
+295 0 -285 0 *
Ed
 1.00005e-07 1 1 0
1  693 0 0 6.28318530717959
2  1518 498 0 0 6.28318530717959
2  1519 500 0 0 6.28318530717959
2  1520 499 0 0 6.28318530717959
0

0101000
+285 0 -285 0 *
Wi

0101100
+284 0 +293 0 -284 0 -283 0 *
Fa
0  1e-07 498 0

0101000
+282 0 *
Wi

0101100
+288 0 *
Wi

0101100
-283 0 *
Fa
0  1e-07 499 0

0101000
+280 0 +279 0 *
Sh

0101100
-311 0 +306 0 -301 0 +296 0 -291 0 +286 0 -281 0 +278 0 *
So

0100000
+277 0 *
Co

0100000
+276 0 *
Ve
1.00005e-07
18.032153569929 9.56644326618333 -0.659725024882808
0 0

0101101
*
Ed
 1.00005e-07 1 1 0
1  694 0 0 6.28318530717959
2  1521 502 0 0 6.28318530717959
2  1522 501 0 0 6.28318530717959
0

0101000
+274 0 -274 0 *
Wi

0101100
+273 0 *
Ve
1.00005e-07
18.0321055795261 9.56644326618333 -0.66212454502676
0 0

0101101
*
Ed
 1.00005e-07 1 1 0
1  695 0 0 6.28318530717959
2  1523 503 0 0 6.28318530717959
2  1524 504 0 0 6.28318530717959
2  1525 501 0 0 6.28318530717959
0

0101000
+271 0 -271 0 *
Wi

0101100
-270 0 *
Fa
0  1e-07 501 0

0101000
+272 0 +269 0 *
Ve
1.00005e-07
18.1004799040288 9.56644326618333 -0.661091551564805
0 0

0101101
*
Ed
 1e-07 1 1 0
1  696 0 0 0.0683399980003995
3  1526 1527G1 502 0 0 0.0683399980003995
0

0101000
+274 0 -267 0 *
Ed
 1.00005e-07 1 1 0
1  697 0 0 6.28318530717959
2  1528 502 0 0 6.28318530717959
2  1529 505 0 0 6.28318530717959
0

0101000
+267 0 -267 0 *
Wi

0101100
+266 0 +273 0 -266 0 -265 0 *
Fa
0  1e-07 502 0

0101000
+264 0 *
Ve
1.00005e-07
18.1004319136259 9.56644326618333 -0.663491071708757
0 0

0101101
*
Ed
 1e-07 1 1 0
1  698 0 0 0.0683399980003995
3  1530 1531G1 503 0 0 0.0683399980003995
0

0101000
+271 0 -262 0 *
Ed
 1.00005e-07 1 1 0
1  699 0 0 6.28318530717959
2  1532 503 0 0 6.28318530717959
2  1533 506 0 0 6.28318530717959
2  1534 505 0 0 6.28318530717959
0

0101000
+262 0 -262 0 *
Wi

0101100
+261 0 +270 0 -261 0 -260 0 *
Fa
0  1e-07 503 0

0101000
+259 0 *
Wi

0101100
+265 0 *
Wi

0101100
-260 0 *
Fa
0  1e-07 505 0

0101000
+257 0 +256 0 *
Sh

0101100
-268 0 +263 0 -258 0 +255 0 *
So

0100000
+254 0 *
Co

0100000
+253 0 *
Ve
1.00005e-07
13.6023880892565 0.746577306473334 -1.42097659165597
0 0

0101101
*
Ed
 1.00005e-07 1 1 0
1  700 0 0 6.28318530717959
2  1535 508 0 0 6.28318530717959
2  1536 507 0 0 6.28318530717959
0

0101000
+251 0 -251 0 *
Wi

0101100
+250 0 *
Ve
1.00005e-07
13.6021492803309 0.746577306473334 -1.42336468091248
0 0

0101101
*
Ed
 1.00005e-07 1 1 0
1  701 0 0 6.28318530717959
2  1537 509 0 0 6.28318530717959
2  1538 510 0 0 6.28318530717959
2  1539 507 0 0 6.28318530717959
0

0101000
+248 0 -248 0 *
Wi

0101100
-247 0 *
Fa
0  1e-07 507 0

0101000
+249 0 +246 0 *
Ve
1.00005e-07
13.9708653110707 0.746577306473334 -1.45782431383739
0 0

0101101
*
Ed
 1e-07 1 1 0
1  702 0 0 0.370315024844836
3  1540 1541G1 508 0 0 0.370315024844836
0

0101000
+251 0 -244 0 *
Ed
 1.00005e-07 1 1 0
1  703 0 0 6.28318530717959
2  1542 508 0 0 6.28318530717959
2  1543 511 0 0 6.28318530717959
0

0101000
+244 0 -244 0 *
Wi

0101100
+243 0 +250 0 -243 0 -242 0 *
Fa
0  1e-07 508 0

0101000
+241 0 *
Ve
1.00005e-07
13.970626502145 0.746577306473334 -1.46021240309389
0 0

0101101
*
Ed
 1e-07 1 1 0
1  704 0 0 0.370315024844836
3  1544 1545G1 509 0 0 0.370315024844836
0

0101000
+248 0 -239 0 *
Ed
 1.00005e-07 1 1 0
1  705 0 0 6.28318530717959
2  1546 509 0 0 6.28318530717959
2  1547 512 0 0 6.28318530717959
2  1548 511 0 0 6.28318530717959
0

0101000
+239 0 -239 0 *
Wi

0101100
+238 0 +247 0 -238 0 -237 0 *
Fa
0  1e-07 509 0

0101000
+236 0 *
Wi

0101100
+242 0 *
Wi

0101100
-237 0 *
Fa
0  1e-07 511 0

0101000
+234 0 +233 0 *
Sh

0101100
-245 0 +240 0 -235 0 +232 0 *
So

0100000
+231 0 *
Co

0100000
+230 0 *
Ve
1e-07
14.8659208777431 -2.51007621923758 -1.49637730295099
0 0

0101101
*
Ve
1e-07
14.6659208777431 -2.51007621923758 -1.49637730295099
0 0

0101101
*
Ed
 1e-07 1 1 0
1  706 0 0 0.2
3  1549 1550CN 513 0 0 0.2
0

0101000
-228 0 +227 0 *
Ed
 1e-07 1 1 0
1  707 0 0 6.28318530717959
2  1551 513 0 0 6.28318530717959
2  1552 514 0 0 6.28318530717959
0

0101000
+227 0 -227 0 *
Ed
 1e-07 1 1 0
1  708 0 0 6.28318530717959
2  1553 513 0 0 6.28318530717959
2  1554 515 0 0 6.28318530717959
0

0101000
+228 0 -228 0 *
Wi

0101100
+226 0 +225 0 -226 0 -224 0 *
Ve
1.00000018774262e-07
14.7159208777431 -2.52807621923758 -1.69474396396987
0 0

0101101
*
Ve
1.11873899559916e-07
14.6979208777431 -2.51007621923758 -1.69637730295099
0 0

0101101
*
Ed
 1e-07 1 1 0
1  709 0 0 0.249737365656155
2  1555 513 0 0 0.249737365656155
2  1556 516 0 0 0.249737365656155
0

0101000
+222 0 -221 0 *
Ve
1.1585771501238e-07
14.7339208777431 -2.51007621923758 -1.69637730295099
0 0

0101101
*
Ed
 1e-07 1 1 0
1  709 0 0.249737365656155 0.74973183022528
2  1555 513 0 0.249737365656155 0.74973183022528
2  1556 516 0 0.249737365656155 0.74973183022528
0

0101000
+221 0 -219 0 *
Ed
 1e-07 1 1 0
1  709 0 0.74973183022528 1
2  1555 513 0 0.74973183022528 1
2  1556 516 0 0.74973183022528 1
0

0101000
+219 0 -222 0 *
Wi

0101100
-220 0 -218 0 -217 0 *
Fa
0  1e-07 513 0

0101000
+223 0 +216 0 *
Wi

0101100
-225 0 *
Fa
0  1e-07 514 0

0111000
-214 0 *
Wi

0101100
+224 0 *
Fa
0  1e-07 515 0

0111000
+212 0 *
Ve
1e-07
14.7159208777431 -2.52807621923758 -1.68637730295099
0 0

0101101
*
Ed
 1e-07 1 1 0
1  710 0 0 0.00836666101888173
3  1557 1558CN 516 0 0 0.00836666101888173
0

0101000
+210 0 -222 0 *
Ed
 1e-07 1 1 0
1  711 0 0 6.28318530717959
2  1559 516 0 0 6.28318530717959
2  1560 517 0 0 6.28318530717959
0

0101000
+210 0 -210 0 *
Wi

0101100
-218 0 -217 0 +209 0 +208 0 -209 0 -220 0 *
Fa
0  1e-07 516 0

0101000
+207 0 *
Wi

0101100
-208 0 *
Fa
0  1e-07 517 0

0111000
-205 0 *
Sh

0101100
+215 0 -213 0 +211 0 -206 0 +204 0 *
So

0100000
+203 0 *
Co

0100000
+202 0 *
Co

0100000
+201 73 *
Ve
1.00005e-07
14.6339108674424 -2.76644326618333 -1.36412886947456
0 0

0101101
*
Ed
 1.00005e-07 1 1 0
1  712 0 0 6.28318530717959
2  1561 519 0 0 6.28318530717959
2  1562 518 0 0 6.28318530717959
0

0101000
+199 0 -199 0 *
Wi

0101100
+198 0 *
Ve
1.00005e-07
14.6336720585167 -2.76644326618333 -1.36651695873106
0 0

0101101
*
Ed
 1.00005e-07 1 1 0
1  713 0 0 6.28318530717959
2  1563 520 0 0 6.28318530717959
2  1564 521 0 0 6.28318530717959
2  1565 518 0 0 6.28318530717959
0

0101000
+196 0 -196 0 *
Wi

0101100
-195 0 *
Fa
0  1e-07 518 0

0101000
+197 0 +194 0 *
Ve
1.00005e-07
14.7023880892565 -2.76644326618333 -1.37097659165597
0 0

0101101
*
Ed
 1e-07 1 1 0
1  714 0 0 0.0688187562112085
3  1566 1567G1 519 0 0 0.0688187562112085
0

0101000
+199 0 -192 0 *
Ed
 1.00005e-07 1 1 0
1  715 0 0 6.28318530717959
2  1568 519 0 0 6.28318530717959
2  1569 522 0 0 6.28318530717959
0

0101000
+192 0 -192 0 *
Wi

0101100
+191 0 +198 0 -191 0 -190 0 *
Fa
0  1e-07 519 0

0101000
+189 0 *
Ve
1.00005e-07
14.7021492803309 -2.76644326618333 -1.37336468091248
0 0

0101101
*
Ed
 1e-07 1 1 0
1  716 0 0 0.0688187562112085
3  1570 1571G1 520 0 0 0.0688187562112085
0

0101000
+196 0 -187 0 *
Ed
 1.00005e-07 1 1 0
1  717 0 0 6.28318530717959
2  1572 520 0 0 6.28318530717959
2  1573 523 0 0 6.28318530717959
2  1574 522 0 0 6.28318530717959
0

0101000
+187 0 -187 0 *
Wi

0101100
+186 0 +195 0 -186 0 -185 0 *
Fa
0  1e-07 520 0

0101000
+184 0 *
Wi

0101100
+190 0 *
Wi

0101100
-185 0 *
Fa
0  1e-07 522 0

0101000
+182 0 +181 0 *
Sh

0101100
-193 0 +188 0 -183 0 +180 0 *
So

0100000
+179 0 *
Co

0100000
+178 0 *
Ve
1.00005e-07
15.6736 6 -0.864857484221012
0 0

0101101
*
Ed
 1.00005e-07 1 1 0
1  718 0 0 6.28318530717959
2  1575 525 0 0 6.28318530717959
2  1576 524 0 0 6.28318530717959
0

0101000
+176 0 -176 0 *
Wi

0101100
+175 0 *
Ve
1.00005e-07
15.6736 6 -0.862857484221012
0 0

0101101
*
Ed
 1.00005e-07 1 1 0
1  719 0 0 6.28318530717959
2  1577 526 0 0 6.28318530717959
2  1578 527 0 0 6.28318530717959
2  1579 524 0 0 6.28318530717959
0

0101000
+173 0 -173 0 *
Wi

0101100
-172 0 *
Fa
0  1e-07 524 0

0101000
+174 0 +171 0 *
Ve
1.00005e-07
15 6 -0.864857484221012
0 0

0101101
*
Ed
 1e-07 1 1 0
1  720 0 0 0.673599999999999
3  1580 1581G1 525 0 0 0.673599999999999
0

0101000
+176 0 -169 0 *
Ed
 1.00005e-07 1 1 0
1  721 0 0 6.28318530717959
2  1582 525 0 0 6.28318530717959
2  1583 528 0 0 6.28318530717959
0

0101000
+169 0 -169 0 *
Wi

0101100
+168 0 +175 0 -168 0 -167 0 *
Fa
0  1e-07 525 0

0101000
+166 0 *
Ve
1.00005e-07
15 6 -0.862857484221012
0 0

0101101
*
Ed
 1e-07 1 1 0
1  722 0 0 0.673599999999999
3  1584 1585G1 526 0 0 0.673599999999999
0

0101000
+173 0 -164 0 *
Ed
 1.00005e-07 1 1 0
1  723 0 0 6.28318530717959
2  1586 526 0 0 6.28318530717959
2  1587 529 0 0 6.28318530717959
2  1588 528 0 0 6.28318530717959
0

0101000
+164 0 -164 0 *
Wi

0101100
+163 0 +172 0 -163 0 -162 0 *
Fa
0  1e-07 526 0

0101000
+161 0 *
Wi

0101100
+167 0 *
Wi

0101100
-162 0 *
Fa
0  1e-07 528 0

0101000
+159 0 +158 0 *
Sh

0101100
-170 0 +165 0 -160 0 +157 0 *
So

0100000
+156 0 *
Co

0100000
+155 0 *
Ve
1e-07
17.96832 9.53476326618333 -0.651406753004325
0 0

0101101
*
Ve
1e-07
17.96832 9.53476326618333 -0.714766753004325
0 0

0101101
*
Ed
 1e-07 1 1 0
1  724 0 0 0.06336
2  1589 530 0 0 0.06336
2  1590 531 0 0 0.06336
0

0101000
-153 0 +152 0 *
Ve
1e-07
17.96832 9.59812326618333 -0.651406753004325
0 0

0101101
*
Ed
 1e-07 1 1 0
1  725 0 0 0.0633599999999994
2  1591 530 0 0 0.0633599999999994
2  1592 532 0 0 0.0633599999999994
0

0101000
-150 0 +153 0 *
Ve
1e-07
17.96832 9.59812326618333 -0.714766753004325
0 0

0101101
*
Ed
 1e-07 1 1 0
1  726 0 0 0.0633599999999994
2  1593 530 0 0 0.0633599999999994
2  1594 533 0 0 0.0633599999999994
0

0101000
-148 0 +152 0 *
Ed
 1e-07 1 1 0
1  727 0 0 0.06336
2  1595 530 0 0 0.06336
2  1596 534 0 0 0.06336
0

0101000
-150 0 +148 0 *
Wi

0101100
-151 0 -149 0 +147 0 +146 0 *
Ve
1e-07
17.96832 9.56644326618333 -0.711886753004325
0 0

0101101
*
Ed
 1e-07 1 1 0
1  728 0 0 6.28318530717959
2  1597 535 0 0 6.28318530717959
2  1598 536 0 0 6.28318530717959
2  1599 530 0 0 6.28318530717959
0

0101000
+144 0 -144 0 *
Wi

0101100
+143 0 *
Fa
0  1e-07 530 0

0101000
+145 0 +142 0 *
Ve
1e-07
18.03168 9.53476326618333 -0.714766753004325
0 0

0101101
*
Ed
 1e-07 1 1 0
1  729 0 0 0.0633599999999994
2  1600 531 0 0 0.0633599999999994
2  1601 533 0 0 0.0633599999999994
0

0101000
-140 0 +152 0 *
Ve
1e-07
18.03168 9.53476326618333 -0.651406753004325
0 0

0101101
*
Ed
 1e-07 1 1 0
1  730 0 0 0.06336
2  1602 537 0 0 0.06336
2  1603 531 0 0 0.06336
0

0101000
-138 0 +140 0 *
Ed
 1e-07 1 1 0
1  731 0 0 0.0633599999999994
2  1604 531 0 0 0.0633599999999994
2  1605 532 0 0 0.0633599999999994
0

0101000
-138 0 +153 0 *
Wi

0101100
-139 0 -137 0 +136 0 +151 0 *
Fa
0  1e-07 531 0

0111000
+135 0 *
Ve
1e-07
18.03168 9.59812326618333 -0.651406753004325
0 0

0101101
*
Ed
 1e-07 1 1 0
1  732 0 0 0.0633599999999994
2  1606 534 0 0 0.0633599999999994
2  1607 532 0 0 0.0633599999999994
0

0101000
-133 0 +150 0 *
Ed
 1e-07 1 1 0
1  733 0 0 0.0633599999999994
2  1608 537 0 0 0.0633599999999994
2  1609 532 0 0 0.0633599999999994
0

0101000
-133 0 +138 0 *
Wi

0101100
-149 0 -132 0 +131 0 +136 0 *
Fa
0  1e-07 532 0

0111000
+130 0 *
Ve
1e-07
18.03168 9.59812326618333 -0.714766753004325
0 0

0101101
*
Ed
 1e-07 1 1 0
1  734 0 0 0.0633599999999994
2  1610 534 0 0 0.0633599999999994
2  1611 533 0 0 0.0633599999999994
0

0101000
-128 0 +148 0 *
Ed
 1e-07 1 1 0
1  735 0 0 0.0633599999999994
2  1612 537 0 0 0.0633599999999994
2  1613 533 0 0 0.0633599999999994
0

0101000
-128 0 +140 0 *
Wi

0101100
-147 0 -127 0 +126 0 +139 0 *
Fa
0  1e-07 533 0

0111000
+125 0 *
Ed
 1e-07 1 1 0
1  736 0 0 0.06336
2  1614 537 0 0 0.06336
2  1615 534 0 0 0.06336
0

0101000
-133 0 +128 0 *
Wi

0101100
-127 0 -123 0 +132 0 +146 0 *
Fa
0  1e-07 534 0

0111000
+122 0 *
Ve
1e-07
17.90496 9.56644326618333 -0.711886753004325
0 0

0101101
*
Ed
 1e-07 1 1 0
1  737 0 0 6.28318530717959
2  1616 535 0 0 6.28318530717959
2  1617 538 0 0 6.28318530717959
0

0101000
+120 0 -120 0 *
Ed
 1e-07 1 1 0
1  738 0 0 0.06336
3  1618 1619CN 535 0 0 0.06336
0

0101000
-120 0 +144 0 *
Wi

0101100
-119 0 +118 0 +143 0 -118 0 *
Fa
0  1e-07 535 0

0111000
+117 0 *
Wi

0101100
-137 0 -131 0 +126 0 +123 0 *
Ve
1.00000003552714e-07
18.03168 9.56644326618333 -0.654286753004325
0 0

0101101
*
Ed
 1.00000003552714e-07 1 1 0
1  739 0 0 6.28318530717959
2  1620 539 0 0 6.28318530717959
2  1621 540 0 0 6.28318530717959
2  1622 537 0 0 6.28318530717959
0

0101000
+114 0 -114 0 *
Wi

0101100
-113 0 *
Fa
0  1e-07 537 0

0101000
+115 0 +112 0 *
Wi

0101100
+119 0 *
Ve
1e-07
17.90496 9.56644326618333 -0.707086753004325
0 0

0101101
*
Ed
 1e-07 1 1 0
1  740 0 0 6.28318530717959
2  1623 541 0 0 6.28318530717959
2  1624 542 0 0 6.28318530717959
2  1625 538 0 0 6.28318530717959
0

0101000
+109 0 -109 0 *
Wi

0101100
-108 0 *
Fa
0  1e-07 538 0

0101000
+110 0 +107 0 *
Ve
1e-07
18.09504 9.56644326618333 -0.654286753004325
0 0

0101101
*
Ed
 1e-07 1 1 0
1  741 0 0 6.28318530717959
2  1626 539 0 0 6.28318530717959
2  1627 543 0 0 6.28318530717959
0

0101000
+105 0 -105 0 *
Ed
 1e-07 1 1 0
1  742 0 0 0.06336
3  1628 1629CN 539 0 0 0.06336
0

0101000
-105 0 +114 0 *
Wi

0101100
-104 0 +103 0 +113 0 -103 0 *
Fa
0  1e-07 539 0

0111000
+102 0 *
Ve
1e-07
17.96832 9.56644326618333 -0.707086753004325
0 0

0101101
*
Ed
 1e-07 1 1 0
1  743 0 0 0.06336
3  1630 1631CN 541 0 0 0.06336
0

0101000
-109 0 +100 0 *
Ed
 1e-07 1 1 0
1  744 0 0 6.28318530717959
2  1632 541 0 0 6.28318530717959
2  1633 544 0 0 6.28318530717959
2  1634 536 0 0 6.28318530717959
2  1635 530 0 0 6.28318530717959
0

0101000
+100 0 -100 0 *
Wi

0101100
-108 0 +99 0 +98 0 -99 0 *
Fa
0  1e-07 541 0

0111000
+97 0 *
Wi

0101100
+104 0 *
Ve
1e-07
18.09504 9.56644326618333 -0.659086753004325
0 0

0101101
*
Ed
 1e-07 1 1 0
1  745 0 0 6.28318530717959
2  1636 545 0 0 6.28318530717959
2  1637 546 0 0 6.28318530717959
2  1638 543 0 0 6.28318530717959
0

0101000
+94 0 -94 0 *
Wi

0101100
-93 0 *
Fa
0  1e-07 543 0

0101000
+95 0 +92 0 *
Wi

0101100
-98 0 *
Fa
0  1e-07 530 0

0101000
+90 0 *
Ve
1.00000003552714e-07
18.03168 9.56644326618333 -0.659086753004325
0 0

0101101
*
Ed
 1e-07 1 1 0
1  746 0 0 0.06336
3  1639 1640CN 545 0 0 0.06336
0

0101000
-94 0 +88 0 *
Ed
 1.00000003552714e-07 1 1 0
1  747 0 0 6.28318530717959
2  1641 545 0 0 6.28318530717959
2  1642 547 0 0 6.28318530717959
2  1643 540 0 0 6.28318530717959
2  1644 537 0 0 6.28318530717959
0

0101000
+88 0 -88 0 *
Wi

0101100
-93 0 +87 0 +86 0 -87 0 *
Fa
0  1e-07 545 0

0111000
+85 0 *
Wi

0101100
+86 0 *
Fa
0  1e-07 537 0

0101000
+83 0 *
Sh

0101100
-141 0 -134 0 +129 0 -124 0 +121 0 +116 0 +111 0 +106 0 +101 0 -96 0 
+91 0 -89 0 -84 0 +82 0 *
So

0100000
+81 0 *
Co

0100000
+80 0 *
Co

0100000
+79 77 *
Ve
1e-07
14.56832 -2.79812326618333 -1.35317748422101
0 0

0101101
*
Ve
1e-07
14.56832 -2.79812326618333 -1.41653748422101
0 0

0101101
*
Ed
 1e-07 1 1 0
1  748 0 0 0.0633600000000001
2  1645 548 0 0 0.0633600000000001
2  1646 549 0 0 0.0633600000000001
0

0101000
-77 0 +76 0 *
Ve
1e-07
14.56832 -2.73476326618333 -1.35317748422101
0 0

0101101
*
Ed
 1e-07 1 1 0
1  749 0 0 0.0633599999999999
2  1647 548 0 0 0.0633599999999999
2  1648 550 0 0 0.0633599999999999
0

0101000
-74 0 +77 0 *
Ve
1e-07
14.56832 -2.73476326618333 -1.41653748422101
0 0

0101101
*
Ed
 1e-07 1 1 0
1  750 0 0 0.0633599999999999
2  1649 548 0 0 0.0633599999999999
2  1650 551 0 0 0.0633599999999999
0

0101000
-72 0 +76 0 *
Ed
 1e-07 1 1 0
1  751 0 0 0.0633600000000001
2  1651 548 0 0 0.0633600000000001
2  1652 552 0 0 0.0633600000000001
0

0101000
-74 0 +72 0 *
Wi

0101100
-75 0 -73 0 +71 0 +70 0 *
Ve
1e-07
14.56832 -2.76644326618333 -1.41365748422101
0 0

0101101
*
Ed
 1e-07 1 1 0
1  752 0 0 6.28318530717959
2  1653 553 0 0 6.28318530717959
2  1654 554 0 0 6.28318530717959
2  1655 548 0 0 6.28318530717959
0

0101000
+68 0 -68 0 *
Wi

0101100
+67 0 *
Fa
0  1e-07 548 0

0101000
+69 0 +66 0 *
Ve
1e-07
14.63168 -2.79812326618333 -1.41653748422101
0 0

0101101
*
Ed
 1e-07 1 1 0
1  753 0 0 0.0633599999999994
2  1656 549 0 0 0.0633599999999994
2  1657 551 0 0 0.0633599999999994
0

0101000
-64 0 +76 0 *
Ve
1e-07
14.63168 -2.79812326618333 -1.35317748422101
0 0

0101101
*
Ed
 1e-07 1 1 0
1  754 0 0 0.0633600000000001
2  1658 555 0 0 0.0633600000000001
2  1659 549 0 0 0.0633600000000001
0

0101000
-62 0 +64 0 *
Ed
 1e-07 1 1 0
1  755 0 0 0.0633599999999994
2  1660 549 0 0 0.0633599999999994
2  1661 550 0 0 0.0633599999999994
0

0101000
-62 0 +77 0 *
Wi

0101100
-63 0 -61 0 +60 0 +75 0 *
Fa
0  1e-07 549 0

0111000
+59 0 *
Ve
1e-07
14.63168 -2.73476326618333 -1.35317748422101
0 0

0101101
*
Ed
 1e-07 1 1 0
1  756 0 0 0.0633599999999994
2  1662 552 0 0 0.0633599999999994
2  1663 550 0 0 0.0633599999999994
0

0101000
-57 0 +74 0 *
Ed
 1e-07 1 1 0
1  757 0 0 0.0633599999999999
2  1664 555 0 0 0.0633599999999999
2  1665 550 0 0 0.0633599999999999
0

0101000
-57 0 +62 0 *
Wi

0101100
-73 0 -56 0 +55 0 +60 0 *
Fa
0  1e-07 550 0

0111000
+54 0 *
Ve
1e-07
14.63168 -2.73476326618333 -1.41653748422101
0 0

0101101
*
Ed
 1e-07 1 1 0
1  758 0 0 0.0633599999999994
2  1666 552 0 0 0.0633599999999994
2  1667 551 0 0 0.0633599999999994
0

0101000
-52 0 +72 0 *
Ed
 1e-07 1 1 0
1  759 0 0 0.0633599999999999
2  1668 555 0 0 0.0633599999999999
2  1669 551 0 0 0.0633599999999999
0

0101000
-52 0 +64 0 *
Wi

0101100
-71 0 -51 0 +50 0 +63 0 *
Fa
0  1e-07 551 0

0111000
+49 0 *
Ed
 1e-07 1 1 0
1  760 0 0 0.0633600000000001
2  1670 555 0 0 0.0633600000000001
2  1671 552 0 0 0.0633600000000001
0

0101000
-57 0 +52 0 *
Wi

0101100
-51 0 -47 0 +56 0 +70 0 *
Fa
0  1e-07 552 0

0111000
+46 0 *
Ve
1e-07
14.50496 -2.76644326618333 -1.41365748422101
0 0

0101101
*
Ed
 1e-07 1 1 0
1  761 0 0 6.28318530717959
2  1672 553 0 0 6.28318530717959
2  1673 556 0 0 6.28318530717959
0

0101000
+44 0 -44 0 *
Ed
 1e-07 1 1 0
1  762 0 0 0.06336
3  1674 1675CN 553 0 0 0.06336
0

0101000
-44 0 +68 0 *
Wi

0101100
-43 0 +42 0 +67 0 -42 0 *
Fa
0  1e-07 553 0

0111000
+41 0 *
Wi

0101100
-61 0 -55 0 +50 0 +47 0 *
Ve
1e-07
14.63168 -2.76644326618333 -1.35605748422101
0 0

0101101
*
Ed
 1e-07 1 1 0
1  763 0 0 6.28318530717959
2  1676 557 0 0 6.28318530717959
2  1677 558 0 0 6.28318530717959
2  1678 555 0 0 6.28318530717959
0

0101000
+38 0 -38 0 *
Wi

0101100
-37 0 *
Fa
0  1e-07 555 0

0101000
+39 0 +36 0 *
Wi

0101100
+43 0 *
Ve
1e-07
14.50496 -2.76644326618333 -1.40885748422101
0 0

0101101
*
Ed
 1e-07 1 1 0
1  764 0 0 6.28318530717959
2  1679 559 0 0 6.28318530717959
2  1680 560 0 0 6.28318530717959
2  1681 556 0 0 6.28318530717959
0

0101000
+33 0 -33 0 *
Wi

0101100
-32 0 *
Fa
0  1e-07 556 0

0101000
+34 0 +31 0 *
Ve
1e-07
14.69504 -2.76644326618333 -1.35605748422101
0 0

0101101
*
Ed
 1e-07 1 1 0
1  765 0 0 6.28318530717959
2  1682 557 0 0 6.28318530717959
2  1683 561 0 0 6.28318530717959
0

0101000
+29 0 -29 0 *
Ed
 1e-07 1 1 0
1  766 0 0 0.06336
3  1684 1685CN 557 0 0 0.06336
0

0101000
-29 0 +38 0 *
Wi

0101100
-28 0 +27 0 +37 0 -27 0 *
Fa
0  1e-07 557 0

0111000
+26 0 *
Ve
1e-07
14.56832 -2.76644326618333 -1.40885748422101
0 0

0101101
*
Ed
 1e-07 1 1 0
1  767 0 0 0.06336
3  1686 1687CN 559 0 0 0.06336
0

0101000
-33 0 +24 0 *
Ed
 1e-07 1 1 0
1  768 0 0 6.28318530717959
2  1688 559 0 0 6.28318530717959
2  1689 562 0 0 6.28318530717959
2  1690 554 0 0 6.28318530717959
2  1691 548 0 0 6.28318530717959
0

0101000
+24 0 -24 0 *
Wi

0101100
-32 0 +23 0 +22 0 -23 0 *
Fa
0  1e-07 559 0

0111000
+21 0 *
Wi

0101100
+28 0 *
Ve
1e-07
14.69504 -2.76644326618333 -1.36085748422101
0 0

0101101
*
Ed
 1e-07 1 1 0
1  769 0 0 6.28318530717959
2  1692 563 0 0 6.28318530717959
2  1693 564 0 0 6.28318530717959
2  1694 561 0 0 6.28318530717959
0

0101000
+18 0 -18 0 *
Wi

0101100
-17 0 *
Fa
0  1e-07 561 0

0101000
+19 0 +16 0 *
Wi

0101100
-22 0 *
Fa
0  1e-07 548 0

0101000
+14 0 *
Ve
1e-07
14.63168 -2.76644326618333 -1.36085748422101
0 0

0101101
*
Ed
 1e-07 1 1 0
1  770 0 0 0.06336
3  1695 1696CN 563 0 0 0.06336
0

0101000
-18 0 +12 0 *
Ed
 1e-07 1 1 0
1  771 0 0 6.28318530717959
2  1697 563 0 0 6.28318530717959
2  1698 565 0 0 6.28318530717959
2  1699 558 0 0 6.28318530717959
2  1700 555 0 0 6.28318530717959
0

0101000
+12 0 -12 0 *
Wi

0101100
-17 0 +11 0 +10 0 -11 0 *
Fa
0  1e-07 563 0

0111000
+9 0 *
Wi

0101100
+10 0 *
Fa
0  1e-07 555 0

0101000
+7 0 *
Sh

0101100
-65 0 -58 0 +53 0 -48 0 +45 0 +40 0 +35 0 +30 0 +25 0 -20 0 
+15 0 -13 0 -8 0 +6 0 *
So

0100000
+5 0 *
Co

0100000
+4 0 *
Co

0100000
+3 81 *
Co

1100000
+2454 0 +2378 0 +2349 0 +2306 0 +2263 0 +2240 0 +2197 0 +2174 0 +2151 0 +2075 0 
+1999 0 +1876 0 +1833 0 +1790 0 +1727 0 +1698 0 +1669 0 +1593 0 +1564 0 +1508 0 
+1425 0 +1396 0 +1320 0 +1297 0 +1254 0 +1211 0 +1188 0 +1112 0 +989 0 +946 0 
+870 0 +807 0 +731 0 +708 0 +665 0 +642 0 +619 0 +536 0 +460 0 +437 0 
+394 0 +318 0 +275 0 +252 0 +229 0 +200 0 +177 0 +154 0 +78 0 +2 0 
*

+1 0 