DBRep_DrawableShape

CASCADE Topology V3, (c) Open Cascade
Locations 0
Curve2ds 49
1 0 0 0 1 
6 0 4 2.4059090673414668e-14 -4175.9882543733684  782.9991 -4175.9882543733684  1800.0001500000001 -1876.3082543733681  1950 144.01174562663164  1950 3024.0117456266316  
1 0 0 1 0 
1 1 0 0 1 
6 0 4 2.4059090673414668e-14 -4175.9882543733684  -782.9991 -4175.9882543733684  -1800.0001500000001 -1876.3082543733681  -1950 144.01174562663164  -1950 3024.0117456266316  
1 0 1 1 0 
1 0 0 1 0 
1 1950 3024.0117456266316 -1 0 
8 0 3900
1 1950 -8550 -1 -0 
1 0 0 0 1 
7 0 0  1 2 2  1950 -8550  1950 8550 
 0 2 1 2
1 0 1 1 0 
1 0 0 1 0 
1 1 0 0 1 
7 0 0  1 2 2  -1950 -8550  -1950 8550 
 0 2 1 2
7 0 0  8 234 34  0.49734533341771897 0.67396277160268625  0.49452933734928761 0.66928978633281999  0.49176625931698698 0.66461328747046544  0.48905749206118937 0.65993326018268739  0.48640443854238818 0.65524969745688744  0.48380850967207745 0.65056260020641576  0.48127112677677925 0.64587197706222976  0.47879372321639169 0.64117784418867152  0.47393307382314348 0.63172683781453454  0.47155129547695085 0.62696988219087624  0.46923389219588618 0.62220938362931411  0.46698236535812016 0.61744537653099441  0.46479820596789984 0.61267790572078695  0.46268292663432142 0.60790702484388937  0.46063803550394228 0.60313279741451997  0.45668923745402629 0.59357104648990222  0.45478553417169398 0.58878351463269052  0.4529554305111867 0.58399277542085148  0.45120042155979412 0.57919891422263881  0.44952201440704398 0.57440202681113184  0.44792169483179628 0.56960222036939134  0.44640093269638592 0.56479961336485351  0.44352127100276617 0.55518851799520286  0.44216238923038093 0.55038002939758845  0.44088599197794481 0.54556899934255343  0.43969351319291483 0.54075556940511005  0.43858636904073067 0.53593989270600184  0.43756595118942382 0.53112213399968611  0.43663361971479869 0.52630246977916562  0.43536961328933621 0.51907248942451067  0.4349708372893758 0.51666346205447145  0.43459454318280921 0.51425402951288057  0.43424089581330721 0.51184421595269047  0.43391005842775365 0.50943404623763611  0.433602192526159 0.50702354594350896  0.43331745771157198 0.50461274135943346  0.4327948455211128 0.49979316140875307  0.43255691841118354 0.49738438663907664  0.43234238655839496 0.49497536208420201  0.43215140607748276 0.49256611534126404  0.43198413270672592 0.49015667470124658  0.43184072166494469 0.48774706914978538  0.43172132750849868 0.48533732836797011  0.43153101250308956 0.48052097627851403  0.43146002406715023 0.47811436530638535  0.43141329442562881 0.47570768003353769  0.4313909711081772 0.4733009514126138  0.43139320727441488 0.47089421112555852  0.43142016042449038 0.46848749157863356  0.43147198788953728 0.46608082590197986  0.43162558902078579 0.46127158309677385  0.43172728236466695 0.45886900582593537  0.4318540852062846 0.45646654975189466  0.43200617686617859 0.45406424949497337  0.43218369151144331 0.45166214021544465  0.43238682406279033 0.44926025839529432  0.43261574877395353 0.4468586411837161  0.43299795106674377 0.44325825485856918  0.43313171957833252 0.44205925847994254  0.43327199217006057 0.44086034240430511  0.43341879355676716 0.43966151147488741  0.43357214904921804 0.43846277060988459  0.43373208455410667 0.43726412480245519  0.43389862657405376 0.43606557912072158  0.43432985479927189 0.43308131812175171  0.43460263735030452 0.43129573137813615  0.4348902410828635 0.42951039542357788  0.43519276462625639 0.42772532779045452  0.43551031401463253 0.42594054659633568  0.43584300268467874 0.42415607054345417  0.43619095147331272 0.42237191891817605  0.43692112171480169 0.41878714138043804  0.43730363955500468 0.41698652237459249  0.43770198026732293 0.41518627504184252  0.43811626575125973 0.41338642018124805  0.43854666658229008 0.41158698054880621  0.43899334900685494 0.40978797950898704  0.43945650964639804 0.40798944192605052  0.44025417009564022 0.40500051188561081  0.44057930278986046 0.4038098448668494  0.44091181736553287 0.40261940022940212  0.44125177566269985 0.40142918579314518  0.44159925319270221 0.40023921000595797  0.44195430735854296 0.39904948097659981  0.44231702679990909 0.39786000801396165  0.44296059685626876 0.39579413951372788  0.44323791012021335 0.39491762284816989  0.4435194694547977 0.39404125427684178  0.4438053118564253 0.39316503777617595  0.44409547650870085 0.39228897749727609  0.44439000478242996 0.39141307776591672  0.44468894023561856 0.39053734308254345  0.44522143978024764 0.38900057370862579  0.44545309052267829 0.3883394661040096  0.44568730019659736 0.38767845731142397  0.44592408951619178 0.38701754942877997  0.44616347967238201 0.3863567446135463  0.44640549216153119 0.3856960450758819  0.44665014932448233 0.38503545310025711  0.44727554260870817 0.38336534751615181  0.44765984657025903 0.38235598100123075  0.44805047485522659 0.38134688007045031  0.448447523856216 0.38033805398098597  0.44885109895979136 0.37932951272613402  0.44926131452247814 0.37832126703390723  0.44967829384676655 0.37731332836563214  0.45031401414923533 0.37580211946540171  0.45052758161788342 0.37529860977450985  0.45074288806720969 0.37479518137509876  0.45095995054981031 0.37429183585695358  0.45117878666672778 0.37378857486641492  0.45139941456744997 0.37328540010637917  0.45162185294991125 0.37278231333629797  0.45207033164674537 0.37177644842290719  0.4522963710179248 0.37127367024339819  0.45252425836319171 0.37077098364062039  0.45275401419118477 0.37026839052912691  0.45298566033001958 0.36976589293105339  0.45321921992728798 0.36926349297611943  0.45345471745005916 0.36876119290162823  0.45412129709414611 0.36735146864196044  0.45455682820290788 0.36644427625157516  0.45499892426927419 0.36553743154400098  0.45544775149665429 0.36463094964424753  0.45590349001996688 0.36372484713816411  0.45636633389184994 0.3628191420709615  0.45683649106887031 0.36191385394573322  0.45766978866137414 0.36033541209025094  0.45802956991938426 0.35966206335602358  0.45839361767339237 0.35898896605949326  0.45876202541697131 0.35831612931325924  0.45913490850876715 0.35764356391978386  0.45951238462869165 0.35697128121290789  0.45989458935063959 0.35629929398104609  0.46056914342016336 0.35512877010616717  0.46085930786728779 0.35463009493632552  0.46115221928572558 0.35413159603975974  0.46144794044304027 0.35363327948288992  0.46174653753106581 0.35313515174974652  0.46204808016590737 0.35263721974197176  0.46235264138794002 0.3521394907788189  0.46289692909567709 0.35125931022544621  0.46313539190063618 0.35087677261287165  0.4633757191589753 0.35049436316368926  0.46361794990975019 0.35011208579517622  0.4638621187249643 0.34972994420780912  0.46410826204267486 0.34934794233139371  0.46435642509781461 0.34896608481093239  0.46498197986850492 0.34801183780844996  0.4653619529036182 0.34743963502932323  0.46574672927036193 0.34686778407142799  0.46613648385956702 0.34629630322740346  0.46653140958949779 0.34572521306990101  0.46693171741595974 0.34515453645174432  0.46733763634240766 0.34458429850608874  0.46795529113819267 0.34372965571178388  0.46816263317096407 0.34344490136902528  0.46837147038242466 0.3431602670806615  0.46858183472256792 0.34287575649149893  0.46879375923732253 0.34259137342879536  0.4690072780685533 0.34230712190226004  0.46922242645406081 0.34202300610405351  0.46965604047227055 0.34145507368363925  0.46987450602715475 0.34117125710550411  0.47009467352377199 0.34088758499937238  0.47031657887257788 0.34060406181634006  0.47054026419186612 0.34032069268323212  0.47076577622148935 0.3400374832666998  0.47099316382524159 0.33975443955952833  0.4717422290946528 0.33883044204226348  0.47227188817840388 0.33819020491713497  0.47281209135001473 0.33755092905268169  0.47336357395060552 0.3369127054826882  0.4739271735165585 0.3362756439705174  0.47450382826729304 0.33563987285702696  0.47509457481367245 0.33500553882943163  0.47632464496825172 0.33372114367658745  0.47696486710508745 0.33307121439911275  0.47762240860054594 0.33242315696315  0.47829896540048172 0.33177721459623821  0.47899674167939815 0.33113373659293366  0.47971843939229697 0.33049317717443888  0.48046727084755514 0.32985609686732692  0.48142519712933812 0.32907847220851338  0.48160504792478437 0.32893400234328801  0.48178655077701826 0.32878976019008344  0.48196974814460636 0.32864575397553741  0.48215468728268962 0.32850199309161693  0.4823414202429831 0.32835848809561846  0.48253000387377704 0.32821525071016788  0.48303004191397536 0.32784000263977114  0.48334464296730678 0.32760845737599648  0.48366459805195938 0.32737771373016178  0.48399025585151184 0.32714784294400312  0.48432201808026559 0.32691893170888581  0.484660338902418 0.32669108207196296  0.48500572435123629 0.326464411342334  0.48554879989183103 0.32611771279659973  0.48574107764511626 0.32599675373765769  0.48593565314523324 0.32587619475225921  0.48613261917098655 0.32575605685625969  0.48633207314283722 0.32563636214948827  0.48653411712290356 0.32551713381574793  0.48673885781496118 0.32539839612281568  0.48715415753446661 0.32516183239487956  0.48736470010725819 0.32504403097129841  0.4875781202754334 0.32492679711424471  0.48779451279866248 0.32481016180419059  0.48801398120366873 0.32469416003953483  0.48823663778422977 0.32457883083660272  0.48846260360117683 0.32446421722964586  0.48921743891266767 0.32408962095564836  0.48976056687924335 0.32383315901313292  0.4903240034910889 0.32358132013101049  0.49091085192290418 0.32333503701782518  0.4915246642198971 0.32309582445101043  0.49216946446675452 0.32286578694498147  0.49284971173228942 0.32264760854479269  0.49392943025938613 0.32234316066611651  0.49429855586023591 0.32224564227571095  0.49467833213947815 0.32215223167021767  0.49506931612457122 0.32206336621991399  0.49547174273474426 0.32197962207481373  0.49588552478099829 0.3219017141646674  0.49631025296610504 0.32183049619896226  0.49674519588460786 0.32176696066692206  0.49712958393086965 0.32171086485886657  0.49752157804435732 0.32166069550116616  0.49792134469544624 0.32161719135991484  0.49832844189034131 0.32158116042463641  0.49874181917107752 0.32155347990828503  0.49915981761552008 0.32153509624724486  0.49958016983736442 0.32152702510133041  0.49999999998613603 0.32153035135378644 
 0 9 0.096492871366558527 7 0.19413128145143804 7 0.29190764742018255 7 0.38969498379877499 7 0.43854622108043229 7 0.48734510787087554 7 0.53607637693020382 7 0.58472840914746715 7 0.6090223062966964 7 0.64522313963624278 7 0.68177227894076231 7 0.70597947460483701 7 0.72382455432953785 7 0.73730070514820212 7 0.75790056941167872 7 0.7681959981932226 7 0.77848878627534823 7 0.79708897948116308 7 0.81093539748676646 7 0.82121893600614393 7 0.82912844229471439 7 0.84099220375474781 7 0.8469237722626749 7 0.85285494445552357 7 0.86629790859860911 7 0.88014307195616792 7 0.8833081076952406 7 0.88845099844172915 7 0.89122006152457678 7 0.89399191247318399 7 0.90034024714124194 7 0.9035071286334414 8 1 9
7 0 0  8 234 34  1 0.10301552238140819  0.98669338280618302 0.1030093358000618  0.9733910595535562 0.10299576537345105  0.96009313689474185 0.10297530724766395  0.9467996719405436 0.1029484651152368  0.9335106720394718 0.10291574876373139  0.92022609542987621 0.10287767262286129  0.90694585216202861 0.10283475417039054  0.88023614737053613 0.10273970909294675  0.86680678907841746 0.10268747921361698  0.85338158755623339 0.1026313596358807  0.83996035328638108 0.10257188895242056  0.82654285434816055 0.1025096044664761  0.81312881365831036 0.10244504088015233  0.79971791452279561 0.10237872745761653  0.77288275012254104 0.10224354708794361  0.7594584954643957 0.10217467667524363  0.74603668577619886 0.10210509698362427  0.7326169370172928 0.10203532260220054  0.71919882780229294 0.10196585789062583  0.70578191478668462 0.10189719315945922  0.69236573425256165 0.10182980168881856  0.66553236987344677 0.10169846477604297  0.65211518720802242 0.10163451970051332  0.63869777700002683 0.10157275526128146  0.62527964152478632 0.10151360487151519  0.6118602784345355 0.10145747897505013  0.5984391840742378 0.10140476165197951  0.58501585608628359 0.1013558071721439  0.56488260467379214 0.101288521427919  0.55817472491566356 0.10126712515278771  0.55146610427584375 0.10124678830859039  0.54475668225844465 0.1012275489837749  0.53804639921867359 0.10120944314813504  0.53133519657254169 0.10119250455229555  0.52462301700657132 0.10117676462719688  0.51120378645494013 0.10114775569055408  0.5044967376997247 0.10113448405814296  0.49778860269960201 0.10112246636504961  0.49107932727948939 0.10111172918124166  0.48436885903717269 0.10110229667258452  0.47765714756900307 0.10109419050547466  0.47094414469559176 0.10108742975147249  0.45752476832397071 0.10107663931846922  0.45081839879457186 0.10107260583091938  0.44411064991440358 0.10106994679232666  0.43740147963038206 0.10106867556747118  0.43069084729547757 0.10106880312402411  0.42397871412725641 0.10107033787402822  0.41726504437097867 0.10107328532851315  0.40384548396851844 0.10108200404542023  0.39713959874684157 0.10108777076641222  0.39043211620356888 0.10109495077741323  0.38372300511085977 0.10110354490760406  0.37701224076304918 0.10111354837042279  0.3702997983975469 0.10112495666859547  0.36358565853341263 0.10113776084551448  0.3535163114139977 0.10115903492963091  0.35016239089893508 0.10116646531522736  0.34680804113858266 0.10117423957610762  0.34345326043150115 0.1011823561314526  0.34009804737854865 0.1011908132128569  0.33674240088288071 0.10119960886432865  0.33338632014995012 0.10120874094228961  0.32502819230138169 0.10123231285130657  0.32002561481127989 0.10124716043512928  0.31502206993703846 0.1012627421990995  0.31001755603071302 0.1012790497546192  0.3050120721736167 0.10129607393528878  0.30000561827335853 0.10131380473975932  0.2949981951608826 0.10133223127458503  0.28493322602835602 0.10137063599536852  0.2798756621461056 0.1013906273419828  0.27481711424907951 0.10141130386335567  0.26975758682327611 0.10143265143956681  0.2646970842195463 0.10145465704875009  0.2596356136491581 0.10147730583215046  0.2545731835398074 0.10150058281328786  0.24615623180018439 0.10154029391413738  0.24280224310685705 0.1015563845039345  0.23944784162897298 0.10157273889438515  0.23609303220658462 0.10158935209192164  0.23273781682176919 0.10160621938109633  0.22938220558645672 0.10162333480402279  0.2260261998319818 0.10164069349495387  0.22019553461962785 0.1016712615948047  0.21772105293769137 0.10168436248933373  0.21524636120855656 0.10169759041060078  0.21277146097040403 0.10171094316549406  0.21029635373273664 0.10172441851446198  0.20782104097637949 0.10173801417151299  0.20534552415348001 0.10175172780421565  0.20100020425337881 0.10177600051109563  0.19913048829770846 0.10178650990935577  0.19726065746265548 0.10179708418000237  0.19539071240796485 0.10180772228149305  0.19352065383494849 0.10181842313809356  0.19165048249408553 0.10182918562976416  0.18978019917624167 0.10184000861305922  0.18505068912071951 0.10186752592731925  0.18219131403996516 0.10188429963189158  0.17933168208440081 0.10190120810310704  0.17647179646212288 0.10191824740374844  0.17361166100921818 0.10193541359559957  0.17075128024881339 0.10195270269201435  0.16789065945012485 0.10197011061048618  0.16360000271858285 0.10199639055279332  0.16217014238184521 0.10200517660091915  0.16074022446236974 0.10201399074523491  0.15931024983217321 0.10202283244841964  0.1578802194502153 0.10203170116019132  0.15645013436239816 0.10204059631730687  0.15501999570156672 0.10204951734356212  0.15215998050564747 0.10206740766232776  0.15073010403485718 0.1020763769338721  0.14930017648983027 0.10208537087768954  0.14787019893557554 0.1020943889145874  0.1464401722874176 0.10210343047291559  0.1450100973109969 0.10211249498856678  0.14357997462226979 0.10212158190497622  0.13956533128404569 0.10214715120840549  0.13698070414428168 0.10216368308575573  0.13439592558587971 0.10218028301673955  0.13181099730080029 0.10219694772022843  0.12922592045984022 0.10221367383966977  0.12664069581717166 0.10223045786035961  0.12405532381488113 0.10224729602671456  0.11954508389722428 0.10227675625168221  0.11762028215975118 0.10228935599716441  0.1156953994610703 0.10230198177285246  0.11377043628810701 0.10231463171636646  0.11184539348761746 0.10232730445173939  0.10992027252012404 0.10233999835137145  0.10799507536544564 0.10235271203850982  0.10463993341616869 0.10237489984890176  0.10321002189479192 0.1023843657614581  0.10178007123797243 0.10239384115317698  0.1003500830567967 0.10240332540743292  0.098920059458844065 0.102412817871449  0.097490003048186544 0.10242231785629703  0.096059916925388969 0.10243182463689748  0.093529844652922259 0.10244865415411449  0.092429869118334118 0.10245597442617915  0.091329880402883673 0.10246329785810755  0.090229879250033285 0.10247062415912232  0.089129868869984891 0.1024779528428667  0.088029852489509314 0.10248528341529965  0.08692983067411833 0.10249261557561817  0.084179834949436969 0.10251094852649223  0.082529856536036048 0.10252195083489525  0.08087987160578558 0.10253295468063206  0.079229880517774728 0.10254395900405515  0.077579881936992862 0.10255496278817733  0.075929872939619544 0.10256596497597356  0.074279849118314784 0.10257696438768282  0.071804825894946855 0.10259345697540399  0.070979842197874912 0.1025989532654599  0.070154852969689763 0.10260444834039609  0.069329857623167387 0.10260994201193449  0.068504855610463322 0.10261543407140086  0.067679846423112616 0.1026209242897248  0.066854829592029888 0.10262641241743982  0.065204834911810033 0.10263738358245145  0.064379857196223397 0.10264286661917225  0.063554871047069084 0.10264834701228574  0.062729876246389801 0.10265382442190442  0.061904872470637001 0.10265929860523125  0.061079859397781447 0.10266476936721386  0.060254836871052306 0.10267023648760756  0.057559874481010534 0.10268808237648029  0.05568990575575028 0.10270044531148063  0.053819883899675187 0.10271278662129019  0.051949812775560149 0.1027251045650866  0.050079715428427929 0.10273739705791986  0.048209634992926707 0.10274966096864215  0.046339635800665774 0.10276189130740276  0.042544030375815986 0.1027866339719174  0.040618531712910258 0.10279914326204086  0.038693332678729528 0.10281159893714768  0.036768413869619557 0.10282399663858825  0.034843712747258754 0.10283633402768561  0.032919133370903172 0.10284860699501791  0.030994547839284819 0.10286080555248915  0.028629804687509051 0.10287567444036348  0.028189804687509024 0.10287843600618352  0.027749804687509001 0.1028811922080315  0.027309804687508994 0.1028839427068432  0.026869804687509002 0.10288668717229822  0.026429804687509027 0.10288942528282026  0.025989804687509045 0.10289215672557714  0.024834844444816939 0.10289930825310888  0.024119890861990949 0.10290371701330775  0.023404927348994846 0.10290810649305901  0.022689943174295128 0.10291247590286243  0.021974933722220334 0.10291682443580924  0.021259900750320478 0.10292115105565537  0.020544852646726366 0.10292545428489432  0.019444804687537807 0.10293203522569916  0.019059804687519607 0.1029343310370973  0.018674804687493354 0.10293661913283152  0.018289804687482335 0.10293889913828294  0.017904804687494197 0.102941170598407  0.01751980468752095 0.10294343297773351  0.017134804687538974 0.10294568566036676  0.016364423244609405 0.10295017243156078  0.015979096240721968 0.10295240620499944  0.015593853975053093 0.10295462833088175  0.015208724325313429 0.10295683778852868  0.014823732747717882 0.10295903347600202  0.014438902276985631 0.10296121421010428  0.014054253526340115 0.10296337872637883  0.012789283228890159 0.10297044304702503  0.01191051548588758 0.10297526486921682  0.011032254636295258 0.10297998485751406  0.010153617928496284 0.10298459243777858  0.0092740908833312263 0.1029890695755214  0.0083934818378698338 0.10299338673021771  0.0075118968130951282 0.10299749739769275  0.0061898046875090438 0.10300324235434422  0.0057498046875090426 0.10300508534858929  0.0053098046875090406 0.10300685065638396  0.0048698046875090412 0.10300852723574666  0.0044298046875090409 0.10301010202901678  0.0039898046875090423 0.10301155996285485  0.0035498046875090425 0.10301288394824233  0.0031098046875090405 0.10301405488048164  0.0027209696230263533 0.10301508886575712  0.0023324383136838528 0.10301600705554005  0.0019436126345069014 0.10301679539346119  0.0015542639702781 0.10301744183914154  0.0011645332155372974 0.10301793636819194  0.00077493077458158351 0.10301827097221353  0.00038633656146529178 0.10301843965879734  0 0.10301843845152446 
 0 9 0.096492871366558527 7 0.19413128145143804 7 0.29190764742018255 7 0.38969498379877499 7 0.43854622108043229 7 0.48734510787087554 7 0.53607637693020382 7 0.58472840914746715 7 0.6090223062966964 7 0.64522313963624278 7 0.68177227894076231 7 0.70597947460483701 7 0.72382455432953785 7 0.73730070514820212 7 0.75790056941167872 7 0.7681959981932226 7 0.77848878627534823 7 0.79708897948116308 7 0.81093539748676646 7 0.82121893600614393 7 0.82912844229471439 7 0.84099220375474781 7 0.8469237722626749 7 0.85285494445552357 7 0.86629790859860911 7 0.88014307195616792 7 0.8833081076952406 7 0.88845099844172915 7 0.89122006152457678 7 0.89399191247318399 7 0.90034024714124194 7 0.9035071286334414 8 1 9
7 0 0  8 261 38  0.50000000000001954 0.32153035135384106  0.50054560276279569 0.32152604973286658  0.50109162167500643 0.32154078370828298  0.501632067896569 0.32157260976716534  0.502162839201026 0.32161914617009885  0.50268121926672615 0.3216782449698673  0.50318581883906011 0.32174806032533193  0.5036764441097189 0.32182720014864735  0.50441615312075627 0.3219628571368815  0.5046741048833665 0.32201342402291233  0.50492787817622498 0.32206630704358369  0.50517748255221961 0.32212134187237745  0.50542294595526105 0.32217837824165574  0.50566431472028339 0.32223727994266105  0.50590165357324368 0.32229792482551595  0.50641262581277635 0.32243427189698637  0.50668460390715042 0.32251064456025608  0.50695114628269389 0.32258912613256341  0.50721243497478286 0.32266953505144952  0.50746866768572019 0.32275170484846583  0.50772005778473428 0.32283548414917335  0.50796683430798029 0.32292073667314308  0.50874266786929279 0.32319792190772029  0.50925466433993272 0.32339497639740805  0.50974795667719841 0.3235973066248844  0.51022481418210641 0.32380394210430297  0.51068713089632134 0.32401411916491135  0.5111364584817184 0.32422727240009186  0.5115740138975331 0.32444303255564988  0.51246155279748751 0.32489690585614123  0.51290957118679892 0.32513534444977998  0.51334562062318578 0.32537623846842895  0.51377056104238328 0.32561931287328333  0.51418521679851836 0.32586432278124267  0.51459036588180906 0.32611105554182152  0.51498673295554642 0.32635933207930684  0.51566730069432576 0.32679698725669704  0.51595515099202527 0.32698584685320231  0.51623882095072682 0.32717552992457577  0.5165185631162611 0.32736598201786438  0.51679459910394532 0.32755715055968637  0.51706711996750776 0.32774898482365267  0.51733628656801167 0.32794143589778818  0.51786808490521441 0.32832741307141977  0.51813075915513718 0.32852096890835963  0.51839037086272843 0.32871506939373363  0.51864703357237518 0.32890966637003516  0.51890076637404092 0.32910473165301662  0.51915172224955131 0.32930022357910266  0.51939995382655868 0.32949612108994308  0.52026009894823189 0.33018348814632603  0.52085808152499025 0.33067684569521461  0.52144106461455675 0.33117219265567849  0.52201041552129046 0.33166928610416641  0.52256732468265554 0.33216792085682051  0.52311280646838698 0.33266792938127565  0.52364769939543987 0.33316918177538729  0.52450514076581323 0.33398977122985973  0.52483362821505708 0.33430841548777546  0.5251583081461495 0.33462749109136342  0.52547927382105086 0.33494698096537018  0.52579669013663022 0.33526686084469964  0.52611065774712407 0.33558711431781546  0.52642130636599527 0.33590772253478052  0.52705234675809476 0.33656649193678595  0.52737239265791358 0.33690468931636108  0.52768901283675573 0.33724324300697095  0.52800233065443158 0.33758213542700738  0.52831246181906932 0.33792135032120296  0.52861951432649801 0.33826087276706102  0.5289235883996295 0.33860068918128583  0.52945067492253362 0.33919586936889634  0.52967494981973817 0.33945110980113713  0.52989764008084284 0.33970650341544295  0.53011878210885788 0.33996204534719066  0.53033840974841662 0.34021773107462616  0.53055655428577497 0.34047355641886518  0.53077324444881191 0.34072951754389308  0.53140469161326953 0.3414807394961909  0.53181553952896721 0.34197636212507732  0.5322212314581809 0.34247245436028328  0.53262193041938677 0.34296899412609683  0.53301780105392382 0.34346595994484774  0.53340898818936822 0.34396333288515124  0.53379563443766487 0.34446109496459343  0.5345073813765201 0.34538865629089505  0.53483361514991812 0.34581835951229145  0.5351566540452386 0.346248329416463  0.53547657620216427 0.346678556297982  0.53579345436981285 0.34710903114203961  0.53610735590673642 0.34753974562444584  0.53641834278092215 0.34797069211162979  0.53699762757110137 0.34878129845362582  0.53726657060991379 0.34916090743982103  0.53753333760176214 0.34954068598870069  0.53779796671007596 0.34992062946114638  0.53806048766979164 0.35030073394736289  0.53832092742151694 0.3506809958399873  0.5385793165081314 0.35106141134686281  0.53930187312442757 0.35213402291107032  0.53976137220445364 0.35282656519899003  0.54021434460502249 0.35351958310942777  0.54066094500255069 0.35421305723548291  0.54110131698861819 0.35490696957213219  0.54153559298795262 0.35560130352271885  0.54196389417641255 0.35629604390544123  0.54270325387965035 0.35751268518634105  0.54301687606863358 0.35803441432213784  0.54332724397372256 0.35855635846790357  0.54363439919757151 0.35907851218444542  0.54393838174706421 0.35960087025027598  0.54423922730585594 0.36012342783507501  0.5445369656392387 0.36064618060145581  0.5452738031799913 0.36195386292358284  0.54570905139183723 0.36273903129603269  0.54613747597669926 0.3635246149034842  0.54655917434074353 0.36431060001541354  0.5469742377504534 0.36509697363290955  0.54738275132745595 0.36588372348949261  0.5477847940433459 0.36667083805193457  0.5485763129845882 0.36824623188449007  0.54896578144710861 0.3690345114426673  0.54934891808244635 0.36982313430969899  0.54972578762235225 0.37061209030774239  0.55009645241742544 0.37140136961080733  0.55046096690299406 0.3721909630306578  0.55081937503641021 0.37298086215098558  0.55165760206004044 0.37486070333322469  0.55213195945357862 0.3759509131950905  0.55259492165625623 0.37704166618885188  0.55304660467879641 0.37813294127012131  0.55348711709042497 0.37922471826641346  0.55391655996352562 0.38031697788066643  0.55433502681829583 0.38140970169476357  0.55505188537520622 0.3833324037059973  0.5553548965508972 0.38416219235211158  0.55565167376669788 0.38499223044607112  0.55594225400421271 0.38582251042623966  0.55622666745823912 0.38665302511121746  0.55650494315682675 0.38748376748602265  0.55677711414668851 0.38831473050228277  0.5574399931814823 0.3903853059863055  0.5578232679865649 0.39162518002881308  0.55819313300452988 0.39286550695460776  0.55854968497852175 0.39410626476753075  0.55889301788738044 0.39534743204608824  0.55922322293441384 0.3965889879445384  0.55954038853617338 0.39783091219397904  0.56015362752975006 0.40033512248996278  0.56044928784243719 0.40159741960099937  0.5607316704653581 0.40286005574926526  0.56100086069552857 0.40412301079365442  0.5612569471394071 0.40538626495972152  0.56150001982638731 0.40664979888674074  0.5617301673153493 0.40791359369987951  0.56223878753369561 0.4108720596965012  0.56250703184923012 0.41256692405494255  0.56275243460885671 0.41426217944502935  0.56297520875527396 0.41595778284600593  0.56317559121685734 0.41765369231102417  0.56335378773191491 0.41934986770574972  0.56351003798526755 0.42104626988036675  0.56384759660501127 0.42530303566646183  0.56400117707248076 0.42786364107477826  0.56410613570626833 0.43042454737221825  0.56416331405212916 0.43298563210992691  0.56417360596539734 0.43554678035499067  0.56413790818547993 0.43810788469192175  0.56405717111627007 0.44066884527249572  0.56380638874482336 0.44581458013661823  0.56363550336815271 0.44839935033023448  0.56342072309998026 0.45098378555677232  0.56316308624223244 0.45356779942617237  0.56286366684421352 0.45615131400551318  0.5625235717111704 0.45873425976964299  0.56214393497664195 0.4613165755257202  0.5614497440177687 0.4656038100688033  0.56115681919464211 0.46730911367268491  0.56084747594957396 0.4690141040345534  0.56052205411608147 0.47071876753170616  0.56018089866287868 0.47242309211691536  0.5598243596394703 0.47412706731791848  0.5594527921217447 0.47583068423690722  0.55848474960329231 0.48009962829167385  0.55786965905595043 0.48266449104739684  0.55722251540413303 0.48522849918810718  0.55654456989049572 0.48779163547251408  0.55583709416856819 0.49035389005311641  0.55510138035956469 0.49291526048220485  0.55433874110919545 0.49547575171786246  0.55276222194434665 0.50059518340976572  0.55194833834651225 0.50315412280293714  0.55111019353907043 0.50571220694972641  0.55024914245083612 0.50826945465075968  0.54936655619777996 0.51082589072802742  0.54846382365423596 0.51338154608100406  0.5475423536768147 0.5159364577631026  0.5453113814818682 0.5220064315988715  0.54398639460701759 0.52552086222180605  0.54263233324962057 0.52903407637951494  0.54125299010454286 0.53254620407931808  0.53985223257099491 0.53605738982618223  0.53843400573877165 0.53956779270604383  0.53700233548604503 0.54307758645506954  0.53444376599299492 0.54930864228255616  0.53332058744010735 0.55203006813605271  0.53219371600498722 0.55475132447098019  0.53106509580203665 0.55747249975313928  0.5299367119238837 0.5601936842600872  0.5288105890131839 0.56291496999267221  0.52768878652327078 0.56563645043490896  0.52601264149899651 0.56972660641462458  0.52545350066681384 0.57109506482517092  0.52489625007950813 0.57246360796944984  0.52434115930258018 0.5738322476328932  0.52378850051445247 0.57520099548913839  0.52323854850646934 0.57656986310002545  0.52269158068289667 0.57793886191559918  0.5216045188807874 0.58067627472376837  0.52106442089904925 0.58204468840427648  0.52052786239157989 0.58341325563521362  0.51999512575439477 0.5847819874647544  0.51946649650365129 0.58615089466966785  0.51894226327564985 0.587519987755317  0.51842271782683358 0.58888927695565951  0.51725366882886681 0.59200066999320622  0.51660724373671496 0.59374290074642  0.515969486491475 0.59548548517388278  0.5153410123061003 0.59722844262182861  0.51472244485555652 0.59897179109986209  0.51411441626002419 0.60071554727908816  0.51351756706810214 0.60245972649024349  0.51205559799099298 0.60681952819974616  0.51120522998304163 0.60943569250241525  0.51038362409223093 0.61205288486554366  0.50959301554925895 0.61467114274453438  0.50883567401821872 0.61729049119294277  0.50811390559725866 0.61991094291836224  0.50743005897445559 0.62253249848171344  0.50646268492583602 0.62647488167412513  0.50614905746618089 0.62779489300850488  0.50584594064399047 0.62911517826059393  0.5055536410715934 0.63043573443583545  0.50527246790065095 0.631756557393229  0.50500273279989349 0.63307764184498072  0.50474474993285801 0.63439898135615347  0.50425295773914602 0.63704196319073014  0.50401914462176223 0.6383636052367514  0.50379771433311971 0.63968548693019123  0.5035889835160261 0.64100759923655193  0.50339327566808778 0.64232993177659803  0.50321091604792978 0.64365247274328319  0.50304222627419037 0.64497520881033643  0.50248336635340063 0.6497544537818718  0.50217473030644044 0.65321200101945343  0.50196740075506008 0.65667051849023872  0.50186718557993915 0.66012966925548555  0.5018799210493029 0.66358902795254915  0.50201147299832061 0.66704808080490396  0.50226774115059147 0.67050622559466611  0.50265466658171032 0.67396277159761919 
 0 9 0.0040684026384336094 7 0.0063013454665285934 7 0.0089569902630587412 7 0.014800897345234428 7 0.021113196092367385 7 0.025865703723275783 7 0.030616628026249249 7 0.042503325015060857 7 0.050031477073865148 7 0.057955448539137755 7 0.063898623652055578 7 0.075389100838915257 7 0.085294667605130062 7 0.094011654223734559 7 0.10986319977559546 7 0.12175547189237218 7 0.13960123015595247 7 0.15745734269613543 7 0.1820801089967036 7 0.2007646247781335 7 0.22862579694018309 7 0.25692799565546448 7 0.29486680007707711 7 0.35211686621653487 7 0.40990989254120036 7 0.44809188231873931 7 0.50560732544145204 7 0.5631268775958449 7 0.64230008785024884 7 0.70370261134465673 7 0.73457307978004438 7 0.76542393411346854 7 0.80466396285900299 7 0.86348489528488581 7 0.89308402097007178 7 0.92267884330004324 7 1 9
7 0 0  8 261 38  1 0.10301843845152445  0.99949779658920579 0.1030184384518182  0.99899200578981628 0.10301815690205943  0.99848518818458909 0.10301759306043627  0.99797858800763617 0.10301676345325593  0.99747285473900993 0.10301569353538467  0.99696799365196487 0.10301441090688167  0.99646329946005774 0.1030129399661245  0.99567937446371901 0.1030103970165281  0.99540141532371662 0.1030094452128812  0.99512319913915914 0.10300844643121866  0.99484467312482405 0.10300740419172262  0.99456582172461916 0.10300632180903449  0.99428666661158427 0.10300520239225493  0.99400726668789041 0.10300404884494389  0.99339525012698793 0.10300145451363628  0.99306259387548168 0.10300000071375047  0.99272987847876204 0.10299850678990131  0.99239720279179489 0.10299697657437692  0.99206463537607126 0.1029954134073153  0.99173221449960602 0.10299382013670436  0.99139994813693966 0.10299219911838199  0.9903369336705985 0.10298692813867048  0.98960702337267703 0.10298318051092975  0.9888775921491384 0.10297932864139775  0.98814824777346499 0.10297538515730034  0.98741866783598387 0.10297135868861296  0.98668859318022606 0.10296725573181179  0.98595783393310277 0.10296308210008069  0.98443608857338716 0.1029542669793586  0.98364523118350444 0.10294961629020793  0.98285393885827443 0.10294490316038754  0.9820623930023803 0.10294013572814086  0.98127072505247881 0.10293531992663989  0.98047901737238674 0.10293045995241366  0.97968730379172209 0.10292555868446754  0.97829947602956713 0.10291689826984619  0.97770309516387788 0.10291315445596419  0.97710640788022463 0.10290938731118605  0.97650940751707815 0.10290559741520744  0.97591210015119123 0.10290178531200343  0.97531450468670489 0.10289795159315131  0.97471665294425625 0.10289409698115295  0.97352072576162385 0.10288634913176685  0.97292255777812997 0.102882455312822  0.97232415523164661 0.10287854204833488  0.97172557506926394 0.10287461022277375  0.97112688237817979 0.10287066207070418  0.97052809696739084 0.10286669760414199  0.96992924826298044 0.10286271820745246  0.96783187921847991 0.10284873143507203  0.96633342448761606 0.10283865031985645  0.96483490902470692 0.10282848940179104  0.96333627686586609 0.10281825382692691  0.96183748237407263 0.10280794678487329  0.96033849173182584 0.10279757073916142  0.95883928435278176 0.10278712847854955  0.95639022629044745 0.10276997122017946  0.95544052010567238 0.10276329361494106  0.95449073547967522 0.10275659194843252  0.9535409042115548 0.10274986838959824  0.95259102348426072 0.1027431234103018  0.95164111301664756 0.10273635847343854  0.95069117576545459 0.1027295742386375  0.94874131529261096 0.10271561121951256  0.94774139046564543 0.10270843043472759  0.94674145157189515 0.10270123012469204  0.94574150411437052 0.10269401108820635  0.94474155231233459 0.10268677404101123  0.94374159913999722 0.1026795196453914  0.94274164636521174 0.10267224853977917  0.94099170595198034 0.1026594958054093  0.94024171816696744 0.10265402121547609  0.93949173159305799 0.10264853785742035  0.93874174648020881 0.10264304600517224  0.93799176296840836 0.10263754594773049  0.93724178108767486 0.10263203798916216  0.93649180075805705 0.10262652244860275  0.93429181973316677 0.1026103219658258  0.93284182349778666 0.10259961717754386  0.93139183203583586 0.10258888799725906  0.92994184433409632 0.10257813707207304  0.92849185865945261 0.10256736653833383  0.92704187350254053 0.10255657862122747  0.92559188692609129 0.10254577523031362  0.92289190792620734 0.10252563333595616  0.92164191690746922 0.10251629834250363  0.92039192290222349 0.10250695447560804  0.91914192539384953 0.10249760290328265  0.91789192445002021 0.10248824479046592  0.9166419207227009 0.10247888129902176  0.91539191544815046 0.10246951358773937  0.91304189499638222 0.10245189645870439  0.91194187980670061 0.10244364774180242  0.91084186686197255 0.10243539752908225  0.90974185696351384 0.10242714656619568  0.90864185355060911 0.10241889579181054  0.9075418604942358 0.10241064617121946  0.90644187958661226 0.10240239850106966  0.90334166219419232 0.10237916063065391  0.90134146018690364 0.10236417689721367  0.89934132101095188 0.10234920744040883  0.89734125634665918 0.10233425700688766  0.89534127605503799 0.10231933015050977  0.89334138826156362 0.10230443129609347  0.89134159943994573 0.10228956480316263  0.88784169501077781 0.10226360931804783  0.88634153431645246 0.10225250428162462  0.88484143462158105 0.10224142173570656  0.88334139791403965 0.10223036356103173  0.88184142600614679 0.10221933157456789  0.88034152053103387 0.10220832764364281  0.87884168294511511 0.10219735375721162  0.8750913351202031 0.10216999202044666  0.87284091194349711 0.10215364410407543  0.87059064961701893 0.1021373743252315  0.8683405527227942 0.10212118875708258  0.86609062591531361 0.10210509327471415  0.86384087396751186 0.10208909359017918  0.86159130181674359 0.1020731952875478  0.85709122227255874 0.10204160326392053  0.85484071558799124 0.10202590968025116  0.85259039933972169 0.10201032856065631  0.85034028021576868 0.10199486539457502  0.84809036414658223 0.10197952544306012  0.84584065853072632 0.10196431400475708  0.8435911732796707 0.10194923655280508  0.83824028933159267 0.10191369861644575  0.83513909584346424 0.10189336346730549  0.83203835281314831 0.10187330597045512  0.82893807693398047 0.10185353884813027  0.82583828301366913 0.10183407426753807  0.82273898406066481 0.10181492389798431  0.8196401913705309 0.10179609896800043  0.81419084648656237 0.10176358056769078  0.81184007567358085 0.10174974444494954  0.80948960648195856 0.10173610673256951  0.8071394429462927 0.1017226719449916  0.80478958871840622 0.10170944467958187  0.80244004717249462 0.10169642936566853  0.80009082150528976 0.10168363002866213  0.79423937271604017 0.10165229314968259  0.79073753983587114 0.10163402473117981  0.78723642557597784 0.1016162585277129  0.78373603869977959 0.10159900671764285  0.78023638719669874 0.10158228059328721  0.77673747834891838 0.10156609059762438  0.77323931879813579 0.10155044636099783  0.76618914852011155 0.10152002825696343  0.76263716195052833 0.10150527207288702  0.75908596159996167 0.10149109748987173  0.75553555412812134 0.10147751303438111  0.75198594374719807 0.1014645261213163  0.74843713290908964 0.10145214317212019  0.74488912333257362 0.10144036978325061  0.7365869180704725 0.10141425169712749  0.73183336064719218 0.10140039647019225  0.72708124249086481 0.10138765586501164  0.72233055723277717 0.10137603848782623  0.71758129830252448 0.10136554898219156  0.71283344886213129 0.10135619104588539  0.70808699416084919 0.10134796412201982  0.69618153827502005 0.10133015373346869  0.68902429256067022 0.10132201128309185  0.68187011275384757 0.1013164284457351  0.67471891809274576 0.10131338195469762  0.66757061358748926 0.10131283438689379  0.66042509187495613 0.10131473774936085  0.65328223465064794 0.10131903176269155  0.63893387564708715 0.10133232366887282  0.63172842142734265 0.10134136580469887  0.62452541911231407 0.10135270053538153  0.61732472769393176 0.10136624529065216  0.6101261942972187 0.10138190797702194  0.6029296574314541 0.10139958827348332  0.59573495246695707 0.10141917906649872  0.58378970628960247 0.10145469846375202  0.57903822543375882 0.1014696139480047  0.57428742407791855 0.10148528163481553  0.56953725388660736 0.10150166793738405  0.5647876663246163 0.10151873833596879  0.56003861282585399 0.10153645752224458  0.55529004496219747 0.10155478954365968  0.54338956809504602 0.10160218061827066  0.53623821546785255 0.1016319711661294  0.52908769103243902 0.10166294494538604  0.52193783148374751 0.10169497503600002  0.5147884768884321 0.10172793323941565  0.50763947166330592 0.10176169107410485  0.50049066555378752 0.10179612077110972  0.48619265299099884 0.1018660742587022  0.47904344875403115 0.10190159811180632  0.47189415816678948 0.10193754164884994  0.46474464622509004 0.10197378036420353  0.45759478353234229 0.10201019251574747  0.45044444798226502 0.10204665990834322  0.44329352681473994 0.10208306858652104  0.42629802598175581 0.10216919393108963  0.41645284040401287 0.1022187605569479  0.4066060749896222 0.10226772554625532  0.39675751103217766 0.10231582270009446  0.38690696329338081 0.10236280714865148  0.37705426688089616 0.10240845833246513  0.36719928171904592 0.10245258241944452  0.34969706509446308 0.10252792195040214  0.34205079370327435 0.10255981180591532  0.33440304591984971 0.10259060656102376  0.32675381560628758 0.10262023954643064  0.31910309085106658 0.10264865464250311  0.31145086086857343 0.1026758067618497  0.30379713371869238 0.10270166225642767  0.29229320967301436 0.10273853460968051  0.28844412903945527 0.1027505370700988  0.28459467437542785 0.1027622032916702  0.28074484828444296 0.10277353115880337  0.27689465430976001 0.10278451927682257  0.27304409693438675 0.10279516697196735  0.26919318158107913 0.10280547429139276  0.26149309465307669 0.10282540338698758  0.25764392361348193 0.10283502556627803  0.25379440848637785 0.10284430932648581  0.24994455624066214 0.10285325612833181  0.24609437382130986 0.1028618681078126  0.24224386814937307 0.1028701480762003  0.23839304612198114 0.10287809952004281  0.22964355716386955 0.10289542767678821  0.22474470006044125 0.1029046039692379  0.21984535674903313 0.10291326395434619  0.21494554217783648 0.10292141781285474  0.21004527265002182 0.10292907732984559  0.20514456567750464 0.10293625579417372  0.20024343983471027 0.10294296789789907  0.18799451153218666 0.10295861599833747  0.18064622449703571 0.1029669903462225  0.17329709391525377 0.10297440652367364  0.16594723426223978 0.10298092468556495  0.15859672711982328 0.10298661046079699  0.15124563079665418 0.10299153357259687  0.14389401319787135 0.10299576609380583  0.13284228461877437 0.10300119931786851  0.12914253523711558 0.10300286160725301  0.12544267315660257 0.10300437661323751  0.12174270522086872 0.10300575359788683  0.11804263838169335 0.10300700178158641  0.11434247965275596 0.10300813026908998  0.11064223606339015 0.10300914797556641  0.10324213119608747 0.1030109789958488  0.09954227014686505 0.10301179233750951  0.095842339840336216 0.1030125122171157  0.092142345376714924 0.10301314701126704  0.088442297358967109 0.10301370472970028  0.08474220631704657 0.10301419294011796  0.081042076731819734 0.10301461868488471  0.067674655459326979 0.10301595416970591  0.058007207663951281 0.10301653720198836  0.048339620897453375 0.103016851471082  0.038671929783525502 0.10301698096276726  0.029004148361328929 0.10301696700528304  0.019336265348792552 0.10301679384690343  0.0096682402061906963 0.10301637243283134  0 0.10301552238140819 
 0 9 0.0040684026384336094 7 0.0063013454665285934 7 0.0089569902630587412 7 0.014800897345234428 7 0.021113196092367385 7 0.025865703723275783 7 0.030616628026249249 7 0.042503325015060857 7 0.050031477073865148 7 0.057955448539137755 7 0.063898623652055578 7 0.075389100838915257 7 0.085294667605130062 7 0.094011654223734559 7 0.10986319977559546 7 0.12175547189237218 7 0.13960123015595247 7 0.15745734269613543 7 0.1820801089967036 7 0.2007646247781335 7 0.22862579694018309 7 0.25692799565546448 7 0.29486680007707711 7 0.35211686621653487 7 0.40990989254120036 7 0.44809188231873931 7 0.50560732544145204 7 0.5631268775958449 7 0.64230008785024884 7 0.70370261134465673 7 0.73457307978004438 7 0.76542393411346854 7 0.80466396285900299 7 0.86348489528488581 7 0.89308402097007178 7 0.92267884330004324 7 1 9
7 0 0  4 8 3  0.50265466658220148 0.67396277160269324  0.50203927780498037 0.67396304549277919  0.50142389586726477 0.67396323472390041  0.5008085175986482 0.67396333930243357  0.49948119214044367 0.67396338228226293  0.49876924510883208 0.67396329203032812  0.49805729385710168 0.6739630884737714  0.49734533341772313 0.67396277160269313 
 0 5 0.46362236734191797 3 1 5
7 0 0  4 8 3  32.839480000000002 0.10301552238140818  29.033234912732592 0.10301687435504307  25.22695805117073 0.10301780843589925  21.420664148722693 0.10301832465545943  13.210757806210804 0.10301853681208319  8.8071445184281174 0.10301809131134272  4.4035510950259056 0.10301708651740632  0 0.10301552238140817 
 0 5 0.46362236734191797 3 1 5
1 1950 8550 -1 0 
1 1354.7549524807871 -5966.1452665079487 -1 0 
1 0 0 1 0 
7 0 0  4 25 22  -33.225684973957947 -3263.0254808534096  -22.972477976228511 -3263.2664489355375  1.4655809796677843 -3254.4785059377991  33.38353111613916 -3220.4007613153685  68.887359170775625 -3156.0230508821141  104.69016004536843 -3064.5577056544457  141.04632250983258 -2944.5162755908405  177.73112622797964 -2795.0715494060551  214.25713238576492 -2616.0701145157846  250.02011989973707 -2407.3778412212241  284.21713316064404 -2168.9879353673705  315.87310869891132 -1900.7921942444607  343.77980271031481 -1602.8297104591663  366.53303611639751 -1275.070380485733  382.52744270787997 -917.5045301257378  389.99113421660445 -530.06662590973019  387.0115414264049 -112.79787733030435  371.59724344393453 334.30323085690316  341.73846306026417 811.27668182712114  295.50076094162631 1318.0581661337196  231.11573810560802 1854.6137026506808  147.10342456996023 2420.8967991248496  70.726558123791847 2855.6629752681451  13.656197646891599 3152.6028394751306  -16.805944973957946 3304.8705191465901 
 0 5 0.0061017956429410703 1 0.014856665176794296 1 0.027347523652878999 1 0.043962562312674515 1 0.064844474160141163 1 0.090029503267641114 1 0.11954835819697328 1 0.15347219453376373 1 0.19175203434668447 1 0.23439210950566575 1 0.28142581364613012 1 0.33286285593226717 1 0.38869209350815803 1 0.44894069657110575 1 0.51370648962621612 1 0.58298638577414463 1 0.65684798895720165 1 0.73540139899327805 1 0.81873565178348096 1 0.9069087452444029 1 1 5
7 0 0  4 25 22  0 -3950  10.253206997729437 -3950.2409680821279  34.691265953625731 -3941.4530250843895  66.609216090097107 -3907.3752804619589  102.11304414473356 -3842.9975700287046  137.91584501932638 -3751.5322248010361  174.27200748379053 -3631.4907947374309  210.9568112019376 -3482.046068552645  247.48281735972287 -3303.0446336623754  283.24580487369502 -3094.352360367815  317.44281813460196 -2855.9624545139604  349.09879367286925 -2587.7667133910509  377.00548768427274 -2289.8042296057565  399.75872109035544 -1962.0448996323234  415.7531276818379 -1604.4790492723282  423.21681919056238 -1217.0411450563206  420.23722640036283 -799.77239647689476  404.82292841789246 -352.67128828968725  374.96414803422209 124.30216268053073  328.72644591558424 631.08364698712921  264.34142307956597 1167.6391835040904  180.32910954391818 1733.9222799782592  103.9522430977498 2168.6884561215547  46.881882620849545 2465.6283203285402  16.419740000000001 2617.8959999999997 
 0 5 0.0061017956429410703 1 0.014856665176794296 1 0.027347523652878999 1 0.043962562312674515 1 0.064844474160141163 1 0.090029503267641114 1 0.11954835819697328 1 0.15347219453376373 1 0.19175203434668447 1 0.23439210950566575 1 0.28142581364613012 1 0.33286285593226717 1 0.38869209350815803 1 0.44894069657110575 1 0.51370648962621612 1 0.58298638577414463 1 0.65684798895720165 1 0.73540139899327805 1 0.81873565178348096 1 0.9069087452444029 1 1 5
1 0 0 1 0 
1 -16.805944973957946 3304.8705191465901 -1 0 
1 16.419740000000001 2617.8959999999997 -1 0 
1 1 0 -1 0 
7 0 0  4 25 22  -33.225684973957947 -3263.0254808534096  -43.498579761557288 -3263.2695027499749  -67.992051046318778 -3254.4235218574909  -100.13139323850922 -3220.3160799867237  -136.46901090726635 -3155.9983428623054  -173.87654874333089 -3064.5931650414914  -212.65489793599016 -2944.6202604256591  -252.37521026141985 -2795.2463329425109  -292.08404050265477 -2616.3123779124558  -330.42613717645793 -2407.6628505505996  -365.5988561332037 -2169.2663670918901  -395.43793944044091 -1900.9893232712454  -417.47338969421963 -1602.8557267348444  -429.12950942661666 -1274.8455134194585  -427.95108533932228 -916.99862975588667  -411.93193528932824 -529.34141358293255  -379.91425471857275 -112.05287203840862  -332.07731567887669 334.71406543360263  -270.49698140173649 810.88078206240698  -199.80682485132067 1316.3800183253848  -127.92699229684189 1851.4710210666431  -66.969994962306885 2416.9512128136826  -43.235082336209139 2853.7621585733482  -43.9772572036591 3152.2964320866899  -49.645424973957944 3304.8705191465901 
 0 5 0.0061149797933931424 1 0.014917919231989783 1 0.027493615500625998 1 0.044221853982458564 1 0.06523228057732279 1 0.090544648457821703 1 0.12017148578722726 1 0.15416644410551847 1 0.19247037588271382 1 0.23508903146831434 1 0.28207415021515436 1 0.33347352605764535 1 0.38932854249029847 1 0.44972122762142941 1 0.51478757872200465 1 0.58450903470243154 1 0.6588600284930235 1 0.73775664759179715 1 0.82100710190404314 1 0.9084041829937719 1 1 5
7 0 0  4 25 22  0 -3950  -10.272894787599343 -3950.2440218965653  -34.766366072360825 -3941.3980410040813  -66.905708264551265 -3907.2905991333141  -103.2433259333084 -3842.9728620088958  -140.65086376937293 -3751.5676841880818  -179.42921296203221 -3631.5947795722495  -219.1495252874619 -3482.2208520891013  -258.85835552869685 -3303.2868970590462  -297.2004522025 -3094.6373696971896  -332.37317115924577 -2856.2408862384805  -362.21225446648299 -2587.9638424178356  -384.24770472026171 -2289.8302458814351  -395.90382445265874 -1961.8200325660489  -394.72540036536435 -1603.9731489024771  -378.70625031537031 -1216.315932729523  -346.68856974461482 -799.02739118499903  -298.85163070491876 -352.26045371298778  -237.27129642777857 123.90626291581657  -166.58113987736272 629.40549917879434  -94.701307322883949 1164.4965019200527  -33.744309988348945 1729.9766936670921  -10.009397362251192 2166.7876394267578  -10.751572229701155 2465.3219129400995  -16.419740000000001 2617.8959999999997 
 0 5 0.0061149797933931424 1 0.014917919231989783 1 0.027493615500625998 1 0.044221853982458564 1 0.06523228057732279 1 0.090544648457821703 1 0.12017148578722726 1 0.15416644410551847 1 0.19247037588271382 1 0.23508903146831434 1 0.28207415021515436 1 0.33347352605764535 1 0.38932854249029847 1 0.44972122762142941 1 0.51478757872200465 1 0.58450903470243154 1 0.6588600284930235 1 0.73775664759179715 1 0.82100710190404314 1 0.9084041829937719 1 1 5
1 0 0 0 1 
6 0 3 1354.7549524807871 -5966.1452665079487  1354.7549524807871 -4466.1452665079487  1354.7549524807871 -2966.1452665079487  1354.7549524807871 7249.8547334920513  
1 1 0 0 1 
6 0 3 -2545.2450475192127 -5966.1452665079487  -2545.2450475192127 -4466.1452665079487  -2545.2450475192127 -2966.1452665079487  604.78495248078684 7249.8547334920513  
1 0 1 1 0 
6 0 6 125.88614373636538 374.98500000000013  -81.212353178934748 374.98500000000013  -249.09885626363462 207.09849691530007  -249.09885626363462 0  -249.09885626363462 -207.09849691530007  -81.212353178934748 -374.98500000000013  125.88614373636538 -374.98500000000013  
1 0 0 0 1 
1 1 0 0 1 
1 0 1 1 0 
1 1 0 0 1 
1 0 0 0 1 
1 32.839480000000002 0 0 1 
1 0 0 0 1 
1 1 1 -1 0 
7 0 0  1 2 2  0 1  32.839480000000002 1 
 0 2 6.5678959999999993 2
1 125.88614373636538 -374.98500000000013 0 1 
8 0 749.97000000000025
1 604.78495248078684 7249.8547334920513 1 -0 
Curves 24
6 0 4 -11800 0 0  -11800 0 782.9991  -9500.3199999999997 0 1800.0001500000001  -7480 0 1950  -4600 0 1950  
6 0 4 -11800 0 0  -11800 0 -782.9991  -9500.3199999999997 0 -1800.0001500000001  -7480 0 -1950  -4600 0 -1950  
6 0 6 -4600 0 1950  -4600 1076.9552621700475 1950  -4600 1950 1076.9552621700475  -4600 1950 0  -4600 1950 -1076.9552621700475  -4600 1076.9552621700475 -1950  -4600 0 -1950  
1 -4600 0 1950 0 0 -1 
6 0 1 -4600 0 1950  12500 0 1950  
6 0 6 12500 0 1950  12500 1076.9552621700475 1950  12500 1950 1076.9552621700475  12500 1950 0  12500 1950 -1076.9552621700475  12500 1076.9552621700475 -1950  12500 0 -1950  
6 0 1 -4600 0 -1950  12500 0 -1950  
7 0 0  8 234 34  6924.7633944060517 1725.3177729238232 15.066549525226447  6844.8553462895161 1725.2141592304315 31.048469711008728  6764.8872157493261 1724.9868799071201 46.729134098174676  6684.8587491197168 1724.6442444750426 62.099391548602526  6604.7698265124936 1724.1946888443122 77.150240162704321  6524.6204635339764 1723.6467510053114 91.872836316869694  6444.4108077603814 1723.009046695807 106.25847443854686  6364.1411356275148 1722.2902427027616 120.29856912230314  6202.5289266306117 1720.6984150097121 147.83325216123185  6121.1849854542234 1719.8236619917784 161.31938273866743  6039.7804600833642 1718.8837637841207 174.43433667260354  5958.3159386507596 1717.8877408080061 187.16949574875036  5876.7921878490724 1716.8445918917371 199.5164740935719  5795.2101248193703 1715.7632722961782 211.46692254316304  5713.5708357907988 1714.6526462096615 223.01265926444873  5550.0648949771512 1712.3886272641896 245.29443719610785  5468.1981002207704 1711.235176363657 256.02930931155225  5386.2764596908928 1710.0698463647248 266.34223115934776  5304.3014332164021 1708.9012556749044 276.22534153777769  5222.274658461718 1707.7378513771341 285.6708148201285  5140.1979683210884 1706.5878452585207 294.6710272706456  5058.0733885379159 1705.4591638777556 303.21850242544406  4893.7236577169597 1703.2595156634454 319.39417175876304  4811.4985027017829 1702.1885549698432 327.02226489365927  4729.2298887544221 1701.1541158651407 334.18280586807953  4646.9202368273345 1700.163457211188 340.86858800676043  4564.5721652758784 1699.2234531763283 347.07251424460594  4482.1884913917193 1698.3405363854095 352.78760988448602  4399.7722332246685 1697.5206401972273 358.00703800309242  4276.1395691591024 1696.3937295366584 365.08053417180071  4234.945201131487 1696.0353818536587 367.31161832664606  4193.7439046702912 1695.6947776619054 369.4164776086011  4152.5360927910006 1695.3725548718257 371.3942745363421  4111.3221906635345 1695.0693159103475 373.24417604277875  4070.1026356339821 1694.7856260374551 374.96535367091514  4028.8778772463556 1694.5220116627527 376.55698376971077  3946.4630600896185 1694.0361661046618 379.47794580234091  3905.2730115282247 1693.8138910266414 380.80755613600388  3864.0786916399002 1693.612617092343 382.00626667375474  3822.8805723356263 1693.4327892991453 383.07326027563596  3781.6791373912833 1693.2748123801998 384.00771499100682  3740.474882461303 1693.1390492072171 384.80880437064224  3699.268315092319 1693.0258191932478 385.47569777883194  3616.9086943623615 1692.8450995753906 386.53868616765061  3575.7556467400132 1692.7775461854189 386.93515874670982  3534.6013285724339 1692.7330122507576 387.19613274417293  3493.4462691558101 1692.7117216065324 387.32080009144431  3452.2910102481119 1692.7138579407738 387.30831263311541  3411.1361059935662 1692.739562139501 387.15778900374431  3369.982122924227 1692.7889265021709 386.86833955109853  3287.7440709532957 1692.934948741238 386.01044480734942  3246.6599996304549 1693.0315305571585 385.44244818882623  3205.5780007423336 1693.1517823435149 384.73417165401804  3164.4986663830532 1693.2957179875764 383.8845840067936  3123.4225976695443 1693.4632573233177 382.89289673358337  3082.3504185660031 1693.6543250298328 381.75797228713498  3041.2827642401853 1693.8687711006289 380.47877876975247  2979.71615808153 1694.225072312139 378.34277349527349  2959.2133200070193 1694.3495174057798 377.59513637482473  2938.7118551136177 1694.4797217687531 376.81109352893674  2918.2118462205772 1694.6156589252898 375.99049778170229  2897.7133774290269 1694.7572992578976 375.13319801732166  2877.2165341219807 1694.904610007364 374.23903918010336  2856.7214029643333 1695.0575552727535 373.30786227446345  2805.6905398819067 1695.4523407636038 370.89653422608575  2775.1570065661517 1695.7010100870427 369.37100355768246  2744.6277617432279 1695.9619755579729 367.76236453595874  2714.1031052167723 1696.2350966830297 366.07002491969672  2683.5833467972952 1696.5202199421242 364.29334805655225  2653.0688062930394 1696.8171778313242 362.43165288938934  2622.5598135008509 1697.1257879057403 360.48421396261489  2561.2601176058824 1697.768995315653 356.39673861013108  2530.4695326034907 1698.1038130675995 354.25503586723181  2499.6853032205427 1698.4501062181812 352.0243264334365  2468.9077850921922 1698.8076382851809 349.7038713480282  2438.1373673906719 1699.1761911764916 347.2926561149834  2407.3744496006993 1699.5555160358469 344.78968724304661  2376.6194569361487 1699.9453620350394 342.19379796688543  2325.5087532438342 1700.610448873352 337.72207686939561  2305.1483472236196 1700.879936227441 335.89910024235445  2284.7917439216972 1701.153841750127 334.03445294205858  2264.439077064214 1701.4320818087422 332.12776801977543  2244.0904911006746 1701.7145774279552 330.17860117675809  2223.7461247004685 1702.0012288246548 328.1866091330379  2203.4061370385944 1702.2919545064126 326.15127272299912  2168.0797856847439 1702.8039131388427 322.53937660735511  2153.0913507037039 1703.0233286759351 320.98282796710942  2138.1054481339943 1703.244871673857 319.40225160194439  2123.1221459726098 1703.468505402079 317.79743071100967  2108.141515203421 1703.6941923522907 316.1681360033304  2093.1636297971741 1703.9218942383986 314.51412569780712  2078.1885667114907 1704.1515719965289 312.83514552321566  2051.9098104175132 1704.5580945438971 309.84394763980265  2040.6048703785509 1704.7341073542173 308.54257369737786  2029.3016200253444 1704.9112066559599 307.22669393812566  2018.0000952321468 1705.0893750052319 305.89618770429388  2006.7003328916442 1705.2685943854913 304.55093158755545  1995.4023707975707 1705.448846038164 303.19080039020054  1984.106248014401 1705.6301108126695 301.81566409315315  1955.5474425262119 1706.0909744792168 298.30017093360664  1938.2872751210398 1706.3719027310703 296.13956688413577  1921.031649204687 1706.6550880727225 293.94306140685387  1903.7807230748588 1706.9404645631312 291.71009609588526  1886.5346676169008 1707.2279662445237 289.44006149753977  1869.2936662798209 1707.5175263480169 287.13229719282793  1852.0579150523008 1707.8090764992446 284.78609187997574  1826.216242858372 1708.2492164945165 281.20850071863435  1817.6062271441206 1708.3963664058588 280.0065258411031  1808.9976015141885 1708.5439868759538 278.79466370240635  1800.3903931539032 1708.6920689056797 277.57281605459076  1791.7846302156922 1708.8406032788403 276.3408815236894  1783.1803418190807 1708.9895805621629 275.09875560972137  1774.5775580506941 1709.1389911053029 273.84633068669223  1757.3772680317154 1709.4386205612921 271.32098523488514  1748.7797611621083 1709.5888391230001 270.04807006312194  1740.1838202546089 1709.7394708992422 268.76464006602026  1731.5894780480676 1709.8905061896237 267.47057734316445  1722.9967691210113 1710.0419354200731 266.16575651500779  1714.4057298916437 1710.1937491428448 264.85004472287221  1705.8163986178452 1710.3459380365166 263.52330162894845  1681.7101137775292 1710.7741761566383 259.76760771970112  1666.1971239019319 1711.0510542537693 257.31332945599911  1650.6900794024129 1711.3290721222777 254.82167178809325  1635.1892389166333 1711.6081748093791 252.29168272789934  1619.6948860626119 1711.8883060990843 249.72233113811151  1604.2073294134441 1712.1694071266566 247.11250673396796  1588.7269024720313 1712.4514149930826 244.46102008501637  1561.7355467431157 1712.9448187885155 239.76081567819162  1550.2212833888857 1713.155841014187 237.73123642190802  1538.7113196152366 1713.3672991973506 235.67734725506915  1527.2058112596335 1713.5791621462763 233.59861348919731  1515.7049430258662 1713.7914068165917 231.49437681522556  1504.2089087419226 1714.0040059485168 229.3639655021268  1492.7179270756064 1714.2169364843824 227.20660648539274  1472.7019688154596 1714.5885409059867 223.39861587343844  1464.1746234111656 1714.7470772779129 221.76043591357742  1455.6502922798932 1714.9057724081238 220.10660095981916  1447.1290791574186 1715.0646159692913 218.43675323232131  1438.611094920667 1715.2235970286224 216.7505154796342  1430.0964575877181 1715.3827040478557 215.04749097870112  1421.5852923178027 1715.5419248832611 213.32726353485822  1406.534204855132 1715.8237878927691 210.25273129848469  1399.992811680097 1715.9463887902129 208.90562819513576  1393.4536100990999 1716.069042609508 207.54789959176958  1386.9166670975069 1716.1917444806181 206.17932319820292  1380.3820459535218 1716.314486258002 204.79970191242739  1373.8498138668524 1716.4372596674252 203.40882803723773  1367.320050266934 1716.5600596709378 202.00644411204107  1351.0024265244954 1716.8671023887953 198.47115177894216  1341.2177590014298 1717.0513705242372 196.32353331284301  1331.4391076214204 1717.2356644071519 194.14854330762088  1321.6667851885986 1717.4199662904221 191.94518662762499  1311.9011434953063 1717.6042591414075 189.71236582601114  1302.1425733248273 1717.7885252569113 187.44888101838194  1292.3915044541188 1717.9727448781384 185.15342975642793  1277.7771126715022 1718.2489649472998 181.66025675702497  1272.9078134103327 1718.3410175496595 180.48756493832568  1268.040567079312 1718.433049801032 179.30635596925484  1263.1754360046314 1718.5250585481087 178.11644813733722  1258.3124856324007 1718.6170402959867 176.91765349383701  1253.4517845286466 1718.7089912081651 175.70977785375786  1248.5934043793138 1718.8009071065455 174.49262079584298  1238.8817599902159 1718.9846536482951 172.03941272644965  1234.0284965041794 1719.0764842820265 170.8033621615366  1229.1777034891866 1719.1682706402594 169.5576184500222  1224.3294570594305 1719.2600070305248 168.30197728958467  1219.4838448833511 1719.3516893864276 167.03619921360317  1214.6409638604755 1719.4433144411955 165.76001855625921  1209.8009164679695 1719.5348785061378 164.47315757384177  1194.0005589226978 1719.8337638443284 160.23373249738921  1183.0525040830173 1720.0408199363501 157.23572134306121  1172.1208868008578 1720.247513846776 154.17767828101427  1161.2072637539593 1720.4538164200815 151.05542538958332  1150.3135118958473 1720.659692737247 147.86420426127802  1139.4418258551696 1720.865090357388 144.59868415690215  1128.5947139832729 1721.0699257098163 141.25297466751937  1106.6315568695886 1721.4843191706352 134.28562152779492  1095.5177662250933 1721.693826437812 130.65886462458437  1084.4359840692757 1721.9024357537 126.93356821021527  1073.3903695964304 1722.1100741185148 123.10010005120654  1062.3868957385766 1722.3167023645183 119.14594395659344  1051.4333296831705 1722.5222516658639 115.05575670748237  1040.5392564312333 1722.7265547410384 110.81129486215514  1027.2418747655781 1722.9755808675832 105.38101899335798  1024.7714400702253 1723.0218319419853 104.36145774685994  1022.304899250427 1723.0679931798672 103.33250467881344  1019.8423929816888 1723.1140589025324 102.29391858770678  1017.384081866648 1723.160023577731 101.24543105545791  1014.9301464350743 1723.2058818196613 100.18674644741436  1012.4807871438687 1723.2516283889674 99.117541912353161  1006.0640451400883 1723.3714031303732 96.282424617269058  1002.1046211295394 1723.4452416369577 94.498625802100591  998.15890478576534 1723.5187572320215 92.684395527017301  994.22811434245398 1723.5919366929099 90.837754151652319  990.31373222194952 1723.664766505407 88.956421031576198  986.41750343056742 1723.7372293143574 87.037817744643192  982.54143395390975 1723.8093003742842 85.079071317337551  976.61288882185443 1723.9195188527285 81.999060829276601  974.54448891394736 1723.9579694096637 80.908549341432888  972.48293026363342 1723.9962907436261 79.804982584726361  970.42857224204101 1724.0344765804473 78.687833791863426  968.38179275624896 1724.0725192989798 77.556549831119099  966.34298824928987 1724.1104099310992 76.410551206337061  964.31257370014816 1724.1481381617004 75.249232056929714  960.26733395243969 1724.2232832068839 72.8935412119353  958.25292960920297 1724.2606947437612 71.699262796152738  956.24823065358453 1724.2979112058038 70.488636506903063  954.25376685165963 1724.3349154985428 69.261124184125691  952.27013667604729 1724.3716891665681 68.016137911326581  950.29800730590762 1724.4082123935307 66.753040015578421  948.33811462694405 1724.4444640021409 65.471143067520529  941.93251834158377 1724.5627781909418 61.18889885755663  937.54701912458393 1724.6435347151394 58.107551088030668  933.24057424026785 1724.7225857116116 54.910845904319416  929.02913300481009 1724.7997540833012 51.581168811800858  924.9385981122897 1724.8747377861589 48.098356415426494  921.0049567591725 1724.947042071504 44.439564696479003  917.27410611595917 1725.0158880812107 40.579480282176497  912.0680473905926 1725.1121053850327 34.452350857912791  910.40048291465632 1725.14297209961 32.357620433702365  908.80316156072149 1725.1725377111054 30.202412618653142  907.28356236052832 1725.2006172869335 27.98356562738384  905.85153747931429 1725.2269921356447 25.699746347793344  904.51931221581322 1725.2514098069287 23.35145034106074  903.30148500225539 1725.2735840916125 20.941001841645342  902.21502740436779 1725.2931950216605 18.472553757286644  901.2557890862422 1725.3105123456085 16.291021873138796  900.39789306991895 1725.32589031113 14.066301825884748  899.6539722548921 1725.3390935002715 11.797450647140355  899.03784326164487 1725.3499202591488 9.4869793129840527  898.56450643164737 1725.358202697952 7.1408527439569047  898.25014582735855 1725.3638066909414 4.7684898050625799  898.11212923222581 1725.3666318764506 2.3827633057673556  898.16900815068391 1725.3666116568838 1.1333424726562981e-13 
 0 9 0.096492871366558527 7 0.19413128145143804 7 0.29190764742018255 7 0.38969498379877499 7 0.43854622108043229 7 0.48734510787087554 7 0.53607637693020382 7 0.58472840914746715 7 0.6090223062966964 7 0.64522313963624278 7 0.68177227894076231 7 0.70597947460483701 7 0.72382455432953785 7 0.73730070514820212 7 0.75790056941167872 7 0.7681959981932226 7 0.77848878627534823 7 0.79708897948116308 7 0.81093539748676646 7 0.82121893600614393 7 0.82912844229471439 7 0.84099220375474781 7 0.8469237722626749 7 0.85285494445552357 7 0.86629790859860911 7 0.88014307195616792 7 0.8833081076952406 7 0.88845099844172915 7 0.89122006152457678 7 0.89399191247318399 7 0.90034024714124194 7 0.9035071286334414 8 1 9
7 0 0  8 261 38  898.16900815068425 1725.3666116568838 1.1368683772161603e-13  898.09545043201081 1725.366611661806 -3.0965909140370513  898.34740141165969 1725.3618962287085 -6.1955436987977919  898.89162701849489 1725.3524529336707 -9.2628589449756191  899.68739950872339 1725.3385585614114 -12.275244707531215  900.69798898470629 1725.3206394335784 -15.217276984880868  901.89183156318848 1725.2991577994994 -18.081066126793189  903.24512254186595 1725.2745222866129 -20.865508970557755  905.5648570406745 1725.2319326260133 -25.063512643224531  906.42955079180297 1725.2159916909932 -26.527430403815305  907.33385044528245 1725.1992639618718 -27.967621594101605  908.27494601765511 1725.1818083951316 -29.384140203960254  909.25026793231359 1725.1636805048315 -30.777144686430415  910.25748701950374 1725.1449323626059 -32.146897957713598  911.29451451632133 1725.1256125976658 -33.493767397173713  913.62604943846748 1725.0821623892853 -36.393441863052949  914.93202198037818 1725.0578139539889 -37.936847240857375  916.27405686683221 1725.0327935171774 -39.449385381629106  917.64904937978611 1725.0071652625259 -40.932089622128608  919.05415290876522 1724.9809851311131 -42.386082234998078  920.48677895086416 1724.9543008214227 -43.812574428761309  921.94459711074774 1724.9271517893435 -45.212866347823791  926.68446462201871 1724.8388727148242 -49.615137050739065  930.05409639567506 1724.7761069432399 -52.52022851643116  933.51394328552465 1724.7115953161647 -55.319091069775638  937.04740998358113 1724.6455493160761 -58.024606062367013  940.6414377199817 1724.5781134789559 -60.64752461296726  944.28635804157193 1724.5093966086524 -63.196654325761202  947.97585670161141 1724.4394960651507 -65.678903205214112  955.73709014001463 1724.2918592420722 -70.713710660477091  959.81439009124028 1724.2139688769837 -73.255105696518285  963.93367781013433 1724.1350327471948 -75.728496804506804  968.09025013314113 1724.0551871530924 -78.138767102950169  972.27991955924949 1723.9745314642328 -80.49059739524894  976.49904976515154 1723.893135964654 -82.788404918741847  980.74457855614628 1723.8110488723291 -85.036303841705802  988.22848208952053 1723.6660030877526 -88.895802519357829  991.45798118975893 1723.6033011911852 -90.528143432235481  994.70156171024473 1723.5402085456426 -92.136721557335392  997.95829250548115 1723.4767348599466 -93.722970508385274  1001.2272745706388 1723.4128892446652 -95.288148333940569  1004.5076404844621 1723.3486816076113 -96.833339648876191  1007.7985538521773 1723.2841240493447 -98.359457765878474  1014.3987635212629 1723.1543620296159 -101.37453462724955  1017.7085683330101 1723.089147828159 -102.86373443939647  1021.0276866327331 1723.0236079501251 -104.33551743874415  1024.3552949277271 1722.9577572088226 -105.79052845966646  1027.690911266495 1722.8916330288355 -107.22887689194567  1031.0338232026938 1722.8252356116661 -108.65143110255542  1034.3836706380189 1722.7585881426487 -110.05849048877707  1046.1376473021724 1722.5243358045961 -114.93389953842315  1054.5740613881746 1722.355495936099 -118.32301282670774  1063.0444944121034 1722.1853195187771 -121.62679828751922  1071.5447923812419 1722.0138927393853 -124.85302038717413  1080.0714466516299 1721.8412690179266 -128.00843873368765  1088.6215924198179 1721.6674896139543 -131.09881308333235  1097.1930083591219 1721.4926012339645 -134.12890516365303  1111.2250880305926 1721.2052491717036 -138.98571877400744  1116.6739048409854 1721.0934117443987 -140.84625603169513  1122.1300976622888 1720.9811713356255 -142.68511164392123  1127.5933745078291 1720.8685642714083 -144.50281647134125  1133.0633204443861 1720.7555984542314 -146.30030701470935  1138.5396548346253 1720.6422983852021 -148.07815572821107  1144.0220553447527 1720.5286751116444 -149.83709954584435  1155.2870121190372 1720.2948205962996 -153.40992892215363  1161.0701873097773 1720.1745558504961 -155.22184422767174  1166.859455419205 1720.0539640931788 -157.01424345698379  1172.6545158018266 1719.933058702765 -158.78782762330013  1178.45509049257 1719.8118516665768 -160.54325426277353  1184.2609243167426 1719.6903540766475 -162.28113710777475  1190.0717849999899 1719.5685766255262 -164.00204576016793  1200.2493662081288 1719.3549921214328 -166.98489235873765  1204.6139775994461 1719.2633029556364 -168.2540256509854  1208.9812084040755 1719.1714669401488 -169.5141266897505  1213.3509754369588 1719.0794886627893 -170.76540241608956  1217.7232013761047 1718.987372963747 -172.00804526369447  1222.0978147625929 1718.895124935578 -173.24223315889262  1226.4747500005706 1718.8027499232064 -174.46812952064681  1239.3206453846446 1718.5314220667858 -178.04027554068387  1247.7957923397823 1718.3521368382389 -180.36423830515656  1256.2789695588317 1718.1724430890133 -182.65880355913623  1264.7697995587159 1717.9923851535432 -184.92489956545637  1273.2679150550598 1717.8119988110514 -187.16346348441829  1281.7729923368911 1717.6313213298918 -189.37532012481154  1290.2847238943777 1717.4503846911639 -191.56128152542215  1306.1460225743047 1717.1130455454606 -195.5848430956959  1313.4939476601839 1716.9567018242278 -197.42890511561222  1320.8464330215177 1716.8002094893839 -199.25474656087678  1328.2033126954921 1716.6435881029672 -201.06281260169652  1335.5644325288765 1716.4868571755258 -202.85351783106231  1342.9296501780243 1716.3300361661111 -204.62724626474886  1350.2988351088713 1716.1731444822803 -206.38435134131473  1364.160203556977 1715.8780904445057 -209.65707903000404  1370.6515172210047 1715.7399398285061 -211.17638096375356  1377.1457304067208 1715.601764160336 -212.6832725058799  1383.6427637855957 1715.4635759282839 -214.17797142541693  1390.1425504999679 1715.3253908532809 -215.66064784013065  1396.6450288637313 1715.1872251021698 -217.1314560502073  1403.1501340313689 1715.0490920173131 -218.59057067029119  1421.4917917793043 1714.6599010497168 -222.67050983290787  1433.3342649027279 1714.4089514742391 -225.26471468525301  1445.1848711712119 1714.1582410057645 -227.8217076552539  1457.0432787267562 1713.9078491417931 -230.34237442154659  1468.909179683463 1713.6578521509771 -232.82753771149541  1480.7822902384958 1713.408324140767 -235.27795688273773  1492.6623507830434 1713.1593381250518 -237.69432750472876  1513.4669166864164 1712.7246321823127 -241.86503932110398  1522.3884849086126 1712.5386435442247 -243.63398773971571  1531.3137298010865 1712.3530315801231 -245.38439631851574  1540.2425583540166 1712.1678277888766 -247.11650460811018  1549.1748812797821 1711.9830626012972 -248.83054307181237  1558.110615979723 1711.7987672916297 -250.52671772532437  1567.0496882849141 1711.6149751711848 -252.20520115935051  1589.4110559932658 1711.1567171373702 -256.35865787937468  1602.8374351621594 1710.8829200433652 -258.81170898590744  1616.2709148495819 1710.6104316071362 -261.22592620244615  1629.711260263573 1710.3393535429125 -263.60187435477474  1643.1582491227514 1710.0697842474117 -265.94008337188734  1656.6116716703229 1709.8018193868618 -268.24104827337334  1670.0713306880823 1709.5355524840188 -270.50522915680239  1697.0105652247139 1709.0064450389775 -274.96216605403879  1710.4901456698251 1708.7436067967442 -277.15487797395912  1723.9755966956168 1708.4826521178977 -279.31161868310767  1737.4667442623927 1708.2236729403041 -281.43276759212966  1750.9634203450428 1707.9667573767802 -283.51869042474556  1764.4654678240356 1707.7119941697479 -285.56970811686745  1777.9727427819203 1707.4594749840771 -287.58608242928574  1810.1180269981444 1706.8642808638481 -292.30122288182719  1828.7606156360482 1706.5237050611363 -294.96901488287295  1847.4124918293662 1706.1877794161817 -297.57221225748685  1866.073295719073 1705.8567170026918 -300.1115040968109  1884.7426823556693 1705.5307215986807 -302.58753673538507  1903.4203217593961 1705.2099886432441 -305.00091342870797  1922.1058989804571 1704.8947061933318 -307.3521940307989  1954.984103372635 1704.3500836674796 -311.37939013845715  1969.1734892208756 1704.118354429773 -313.0814272402846  1983.3671406280491 1703.889948195372 -314.74822663622837  1997.5649282887157 1703.6649405727601 -316.38001038427592  2011.7667294015869 1703.4434085592281 -317.97696210893736  2025.97242401118 1703.2254263377472 -319.53925855665585  2040.1818915889776 1703.0110613264592 -321.06709869988657  2075.5887323658021 1702.4862270781662 -324.78775630913873  2096.7905784927157 1702.1802651571138 -326.93863387687105  2118.000168923812 1701.882714400778 -329.01389123585255  2139.2171275247747 1701.5937787739822 -331.01411314897291  2160.441087988087 1701.3136474019739 -332.93986704897861  2181.6716938515947 1701.0424951851533 -334.79170292746875  2202.9085985170632 1700.7804834138035 -336.57015322389174  2245.7305945785047 1700.2710369314091 -340.00831024631793  2267.3158751766414 1700.0238983831707 -341.66569322694335  2288.9069533129518 1699.786500567435 -343.24841828615638  2310.5034845714727 1699.5589862865609 -344.75699800999945  2332.105130810718 1699.3414797263058 -346.19196140680509  2353.7115609637467 1699.1340884338547 -347.55384328715206  2375.3224522677856 1698.9369061394318 -348.84316801587789  2425.9122208102126 1698.4994769332186 -351.69225804858468  2454.8944013394243 1698.2674277359054 -353.19462485715025  2483.8832685099997 1698.0540463731029 -354.56887296962498  2512.8780866669367 1697.8594769832687 -355.81625096571457  2541.8781385181678 1697.6837973373094 -356.93813453037637  2570.8827377685452 1697.5270693660875 -357.93571764502411  2599.8912149542107 1697.3892837427802 -358.81037735579417  2672.6819098964352 1697.0909929687341 -360.69985746912909  2716.4682623790191 1696.954622118732 -361.55940631947169  2760.2597600642021 1696.8611200105875 -362.14677745295222  2804.0543090807819 1696.8100969704506 -362.46674443481322  2847.8499440694445 1696.8009262315118 -362.52433981516413  2891.6448282323022 1696.832804001149 -362.32458101030869  2935.4372541595781 1696.9047207118158 -361.87275756254189  3023.4293203357411 1697.1273353376528 -360.46918435766986  3067.6288906482323 1697.2787742401156 -359.51273205091042  3111.8227330195914 1697.4686098284412 -358.31050916646126  3156.0093701874475 1697.6954592047109 -356.86824550833671  3200.1874694954909 1697.9577799748329 -355.19184917656969  3244.3558420598874 1698.2538919491271 -353.28739408504606  3288.513441490124 1698.5820011757153 -351.16109401609594  3361.8251521765228 1699.1768848005133 -347.27214232031668  3390.9858438029205 1699.4266913294518 -345.63092993191134  3420.1411789908748 1699.6890958476286 -343.89748853663389  3449.290924792173 1699.9635358388107 -342.07367734923793  3478.4348751992397 1700.2494331617418 -340.16138320017842  3507.5728511364 1700.5461964678602 -338.16252075873871  3536.7047004511278 1700.8532236190113 -336.07903275615593  3609.7036437876168 1701.6469356869995 -330.64992127748894  3653.5627969104876 1702.1458717744717 -327.19940208483604  3697.4073361166384 1702.6646247799479 -323.56807049743708  3741.2369665799915 1703.2010690295822 -319.76278103851951  3785.0515199082865 1703.7530574367861 -315.79050836261035  3828.8509542456982 1704.3184381757114 -311.65835073025534  3872.6353543754503 1704.8950713547288 -307.37353348273803  3960.1776363066165 1706.0666617386987 -298.51297543884527  4003.9354999315565 1706.6616199906682 -293.9372135439985  4047.6787388386274 1707.2636071655288 -289.22349048991964  4091.40767452818 1707.8705380262504 -284.37929794343506  4135.1227314509624 1708.4803736195261 -279.41223515132089  4178.8244379834314 1709.0911343973683 -274.3300195513462  4222.5134277496645 1709.7009118182423 -269.14050046999557  4326.3099803407677 1711.1433506298758 -256.57176815732601  4386.4067439927176 1711.9734991216767 -249.10369957521618  4446.4827060897414 1712.7935713239074 -241.46822753821471  4506.5400897565169 1713.5991089014249 -233.68661380800737  4566.5813660276954 1714.3860107417729 -225.78061546997918  4626.6092552731516 1715.1505828855409 -217.77250100730524  4686.6267283818097 1715.8895790069012 -209.68506355586783  4793.17778303265 1717.1513755668757 -195.22601961339956  4839.7141651236598 1717.6854711402543 -188.87673431970492  4886.2476484568133 1718.2012258253019 -182.50467351209966  4932.779745778751 1718.6975230357205 -176.12089358088201  4979.3120008444494 1719.1734228723674 -169.73670246935805  5025.8459868774053 1719.6281702055612 -163.3636491070169  5072.3833024360647 1720.0612014933947 -157.01349374993185  5142.324969690083 1720.6787446065657 -147.52321601698065  5165.7256085104236 1720.8797634219818 -144.35701165226936  5189.1276962775883 1721.0751508641329 -141.20115659511481  5212.5314345224724 1721.2648715008138 -138.05719192277564  5235.9370228642674 1721.4489019738066 -134.92667401885026  5259.3446590104413 1721.6272309988833 -131.81117457327687  5282.7545387567525 1721.7998593658015 -128.71228058233362  5329.564297776441 1722.1336345293216 -122.55286542357565  5352.9641717131308 1722.29478807745 -119.49232164890364  5376.3666713621542 1722.4502737374341 -116.45156108438572  5399.7719856473004 1722.6001159736227 -113.43219958044341  5423.1802988513191 1722.7443505599715 -110.43587077815609  5446.591790615922 1722.8830245800448 -107.46422610926125  5470.0066359417797 1723.0161964270128 -104.5189347961543  5523.2114568837915 1723.3064107181569 -97.891154139470032  5553.0036027638134 1723.4600964937279 -94.225988877602305  5582.8017964734336 1723.6051350847604 -90.609658867575305  5612.6063688332551 1723.7416969996782 -87.045682732799861  5642.4176278075838 1723.8699796166168 -83.537626584977261  5672.2358584723834 1723.9902054990978 -80.089103690269098  5702.0613229832234 1724.1026207117113 -76.703774135467029  5776.6139322139843 1724.3646971947014 -68.411006965518993  5821.350341796101 1724.5049518952337 -63.587004394779953  5866.1043311959074 1724.6291590289659 -58.925798952367309  5910.8765409312746 1724.7383260777501 -54.440149533991189  5955.6673994042067 1724.833552203223 -50.143003052787037  6000.4771238997546 1724.9160051393558 -46.047504955103747  6045.3057240386497 1724.9868919717155 -42.167033913689856  6112.7204766275754 1725.0778883363705 -36.677518774577187  6135.2926704454167 1725.105728581728 -34.89775950827282  6157.8695482561252 1725.1311021049671 -33.177618680402553  6180.4510588527846 1725.1541640283899 -31.5188411288357  6203.0371314242457 1725.1750687762483 -29.923185601470976  6225.6276755491863 1725.1939688361751 -28.392424655687314  6248.2225811901899 1725.2110135206144 -26.928344557794713  6293.4175705607659 1725.2416796936611 -24.137348982733265  6316.0176495505839 1725.2553016487827 -22.810411999198806  6338.6218265040916 1725.267358288889 -21.553740431369761  6361.2299469448772 1725.2779899064003 -20.369133783697691  6383.8418333819982 1725.2873306494555 -19.258430085042633  6406.4572839083457 1725.2955072629477 -18.223477022616493  6429.076070657291 1725.3026376933537 -17.266101333961075  6510.8011596319029 1725.3250045720943 -14.094358479670886  6569.9252175196871 1725.3347692748837 -12.342710322412946  6629.0658661505158 1725.3400326957792 -11.166016191688691  6688.2173441817686 1725.3422014398773 -10.597245865408121  6747.3723780428481 1725.3419676780579 -10.669525654355535  6806.5221818757118 1725.3390675983112 -11.416147796375666  6865.6564575004795 1725.3320096989671 -12.870590626816181  6924.7633944060517 1725.317772923823 -15.066549525226549 
 0 9 0.0040684026384336094 7 0.0063013454665285934 7 0.0089569902630587412 7 0.014800897345234428 7 0.021113196092367385 7 0.025865703723275783 7 0.030616628026249249 7 0.042503325015060857 7 0.050031477073865148 7 0.057955448539137755 7 0.063898623652055578 7 0.075389100838915257 7 0.085294667605130062 7 0.094011654223734559 7 0.10986319977559546 7 0.12175547189237218 7 0.13960123015595247 7 0.15745734269613543 7 0.1820801089967036 7 0.2007646247781335 7 0.22862579694018309 7 0.25692799565546448 7 0.29486680007707711 7 0.35211686621653487 7 0.40990989254120036 7 0.44809188231873931 7 0.50560732544145204 7 0.5631268775958449 7 0.64230008785024884 7 0.70370261134465673 7 0.73457307978004438 7 0.76542393411346854 7 0.80466396285900299 7 0.86348489528488581 7 0.89308402097007178 7 0.92267884330004324 7 1 9
7 0 0  4 8 3  6924.7633944060526 1725.3177729238232 -15.066549525226527  6924.7680779265274 1725.3404159594245 -11.573968539500957  6924.771313778695 1725.3560600707715 -8.0813748654113429  6924.7731020716164 1725.3647057851376 -4.5887743871820792  6924.773837026697 1725.3682590127012 2.9445148744629748  6924.7722937186109 1725.360797706604 6.9852040303002596  6924.7688129014914 1725.3439692831143 11.025885177158582  6924.7633944060526 1725.3177729238228 15.066549525226439 
 0 5 0.46362236734191797 3 1 5
1 12500 0 1950 0 0 -1 
7 0 0  4 25 22  0 0 0  -0.24096808212784571 1.1383346485126996e-15 10.253206997729437  8.546974915610301 3.8515042215110074e-15 34.691265953625731  42.624719538040928 7.3951085355458253e-15 66.609216090097107  107.00242997129548 1.1336825272404823e-14 102.11304414473356  198.46777519896406 1.5311734660109087e-14 137.91584501932638  318.50920526256897 1.9348079525615184e-14 174.27200748379053  467.95393144735476 2.3420910899789326e-14 210.9568112019376  646.95536633762481 2.7476112203186673e-14 247.48281735972287  855.64763963218525 3.1446601419926059e-14 283.24580487369502  1094.0375454860393 3.5243232569493129e-14 317.44281813460196  1362.2332866089489 3.8757751860448636e-14 349.09879367286925  1660.1957703942433 4.1856017283711548e-14 377.00548768427274  1987.9551003676766 4.4382133644921877e-14 399.75872109035544  2345.5209507276718 4.6157869491229897e-14 415.7531276818379  2732.9588549436794 4.6986505707398416e-14 423.21681919056238  3150.2276035231052 4.6655704455429751e-14 420.23722640036283  3597.3287117103127 4.494437360257258e-14 404.82292841789246  4074.3021626805307 4.16293830556549e-14 374.96414803422209  4581.0836469871292 3.6495966905867787e-14 328.72644591558424  5117.6391835040904 2.9347793426511389e-14 264.34142307956597  5683.9222799782592 2.0020552942581002e-14 180.32910954391818  6118.6884561215547 1.1541017374855334e-14 103.9522430977498  6415.6283203285402 5.2049345523441143e-15 46.881882620849545  6567.8959999999997 1.8229573406358669e-15 16.419740000000001 
 0 5 0.0061017956429410703 1 0.014856665176794296 1 0.027347523652878999 1 0.043962562312674515 1 0.064844474160141163 1 0.090029503267641114 1 0.11954835819697328 1 0.15347219453376373 1 0.19175203434668447 1 0.23439210950566575 1 0.28142581364613012 1 0.33286285593226717 1 0.38869209350815803 1 0.44894069657110575 1 0.51370648962621612 1 0.58298638577414463 1 0.65684798895720165 1 0.73540139899327805 1 0.81873565178348096 1 0.9069087452444029 1 1 5
1 6567.8959999999997 1.8229573406358669e-15 16.419740000000001 0 -1.1102230246251565e-16 -1 
7 0 0  4 25 22  0 0 0  -0.24402189656517917 -1.1405204322744548e-15 -10.272894787599343  8.6019589959186877 -3.8598420096081859e-15 -34.766366072360825  42.709400866686003 -7.4280257794158439e-15 -66.905708264551265  107.02713799110413 -1.1462311759003851e-14 -103.2433259333084  198.43231581191802 -1.5615382739017406e-14 -140.65086376937293  318.40522042775046 -1.9920644352081874e-14 -179.42921296203221  467.77914791089859 -2.4330484880981318e-14 -219.1495252874619  646.71310294095372 -2.8739050642456393e-14 -258.85835552869685  855.3626303028102 -3.2995878496422382e-14 -297.2004522025  1093.7591137615195 -3.6900834738867269e-14 -332.37317115924577  1362.0361575821642 -4.0213638471007561e-14 -362.21225446648299  1660.1697541185652 -4.2660064893980299e-14 -384.24770472026171  1988.1799674339511 -4.395415414444978e-14 -395.90382445265874  2346.0268510975229 -4.3823322789001068e-14 -394.72540036536435  2733.684067270477 -4.2044839866958207e-14 -378.70625031537031  3150.972608815001 -3.849016325048358e-14 -346.68856974461482  3597.7395462870122 -3.3179196135537521e-14 -298.85163070491876  4073.9062629158166 -2.6342405637678042e-14 -237.27129642777857  4579.4054991787943 -1.8494221696015191e-14 -166.58113987736272  5114.4965019200527 -1.051395718519687e-14 -94.701307322883949  5679.9766936670921 -3.7463709899153647e-15 -33.744309988348945  6116.7876394267578 -1.1112663414193583e-15 -10.009397362251192  6415.3219129400995 -1.1936643040334655e-15 -10.751572229701155  6567.8959999999997 -1.8229573406358669e-15 -16.419740000000001 
 0 5 0.0061149797933931424 1 0.014917919231989783 1 0.027493615500625998 1 0.044221853982458564 1 0.06523228057732279 1 0.090544648457821703 1 0.12017148578722726 1 0.15416644410551847 1 0.19247037588271382 1 0.23508903146831434 1 0.28207415021515436 1 0.33347352605764535 1 0.38932854249029847 1 0.44972122762142941 1 0.51478757872200465 1 0.58450903470243154 1 0.6588600284930235 1 0.73775664759179715 1 0.82100710190404314 1 0.9084041829937719 1 1 5
6 0 3 12500 0 1950  14000 0 1950  15500 0 1950  25716 0 1950  
6 0 3 12500 0 -1950  14000 0 -1950  15500 0 -1950  25716 0 1200.0299999999997  
6 0 6 25716 0 1950  25716 207.09849691530013 1950  25716 374.98500000000001 1782.1134969152999  25716 374.98500000000001 1575.0149999999999  25716 374.98500000000001 1367.9165030846998  25716 207.09849691530013 1200.0299999999997  25716 0 1200.0299999999997  
7 0 0  1 2 2  0 0 0  8718.5267186254187 16748.133999999998 0 
 0 2 1 2
7 0 0  4 25 22  8718.5267186254187 16748.133999999998 0  8718.4785250089935 16748.133999999998 2.0506413995458876  8720.2361136085401 16748.133999999998 6.9382531907251463  8727.0516625330274 16748.133999999998 13.321843218019419  8739.9272046196784 16748.133999999998 20.422608828946711  8758.2202736652107 16748.133999999998 27.583169003865272  8782.2285596779329 16748.133999999998 34.854401496758108  8812.1175049148897 16748.133999999998 42.191362240387519  8847.9177918929436 16748.133999999998 49.496563471944569  8889.6562465518564 16748.133999999998 56.649160974739004  8937.3342277226257 16748.133999999998 63.488563626920389  8990.9733759472092 16748.133999999998 69.819758734573838  9050.5658727042664 16748.133999999998 75.40109753685455  9116.1177386989548 16748.133999999998 79.951744218071084  9187.6309087709524 16748.133999999998 83.150625536367571  9265.1184896141549 16748.133999999998 84.643363838112478  9348.5722393300402 16748.133999999998 84.047445280072566  9437.9924609674817 16748.133999999998 80.964585683578491  9533.3871511615253 16748.133999999998 74.99282960684441  9634.7434480228439 16748.133999999998 65.745289183116839  9742.0545553262364 16748.133999999998 52.868284615913197  9855.3111746210707 16748.133999999998 36.065821908783633  9942.2644098497294 16748.133999999998 20.790448619549959  10001.652382691127 16748.133999999998 9.376376524169908  10032.105918625419 16748.133999999998 3.2839479999999996 
 0 5 0.0061017956429410703 1 0.014856665176794296 1 0.027347523652878999 1 0.043962562312674515 1 0.064844474160141163 1 0.090029503267641114 1 0.11954835819697328 1 0.15347219453376373 1 0.19175203434668447 1 0.23439210950566575 1 0.28142581364613012 1 0.33286285593226717 1 0.38869209350815803 1 0.44894069657110575 1 0.51370648962621612 1 0.58298638577414463 1 0.65684798895720165 1 0.73540139899327805 1 0.81873565178348096 1 0.9069087452444029 1 1 5
7 0 0  1 2 2  6567.8959999999997 1.8229573406358669e-15 16.419740000000001  10032.105918625419 16748.133999999998 3.2839479999999996 
 0 2 1 2
7 0 0  1 2 2  6567.8959999999997 -1.8229573406358669e-15 -16.419740000000001  10032.105918625419 16748.133999999998 -3.2839479999999996 
 0 2 1 2
7 0 0  4 25 22  8718.5267186254187 16748.133999999998 0  8718.4779142461048 16748.133999999998 -2.0545789575198685  8720.2471104246015 16748.133999999998 -6.9532732144721647  8727.0685987987563 16748.133999999998 -13.381141652910253  8739.9321462236403 16748.133999999998 -20.648665186661681  8758.2131817878017 16748.133999999998 -28.130172753874582  8782.2077627109684 16748.133999999998 -35.885842592406441  8812.0825482075979 16748.133999999998 -43.829905057492383  8847.8693392136101 16748.133999999998 -51.771671105739372  8889.59924468598 16748.133999999998 -59.440090440500001  8937.2785413777219 16748.133999999998 -66.474634231849151  8990.9339501418508 16748.133999999998 -72.442450893296595  9050.5606694491325 16748.133999999998 -76.849540944052336  9116.1627121122092 16748.133999999998 -79.180764890531748  9187.7320888449231 16748.133999999998 -78.945080073072873  9265.2635320795143 16748.133999999998 -75.741250063074062  9348.7212403884187 16748.133999999998 -69.337713948922953  9438.074627882821 16748.133999999998 -59.770326140983748  9533.3079712085819 16748.133999999998 -47.454259285555715  9634.4078184611772 16748.133999999998 -33.316227975472543  9741.4260190094283 16748.133999999998 -18.940261464576789  9854.5220573588376 16748.133999999998 -6.7488619976697883  9941.88424651077 16748.133999999998 -2.0018794724502387  10001.591101213438 16748.133999999998 -2.1503144459402308  10032.105918625419 16748.133999999998 -3.2839479999999996 
 0 5 0.0061149797933931424 1 0.014917919231989783 1 0.027493615500625998 1 0.044221853982458564 1 0.06523228057732279 1 0.090544648457821703 1 0.12017148578722726 1 0.15416644410551847 1 0.19247037588271382 1 0.23508903146831434 1 0.28207415021515436 1 0.33347352605764535 1 0.38932854249029847 1 0.44972122762142941 1 0.51478757872200465 1 0.58450903470243154 1 0.6588600284930235 1 0.73775664759179715 1 0.82100710190404314 1 0.9084041829937719 1 1 5
1 10032.105918625419 16748.133999999998 3.2839479999999996 0 -1.1102230246251565e-16 -1 
1 25716 0 1200.0299999999997 0 0 1 
Polygon3D 0
PolygonOnTriangulations 0
Surfaces 12
8 0 0 6 4 -11800 0 0  -11800 0 782.9991  -9500.3199999999997 0 1800.0001500000001  -7480 0 1950  -4600 0 1950  
-11800 0 0  -11800 432.43846206123652 782.9991  -9500.3199999999997 994.11263253814093 1800.0001500000001  -7480 1076.9552621700475 1950  -4600 1076.9552621700475 1950  
-11800 0 0  -11800 782.9991 432.43846206123652  -9500.3199999999997 1800.0001500000001 994.11263253814093  -7480 1950 1076.9552621700475  -4600 1950 1076.9552621700475  
-11800 0 0  -11800 782.9991 0  -9500.3199999999997 1800.0001500000001 0  -7480 1950 0  -4600 1950 0  
-11800 0 0  -11800 782.9991 -432.43846206123652  -9500.3199999999997 1800.0001500000001 -994.11263253814093  -7480 1950 -1076.9552621700475  -4600 1950 -1076.9552621700475  
-11800 0 0  -11800 432.43846206123652 -782.9991  -9500.3199999999997 994.11263253814093 -1800.0001500000001  -7480 1076.9552621700475 -1950  -4600 1076.9552621700475 -1950  
-11800 0 0  -11800 0 -782.9991  -9500.3199999999997 0 -1800.0001500000001  -7480 0 -1950  -4600 0 -1950  

1 -7624.0117456266316 0 -2.4059090673414668e-14 0 1 0 0 -0 1 1 0 -0 
8 0 0 6 1 -4600 0 1950  12500 0 1950  
-4600 1076.9552621700475 1950  12500 1076.9552621700475 1950  
-4600 1950 1076.9552621700475  12500 1950 1076.9552621700475  
-4600 1950 0  12500 1950 0  
-4600 1950 -1076.9552621700475  12500 1950 -1076.9552621700475  
-4600 1076.9552621700475 -1950  12500 1076.9552621700475 -1950  
-4600 0 -1950  12500 0 -1950  

1 3950 0 0 0 1 0 0 -0 1 1 0 -0 
8 0 0 6 3 12500 0 1950  14000 0 1950  15500 0 1950  25716 0 1950  
12500 1076.9552621700475 1950  14000 1076.9552621700475 1950  15500 1076.9552621700475 1950  25716 207.09849691530013 1950  
12500 1950 1076.9552621700475  14000 1950 1076.9552621700475  15500 1950 1076.9552621700475  25716 374.98500000000001 1782.1134969152999  
12500 1950 0  14000 1950 0  15500 1950 0  25716 374.98500000000001 1575.0149999999999  
12500 1950 -1076.9552621700475  14000 1950 -1076.9552621700475  15500 1950 -1076.9552621700475  25716 374.98500000000001 1367.9165030846998  
12500 1076.9552621700475 -1950  14000 1076.9552621700475 -1950  15500 1076.9552621700475 -1950  25716 207.09849691530013 1200.0299999999997  
12500 0 -1950  14000 0 -1950  15500 0 -1950  25716 0 1200.0299999999997  

9 0 0 0 0 4 1 25 2 22 2 0 0 0  8718.5267186254187 16748.133999999998 0  
-0.24096808212784571 1.1383346485126996e-15 10.253206997729437  8718.4785250089935 16748.133999999998 2.0506413995458876  
8.546974915610301 3.8515042215110074e-15 34.691265953625731  8720.2361136085401 16748.133999999998 6.9382531907251463  
42.624719538040928 7.3951085355458253e-15 66.609216090097107  8727.0516625330274 16748.133999999998 13.321843218019419  
107.00242997129548 1.1336825272404823e-14 102.11304414473356  8739.9272046196784 16748.133999999998 20.422608828946711  
198.46777519896406 1.5311734660109087e-14 137.91584501932638  8758.2202736652107 16748.133999999998 27.583169003865272  
318.50920526256897 1.9348079525615184e-14 174.27200748379053  8782.2285596779329 16748.133999999998 34.854401496758108  
467.95393144735476 2.3420910899789326e-14 210.9568112019376  8812.1175049148897 16748.133999999998 42.191362240387519  
646.95536633762481 2.7476112203186673e-14 247.48281735972287  8847.9177918929436 16748.133999999998 49.496563471944569  
855.64763963218525 3.1446601419926059e-14 283.24580487369502  8889.6562465518564 16748.133999999998 56.649160974739004  
1094.0375454860393 3.5243232569493129e-14 317.44281813460196  8937.3342277226257 16748.133999999998 63.488563626920389  
1362.2332866089489 3.8757751860448636e-14 349.09879367286925  8990.9733759472092 16748.133999999998 69.819758734573838  
1660.1957703942433 4.1856017283711548e-14 377.00548768427274  9050.5658727042664 16748.133999999998 75.40109753685455  
1987.9551003676766 4.4382133644921877e-14 399.75872109035544  9116.1177386989548 16748.133999999998 79.951744218071084  
2345.5209507276718 4.6157869491229897e-14 415.7531276818379  9187.6309087709524 16748.133999999998 83.150625536367571  
2732.9588549436794 4.6986505707398416e-14 423.21681919056238  9265.1184896141549 16748.133999999998 84.643363838112478  
3150.2276035231052 4.6655704455429751e-14 420.23722640036283  9348.5722393300402 16748.133999999998 84.047445280072566  
3597.3287117103127 4.494437360257258e-14 404.82292841789246  9437.9924609674817 16748.133999999998 80.964585683578491  
4074.3021626805307 4.16293830556549e-14 374.96414803422209  9533.3871511615253 16748.133999999998 74.99282960684441  
4581.0836469871292 3.6495966905867787e-14 328.72644591558424  9634.7434480228439 16748.133999999998 65.745289183116839  
5117.6391835040904 2.9347793426511389e-14 264.34142307956597  9742.0545553262364 16748.133999999998 52.868284615913197  
5683.9222799782592 2.0020552942581002e-14 180.32910954391818  9855.3111746210707 16748.133999999998 36.065821908783633  
6118.6884561215547 1.1541017374855334e-14 103.9522430977498  9942.2644098497294 16748.133999999998 20.790448619549959  
6415.6283203285402 5.2049345523441143e-15 46.881882620849545  10001.652382691127 16748.133999999998 9.376376524169908  
6567.8959999999997 1.8229573406358669e-15 16.419740000000001  10032.105918625419 16748.133999999998 3.2839479999999996  

0 5
0.0061017956429410703 1
0.014856665176794296 1
0.027347523652878999 1
0.043962562312674515 1
0.064844474160141163 1
0.090029503267641114 1
0.11954835819697328 1
0.15347219453376373 1
0.19175203434668447 1
0.23439210950566575 1
0.28142581364613012 1
0.33286285593226717 1
0.38869209350815803 1
0.44894069657110575 1
0.51370648962621612 1
0.58298638577414463 1
0.65684798895720165 1
0.73540139899327805 1
0.81873565178348096 1
0.9069087452444029 1
1 5

0 2
1 2

9 0 0 0 0 4 1 25 2 22 2 6567.8959999999997 -1.8229573406358669e-15 -16.419740000000001  10032.105918625419 16748.133999999998 -3.2839479999999996  
6415.3219129400995 -1.1936643040334655e-15 -10.751572229701155  10001.591101213438 16748.133999999998 -2.1503144459402308  
6116.7876394267578 -1.1112663414193583e-15 -10.009397362251192  9941.88424651077 16748.133999999998 -2.0018794724502387  
5679.9766936670921 -3.7463709899153647e-15 -33.744309988348945  9854.5220573588376 16748.133999999998 -6.7488619976697883  
5114.4965019200527 -1.051395718519687e-14 -94.701307322883949  9741.4260190094283 16748.133999999998 -18.940261464576789  
4579.4054991787943 -1.8494221696015191e-14 -166.58113987736272  9634.4078184611772 16748.133999999998 -33.316227975472543  
4073.9062629158166 -2.6342405637678042e-14 -237.27129642777857  9533.3079712085819 16748.133999999998 -47.454259285555715  
3597.7395462870122 -3.3179196135537521e-14 -298.85163070491876  9438.074627882821 16748.133999999998 -59.770326140983748  
3150.972608815001 -3.849016325048358e-14 -346.68856974461482  9348.7212403884187 16748.133999999998 -69.337713948922953  
2733.684067270477 -4.2044839866958207e-14 -378.70625031537031  9265.2635320795143 16748.133999999998 -75.741250063074062  
2346.0268510975229 -4.3823322789001068e-14 -394.72540036536435  9187.7320888449231 16748.133999999998 -78.945080073072873  
1988.1799674339511 -4.395415414444978e-14 -395.90382445265874  9116.1627121122092 16748.133999999998 -79.180764890531748  
1660.1697541185652 -4.2660064893980299e-14 -384.24770472026171  9050.5606694491325 16748.133999999998 -76.849540944052336  
1362.0361575821642 -4.0213638471007561e-14 -362.21225446648299  8990.9339501418508 16748.133999999998 -72.442450893296595  
1093.7591137615195 -3.6900834738867269e-14 -332.37317115924577  8937.2785413777219 16748.133999999998 -66.474634231849151  
855.3626303028102 -3.2995878496422382e-14 -297.2004522025  8889.59924468598 16748.133999999998 -59.440090440500001  
646.71310294095372 -2.8739050642456393e-14 -258.85835552869685  8847.8693392136101 16748.133999999998 -51.771671105739372  
467.77914791089859 -2.4330484880981318e-14 -219.1495252874619  8812.0825482075979 16748.133999999998 -43.829905057492383  
318.40522042775046 -1.9920644352081874e-14 -179.42921296203221  8782.2077627109684 16748.133999999998 -35.885842592406441  
198.43231581191802 -1.5615382739017406e-14 -140.65086376937293  8758.2131817878017 16748.133999999998 -28.130172753874582  
107.02713799110413 -1.1462311759003851e-14 -103.2433259333084  8739.9321462236403 16748.133999999998 -20.648665186661681  
42.709400866686003 -7.4280257794158439e-15 -66.905708264551265  8727.0685987987563 16748.133999999998 -13.381141652910253  
8.6019589959186877 -3.8598420096081859e-15 -34.766366072360825  8720.2471104246015 16748.133999999998 -6.9532732144721647  
-0.24402189656517917 -1.1405204322744548e-15 -10.272894787599343  8718.4779142461048 16748.133999999998 -2.0545789575198685  
0 0 0  8718.5267186254187 16748.133999999998 0  

0 5
0.091595817006228097 1
0.17899289809595686 1
0.26224335240820285 1
0.3411399715069765 1
0.41549096529756846 1
0.48521242127799535 1
0.55027877237857059 1
0.61067145750970153 1
0.66652647394235465 1
0.71792584978484564 1
0.76491096853168561 1
0.80752962411728613 1
0.8458335558944815 1
0.87982851421277275 1
0.90945535154217827 1
0.93476771942267722 1
0.95577814601754141 1
0.97250638449937399 1
0.98508208076801018 1
0.99388502020660685 1
1 5

0 2
1 2

9 0 0 0 0 1 1 2 2 2 2 6567.8959999999997 1.8229573406358669e-15 16.419740000000001  10032.105918625419 16748.133999999998 3.2839479999999996  
6567.8959999999997 -1.8229573406358669e-15 -16.419740000000001  10032.105918625419 16748.133999999998 -3.2839479999999996  

0 2
32.839480000000002 2

0 2
1 2

1 18466.145266507949 0 595.2450475192129 0 1 0 0 -0 1 1 0 -0 
1 3263.0254808534096 3.6887920467030207e-15 33.225684973957947 4.2391492870789779e-52 1 -1.1102230246251565e-16 0 1.1102230246251565e-16 1 1 -4.2391492870789779e-52 4.7064011433383988e-68 
1 25716.000000000004 125.88614373636538 1575.0149999999999 -1 5.7119077491031874e-30 -2.5774843304908525e-30 -5.7119077491031874e-30 -1 0 -2.5774843304908525e-30 1.4722352720522742e-59 1 
1 9371.1318147960992 16748.134000000005 6.6451369947916064 7.8372297471088049e-29 1 -6.9435006639984656e-29 1 -7.8372297471088049e-29 0 -5.4417809952958515e-57 -6.9435006639984656e-29 -1 
Triangulations 0

TShapes 70
Ve
1e-07
-11800 0 0
0 0

0101101
*
Ve
1.00000227373675e-07
-4600 0 1950
0 0

0101101
*
Ed
 1e-07 1 1 0
1  1 0 0 1
2  1 1 0 0 1
2  2 2 0 0 1
4 C0 1 0 2 0
0

0101000
+70 0 -69 0 *
Ed
 1e-07 1 1 1
2  3 1 0 0 1
0

0101000
+70 0 -70 0 *
Ve
1.00000227373675e-07
-4600 0 -1950
0 0

0101101
*
Ed
 1e-07 1 1 0
1  2 0 0 1
2  4 1 0 0 1
2  5 2 0 0 1
4 C0 1 0 2 0
0

0101000
+70 0 -66 0 *
Ed
 1e-07 1 1 0
1  3 0 0 1
2  6 1 0 0 1
2  7 3 0 0 1
4 G1 1 0 3 0
0

0101000
+69 0 -66 0 *
Wi

0101100
-68 0 +67 0 +65 0 -64 0 *
Fa
1  1e-07 1 0

0101000
+63 0 *
Ed
 1e-07 1 1 0
1  4 0 0 3900
2  8 2 0 0 3900
2  9 4 0 0 3900
4 CN 2 0 4 0
0

0101000
+69 0 -66 0 *
Wi

0101100
+68 0 +61 0 -65 0 *
Fa
0  1e-07 2 0

0101000
+60 0 *
Ve
1e-07
12500 0 1950
0 0

0101101
*
Ed
 1e-07 1 1 0
1  5 0 0 1
2  10 3 0 0 1
2  11 4 0 0 1
4 C0 3 0 4 0
0

0101000
+69 0 -58 0 *
Ve
1e-07
12500 0 -1950
0 0

0101101
*
Ed
 1e-07 1 1 0
1  6 0 0 1
2  12 3 0 0 1
2  13 5 0 0 1
4 G2 3 0 5 0
0

0101000
+58 0 -56 0 *
Ed
 1e-07 1 1 0
1  7 0 0 1
2  14 3 0 0 1
2  15 4 0 0 1
4 C0 3 0 4 0
0

0101000
+66 0 -56 0 *
Wi

0101100
-57 0 +64 0 -55 0 +54 0 *
Ve
0.000264314323315311
6924.76339440605 1725.31777292382 15.0665495252265
0 0

0101101
*
Ve
0.000264314323315311
898.169008150684 1725.36661165688 0
0 0

0101101
*
Ed
 0.000264314322315311 1 1 0
1  8 0 0 1
2  16 3 0 0 1
2  17 6 0 0 1
0

0101000
+52 0 -51 0 *
Ve
2.62884710936054e-05
6924.76339440605 1725.31777292382 -15.0665495252265
0 0

0101101
*
Ed
 2.62884700936054e-05 1 1 0
1  9 0 0 1
2  18 3 0 0 1
2  19 7 0 0 1
0

0101000
+51 0 -49 0 *
Ed
 5e-06 1 1 0
1  10 0 0 1
2  20 3 0 0 1
2  21 8 0 0 1
0

0101000
+49 0 -52 0 *
Wi

0101100
-50 0 -48 0 -47 0 *
Fa
0  1e-07 3 0

0101000
+53 0 +46 0 *
Ed
 1e-07 1 1 0
1  11 0 0 3900
2  22 4 0 0 3900
2  23 9 0 0 3900
4 CN 4 0 9 0
0

0101000
+58 0 -56 0 *
Wi

0101100
+57 0 -61 0 +44 0 -54 0 *
Ve
0.0006567896
0 0 0
0 0

0101101
*
Ve
0.0006567896
6567.896 1.82295734063587e-15 16.41974
0 0

0101101
*
Ed
 0.0006567896 1 1 0
1  12 0 0 1
2  24 6 0 0 1
2  25 10 0 0 1
2  26 4 0 0 1
0

0101000
+42 0 -41 0 *
Ve
0.0006567896
6567.896 -1.82295734063587e-15 -16.41974
0 0

0101101
*
Ed
 0.0006567896 1 1 0
1  13 0 0 32.83948
2  27 8 0 0 32.83948
2  28 10 0 0 32.83948
2  29 4 0 0 32.83948
0

0101000
+41 0 -39 0 *
Ed
 0.0006567896 1 1 0
1  14 0 0 1
2  30 7 0 0 1
2  31 10 0 0 1
2  32 4 0 0 1
0

0101000
+42 0 -39 0 *
Wi

0101100
-40 0 -38 0 +37 0 *
Fa
0  1e-07 4 0

0101000
+43 0 +36 0 *
Ve
1e-07
25716 0 1950
0 0

0101101
*
Ed
 1e-07 1 1 0
1  15 0 0 1
2  33 5 0 0 1
2  34 9 0 0 1
4 C0 5 0 9 0
0

0101000
+58 0 -34 0 *
Ve
1.00000113686838e-07
25716 1.13686837708381e-13 1200.03
0 0

0101101
*
Ed
 1e-07 1 1 0
1  16 0 0 1
2  35 5 0 0 1
2  36 9 0 0 1
4 C0 5 0 9 0
0

0101000
+56 0 -32 0 *
Ed
 1e-07 1 1 0
1  17 0 0 1
2  37 5 0 0 1
2  38 11 0 0 1
4 C0 5 0 11 0
0

0101000
+34 0 -32 0 *
Wi

0101100
-33 0 +55 0 +31 0 -30 0 *
Fa
1  1e-07 5 0

0101000
+29 0 *
Ve
0.00013135792
8718.52671862542 16748.134 0
0 0

0101101
*
Ed
 1e-07 1 1 0
1  18 0 0.103018438451524 1
2  39 6 0 0.103018438451524 1
2  40 7 0 0.103018438451524 1
4 C0 6 0 7 0
0

0101000
+51 0 -27 0 *
Ve
0.00013135792
10032.1059186254 16748.134 3.283948
0 0

0101101
*
Ed
 1e-07 1 1 0
1  19 0 0 1
2  41 6 0 0 1
0

0101000
+27 0 -25 0 *
Ed
 1e-07 1 1 0
1  20 0 0.103015522381408 1
2  42 6 0 0.103015522381408 1
2  43 8 0 0.103015522381408 1
4 C0 6 0 8 0
0

0101000
+52 0 -25 0 *
Wi

0101100
-26 0 -24 0 +23 0 -50 0 *
Fa
0  1e-07 6 0

0101000
+22 0 *
Ve
0.00013135792
10032.1059186254 16748.134 -3.283948
0 0

0101101
*
Ed
 1e-07 1 1 0
1  21 0 0.103015522381408 1
2  44 8 0 0.103015522381408 1
2  45 7 0 0.103015522381408 1
4 C0 8 0 7 0
0

0101000
+49 0 -20 0 *
Ed
 1e-07 1 1 0
1  22 0 0 1
2  46 7 0 0 1
0

0101000
+27 0 -20 0 *
Wi

0101100
-48 0 -19 0 +18 0 +26 0 *
Fa
0  1e-07 7 0

0101000
+17 0 *
Ed
 1e-07 1 1 0
1  23 0 0 6.567896
2  47 8 0 0 6.567896
0

0101000
+25 0 -20 0 *
Wi

0101100
-23 0 -15 0 +19 0 -47 0 *
Fa
0  1e-07 8 0

0101000
+14 0 *
Ed
 1e-07 1 1 0
1  24 0 0 749.97
2  48 11 0 0 749.97
2  49 9 0 0 749.97
4 C0 11 0 9 0
0

0101000
+32 0 -34 0 *
Wi

0101100
+33 0 -12 0 -31 0 -44 0 *
Fa
0  1e-07 9 0

0101000
+11 0 *
Wi

0101100
+40 0 +38 0 -37 0 *
Fa
0  0.0006567896 10 0

0101000
+9 0 *
Wi

0101100
+30 0 +12 0 *
Fa
0  1e-07 11 0

0101000
+7 0 *
Wi

0101100
+24 0 +15 0 -18 0 *
Fa
0  1e-07 12 0

0101000
+5 0 *
Sh

0101100
-62 0 -59 0 -45 0 -35 0 -28 0 +21 0 +16 0 +13 0 -10 0 -8 0 
-6 0 +4 0 *
So

0100000
+3 0 *
Co

1100000
+2 0 *

+1 0 