ISO-10303-21;
HEADER;
FILE_DESCRIPTION(('Open CASCADE Model'),'2;1');
FILE_NAME('Open CASCADE Shape Model','2025-01-09T15:42:10',('Author'),(
    'Open CASCADE'),'Open CASCADE STEP processor 7.6','Open CASCADE 7.6'
  ,'Unknown');
FILE_SCHEMA(('AUTOMOTIVE_DESIGN { 1 0 10303 214 1 1 1 1 }'));
ENDSEC;
DATA;
#1 = APPLICATION_PROTOCOL_DEFINITION('international standard',
  'automotive_design',2000,#2);
#2 = APPLICATION_CONTEXT(
  'core data for automotive mechanical design processes');
#3 = SHAPE_DEFINITION_REPRESENTATION(#4,#10);
#4 = PRODUCT_DEFINITION_SHAPE('','',#5);
#5 = PRODUCT_DEFINITION('design','',#6,#9);
#6 = PRODUCT_DEFINITION_FORMATION('','',#7);
#7 = PRODUCT('Open CASCADE STEP translator 7.6 1',
  'Open CASCADE STEP translator 7.6 1','',(#8));
#8 = PRODUCT_CONTEXT('',#2,'mechanical');
#9 = PRODUCT_DEFINITION_CONTEXT('part definition',#2,'design');
#10 = ADVANCED_BREP_SHAPE_REPRESENTATION('',(#11,#15),#1956);
#11 = AXIS2_PLACEMENT_3D('',#12,#13,#14);
#12 = CARTESIAN_POINT('',(0.,0.,0.));
#13 = DIRECTION('',(0.,0.,1.));
#14 = DIRECTION('',(1.,0.,-0.));
#15 = MANIFOLD_SOLID_BREP('',#16);
#16 = CLOSED_SHELL('',(#17,#157,#187,#1474,#1639,#1727,#1817,#1887,#1913
    ,#1939,#1945,#1950));
#17 = ADVANCED_FACE('',(#18),#34,.F.);
#18 = FACE_BOUND('',#19,.F.);
#19 = EDGE_LOOP('',(#20,#90,#117));
#20 = ORIENTED_EDGE('',*,*,#21,.F.);
#21 = EDGE_CURVE('',#22,#24,#26,.T.);
#22 = VERTEX_POINT('',#23);
#23 = CARTESIAN_POINT('',(-1.18E+04,0.,0.));
#24 = VERTEX_POINT('',#25);
#25 = CARTESIAN_POINT('',(-4.6E+03,0.,1.95E+03));
#26 = SURFACE_CURVE('',#27,(#33,#76),.PCURVE_S1.);
#27 = B_SPLINE_CURVE_WITH_KNOTS('',4,(#28,#29,#30,#31,#32),
  .UNSPECIFIED.,.F.,.F.,(5,5),(0.,1.),.PIECEWISE_BEZIER_KNOTS.);
#28 = CARTESIAN_POINT('',(-1.18E+04,0.,0.));
#29 = CARTESIAN_POINT('',(-1.18E+04,0.,782.9991));
#30 = CARTESIAN_POINT('',(-9.50032E+03,0.,1.80000015E+03));
#31 = CARTESIAN_POINT('',(-7.48E+03,0.,1.95E+03));
#32 = CARTESIAN_POINT('',(-4.6E+03,0.,1.95E+03));
#33 = PCURVE('',#34,#70);
#34 = B_SPLINE_SURFACE_WITH_KNOTS('',6,4,(
    (#35,#36,#37,#38,#39)
    ,(#40,#41,#42,#43,#44)
    ,(#45,#46,#47,#48,#49)
    ,(#50,#51,#52,#53,#54)
    ,(#55,#56,#57,#58,#59)
    ,(#60,#61,#62,#63,#64)
    ,(#65,#66,#67,#68,#69
    )),.UNSPECIFIED.,.F.,.F.,.F.,(7,7),(5,5),(0.,1.),(0.,1.),
  .PIECEWISE_BEZIER_KNOTS.);
#35 = CARTESIAN_POINT('',(-1.18E+04,0.,0.));
#36 = CARTESIAN_POINT('',(-1.18E+04,0.,782.9991));
#37 = CARTESIAN_POINT('',(-9.50032E+03,0.,1.80000015E+03));
#38 = CARTESIAN_POINT('',(-7.48E+03,0.,1.95E+03));
#39 = CARTESIAN_POINT('',(-4.6E+03,0.,1.95E+03));
#40 = CARTESIAN_POINT('',(-1.18E+04,0.,0.));
#41 = CARTESIAN_POINT('',(-1.18E+04,432.43846206123,782.9991));
#42 = CARTESIAN_POINT('',(-9.50032E+03,994.11263253814,1.80000015E+03));
#43 = CARTESIAN_POINT('',(-7.48E+03,1.07695526217E+03,1.95E+03));
#44 = CARTESIAN_POINT('',(-4.6E+03,1.07695526217E+03,1.95E+03));
#45 = CARTESIAN_POINT('',(-1.18E+04,0.,0.));
#46 = CARTESIAN_POINT('',(-1.18E+04,782.9991,432.43846206123));
#47 = CARTESIAN_POINT('',(-9.50032E+03,1.80000015E+03,994.11263253814));
#48 = CARTESIAN_POINT('',(-7.48E+03,1.95E+03,1.07695526217E+03));
#49 = CARTESIAN_POINT('',(-4.6E+03,1.95E+03,1.07695526217E+03));
#50 = CARTESIAN_POINT('',(-1.18E+04,0.,0.));
#51 = CARTESIAN_POINT('',(-1.18E+04,782.9991,0.));
#52 = CARTESIAN_POINT('',(-9.50032E+03,1.80000015E+03,0.));
#53 = CARTESIAN_POINT('',(-7.48E+03,1.95E+03,0.));
#54 = CARTESIAN_POINT('',(-4.6E+03,1.95E+03,0.));
#55 = CARTESIAN_POINT('',(-1.18E+04,0.,0.));
#56 = CARTESIAN_POINT('',(-1.18E+04,782.9991,-432.4384620612));
#57 = CARTESIAN_POINT('',(-9.50032E+03,1.80000015E+03,-994.1126325381));
#58 = CARTESIAN_POINT('',(-7.48E+03,1.95E+03,-1.07695526217E+03));
#59 = CARTESIAN_POINT('',(-4.6E+03,1.95E+03,-1.07695526217E+03));
#60 = CARTESIAN_POINT('',(-1.18E+04,0.,0.));
#61 = CARTESIAN_POINT('',(-1.18E+04,432.43846206123,-782.9991));
#62 = CARTESIAN_POINT('',(-9.50032E+03,994.11263253814,-1.80000015E+03)
  );
#63 = CARTESIAN_POINT('',(-7.48E+03,1.07695526217E+03,-1.95E+03));
#64 = CARTESIAN_POINT('',(-4.6E+03,1.07695526217E+03,-1.95E+03));
#65 = CARTESIAN_POINT('',(-1.18E+04,0.,0.));
#66 = CARTESIAN_POINT('',(-1.18E+04,0.,-782.9991));
#67 = CARTESIAN_POINT('',(-9.50032E+03,0.,-1.80000015E+03));
#68 = CARTESIAN_POINT('',(-7.48E+03,0.,-1.95E+03));
#69 = CARTESIAN_POINT('',(-4.6E+03,0.,-1.95E+03));
#70 = DEFINITIONAL_REPRESENTATION('',(#71),#75);
#71 = LINE('',#72,#73);
#72 = CARTESIAN_POINT('',(0.,0.));
#73 = VECTOR('',#74,1.);
#74 = DIRECTION('',(0.,1.));
#75 = ( GEOMETRIC_REPRESENTATION_CONTEXT(2) 
PARAMETRIC_REPRESENTATION_CONTEXT() REPRESENTATION_CONTEXT('2D SPACE',''
  ) );
#76 = PCURVE('',#77,#82);
#77 = PLANE('',#78);
#78 = AXIS2_PLACEMENT_3D('',#79,#80,#81);
#79 = CARTESIAN_POINT('',(-7.624011745627E+03,0.,-2.405909067341E-14));
#80 = DIRECTION('',(0.,1.,0.));
#81 = DIRECTION('',(0.,-0.,1.));
#82 = DEFINITIONAL_REPRESENTATION('',(#83),#89);
#83 = B_SPLINE_CURVE_WITH_KNOTS('',4,(#84,#85,#86,#87,#88),
  .UNSPECIFIED.,.F.,.F.,(5,5),(0.,1.),.PIECEWISE_BEZIER_KNOTS.);
#84 = CARTESIAN_POINT('',(2.405909067341E-14,-4.175988254373E+03));
#85 = CARTESIAN_POINT('',(782.9991,-4.175988254373E+03));
#86 = CARTESIAN_POINT('',(1.80000015E+03,-1.876308254373E+03));
#87 = CARTESIAN_POINT('',(1.95E+03,144.01174562663));
#88 = CARTESIAN_POINT('',(1.95E+03,3.024011745627E+03));
#89 = ( GEOMETRIC_REPRESENTATION_CONTEXT(2) 
PARAMETRIC_REPRESENTATION_CONTEXT() REPRESENTATION_CONTEXT('2D SPACE',''
  ) );
#90 = ORIENTED_EDGE('',*,*,#91,.T.);
#91 = EDGE_CURVE('',#22,#92,#94,.T.);
#92 = VERTEX_POINT('',#93);
#93 = CARTESIAN_POINT('',(-4.6E+03,0.,-1.95E+03));
#94 = SURFACE_CURVE('',#95,(#101,#108),.PCURVE_S1.);
#95 = B_SPLINE_CURVE_WITH_KNOTS('',4,(#96,#97,#98,#99,#100),
  .UNSPECIFIED.,.F.,.F.,(5,5),(0.,1.),.PIECEWISE_BEZIER_KNOTS.);
#96 = CARTESIAN_POINT('',(-1.18E+04,0.,0.));
#97 = CARTESIAN_POINT('',(-1.18E+04,0.,-782.9991));
#98 = CARTESIAN_POINT('',(-9.50032E+03,0.,-1.80000015E+03));
#99 = CARTESIAN_POINT('',(-7.48E+03,0.,-1.95E+03));
#100 = CARTESIAN_POINT('',(-4.6E+03,0.,-1.95E+03));
#101 = PCURVE('',#34,#102);
#102 = DEFINITIONAL_REPRESENTATION('',(#103),#107);
#103 = LINE('',#104,#105);
#104 = CARTESIAN_POINT('',(1.,0.));
#105 = VECTOR('',#106,1.);
#106 = DIRECTION('',(0.,1.));
#107 = ( GEOMETRIC_REPRESENTATION_CONTEXT(2) 
PARAMETRIC_REPRESENTATION_CONTEXT() REPRESENTATION_CONTEXT('2D SPACE',''
  ) );
#108 = PCURVE('',#77,#109);
#109 = DEFINITIONAL_REPRESENTATION('',(#110),#116);
#110 = B_SPLINE_CURVE_WITH_KNOTS('',4,(#111,#112,#113,#114,#115),
  .UNSPECIFIED.,.F.,.F.,(5,5),(0.,1.),.PIECEWISE_BEZIER_KNOTS.);
#111 = CARTESIAN_POINT('',(2.405909067341E-14,-4.175988254373E+03));
#112 = CARTESIAN_POINT('',(-782.9991,-4.175988254373E+03));
#113 = CARTESIAN_POINT('',(-1.80000015E+03,-1.876308254373E+03));
#114 = CARTESIAN_POINT('',(-1.95E+03,144.01174562663));
#115 = CARTESIAN_POINT('',(-1.95E+03,3.024011745627E+03));
#116 = ( GEOMETRIC_REPRESENTATION_CONTEXT(2) 
PARAMETRIC_REPRESENTATION_CONTEXT() REPRESENTATION_CONTEXT('2D SPACE',''
  ) );
#117 = ORIENTED_EDGE('',*,*,#118,.F.);
#118 = EDGE_CURVE('',#24,#92,#119,.T.);
#119 = SURFACE_CURVE('',#120,(#128,#135),.PCURVE_S1.);
#120 = B_SPLINE_CURVE_WITH_KNOTS('',6,(#121,#122,#123,#124,#125,#126,
    #127),.UNSPECIFIED.,.F.,.F.,(7,7),(0.,1.),.PIECEWISE_BEZIER_KNOTS.);
#121 = CARTESIAN_POINT('',(-4.6E+03,0.,1.95E+03));
#122 = CARTESIAN_POINT('',(-4.6E+03,1.07695526217E+03,1.95E+03));
#123 = CARTESIAN_POINT('',(-4.6E+03,1.95E+03,1.07695526217E+03));
#124 = CARTESIAN_POINT('',(-4.6E+03,1.95E+03,0.));
#125 = CARTESIAN_POINT('',(-4.6E+03,1.95E+03,-1.07695526217E+03));
#126 = CARTESIAN_POINT('',(-4.6E+03,1.07695526217E+03,-1.95E+03));
#127 = CARTESIAN_POINT('',(-4.6E+03,0.,-1.95E+03));
#128 = PCURVE('',#34,#129);
#129 = DEFINITIONAL_REPRESENTATION('',(#130),#134);
#130 = LINE('',#131,#132);
#131 = CARTESIAN_POINT('',(0.,1.));
#132 = VECTOR('',#133,1.);
#133 = DIRECTION('',(1.,0.));
#134 = ( GEOMETRIC_REPRESENTATION_CONTEXT(2) 
PARAMETRIC_REPRESENTATION_CONTEXT() REPRESENTATION_CONTEXT('2D SPACE',''
  ) );
#135 = PCURVE('',#136,#151);
#136 = B_SPLINE_SURFACE_WITH_KNOTS('',6,1,(
    (#137,#138)
    ,(#139,#140)
    ,(#141,#142)
    ,(#143,#144)
    ,(#145,#146)
    ,(#147,#148)
    ,(#149,#150)),.UNSPECIFIED.,.F.,.F.,.F.,(7,7),(2,2),(0.,1.),(0.,1.),
  .PIECEWISE_BEZIER_KNOTS.);
#137 = CARTESIAN_POINT('',(-4.6E+03,0.,1.95E+03));
#138 = CARTESIAN_POINT('',(1.25E+04,0.,1.95E+03));
#139 = CARTESIAN_POINT('',(-4.6E+03,1.07695526217E+03,1.95E+03));
#140 = CARTESIAN_POINT('',(1.25E+04,1.07695526217E+03,1.95E+03));
#141 = CARTESIAN_POINT('',(-4.6E+03,1.95E+03,1.07695526217E+03));
#142 = CARTESIAN_POINT('',(1.25E+04,1.95E+03,1.07695526217E+03));
#143 = CARTESIAN_POINT('',(-4.6E+03,1.95E+03,0.));
#144 = CARTESIAN_POINT('',(1.25E+04,1.95E+03,0.));
#145 = CARTESIAN_POINT('',(-4.6E+03,1.95E+03,-1.07695526217E+03));
#146 = CARTESIAN_POINT('',(1.25E+04,1.95E+03,-1.07695526217E+03));
#147 = CARTESIAN_POINT('',(-4.6E+03,1.07695526217E+03,-1.95E+03));
#148 = CARTESIAN_POINT('',(1.25E+04,1.07695526217E+03,-1.95E+03));
#149 = CARTESIAN_POINT('',(-4.6E+03,0.,-1.95E+03));
#150 = CARTESIAN_POINT('',(1.25E+04,0.,-1.95E+03));
#151 = DEFINITIONAL_REPRESENTATION('',(#152),#156);
#152 = LINE('',#153,#154);
#153 = CARTESIAN_POINT('',(0.,0.));
#154 = VECTOR('',#155,1.);
#155 = DIRECTION('',(1.,0.));
#156 = ( GEOMETRIC_REPRESENTATION_CONTEXT(2) 
PARAMETRIC_REPRESENTATION_CONTEXT() REPRESENTATION_CONTEXT('2D SPACE',''
  ) );
#157 = ADVANCED_FACE('',(#158),#77,.F.);
#158 = FACE_BOUND('',#159,.F.);
#159 = EDGE_LOOP('',(#160,#161,#186));
#160 = ORIENTED_EDGE('',*,*,#21,.T.);
#161 = ORIENTED_EDGE('',*,*,#162,.T.);
#162 = EDGE_CURVE('',#24,#92,#163,.T.);
#163 = SURFACE_CURVE('',#164,(#168,#175),.PCURVE_S1.);
#164 = LINE('',#165,#166);
#165 = CARTESIAN_POINT('',(-4.6E+03,0.,1.95E+03));
#166 = VECTOR('',#167,1.);
#167 = DIRECTION('',(0.,0.,-1.));
#168 = PCURVE('',#77,#169);
#169 = DEFINITIONAL_REPRESENTATION('',(#170),#174);
#170 = LINE('',#171,#172);
#171 = CARTESIAN_POINT('',(1.95E+03,3.024011745627E+03));
#172 = VECTOR('',#173,1.);
#173 = DIRECTION('',(-1.,0.));
#174 = ( GEOMETRIC_REPRESENTATION_CONTEXT(2) 
PARAMETRIC_REPRESENTATION_CONTEXT() REPRESENTATION_CONTEXT('2D SPACE',''
  ) );
#175 = PCURVE('',#176,#181);
#176 = PLANE('',#177);
#177 = AXIS2_PLACEMENT_3D('',#178,#179,#180);
#178 = CARTESIAN_POINT('',(3.95E+03,0.,0.));
#179 = DIRECTION('',(0.,1.,0.));
#180 = DIRECTION('',(0.,-0.,1.));
#181 = DEFINITIONAL_REPRESENTATION('',(#182),#185);
#182 = B_SPLINE_CURVE_WITH_KNOTS('',1,(#183,#184),.UNSPECIFIED.,.F.,.F.,
  (2,2),(0.,3.9E+03),.PIECEWISE_BEZIER_KNOTS.);
#183 = CARTESIAN_POINT('',(1.95E+03,-8.55E+03));
#184 = CARTESIAN_POINT('',(-1.95E+03,-8.55E+03));
#185 = ( GEOMETRIC_REPRESENTATION_CONTEXT(2) 
PARAMETRIC_REPRESENTATION_CONTEXT() REPRESENTATION_CONTEXT('2D SPACE',''
  ) );
#186 = ORIENTED_EDGE('',*,*,#91,.F.);
#187 = ADVANCED_FACE('',(#188,#287),#136,.F.);
#188 = FACE_BOUND('',#189,.F.);
#189 = EDGE_LOOP('',(#190,#211,#212,#233));
#190 = ORIENTED_EDGE('',*,*,#191,.F.);
#191 = EDGE_CURVE('',#24,#192,#194,.T.);
#192 = VERTEX_POINT('',#193);
#193 = CARTESIAN_POINT('',(1.25E+04,0.,1.95E+03));
#194 = SURFACE_CURVE('',#195,(#198,#205),.PCURVE_S1.);
#195 = B_SPLINE_CURVE_WITH_KNOTS('',1,(#196,#197),.UNSPECIFIED.,.F.,.F.,
  (2,2),(0.,1.),.PIECEWISE_BEZIER_KNOTS.);
#196 = CARTESIAN_POINT('',(-4.6E+03,0.,1.95E+03));
#197 = CARTESIAN_POINT('',(1.25E+04,0.,1.95E+03));
#198 = PCURVE('',#136,#199);
#199 = DEFINITIONAL_REPRESENTATION('',(#200),#204);
#200 = LINE('',#201,#202);
#201 = CARTESIAN_POINT('',(0.,0.));
#202 = VECTOR('',#203,1.);
#203 = DIRECTION('',(0.,1.));
#204 = ( GEOMETRIC_REPRESENTATION_CONTEXT(2) 
PARAMETRIC_REPRESENTATION_CONTEXT() REPRESENTATION_CONTEXT('2D SPACE',''
  ) );
#205 = PCURVE('',#176,#206);
#206 = DEFINITIONAL_REPRESENTATION('',(#207),#210);
#207 = B_SPLINE_CURVE_WITH_KNOTS('',1,(#208,#209),.UNSPECIFIED.,.F.,.F.,
  (2,2),(0.,1.),.PIECEWISE_BEZIER_KNOTS.);
#208 = CARTESIAN_POINT('',(1.95E+03,-8.55E+03));
#209 = CARTESIAN_POINT('',(1.95E+03,8.55E+03));
#210 = ( GEOMETRIC_REPRESENTATION_CONTEXT(2) 
PARAMETRIC_REPRESENTATION_CONTEXT() REPRESENTATION_CONTEXT('2D SPACE',''
  ) );
#211 = ORIENTED_EDGE('',*,*,#118,.T.);
#212 = ORIENTED_EDGE('',*,*,#213,.T.);
#213 = EDGE_CURVE('',#92,#214,#216,.T.);
#214 = VERTEX_POINT('',#215);
#215 = CARTESIAN_POINT('',(1.25E+04,0.,-1.95E+03));
#216 = SURFACE_CURVE('',#217,(#220,#227),.PCURVE_S1.);
#217 = B_SPLINE_CURVE_WITH_KNOTS('',1,(#218,#219),.UNSPECIFIED.,.F.,.F.,
  (2,2),(0.,1.),.PIECEWISE_BEZIER_KNOTS.);
#218 = CARTESIAN_POINT('',(-4.6E+03,0.,-1.95E+03));
#219 = CARTESIAN_POINT('',(1.25E+04,0.,-1.95E+03));
#220 = PCURVE('',#136,#221);
#221 = DEFINITIONAL_REPRESENTATION('',(#222),#226);
#222 = LINE('',#223,#224);
#223 = CARTESIAN_POINT('',(1.,0.));
#224 = VECTOR('',#225,1.);
#225 = DIRECTION('',(0.,1.));
#226 = ( GEOMETRIC_REPRESENTATION_CONTEXT(2) 
PARAMETRIC_REPRESENTATION_CONTEXT() REPRESENTATION_CONTEXT('2D SPACE',''
  ) );
#227 = PCURVE('',#176,#228);
#228 = DEFINITIONAL_REPRESENTATION('',(#229),#232);
#229 = B_SPLINE_CURVE_WITH_KNOTS('',1,(#230,#231),.UNSPECIFIED.,.F.,.F.,
  (2,2),(0.,1.),.PIECEWISE_BEZIER_KNOTS.);
#230 = CARTESIAN_POINT('',(-1.95E+03,-8.55E+03));
#231 = CARTESIAN_POINT('',(-1.95E+03,8.55E+03));
#232 = ( GEOMETRIC_REPRESENTATION_CONTEXT(2) 
PARAMETRIC_REPRESENTATION_CONTEXT() REPRESENTATION_CONTEXT('2D SPACE',''
  ) );
#233 = ORIENTED_EDGE('',*,*,#234,.F.);
#234 = EDGE_CURVE('',#192,#214,#235,.T.);
#235 = SURFACE_CURVE('',#236,(#244,#251),.PCURVE_S1.);
#236 = B_SPLINE_CURVE_WITH_KNOTS('',6,(#237,#238,#239,#240,#241,#242,
    #243),.UNSPECIFIED.,.F.,.F.,(7,7),(0.,1.),.PIECEWISE_BEZIER_KNOTS.);
#237 = CARTESIAN_POINT('',(1.25E+04,0.,1.95E+03));
#238 = CARTESIAN_POINT('',(1.25E+04,1.07695526217E+03,1.95E+03));
#239 = CARTESIAN_POINT('',(1.25E+04,1.95E+03,1.07695526217E+03));
#240 = CARTESIAN_POINT('',(1.25E+04,1.95E+03,0.));
#241 = CARTESIAN_POINT('',(1.25E+04,1.95E+03,-1.07695526217E+03));
#242 = CARTESIAN_POINT('',(1.25E+04,1.07695526217E+03,-1.95E+03));
#243 = CARTESIAN_POINT('',(1.25E+04,0.,-1.95E+03));
#244 = PCURVE('',#136,#245);
#245 = DEFINITIONAL_REPRESENTATION('',(#246),#250);
#246 = LINE('',#247,#248);
#247 = CARTESIAN_POINT('',(0.,1.));
#248 = VECTOR('',#249,1.);
#249 = DIRECTION('',(1.,0.));
#250 = ( GEOMETRIC_REPRESENTATION_CONTEXT(2) 
PARAMETRIC_REPRESENTATION_CONTEXT() REPRESENTATION_CONTEXT('2D SPACE',''
  ) );
#251 = PCURVE('',#252,#281);
#252 = B_SPLINE_SURFACE_WITH_KNOTS('',6,3,(
    (#253,#254,#255,#256)
    ,(#257,#258,#259,#260)
    ,(#261,#262,#263,#264)
    ,(#265,#266,#267,#268)
    ,(#269,#270,#271,#272)
    ,(#273,#274,#275,#276)
    ,(#277,#278,#279,#280
    )),.UNSPECIFIED.,.F.,.F.,.F.,(7,7),(4,4),(0.,1.),(0.,1.),
  .PIECEWISE_BEZIER_KNOTS.);
#253 = CARTESIAN_POINT('',(1.25E+04,0.,1.95E+03));
#254 = CARTESIAN_POINT('',(1.4E+04,0.,1.95E+03));
#255 = CARTESIAN_POINT('',(1.55E+04,0.,1.95E+03));
#256 = CARTESIAN_POINT('',(2.5716E+04,0.,1.95E+03));
#257 = CARTESIAN_POINT('',(1.25E+04,1.07695526217E+03,1.95E+03));
#258 = CARTESIAN_POINT('',(1.4E+04,1.07695526217E+03,1.95E+03));
#259 = CARTESIAN_POINT('',(1.55E+04,1.07695526217E+03,1.95E+03));
#260 = CARTESIAN_POINT('',(2.5716E+04,207.0984969153,1.95E+03));
#261 = CARTESIAN_POINT('',(1.25E+04,1.95E+03,1.07695526217E+03));
#262 = CARTESIAN_POINT('',(1.4E+04,1.95E+03,1.07695526217E+03));
#263 = CARTESIAN_POINT('',(1.55E+04,1.95E+03,1.07695526217E+03));
#264 = CARTESIAN_POINT('',(2.5716E+04,374.985,1.782113496915E+03));
#265 = CARTESIAN_POINT('',(1.25E+04,1.95E+03,0.));
#266 = CARTESIAN_POINT('',(1.4E+04,1.95E+03,0.));
#267 = CARTESIAN_POINT('',(1.55E+04,1.95E+03,0.));
#268 = CARTESIAN_POINT('',(2.5716E+04,374.985,1.575015E+03));
#269 = CARTESIAN_POINT('',(1.25E+04,1.95E+03,-1.07695526217E+03));
#270 = CARTESIAN_POINT('',(1.4E+04,1.95E+03,-1.07695526217E+03));
#271 = CARTESIAN_POINT('',(1.55E+04,1.95E+03,-1.07695526217E+03));
#272 = CARTESIAN_POINT('',(2.5716E+04,374.985,1.367916503085E+03));
#273 = CARTESIAN_POINT('',(1.25E+04,1.07695526217E+03,-1.95E+03));
#274 = CARTESIAN_POINT('',(1.4E+04,1.07695526217E+03,-1.95E+03));
#275 = CARTESIAN_POINT('',(1.55E+04,1.07695526217E+03,-1.95E+03));
#276 = CARTESIAN_POINT('',(2.5716E+04,207.0984969153,1.20003E+03));
#277 = CARTESIAN_POINT('',(1.25E+04,0.,-1.95E+03));
#278 = CARTESIAN_POINT('',(1.4E+04,0.,-1.95E+03));
#279 = CARTESIAN_POINT('',(1.55E+04,0.,-1.95E+03));
#280 = CARTESIAN_POINT('',(2.5716E+04,0.,1.20003E+03));
#281 = DEFINITIONAL_REPRESENTATION('',(#282),#286);
#282 = LINE('',#283,#284);
#283 = CARTESIAN_POINT('',(0.,0.));
#284 = VECTOR('',#285,1.);
#285 = DIRECTION('',(1.,0.));
#286 = ( GEOMETRIC_REPRESENTATION_CONTEXT(2) 
PARAMETRIC_REPRESENTATION_CONTEXT() REPRESENTATION_CONTEXT('2D SPACE',''
  ) );
#287 = FACE_BOUND('',#288,.F.);
#288 = EDGE_LOOP('',(#289,#712,#755));
#289 = ORIENTED_EDGE('',*,*,#290,.F.);
#290 = EDGE_CURVE('',#291,#293,#295,.T.);
#291 = VERTEX_POINT('',#292);
#292 = CARTESIAN_POINT('',(6.924763394406E+03,1.725317772924E+03,
    15.066549525226));
#293 = VERTEX_POINT('',#294);
#294 = CARTESIAN_POINT('',(898.16900815068,1.725366611657E+03,0.));
#295 = SURFACE_CURVE('',#296,(#425,#557),.PCURVE_S1.);
#296 = B_SPLINE_CURVE_WITH_KNOTS('',8,(#297,#298,#299,#300,#301,#302,
    #303,#304,#305,#306,#307,#308,#309,#310,#311,#312,#313,#314,#315,
    #316,#317,#318,#319,#320,#321,#322,#323,#324,#325,#326,#327,#328,
    #329,#330,#331,#332,#333,#334,#335,#336,#337,#338,#339,#340,#341,
    #342,#343,#344,#345,#346,#347,#348,#349,#350,#351,#352,#353,#354,
    #355,#356,#357,#358,#359,#360,#361,#362,#363,#364,#365,#366,#367,
    #368,#369,#370,#371,#372,#373,#374,#375,#376,#377,#378,#379,#380,
    #381,#382,#383,#384,#385,#386,#387,#388,#389,#390,#391,#392,#393,
    #394,#395,#396,#397,#398,#399,#400,#401,#402,#403,#404,#405,#406,
    #407,#408,#409,#410,#411,#412,#413,#414,#415,#416,#417,#418,#419,
    #420,#421,#422,#423,#424),.UNSPECIFIED.,.F.,.F.,(9,7,7,7,7,7,7,7,7,7
    ,7,7,7,7,7,7,7,7,9),(0.,0.233421488434,0.435370423078,0.44059063284,
    0.605191095877,0.7436766869,0.747131785706,0.798359836534,
    0.843955481056,0.884103938307,0.918078503468,0.941808177385,
    0.96128668326,0.97181185548,0.980685154956,0.986194899863,
    0.990785167337,0.995722701714,1.),.UNSPECIFIED.);
#297 = CARTESIAN_POINT('',(6.924763394406E+03,1.725317772924E+03,
    15.066549525226));
#298 = CARTESIAN_POINT('',(6.749569211059E+03,1.725090451511E+03,
    50.129799574985));
#299 = CARTESIAN_POINT('',(6.574081657922E+03,1.724268042756E+03,
    83.718725808915));
#300 = CARTESIAN_POINT('',(6.398300690308E+03,1.722939654684E+03,
    115.75345069499));
#301 = CARTESIAN_POINT('',(6.222228563266E+03,1.721195562898E+03,
    146.15158322042));
#302 = CARTESIAN_POINT('',(6.045869885383E+03,1.719127230418E+03,
    174.82855187669));
#303 = CARTESIAN_POINT('',(5.869231737029E+03,1.716826709674E+03,
    201.69828174873));
#304 = CARTESIAN_POINT('',(5.692323845036E+03,1.714385216486E+03,
    226.67418832314));
#305 = CARTESIAN_POINT('',(5.361881725715E+03,1.709732246348E+03,
    269.56928653622));
#306 = CARTESIAN_POINT('',(5.208412354508E+03,1.707534144871E+03,
    287.98586300834));
#307 = CARTESIAN_POINT('',(5.05476044236E+03,1.705353122753E+03,
    304.86728318913));
#308 = CARTESIAN_POINT('',(4.900937655515E+03,1.703244149903E+03,
    320.16036214633));
#309 = CARTESIAN_POINT('',(4.746958012388E+03,1.701259033616E+03,
    333.81477861829));
#310 = CARTESIAN_POINT('',(4.592838142244E+03,1.699444681633E+03,
    345.78568774272));
#311 = CARTESIAN_POINT('',(4.43859765214E+03,1.697840784048E+03,
    356.03746777798));
#312 = CARTESIAN_POINT('',(4.280270508764E+03,1.696441749512E+03,
    364.77315707449));
#313 = CARTESIAN_POINT('',(4.276280945569E+03,1.696406656464E+03,
    364.99212268211));
#314 = CARTESIAN_POINT('',(4.272291316271E+03,1.696371727388E+03,
    365.20990906246));
#315 = CARTESIAN_POINT('',(4.268301620516E+03,1.696336964959E+03,
    365.42650247984));
#316 = CARTESIAN_POINT('',(4.264311858315E+03,1.696302370814E+03,
    365.64189565172));
#317 = CARTESIAN_POINT('',(4.260322030044E+03,1.696267945554E+03,
    365.8560877487));
#318 = CARTESIAN_POINT('',(4.256332136444E+03,1.696233688745E+03,
    366.06908439454));
#319 = CARTESIAN_POINT('',(4.126533257934E+03,1.695124727919E+03,
    372.9594846194));
#320 = CARTESIAN_POINT('',(4.0006600331E+03,1.694217778572E+03,
    378.44962154424));
#321 = CARTESIAN_POINT('',(3.874734491413E+03,1.693496141087E+03,
    382.73316614554));
#322 = CARTESIAN_POINT('',(3.748769608408E+03,1.692974285045E+03,
    385.79049699759));
#323 = CARTESIAN_POINT('',(3.622779344111E+03,1.692663491179E+03,
    387.60023101761));
#324 = CARTESIAN_POINT('',(3.496778639228E+03,1.692571564459E+03,
    388.13894041628));
#325 = CARTESIAN_POINT('',(3.370783406319E+03,1.692702539589E+03,
    387.3805621086));
#326 = CARTESIAN_POINT('',(3.13882398742E+03,1.693354099877E+03,
    383.54067955468));
#327 = CARTESIAN_POINT('',(3.032853825717E+03,1.693809572512E+03,
    380.84684957515));
#328 = CARTESIAN_POINT('',(2.926909827138E+03,1.69442278972E+03,
    377.19590671776));
#329 = CARTESIAN_POINT('',(2.821002863034E+03,1.69519169776E+03,
    372.56809116262));
#330 = CARTESIAN_POINT('',(2.71514489593E+03,1.696112076235E+03,
    366.94125540931));
#331 = CARTESIAN_POINT('',(2.609349027755E+03,1.69717740058E+03,
    360.28990682891));
#332 = CARTESIAN_POINT('',(2.503629553623E+03,1.698378704746E+03,
    352.58414971408));
#333 = CARTESIAN_POINT('',(2.395366839782E+03,1.69973746992E+03,
    343.566433666));
#334 = CARTESIAN_POINT('',(2.392731583222E+03,1.699770622947E+03,
    343.34624079849));
#335 = CARTESIAN_POINT('',(2.390096383676E+03,1.699803851716E+03,
    343.12537731719));
#336 = CARTESIAN_POINT('',(2.387461240614E+03,1.699837154683E+03,
    342.90385173136));
#337 = CARTESIAN_POINT('',(2.384826153888E+03,1.699870530977E+03,
    342.68166805357));
#338 = CARTESIAN_POINT('',(2.382191123735E+03,1.699903980406E+03,
    342.45882579967));
#339 = CARTESIAN_POINT('',(2.379556150777E+03,1.699937503454E+03,
    342.23531998882));
#340 = CARTESIAN_POINT('',(2.337853883239E+03,1.700469241051E+03,
    338.68734262953));
#341 = CARTESIAN_POINT('',(2.298799196352E+03,1.700983553333E+03,
    335.21735276262));
#342 = CARTESIAN_POINT('',(2.259758023032E+03,1.70151357327E+03,
    331.5984385507));
#343 = CARTESIAN_POINT('',(2.220731305259E+03,1.702058804E+03,
    327.82755255263));
#344 = CARTESIAN_POINT('',(2.181720083886E+03,1.702618716447E+03,
    323.90128701377));
#345 = CARTESIAN_POINT('',(2.142725506821E+03,1.70319274906E+03,
    319.81579151034));
#346 = CARTESIAN_POINT('',(2.103748840859E+03,1.703780307493E+03,
    315.56665410276));
#347 = CARTESIAN_POINT('',(2.030117404834E+03,1.704915202137E+03,
    307.2165764547));
#348 = CARTESIAN_POINT('',(1.995458678558E+03,1.705459857111E+03,
    303.15071356127));
#349 = CARTESIAN_POINT('',(1.960816275011E+03,1.706014286963E+03,
    298.94753540575));
#350 = CARTESIAN_POINT('',(1.92619131173E+03,1.706578027695E+03,
    294.60297373742));
#351 = CARTESIAN_POINT('',(1.89158507035E+03,1.707150593026E+03,
    290.11241094651));
#352 = CARTESIAN_POINT('',(1.856999012261E+03,1.707731473896E+03,
    285.47055835339));
#353 = CARTESIAN_POINT('',(1.822434803372E+03,1.708320137811E+03,
    280.67126384886));
#354 = CARTESIAN_POINT('',(1.757480359173E+03,1.709440728622E+03,
    271.33617339171));
#355 = CARTESIAN_POINT('',(1.727084891852E+03,1.709971030243E+03,
    266.8374113046));
#356 = CARTESIAN_POINT('',(1.696709209546E+03,1.710506553331E+03,
    262.20589707962));
#357 = CARTESIAN_POINT('',(1.666354836143E+03,1.711046901798E+03,
    257.43593130843));
#358 = CARTESIAN_POINT('',(1.636023593027E+03,1.711591662024E+03,
    252.52093987398));
#359 = CARTESIAN_POINT('',(1.605717633155E+03,1.712140401966E+03,
    247.45326250974));
#360 = CARTESIAN_POINT('',(1.575439500381E+03,1.712692669876E+03,
    242.22378486905));
#361 = CARTESIAN_POINT('',(1.519596291663E+03,1.713717919058E+03,
    232.24955366636));
#362 = CARTESIAN_POINT('',(1.494022665552E+03,1.714190029228E+03,
    227.55396326791));
#363 = CARTESIAN_POINT('',(1.468473091838E+03,1.714664037748E+03,
    222.72767914702));
#364 = CARTESIAN_POINT('',(1.44294978931E+03,1.715139644308E+03,
    217.76284700041));
#365 = CARTESIAN_POINT('',(1.417455531708E+03,1.715616531762E+03,
    212.65023484234));
#366 = CARTESIAN_POINT('',(1.391993718147E+03,1.71609436469E+03,
    207.37888094088));
#367 = CARTESIAN_POINT('',(1.366568513962E+03,1.716572786899E+03,
    201.93539008934));
#368 = CARTESIAN_POINT('',(1.323456006436E+03,1.717385717663E+03,
    192.3682274964));
#369 = CARTESIAN_POINT('',(1.30574752176E+03,1.717720115388E+03,
    188.34159929121));
#370 = CARTESIAN_POINT('',(1.288061376362E+03,1.718054481308E+03,
    184.21674347282));
#371 = CARTESIAN_POINT('',(1.270399747085E+03,1.718388676464E+03,
    179.9869100344));
#372 = CARTESIAN_POINT('',(1.252765361578E+03,1.718722550241E+03,
    175.64420501046));
#373 = CARTESIAN_POINT('',(1.235161570239E+03,1.719055939161E+03,
    171.179297836));
#374 = CARTESIAN_POINT('',(1.217592488663E+03,1.719388664576E+03,
    166.58084232011));
#375 = CARTESIAN_POINT('',(1.185674428263E+03,1.71999293836E+03,
    157.93814772717));
#376 = CARTESIAN_POINT('',(1.171312927722E+03,1.720264758687E+03,
    153.94233566624));
#377 = CARTESIAN_POINT('',(1.15698133786E+03,1.720535885035E+03,
    149.83879514913));
#378 = CARTESIAN_POINT('',(1.142683210755E+03,1.720806194608E+03,
    145.61809053225));
#379 = CARTESIAN_POINT('',(1.128423203986E+03,1.721075544052E+03,
    141.26907828647));
#380 = CARTESIAN_POINT('',(1.114207319866E+03,1.721343765583E+03,
    136.77812464376));
#381 = CARTESIAN_POINT('',(1.100043167002E+03,1.721610662913E+03,
    132.12824971352));
#382 = CARTESIAN_POINT('',(1.078320709225E+03,1.722019368853E+03,
    124.68518315239));
#383 = CARTESIAN_POINT('',(1.070718871591E+03,1.722162279853E+03,
    122.02107706727));
#384 = CARTESIAN_POINT('',(1.06313692363E+03,1.722304692031E+03,
    119.30018738918));
#385 = CARTESIAN_POINT('',(1.055576852469E+03,1.722446560566E+03,
    116.51837700852));
#386 = CARTESIAN_POINT('',(1.04804111291E+03,1.722587832296E+03,
    113.67090156584));
#387 = CARTESIAN_POINT('',(1.040532686174E+03,1.722728444782E+03,
    110.75225376826));
#388 = CARTESIAN_POINT('',(1.033055188665E+03,1.72286832451E+03,
    107.75587526492));
#389 = CARTESIAN_POINT('',(1.019338967837E+03,1.723124617749E+03,
    102.0750959949));
#390 = CARTESIAN_POINT('',(1.013090386126E+03,1.723241261634E+03,
    99.41569589149));
#391 = CARTESIAN_POINT('',(1.006869780527E+03,1.723357266504E+03,
    96.690438266864));
#392 = CARTESIAN_POINT('',(1.000680425869E+03,1.723472568896E+03,
    93.893721101731));
#393 = CARTESIAN_POINT('',(994.52654935313,1.723587088363E+03,
    91.019045712815));
#394 = CARTESIAN_POINT('',(988.41344392417,1.723700725631E+03,
    88.058774292644));
#395 = CARTESIAN_POINT('',(982.34771831888,1.723813358353E+03,
    85.003595717516));
#396 = CARTESIAN_POINT('',(972.6060832261,1.723994049556E+03,
    79.877850238705));
#397 = CARTESIAN_POINT('',(968.89614886287,1.724062815058E+03,
    77.873200094117));
#398 = CARTESIAN_POINT('',(965.20999688371,1.724131092334E+03,
    75.824504396351));
#399 = CARTESIAN_POINT('',(961.55012496771,1.724198835873E+03,
    73.728551178148));
#400 = CARTESIAN_POINT('',(957.91962131605,1.724265989587E+03,
    71.58174169447));
#401 = CARTESIAN_POINT('',(954.32222829786,1.724332485727E+03,
    69.379982707485));
#402 = CARTESIAN_POINT('',(950.76246062427,1.724398242817E+03,
    67.118486569503));
#403 = CARTESIAN_POINT('',(944.31605964526,1.724517246741E+03,
    62.852650165386));
#404 = CARTESIAN_POINT('',(941.41663887932,1.724570742462E+03,
    60.868647738487));
#405 = CARTESIAN_POINT('',(938.55052891769,1.724623595636E+03,
    58.835875095331));
#406 = CARTESIAN_POINT('',(935.72162683835,1.724675736117E+03,
    56.750592837487));
#407 = CARTESIAN_POINT('',(932.93485363365,1.724727075267E+03,
    54.608717424602));
#408 = CARTESIAN_POINT('',(930.19624310048,1.724777504418E+03,
    52.405705835233));
#409 = CARTESIAN_POINT('',(927.51312021591,1.72482689167E+03,
    50.13632414214));
#410 = CARTESIAN_POINT('',(922.07768834094,1.724926904249E+03,
    45.274853113739));
#411 = CARTESIAN_POINT('',(919.33795892158,1.72497729537E+03,
    42.673532665907));
#412 = CARTESIAN_POINT('',(916.68409485106,1.725026090671E+03,
    39.980633634043));
#413 = CARTESIAN_POINT('',(914.13037112653,1.725073032493E+03,
    37.187368418483));
#414 = CARTESIAN_POINT('',(911.69651658233,1.725117763676E+03,
    34.285760496041));
#415 = CARTESIAN_POINT('',(909.40778547983,1.72515982635E+03,
    31.268598282906));
#416 = CARTESIAN_POINT('',(907.29494250964,1.725198661426E+03,
    28.129459260856));
#417 = CARTESIAN_POINT('',(903.7472581979,1.725263886795E+03,
    22.033195812957));
#418 = CARTESIAN_POINT('',(902.26004841851,1.725291237339E+03,
    19.108743867926));
#419 = CARTESIAN_POINT('',(900.95787037723,1.725315196346E+03,
    16.090059556135));
#420 = CARTESIAN_POINT('',(899.86998290387,1.72533522706E+03,
    12.982488679795));
#421 = CARTESIAN_POINT('',(899.02642977869,1.725350775377E+03,
    9.797117159307));
#422 = CARTESIAN_POINT('',(898.4540133994,1.725361341659E+03,
    6.551908373743));
#423 = CARTESIAN_POINT('',(898.16900842337,1.725366611652E+03,
    3.273640903327));
#424 = CARTESIAN_POINT('',(898.16900815068,1.725366611657E+03,
    1.136868377216E-13));
#425 = PCURVE('',#136,#426);
#426 = DEFINITIONAL_REPRESENTATION('',(#427),#556);
#427 = B_SPLINE_CURVE_WITH_KNOTS('',8,(#428,#429,#430,#431,#432,#433,
    #434,#435,#436,#437,#438,#439,#440,#441,#442,#443,#444,#445,#446,
    #447,#448,#449,#450,#451,#452,#453,#454,#455,#456,#457,#458,#459,
    #460,#461,#462,#463,#464,#465,#466,#467,#468,#469,#470,#471,#472,
    #473,#474,#475,#476,#477,#478,#479,#480,#481,#482,#483,#484,#485,
    #486,#487,#488,#489,#490,#491,#492,#493,#494,#495,#496,#497,#498,
    #499,#500,#501,#502,#503,#504,#505,#506,#507,#508,#509,#510,#511,
    #512,#513,#514,#515,#516,#517,#518,#519,#520,#521,#522,#523,#524,
    #525,#526,#527,#528,#529,#530,#531,#532,#533,#534,#535,#536,#537,
    #538,#539,#540,#541,#542,#543,#544,#545,#546,#547,#548,#549,#550,
    #551,#552,#553,#554,#555),.UNSPECIFIED.,.F.,.F.,(9,7,7,7,7,7,7,7,7,7
    ,7,7,7,7,7,7,7,7,9),(0.,0.233421488434,0.435370423078,0.44059063284,
    0.605191095877,0.7436766869,0.747131785706,0.798359836534,
    0.843955481056,0.884103938307,0.918078503468,0.941808177385,
    0.96128668326,0.97181185548,0.980685154956,0.986194899863,
    0.990785167337,0.995722701714,1.),.UNSPECIFIED.);
#428 = CARTESIAN_POINT('',(0.497345333418,0.673962771603));
#429 = CARTESIAN_POINT('',(0.491167228837,0.663717497723));
#430 = CARTESIAN_POINT('',(0.485248114385,0.653455067714));
#431 = CARTESIAN_POINT('',(0.479599746409,0.643175478967));
#432 = CARTESIAN_POINT('',(0.474235182081,0.632878863347));
#433 = CARTESIAN_POINT('',(0.469168657961,0.622565490375));
#434 = CARTESIAN_POINT('',(0.464415397939,0.612235774094));
#435 = CARTESIAN_POINT('',(0.459991317361,0.601890283336));
#436 = CARTESIAN_POINT('',(0.452383299392,0.58256618279));
#437 = CARTESIAN_POINT('',(0.449112585095,0.573591365761));
#438 = CARTESIAN_POINT('',(0.446110500874,0.564605873822));
#439 = CARTESIAN_POINT('',(0.443387357944,0.555610389212));
#440 = CARTESIAN_POINT('',(0.440953115215,0.546605731718));
#441 = CARTESIAN_POINT('',(0.438816811217,0.537592873816));
#442 = CARTESIAN_POINT('',(0.436985771773,0.528572962113));
#443 = CARTESIAN_POINT('',(0.435424510937,0.51931406484));
#444 = CARTESIAN_POINT('',(0.435385376152,0.519080757051));
#445 = CARTESIAN_POINT('',(0.435346451347,0.518847445396));
#446 = CARTESIAN_POINT('',(0.43530773899,0.518614129855));
#447 = CARTESIAN_POINT('',(0.435269240397,0.518380810428));
#448 = CARTESIAN_POINT('',(0.43523095573,0.518147487137));
#449 = CARTESIAN_POINT('',(0.435192883998,0.517914160026));
#450 = CARTESIAN_POINT('',(0.43396124711,0.510323582335));
#451 = CARTESIAN_POINT('',(0.432979172958,0.502962575035));
#452 = CARTESIAN_POINT('',(0.432212478325,0.49559850827));
#453 = CARTESIAN_POINT('',(0.431665032479,0.488232140843));
#454 = CARTESIAN_POINT('',(0.431340918191,0.480864289129));
#455 = CARTESIAN_POINT('',(0.431244458235,0.473495826855));
#456 = CARTESIAN_POINT('',(0.431380303643,0.46612768458));
#457 = CARTESIAN_POINT('',(0.432067745932,0.452562806282));
#458 = CARTESIAN_POINT('',(0.432549960676,0.446365720802));
#459 = CARTESIAN_POINT('',(0.43320337159,0.44017016533));
#460 = CARTESIAN_POINT('',(0.434031340419,0.433976775616));
#461 = CARTESIAN_POINT('',(0.435037576547,0.427786251224));
#462 = CARTESIAN_POINT('',(0.436226307171,0.421599358348));
#463 = CARTESIAN_POINT('',(0.437602469839,0.41541693296));
#464 = CARTESIAN_POINT('',(0.439211551645,0.409085780104));
#465 = CARTESIAN_POINT('',(0.439250841162,0.408931671533));
#466 = CARTESIAN_POINT('',(0.439290249598,0.408777566297));
#467 = CARTESIAN_POINT('',(0.439329775427,0.408623464363));
#468 = CARTESIAN_POINT('',(0.439369417927,0.408469365724));
#469 = CARTESIAN_POINT('',(0.439409177176,0.408315270394));
#470 = CARTESIAN_POINT('',(0.439449054057,0.408161178408));
#471 = CARTESIAN_POINT('',(0.440082055788,0.405722449312));
#472 = CARTESIAN_POINT('',(0.440700976003,0.403438549494));
#473 = CARTESIAN_POINT('',(0.441346275082,0.401155439943));
#474 = CARTESIAN_POINT('',(0.4420184718,0.398873175746));
#475 = CARTESIAN_POINT('',(0.442718147655,0.396591817771));
#476 = CARTESIAN_POINT('',(0.443445961432,0.394311433147));
#477 = CARTESIAN_POINT('',(0.444202670201,0.392032095957));
#478 = CARTESIAN_POINT('',(0.445689170942,0.387726164025));
#479 = CARTESIAN_POINT('',(0.446412773883,0.385699337927));
#480 = CARTESIAN_POINT('',(0.447160589002,0.383673466375));
#481 = CARTESIAN_POINT('',(0.447933317991,0.381648614721));
#482 = CARTESIAN_POINT('',(0.448731758975,0.379624857915));
#483 = CARTESIAN_POINT('',(0.449556827987,0.377602281419));
#484 = CARTESIAN_POINT('',(0.450409592886,0.375580982653));
#485 = CARTESIAN_POINT('',(0.452067726272,0.371782477145));
#486 = CARTESIAN_POINT('',(0.452866583259,0.370004964436));
#487 = CARTESIAN_POINT('',(0.453688771999,0.368228608745));
#488 = CARTESIAN_POINT('',(0.454535285306,0.36645349919));
#489 = CARTESIAN_POINT('',(0.455407269914,0.364679742282));
#490 = CARTESIAN_POINT('',(0.456306063735,0.362907463927));
#491 = CARTESIAN_POINT('',(0.45723326068,0.361136812888));
#492 = CARTESIAN_POINT('',(0.459001141427,0.357871128167));
#493 = CARTESIAN_POINT('',(0.459833196248,0.356375594477));
#494 = CARTESIAN_POINT('',(0.460688187067,0.354881467359));
#495 = CARTESIAN_POINT('',(0.461567490214,0.353388876568));
#496 = CARTESIAN_POINT('',(0.462472724573,0.35189798431));
#497 = CARTESIAN_POINT('',(0.463405813593,0.350408989365));
#498 = CARTESIAN_POINT('',(0.464369109244,0.348922135319));
#499 = CARTESIAN_POINT('',(0.466061671133,0.346400936049));
#500 = CARTESIAN_POINT('',(0.466773906139,0.34536535215));
#501 = CARTESIAN_POINT('',(0.467503381233,0.344331074641));
#502 = CARTESIAN_POINT('',(0.468251282717,0.343298230824));
#503 = CARTESIAN_POINT('',(0.469018998316,0.342266980209));
#504 = CARTESIAN_POINT('',(0.469808168729,0.341237518727));
#505 = CARTESIAN_POINT('',(0.470620789618,0.340210087056));
#506 = CARTESIAN_POINT('',(0.472147799396,0.338343533817));
#507 = CARTESIAN_POINT('',(0.47285368296,0.337503679984));
#508 = CARTESIAN_POINT('',(0.473578489197,0.336665575313));
#509 = CARTESIAN_POINT('',(0.474323878421,0.33582942753));
#510 = CARTESIAN_POINT('',(0.475091811672,0.334995509005));
#511 = CARTESIAN_POINT('',(0.475884688543,0.334164170752));
#512 = CARTESIAN_POINT('',(0.476705497941,0.333335857719));
#513 = CARTESIAN_POINT('',(0.478019166962,0.332065538551));
#514 = CARTESIAN_POINT('',(0.478489333184,0.331620986643));
#515 = CARTESIAN_POINT('',(0.478969482891,0.331177597873));
#516 = CARTESIAN_POINT('',(0.479460344465,0.330735488448));
#517 = CARTESIAN_POINT('',(0.479962753231,0.330294801925));
#518 = CARTESIAN_POINT('',(0.480477678886,0.329855712642));
#519 = CARTESIAN_POINT('',(0.481006276256,0.329418432086));
#520 = CARTESIAN_POINT('',(0.482008354212,0.328616313909));
#521 = CARTESIAN_POINT('',(0.482477436959,0.328250899773));
#522 = CARTESIAN_POINT('',(0.482958105334,0.327887121668));
#523 = CARTESIAN_POINT('',(0.483451345858,0.327525171103));
#524 = CARTESIAN_POINT('',(0.483958302969,0.327165295284));
#525 = CARTESIAN_POINT('',(0.484480321746,0.326807803738));
#526 = CARTESIAN_POINT('',(0.485019042028,0.326453082943));
#527 = CARTESIAN_POINT('',(0.485922807543,0.32588339668));
#528 = CARTESIAN_POINT('',(0.486276251748,0.325666441454));
#529 = CARTESIAN_POINT('',(0.486637448073,0.325450877011));
#530 = CARTESIAN_POINT('',(0.487006962233,0.325236849413));
#531 = CARTESIAN_POINT('',(0.487385428066,0.325024539258));
#532 = CARTESIAN_POINT('',(0.487773566514,0.324814165398));
#533 = CARTESIAN_POINT('',(0.488172220854,0.324605991849));
#534 = CARTESIAN_POINT('',(0.488924170288,0.324229009336));
#535 = CARTESIAN_POINT('',(0.489273884933,0.324059452566));
#536 = CARTESIAN_POINT('',(0.489632185668,0.323891843796));
#537 = CARTESIAN_POINT('',(0.489999731165,0.323726410926));
#538 = CARTESIAN_POINT('',(0.490377240709,0.323563441733));
#539 = CARTESIAN_POINT('',(0.490765514529,0.32340328907));
#540 = CARTESIAN_POINT('',(0.49116547459,0.323246381299));
#541 = CARTESIAN_POINT('',(0.492022245514,0.322928519786));
#542 = CARTESIAN_POINT('',(0.492480681498,0.322768301691));
#543 = CARTESIAN_POINT('',(0.492955243604,0.322613104962));
#544 = CARTESIAN_POINT('',(0.49344747988,0.322463764393));
#545 = CARTESIAN_POINT('',(0.493958795442,0.322321433718));
#546 = CARTESIAN_POINT('',(0.49449046073,0.322187589794));
#547 = CARTESIAN_POINT('',(0.495043607409,0.322064031726));
#548 = CARTESIAN_POINT('',(0.496117806224,0.321856564807));
#549 = CARTESIAN_POINT('',(0.49663310407,0.321769593475));
#550 = CARTESIAN_POINT('',(0.497164998103,0.321693442712));
#551 = CARTESIAN_POINT('',(0.497712546958,0.321629823562));
#552 = CARTESIAN_POINT('',(0.498273798363,0.32158049297));
#553 = CARTESIAN_POINT('',(0.498845588771,0.321547018327));
#554 = CARTESIAN_POINT('',(0.499423201977,0.32153035137));
#555 = CARTESIAN_POINT('',(0.5,0.321530351354));
#556 = ( GEOMETRIC_REPRESENTATION_CONTEXT(2) 
PARAMETRIC_REPRESENTATION_CONTEXT() REPRESENTATION_CONTEXT('2D SPACE',''
  ) );
#557 = PCURVE('',#558,#581);
#558 = B_SPLINE_SURFACE_WITH_KNOTS('',4,1,(
    (#559,#560)
    ,(#561,#562)
    ,(#563,#564)
    ,(#565,#566)
    ,(#567,#568)
    ,(#569,#570)
    ,(#571,#572)
    ,(#573,#574)
    ,(#575,#576)
    ,(#577,#578)
    ,(#579,#580
    )),.UNSPECIFIED.,.F.,.F.,.F.,(5,3,3,5),(2,2),(0.,0.5,0.75,1.),(0.,1.
    ),.UNSPECIFIED.);
#559 = CARTESIAN_POINT('',(0.,0.,0.));
#560 = CARTESIAN_POINT('',(8.718526718625E+03,1.6748134E+04,0.));
#561 = CARTESIAN_POINT('',(3.629405813143E-13,1.083288679678E-14,
    97.573969882676));
#562 = CARTESIAN_POINT('',(8.718526718625E+03,1.6748134E+04,
    19.514793976535));
#563 = CARTESIAN_POINT('',(273.66233333333,2.132777412628E-14,
    192.10351121551));
#564 = CARTESIAN_POINT('',(8.773259185292E+03,1.6748134E+04,
    38.420702243102));
#565 = CARTESIAN_POINT('',(820.98699999999,3.39302821887E-14,
    305.61681244318));
#566 = CARTESIAN_POINT('',(8.882724118625E+03,1.6748134E+04,
    61.123362488638));
#567 = CARTESIAN_POINT('',(2.0524675E+03,4.527770876391E-14,
    407.82534463466));
#568 = CARTESIAN_POINT('',(9.129020218625E+03,1.6748134E+04,
    81.565068926932));
#569 = CARTESIAN_POINT('',(2.531376583333E+03,4.774479921558E-14,
    430.04691991236));
#570 = CARTESIAN_POINT('',(9.224802035292E+03,1.6748134E+04,
    86.009383982472));
#571 = CARTESIAN_POINT('',(3.07870125E+03,4.782790981714E-14,
    430.79551366073));
#572 = CARTESIAN_POINT('',(9.334266968625E+03,1.6748134E+04,
    86.159102732146));
#573 = CARTESIAN_POINT('',(4.31018175E+03,4.033766680727E-14,
    363.32940240442));
#574 = CARTESIAN_POINT('',(9.580563068625E+03,1.6748134E+04,
    72.665880480884));
#575 = CARTESIAN_POINT('',(4.994337583333E+03,3.285626001461E-14,
    295.94288071713));
#576 = CARTESIAN_POINT('',(9.717394235292E+03,1.6748134E+04,
    59.188576143427));
#577 = CARTESIAN_POINT('',(5.746909E+03,2.007003675296E-14,
    180.77482008393));
#578 = CARTESIAN_POINT('',(9.867908518625E+03,1.6748134E+04,
    36.154964016786));
#579 = CARTESIAN_POINT('',(6.567896E+03,1.822957340636E-15,16.41974));
#580 = CARTESIAN_POINT('',(1.003210591863E+04,1.6748134E+04,3.283948));
#581 = DEFINITIONAL_REPRESENTATION('',(#582),#711);
#582 = B_SPLINE_CURVE_WITH_KNOTS('',8,(#583,#584,#585,#586,#587,#588,
    #589,#590,#591,#592,#593,#594,#595,#596,#597,#598,#599,#600,#601,
    #602,#603,#604,#605,#606,#607,#608,#609,#610,#611,#612,#613,#614,
    #615,#616,#617,#618,#619,#620,#621,#622,#623,#624,#625,#626,#627,
    #628,#629,#630,#631,#632,#633,#634,#635,#636,#637,#638,#639,#640,
    #641,#642,#643,#644,#645,#646,#647,#648,#649,#650,#651,#652,#653,
    #654,#655,#656,#657,#658,#659,#660,#661,#662,#663,#664,#665,#666,
    #667,#668,#669,#670,#671,#672,#673,#674,#675,#676,#677,#678,#679,
    #680,#681,#682,#683,#684,#685,#686,#687,#688,#689,#690,#691,#692,
    #693,#694,#695,#696,#697,#698,#699,#700,#701,#702,#703,#704,#705,
    #706,#707,#708,#709,#710),.UNSPECIFIED.,.F.,.F.,(9,7,7,7,7,7,7,7,7,7
    ,7,7,7,7,7,7,7,7,9),(0.,0.233421488434,0.435370423078,0.44059063284,
    0.605191095877,0.7436766869,0.747131785706,0.798359836534,
    0.843955481056,0.884103938307,0.918078503468,0.941808177385,
    0.96128668326,0.97181185548,0.980685154956,0.986194899863,
    0.990785167337,0.995722701714,1.),.UNSPECIFIED.);
#583 = CARTESIAN_POINT('',(1.,0.103015522381));
#584 = CARTESIAN_POINT('',(0.985468872332,0.103001949442));
#585 = CARTESIAN_POINT('',(0.970682691751,0.102952844941));
#586 = CARTESIAN_POINT('',(0.955626902153,0.102873529355));
#587 = CARTESIAN_POINT('',(0.940284972206,0.102769392871));
#588 = CARTESIAN_POINT('',(0.924638002382,0.102645896577));
#589 = CARTESIAN_POINT('',(0.908664194471,0.102508536752));
#590 = CARTESIAN_POINT('',(0.892338159974,0.102362759725));
#591 = CARTESIAN_POINT('',(0.861174260905,0.102084939513));
#592 = CARTESIAN_POINT('',(0.846432568016,0.101953694953));
#593 = CARTESIAN_POINT('',(0.831385344565,0.10182347017));
#594 = CARTESIAN_POINT('',(0.816010619998,0.101697547315));
#595 = CARTESIAN_POINT('',(0.800283304667,0.101579019705));
#596 = CARTESIAN_POINT('',(0.784174427576,0.101470688116));
#597 = CARTESIAN_POINT('',(0.767650141391,0.101374922367));
#598 = CARTESIAN_POINT('',(0.750230877348,0.101291388612));
#599 = CARTESIAN_POINT('',(0.749791645242,0.101289293271));
#600 = CARTESIAN_POINT('',(0.74935210742,0.10128720772));
#601 = CARTESIAN_POINT('',(0.748912263009,0.10128513212));
#602 = CARTESIAN_POINT('',(0.748472111213,0.101283066568));
#603 = CARTESIAN_POINT('',(0.74803165131,0.1012810111));
#604 = CARTESIAN_POINT('',(0.747590882658,0.101278965689));
#605 = CARTESIAN_POINT('',(0.733242000686,0.101212751696));
#606 = CARTESIAN_POINT('',(0.719026547171,0.101158599434));
#607 = CARTESIAN_POINT('',(0.704480694309,0.101115511799));
#608 = CARTESIAN_POINT('',(0.689578482997,0.101084352743));
#609 = CARTESIAN_POINT('',(0.674289733556,0.101065795818));
#610 = CARTESIAN_POINT('',(0.658579016671,0.101060307044));
#611 = CARTESIAN_POINT('',(0.642403655102,0.101068127326));
#612 = CARTESIAN_POINT('',(0.611664535573,0.101107030782));
#613 = CARTESIAN_POINT('',(0.597252313089,0.101134226208));
#614 = CARTESIAN_POINT('',(0.582441047296,0.101170840269));
#615 = CARTESIAN_POINT('',(0.567192998929,0.101216750341));
#616 = CARTESIAN_POINT('',(0.551463296757,0.101271704432));
#617 = CARTESIAN_POINT('',(0.535196670137,0.101335312972));
#618 = CARTESIAN_POINT('',(0.518323994441,0.101407040614));
#619 = CARTESIAN_POINT('',(0.500311343451,0.101488169961));
#620 = CARTESIAN_POINT('',(0.499872445609,0.101490149467));
#621 = CARTESIAN_POINT('',(0.499433109637,0.101492133495));
#622 = CARTESIAN_POINT('',(0.498993334013,0.101494121953));
#623 = CARTESIAN_POINT('',(0.498553117219,0.10149611479));
#624 = CARTESIAN_POINT('',(0.49811245774,0.101498111993));
#625 = CARTESIAN_POINT('',(0.497671354065,0.101500113592));
#626 = CARTESIAN_POINT('',(0.490683041575,0.101531862657));
#627 = CARTESIAN_POINT('',(0.484038294148,0.101562571289));
#628 = CARTESIAN_POINT('',(0.477290560895,0.101594217796));
#629 = CARTESIAN_POINT('',(0.470434317864,0.101626772511));
#630 = CARTESIAN_POINT('',(0.463463444553,0.101660203844));
#631 = CARTESIAN_POINT('',(0.456371095206,0.101694478266));
#632 = CARTESIAN_POINT('',(0.449149515509,0.10172956029));
#633 = CARTESIAN_POINT('',(0.43523927674,0.101797322743));
#634 = CARTESIAN_POINT('',(0.4285793318,0.10182984308));
#635 = CARTESIAN_POINT('',(0.42180368473,0.101862947058));
#636 = CARTESIAN_POINT('',(0.414905337804,0.101896606971));
#637 = CARTESIAN_POINT('',(0.407876422611,0.101930793784));
#638 = CARTESIAN_POINT('',(0.400708013688,0.101965477103));
#639 = CARTESIAN_POINT('',(0.393389838035,0.102000625133));
#640 = CARTESIAN_POINT('',(0.379323390306,0.102067533531));
#641 = CARTESIAN_POINT('',(0.37261150521,0.102099196856));
#642 = CARTESIAN_POINT('',(0.365765880676,0.102131171946));
#643 = CARTESIAN_POINT('',(0.358777189275,0.10216343515));
#644 = CARTESIAN_POINT('',(0.35163476195,0.102195961772));
#645 = CARTESIAN_POINT('',(0.344326270919,0.102228726016));
#646 = CARTESIAN_POINT('',(0.336837185085,0.102261700908));
#647 = CARTESIAN_POINT('',(0.322644562648,0.102322916634));
#648 = CARTESIAN_POINT('',(0.315997379611,0.102351105456));
#649 = CARTESIAN_POINT('',(0.309197490969,0.102379407625));
#650 = CARTESIAN_POINT('',(0.30223259172,0.10240780521));
#651 = CARTESIAN_POINT('',(0.295088318425,0.102436279275));
#652 = CARTESIAN_POINT('',(0.287747730188,0.102464809793));
#653 = CARTESIAN_POINT('',(0.280190284614,0.102493375495));
#654 = CARTESIAN_POINT('',(0.266941526821,0.102541914082));
#655 = CARTESIAN_POINT('',(0.261374761592,0.10256188035));
#656 = CARTESIAN_POINT('',(0.255680555408,0.102581844718));
#657 = CARTESIAN_POINT('',(0.249848699577,0.102601798891));
#658 = CARTESIAN_POINT('',(0.24386730983,0.102621733874));
#659 = CARTESIAN_POINT('',(0.237722402464,0.102641639908));
#660 = CARTESIAN_POINT('',(0.231397063174,0.102661506325));
#661 = CARTESIAN_POINT('',(0.21951190352,0.102697586391));
#662 = CARTESIAN_POINT('',(0.214018127405,0.102713816279));
#663 = CARTESIAN_POINT('',(0.208376497819,0.10273000473));
#664 = CARTESIAN_POINT('',(0.20257309235,0.102746144413));
#665 = CARTESIAN_POINT('',(0.196591517162,0.102762226768));
#666 = CARTESIAN_POINT('',(0.190411794059,0.102778241778));
#667 = CARTESIAN_POINT('',(0.184009140171,0.102794177722));
#668 = CARTESIAN_POINT('',(0.173751445643,0.102818580796));
#669 = CARTESIAN_POINT('',(0.170078263698,0.102827113746));
#670 = CARTESIAN_POINT('',(0.166324927893,0.102835616913));
#671 = CARTESIAN_POINT('',(0.162485446782,0.10284408762));
#672 = CARTESIAN_POINT('',(0.158552961951,0.102852522693));
#673 = CARTESIAN_POINT('',(0.154519528044,0.102860918403));
#674 = CARTESIAN_POINT('',(0.150375707066,0.102869270362));
#675 = CARTESIAN_POINT('',(0.14251341357,0.102884573156));
#676 = CARTESIAN_POINT('',(0.138830472934,0.102891537746));
#677 = CARTESIAN_POINT('',(0.13505385237,0.102898464181));
#678 = CARTESIAN_POINT('',(0.131175527879,0.102905348673));
#679 = CARTESIAN_POINT('',(0.127186204832,0.102912186418));
#680 = CARTESIAN_POINT('',(0.123074977922,0.102918971488));
#681 = CARTESIAN_POINT('',(0.118828584129,0.102925696579));
#682 = CARTESIAN_POINT('',(0.111698446803,0.102936485316));
#683 = CARTESIAN_POINT('',(0.108908543186,0.102940591176));
#684 = CARTESIAN_POINT('',(0.106055940411,0.102944667886));
#685 = CARTESIAN_POINT('',(0.103136082281,0.102948712727));
#686 = CARTESIAN_POINT('',(0.100143869349,0.10295272235));
#687 = CARTESIAN_POINT('',(9.707350940551E-02,0.102956692711));
#688 = CARTESIAN_POINT('',(9.391824007236E-02,0.102960618945));
#689 = CARTESIAN_POINT('',(8.796347454228E-02,0.102967724449));
#690 = CARTESIAN_POINT('',(8.519285715604E-02,0.102970918579));
#691 = CARTESIAN_POINT('',(8.235300754784E-02,0.102974074344));
#692 = CARTESIAN_POINT('',(7.943866265374E-02,0.102977187555));
#693 = CARTESIAN_POINT('',(7.64440828356E-02,0.102980252921));
#694 = CARTESIAN_POINT('',(7.336289440721E-02,0.102983263952));
#695 = CARTESIAN_POINT('',(7.018777263714E-02,0.102986212773));
#696 = CARTESIAN_POINT('',(6.33838491076E-02,0.102992184338));
#697 = CARTESIAN_POINT('',(5.974196841968E-02,0.102995193099));
#698 = CARTESIAN_POINT('',(5.597078246089E-02,0.102998106575));
#699 = CARTESIAN_POINT('',(5.205806524484E-02,0.103000909384));
#700 = CARTESIAN_POINT('',(4.799278867754E-02,0.1030035802));
#701 = CARTESIAN_POINT('',(4.376509962641E-02,0.103006091685));
#702 = CARTESIAN_POINT('',(3.936641314899E-02,0.103008410455));
#703 = CARTESIAN_POINT('',(3.082517042043E-02,0.103012304941));
#704 = CARTESIAN_POINT('',(2.672825109891E-02,0.103013937991));
#705 = CARTESIAN_POINT('',(2.250015251764E-02,0.103015368539));
#706 = CARTESIAN_POINT('',(1.814892701138E-02,0.103016564535));
#707 = CARTESIAN_POINT('',(1.369081974383E-02,0.103017492897));
#708 = CARTESIAN_POINT('',(9.151864100936E-03,0.10301812379));
#709 = CARTESIAN_POINT('',(4.570467810071E-03,0.103018438451));
#710 = CARTESIAN_POINT('',(0.,0.103018438452));
#711 = ( GEOMETRIC_REPRESENTATION_CONTEXT(2) 
PARAMETRIC_REPRESENTATION_CONTEXT() REPRESENTATION_CONTEXT('2D SPACE',''
  ) );
#712 = ORIENTED_EDGE('',*,*,#713,.F.);
#713 = EDGE_CURVE('',#714,#291,#716,.T.);
#714 = VERTEX_POINT('',#715);
#715 = CARTESIAN_POINT('',(6.924763394406E+03,1.725317772924E+03,
    -15.06654952522));
#716 = SURFACE_CURVE('',#717,(#726,#738),.PCURVE_S1.);
#717 = B_SPLINE_CURVE_WITH_KNOTS('',4,(#718,#719,#720,#721,#722,#723,
    #724,#725),.UNSPECIFIED.,.F.,.F.,(5,3,5),(0.,0.463622367342,1.),
  .UNSPECIFIED.);
#718 = CARTESIAN_POINT('',(6.924763394406E+03,1.725317772924E+03,
    -15.06654952522));
#719 = CARTESIAN_POINT('',(6.924768077927E+03,1.725340415959E+03,
    -11.5739685395));
#720 = CARTESIAN_POINT('',(6.924771313779E+03,1.725356060071E+03,
    -8.081374865411));
#721 = CARTESIAN_POINT('',(6.924773102072E+03,1.725364705785E+03,
    -4.588774387182));
#722 = CARTESIAN_POINT('',(6.924773837027E+03,1.725368259013E+03,
    2.944514874463));
#723 = CARTESIAN_POINT('',(6.924772293719E+03,1.725360797707E+03,
    6.9852040303));
#724 = CARTESIAN_POINT('',(6.924768812901E+03,1.725343969283E+03,
    11.025885177159));
#725 = CARTESIAN_POINT('',(6.924763394406E+03,1.725317772924E+03,
    15.066549525226));
#726 = PCURVE('',#136,#727);
#727 = DEFINITIONAL_REPRESENTATION('',(#728),#737);
#728 = B_SPLINE_CURVE_WITH_KNOTS('',4,(#729,#730,#731,#732,#733,#734,
    #735,#736),.UNSPECIFIED.,.F.,.F.,(5,3,5),(0.,0.463622367342,1.),
  .UNSPECIFIED.);
#729 = CARTESIAN_POINT('',(0.502654666582,0.673962771603));
#730 = CARTESIAN_POINT('',(0.502039277805,0.673963045493));
#731 = CARTESIAN_POINT('',(0.501423895867,0.673963234724));
#732 = CARTESIAN_POINT('',(0.500808517599,0.673963339302));
#733 = CARTESIAN_POINT('',(0.49948119214,0.673963382282));
#734 = CARTESIAN_POINT('',(0.498769245109,0.67396329203));
#735 = CARTESIAN_POINT('',(0.498057293857,0.673963088474));
#736 = CARTESIAN_POINT('',(0.497345333418,0.673962771603));
#737 = ( GEOMETRIC_REPRESENTATION_CONTEXT(2) 
PARAMETRIC_REPRESENTATION_CONTEXT() REPRESENTATION_CONTEXT('2D SPACE',''
  ) );
#738 = PCURVE('',#739,#744);
#739 = B_SPLINE_SURFACE_WITH_KNOTS('',1,1,(
    (#740,#741)
    ,(#742,#743
    )),.UNSPECIFIED.,.F.,.F.,.F.,(2,2),(2,2),(0.,32.83948),(0.,1.),
  .PIECEWISE_BEZIER_KNOTS.);
#740 = CARTESIAN_POINT('',(6.567896E+03,1.822957340636E-15,16.41974));
#741 = CARTESIAN_POINT('',(1.003210591863E+04,1.6748134E+04,3.283948));
#742 = CARTESIAN_POINT('',(6.567896E+03,-1.822957340636E-15,-16.41974));
#743 = CARTESIAN_POINT('',(1.003210591863E+04,1.6748134E+04,-3.283948));
#744 = DEFINITIONAL_REPRESENTATION('',(#745),#754);
#745 = B_SPLINE_CURVE_WITH_KNOTS('',4,(#746,#747,#748,#749,#750,#751,
    #752,#753),.UNSPECIFIED.,.F.,.F.,(5,3,5),(0.,0.463622367342,1.),
  .UNSPECIFIED.);
#746 = CARTESIAN_POINT('',(32.83948,0.103015522381));
#747 = CARTESIAN_POINT('',(29.033234912733,0.103016874355));
#748 = CARTESIAN_POINT('',(25.226958051171,0.103017808436));
#749 = CARTESIAN_POINT('',(21.420664148723,0.103018324655));
#750 = CARTESIAN_POINT('',(13.210757806211,0.103018536812));
#751 = CARTESIAN_POINT('',(8.807144518428,0.103018091311));
#752 = CARTESIAN_POINT('',(4.403551095026,0.103017086517));
#753 = CARTESIAN_POINT('',(0.,0.103015522381));
#754 = ( GEOMETRIC_REPRESENTATION_CONTEXT(2) 
PARAMETRIC_REPRESENTATION_CONTEXT() REPRESENTATION_CONTEXT('2D SPACE',''
  ) );
#755 = ORIENTED_EDGE('',*,*,#756,.F.);
#756 = EDGE_CURVE('',#293,#714,#757,.T.);
#757 = SURFACE_CURVE('',#758,(#985,#1215),.PCURVE_S1.);
#758 = B_SPLINE_CURVE_WITH_KNOTS('',8,(#759,#760,#761,#762,#763,#764,
    #765,#766,#767,#768,#769,#770,#771,#772,#773,#774,#775,#776,#777,
    #778,#779,#780,#781,#782,#783,#784,#785,#786,#787,#788,#789,#790,
    #791,#792,#793,#794,#795,#796,#797,#798,#799,#800,#801,#802,#803,
    #804,#805,#806,#807,#808,#809,#810,#811,#812,#813,#814,#815,#816,
    #817,#818,#819,#820,#821,#822,#823,#824,#825,#826,#827,#828,#829,
    #830,#831,#832,#833,#834,#835,#836,#837,#838,#839,#840,#841,#842,
    #843,#844,#845,#846,#847,#848,#849,#850,#851,#852,#853,#854,#855,
    #856,#857,#858,#859,#860,#861,#862,#863,#864,#865,#866,#867,#868,
    #869,#870,#871,#872,#873,#874,#875,#876,#877,#878,#879,#880,#881,
    #882,#883,#884,#885,#886,#887,#888,#889,#890,#891,#892,#893,#894,
    #895,#896,#897,#898,#899,#900,#901,#902,#903,#904,#905,#906,#907,
    #908,#909,#910,#911,#912,#913,#914,#915,#916,#917,#918,#919,#920,
    #921,#922,#923,#924,#925,#926,#927,#928,#929,#930,#931,#932,#933,
    #934,#935,#936,#937,#938,#939,#940,#941,#942,#943,#944,#945,#946,
    #947,#948,#949,#950,#951,#952,#953,#954,#955,#956,#957,#958,#959,
    #960,#961,#962,#963,#964,#965,#966,#967,#968,#969,#970,#971,#972,
    #973,#974,#975,#976,#977,#978,#979,#980,#981,#982,#983,#984),
  .UNSPECIFIED.,.F.,.F.,(9,7,7,7,7,7,7,7,7,7,7,7,7,7,7,7,7,7,7,7,7,7,7,7
    ,7,7,7,7,7,7,7,7,9),(0.,3.420832547607E-03,5.86155793278E-03,
    1.024474453864E-02,1.599327557456E-02,2.317366713305E-02,
    3.192475124268E-02,4.834748521519E-02,6.86383912091E-02,
    0.10434271281,0.148169196375,0.199575061659,0.228047687581,
    0.243024824852,0.250699768894,0.254568395415,0.258886007256,
    0.324361260606,0.397756174586,0.479229956857,0.523013926043,
    0.545342493645,0.557016489728,0.562885802028,0.568771139164,
    0.646747039618,0.672910152092,0.723058704004,0.746153078325,
    0.763509436463,0.770352041867,0.819042549543,1.),.UNSPECIFIED.);
#759 = CARTESIAN_POINT('',(898.16900815068,1.725366611657E+03,
    1.136868377216E-13));
#760 = CARTESIAN_POINT('',(898.16900860279,1.72536661165E+03,
    -2.59448386352));
#761 = CARTESIAN_POINT('',(898.34716189059,1.725363301501E+03,
    -5.191010561846));
#762 = CARTESIAN_POINT('',(898.70482209814,1.72535667188E+03,
    -7.771828903464));
#763 = CARTESIAN_POINT('',(899.23620916628,1.725346840909E+03,
    -10.32290423748));
#764 = CARTESIAN_POINT('',(899.9306112069,1.725334011224E+03,
    -12.83344902129));
#765 = CARTESIAN_POINT('',(900.7744886124,1.725318432358E+03,
    -15.29546224091));
#766 = CARTESIAN_POINT('',(901.75322728347,1.725300370748E+03,
    -17.70333547695));
#767 = CARTESIAN_POINT('',(903.6364559282,1.725265619308E+03,
    -21.73045875878));
#768 = CARTESIAN_POINT('',(904.48208267998,1.725250015285E+03,
    -23.37843496886));
#769 = CARTESIAN_POINT('',(905.38422456672,1.725233366993E+03,
    -24.99682193609));
#770 = CARTESIAN_POINT('',(906.33808169772,1.72521576075E+03,
    -26.5853990773));
#771 = CARTESIAN_POINT('',(907.33914469357,1.725197277328E+03,
    -28.14432653819));
#772 = CARTESIAN_POINT('',(908.38330321146,1.725177990119E+03,
    -29.67407924783));
#773 = CARTESIAN_POINT('',(909.46691658052,1.725157963929E+03,
    -31.17540381928));
#774 = CARTESIAN_POINT('',(912.59807787755,1.725100063057E+03,
    -35.29619726917));
#775 = CARTESIAN_POINT('',(914.7254237333,1.72506068653E+03,
    -37.85329732807));
#776 = CARTESIAN_POINT('',(916.95099652732,1.725019441725E+03,
    -40.32713772548));
#777 = CARTESIAN_POINT('',(919.25998458011,1.724976589969E+03,
    -42.7234707271));
#778 = CARTESIAN_POINT('',(921.64020898184,1.724932345954E+03,
    -45.04768252534));
#779 = CARTESIAN_POINT('',(924.0819012914,1.724886881733E+03,
    -47.30500385649));
#780 = CARTESIAN_POINT('',(926.57759058702,1.724840328269E+03,
    -49.50061638752));
#781 = CARTESIAN_POINT('',(932.45895600265,1.724730413802E+03,
    -54.44523957203));
#782 = CARTESIAN_POINT('',(935.87783905008,1.724666369224E+03,
    -57.15202719047));
#783 = CARTESIAN_POINT('',(939.36534374117,1.724600875442E+03,
    -59.77109482844));
#784 = CARTESIAN_POINT('',(942.91109534657,1.724534114199E+03,
    -62.31087572911));
#785 = CARTESIAN_POINT('',(946.50681736871,1.724466231264E+03,
    -64.77840375846));
#786 = CARTESIAN_POINT('',(950.14596520568,1.724397342448E+03,
    -67.17982178067));
#787 = CARTESIAN_POINT('',(953.82357151645,1.724327535752E+03,
    -69.52059642871));
#788 = CARTESIAN_POINT('',(962.17326729114,1.724168611975E+03,
    -74.66015322996));
#789 = CARTESIAN_POINT('',(966.86383562849,1.724079036205E+03,
    -77.42713328048));
#790 = CARTESIAN_POINT('',(971.60000390255,1.723988284946E+03,
    -80.11612650116));
#791 = CARTESIAN_POINT('',(976.37564373496,1.723896469101E+03,
    -82.73446512836));
#792 = CARTESIAN_POINT('',(981.18580893608,1.723803679827E+03,
    -85.28822397704));
#793 = CARTESIAN_POINT('',(986.02651744817,1.723709991923E+03,
    -87.78261753706));
#794 = CARTESIAN_POINT('',(990.89464716861,1.723615465238E+03,
    -90.2221898211));
#795 = CARTESIAN_POINT('',(1.001751376764E+03,1.723403976473E+03,
    -95.52238618893));
#796 = CARTESIAN_POINT('',(1.007751644573E+03,1.723286639395E+03,
    -98.35813892802));
#797 = CARTESIAN_POINT('',(1.013784007428E+03,1.723168225713E+03,
    -101.1254942365));
#798 = CARTESIAN_POINT('',(1.019844724442E+03,1.723048811862E+03,
    -103.8302465569));
#799 = CARTESIAN_POINT('',(1.025930716201E+03,1.722928463437E+03,
    -106.4772559865));
#800 = CARTESIAN_POINT('',(1.032039448298E+03,1.722807236898E+03,
    -109.0707094628));
#801 = CARTESIAN_POINT('',(1.038168868605E+03,1.722685180392E+03,
    -111.6142614835));
#802 = CARTESIAN_POINT('',(1.055855901326E+03,1.722331795731E+03,
    -118.7969859276));
#803 = CARTESIAN_POINT('',(1.067460670663E+03,1.722098495147E+03,
    -123.3181527083));
#804 = CARTESIAN_POINT('',(1.079120748112E+03,1.721862704633E+03,
    -127.69614257));
#805 = CARTESIAN_POINT('',(1.090828030837E+03,1.721624651843E+03,
    -131.9463897676));
#806 = CARTESIAN_POINT('',(1.102576159069E+03,1.721384536063E+03,
    -136.0812019658));
#807 = CARTESIAN_POINT('',(1.114360221606E+03,1.72114253178E+03,
    -140.1105697165));
#808 = CARTESIAN_POINT('',(1.126176479431E+03,1.720898792343E+03,
    -144.0429253977));
#809 = CARTESIAN_POINT('',(1.15265812538E+03,1.720350323364E+03,
    -152.6331144528));
#810 = CARTESIAN_POINT('',(1.167338284887E+03,1.720044766346E+03,
    -157.2434223921));
#811 = CARTESIAN_POINT('',(1.182057059061E+03,1.719737044714E+03,
    -161.7298595221));
#812 = CARTESIAN_POINT('',(1.196809991587E+03,1.719427402677E+03,
    -166.1027534155));
#813 = CARTESIAN_POINT('',(1.211593479858E+03,1.719116069012E+03,
    -170.3704926195));
#814 = CARTESIAN_POINT('',(1.226404603074E+03,1.718803259235E+03,
    -174.5401071274));
#815 = CARTESIAN_POINT('',(1.241241038521E+03,1.718489176563E+03,
    -178.6175512578));
#816 = CARTESIAN_POINT('',(1.282248845963E+03,1.7176194445E+03,
    -189.6296629974));
#817 = CARTESIAN_POINT('',(1.308468541516E+03,1.717061549411E+03,
    -196.3816941914));
#818 = CARTESIAN_POINT('',(1.334749927271E+03,1.716501380325E+03,
    -202.8921583679));
#819 = CARTESIAN_POINT('',(1.36108541317E+03,1.715939933253E+03,
    -209.1807766159));
#820 = CARTESIAN_POINT('',(1.387468982545E+03,1.715378160121E+03,
    -215.2629862412));
#821 = CARTESIAN_POINT('',(1.413895927939E+03,1.714816971225E+03,
    -221.1510483853));
#822 = CARTESIAN_POINT('',(1.440362601634E+03,1.714257238209E+03,
    -226.8550926007));
#823 = CARTESIAN_POINT('',(1.49939917822E+03,1.713015543771E+03,
    -239.1697066302));
#824 = CARTESIAN_POINT('',(1.531987123236E+03,1.712334758123E+03,
    -245.691172764));
#825 = CARTESIAN_POINT('',(1.564624642565E+03,1.711658992481E+03,
    -251.9635383121));
#826 = CARTESIAN_POINT('',(1.597307238209E+03,1.710989739959E+03,
    -257.9984590658));
#827 = CARTESIAN_POINT('',(1.630031136285E+03,1.710328434594E+03,
    -263.8051878964));
#828 = CARTESIAN_POINT('',(1.66279315212E+03,1.709676451147E+03,
    -269.3913094531));
#829 = CARTESIAN_POINT('',(1.695590625164E+03,1.709035104273E+03,
    -274.7630947277));
#830 = CARTESIAN_POINT('',(1.766929848161E+03,1.707667333723E+03,
    -285.9814837459));
#831 = CARTESIAN_POINT('',(1.805483789408E+03,1.706945384374E+03,
    -291.7494905363));
#832 = CARTESIAN_POINT('',(1.844079448589E+03,1.706241827155E+03,
    -297.2384292037));
#833 = CARTESIAN_POINT('',(1.882713509207E+03,1.705558582948E+03,
    -302.4549364698));
#834 = CARTESIAN_POINT('',(1.921382979749E+03,1.704897462921E+03,
    -307.4043857922));
#835 = CARTESIAN_POINT('',(1.960085146556E+03,1.704260164751E+03,
    -312.0912402915));
#836 = CARTESIAN_POINT('',(1.998817547613E+03,1.703648269166E+03,
    -316.5192488853));
#837 = CARTESIAN_POINT('',(2.059046519081E+03,1.702739200397E+03,
    -323.0026106972));
#838 = CARTESIAN_POINT('',(2.080523654021E+03,1.702423405201E+03,
    -325.235173001));
#839 = CARTESIAN_POINT('',(2.102008959921E+03,1.70211610013E+03,
    -327.3898509287));
#840 = CARTESIAN_POINT('',(2.12350205406E+03,1.701817522485E+03,
    -329.4671366235));
#841 = CARTESIAN_POINT('',(2.145002564463E+03,1.701527898237E+03,
    -331.4674778295));
#842 = CARTESIAN_POINT('',(2.166510129344E+03,1.701247441868E+03,
    -333.391283799));
#843 = CARTESIAN_POINT('',(2.188024396533E+03,1.700976356209E+03,
    -335.2389311991));
#844 = CARTESIAN_POINT('',(2.220865277564E+03,1.700577265767E+03,
    -337.9427904356));
#845 = CARTESIAN_POINT('',(2.232187291312E+03,1.700442344948E+03,
    -338.8538349825));
#846 = CARTESIAN_POINT('',(2.24351101402E+03,1.700310097636E+03,
    -339.7439540935));
#847 = CARTESIAN_POINT('',(2.25483639603E+03,1.700180550739E+03,
    -340.6131963359));
#848 = CARTESIAN_POINT('',(2.266163388177E+03,1.700053730251E+03,
    -341.46160841));
#849 = CARTESIAN_POINT('',(2.277491941781E+03,1.699929661257E+03,
    -342.2892351495));
#850 = CARTESIAN_POINT('',(2.288822008654E+03,1.699808367927E+03,
    -343.0961195212));
#851 = CARTESIAN_POINT('',(2.30596031683E+03,1.699629151777E+03,
    -344.2851774756));
#852 = CARTESIAN_POINT('',(2.311767477409E+03,1.699569165022E+03,
    -344.6826162584));
#853 = CARTESIAN_POINT('',(2.317575016401E+03,1.699509916389E+03,
    -345.0746245356));
#854 = CARTESIAN_POINT('',(2.323382927405E+03,1.699451408942E+03,
    -345.4612077677));
#855 = CARTESIAN_POINT('',(2.32919120405E+03,1.699393645684E+03,
    -345.8423713128));
#856 = CARTESIAN_POINT('',(2.334999839989E+03,1.69933662955E+03,
    -346.2181204273));
#857 = CARTESIAN_POINT('',(2.340808828902E+03,1.699280363416E+03,
    -346.5884602659));
#858 = CARTESIAN_POINT('',(2.349546413827E+03,1.699196868085E+03,
    -347.1373450537));
#859 = CARTESIAN_POINT('',(2.352478123477E+03,1.699169045125E+03,
    -347.3201329858));
#860 = CARTESIAN_POINT('',(2.355413293867E+03,1.699141382334E+03,
    -347.501754846));
#861 = CARTESIAN_POINT('',(2.358351925418E+03,1.699113880834E+03,
    -347.6822057918));
#862 = CARTESIAN_POINT('',(2.361294018549E+03,1.699086541749E+03,
    -347.8614809703));
#863 = CARTESIAN_POINT('',(2.364239573679E+03,1.699059366205E+03,
    -348.0395755179));
#864 = CARTESIAN_POINT('',(2.367188591225E+03,1.699032355326E+03,
    -348.2164845601));
#865 = CARTESIAN_POINT('',(2.373436211983E+03,1.69897555167E+03,
    -348.5883017028));
#866 = CARTESIAN_POINT('',(2.376731454283E+03,1.698945828739E+03,
    -348.7827265115));
#867 = CARTESIAN_POINT('',(2.380026806319E+03,1.698916365375E+03,
    -348.9753257499));
#868 = CARTESIAN_POINT('',(2.383322259536E+03,1.698887142731E+03,
    -349.1662261926));
#869 = CARTESIAN_POINT('',(2.386617810334E+03,1.698858154904E+03,
    -349.3554702204));
#870 = CARTESIAN_POINT('',(2.389913464849E+03,1.698829421348E+03,
    -349.5429349543));
#871 = CARTESIAN_POINT('',(2.393209227164E+03,1.698800955973E+03,
    -349.7285335796));
#872 = CARTESIAN_POINT('',(2.446485542327E+03,1.698344133849E+03,
    -352.7052401142));
#873 = CARTESIAN_POINT('',(2.496486746309E+03,1.697966740942E+03,
    -355.1379195647));
#874 = CARTESIAN_POINT('',(2.546505572537E+03,1.697643046652E+03,
    -357.2061384822));
#875 = CARTESIAN_POINT('',(2.596538856968E+03,1.697374698146E+03,
    -358.9091834266));
#876 = CARTESIAN_POINT('',(2.646583419244E+03,1.697162565884E+03,
    -360.2490663885));
#877 = CARTESIAN_POINT('',(2.696636086226E+03,1.697006844161E+03,
    -361.2297980832));
#878 = CARTESIAN_POINT('',(2.746693707288E+03,1.696907144099E+03,
    -361.8569197286));
#879 = CARTESIAN_POINT('',(2.85286764603E+03,1.696812624662E+03,
    -362.4512096263));
#880 = CARTESIAN_POINT('',(2.908984681522E+03,1.696831949699E+03,
    -362.3293790063));
#881 = CARTESIAN_POINT('',(2.965100073647E+03,1.69691930739E+03,
    -361.7810461246));
#882 = CARTESIAN_POINT('',(3.021210044532E+03,1.697072665798E+03,
    -360.8174430964));
#883 = CARTESIAN_POINT('',(3.077311225423E+03,1.697289363893E+03,
    -359.4509647468));
#884 = CARTESIAN_POINT('',(3.133400648394E+03,1.69756624907E+03,
    -357.6947547211));
#885 = CARTESIAN_POINT('',(3.189475740906E+03,1.69789979626E+03,
    -355.5624378021));
#886 = CARTESIAN_POINT('',(3.307763491702E+03,1.698715154181E+03,
    -350.2987965209));
#887 = CARTESIAN_POINT('',(3.369972294116E+03,1.699209243384E+03,
    -347.0833443267));
#888 = CARTESIAN_POINT('',(3.432157864715E+03,1.699763282526E+03,
    -343.4405560586));
#889 = CARTESIAN_POINT('',(3.494317893019E+03,1.70037166564E+03,
    -339.3898458576));
#890 = CARTESIAN_POINT('',(3.556450598794E+03,1.701028543521E+03,
    -334.9507107012));
#891 = CARTESIAN_POINT('',(3.618554717689E+03,1.701727959006E+03,
    -330.1425337871));
#892 = CARTESIAN_POINT('',(3.68062949249E+03,1.702463953487E+03,
    -324.9844684059));
#893 = CARTESIAN_POINT('',(3.776017711769E+03,1.703642672238E+03,
    -316.5455041514));
#894 = CARTESIAN_POINT('',(3.809352185829E+03,1.704063561094E+03,
    -313.5000509048));
#895 = CARTESIAN_POINT('',(3.84267803861E+03,1.704492403877E+03,
    -310.3619180684));
#896 = CARTESIAN_POINT('',(3.875995249235E+03,1.704928295223E+03,
    -307.1340052361));
#897 = CARTESIAN_POINT('',(3.909303825963E+03,1.705370340026E+03,
    -303.8191840177));
#898 = CARTESIAN_POINT('',(3.94260380595E+03,1.705817656393E+03,
    -300.4202959929));
#899 = CARTESIAN_POINT('',(3.975895255011E+03,1.706269378592E+03,
    -296.940150665));
#900 = CARTESIAN_POINT('',(4.026151648412E+03,1.706956840389E+03,
    -291.5667257063));
#901 = CARTESIAN_POINT('',(4.043122834356E+03,1.707189946468E+03,
    -289.731517282));
#902 = CARTESIAN_POINT('',(4.060091837256E+03,1.707423865739E+03,
    -287.8762664227));
#903 = CARTESIAN_POINT('',(4.077058670648E+03,1.707658487095E+03,
    -286.0013391541));
#904 = CARTESIAN_POINT('',(4.094023349552E+03,1.70789370082E+03,
    -284.1070992449));
#905 = CARTESIAN_POINT('',(4.11098589048E+03,1.708129398591E+03,
    -282.1939082076));
#906 = CARTESIAN_POINT('',(4.127946311432E+03,1.708365473477E+03,
    -280.2621252976));
#907 = CARTESIAN_POINT('',(4.153770913432E+03,1.708725388459E+03,
    -277.2925839819));
#908 = CARTESIAN_POINT('',(4.162636620768E+03,1.708849031245E+03,
    -276.2680759611));
#909 = CARTESIAN_POINT('',(4.171501756673E+03,1.70897273323E+03,
    -275.2386344682));
#910 = CARTESIAN_POINT('',(4.18036632401E+03,1.709096479462E+03,
    -274.2043103494));
#911 = CARTESIAN_POINT('',(4.18923032574E+03,1.709220255111E+03,
    -273.1651542806));
#912 = CARTESIAN_POINT('',(4.198093764916E+03,1.709344045463E+03,
    -272.121216767));
#913 = CARTESIAN_POINT('',(4.206956644688E+03,1.709467835922E+03,
    -271.072548144));
#914 = CARTESIAN_POINT('',(4.220274661504E+03,1.709653842673E+03,
    -269.4896080632));
#915 = CARTESIAN_POINT('',(4.224733715651E+03,1.709716118609E+03,
    -268.9584181396));
#916 = CARTESIAN_POINT('',(4.229196130011E+03,1.709778437957E+03,
    -268.4256320163));
#917 = CARTESIAN_POINT('',(4.233661903853E+03,1.709840798854E+03,
    -267.8912529338));
#918 = CARTESIAN_POINT('',(4.238131036446E+03,1.709903199429E+03,
    -267.355284162));
#919 = CARTESIAN_POINT('',(4.242603527063E+03,1.709965637812E+03,
    -266.8177290007));
#920 = CARTESIAN_POINT('',(4.247079374976E+03,1.710028112124E+03,
    -266.2785907789));
#921 = CARTESIAN_POINT('',(4.256050015201E+03,1.71015329784E+03,
    -265.195693313));
#922 = CARTESIAN_POINT('',(4.260541305019E+03,1.710215965574E+03,
    -264.6523040332));
#923 = CARTESIAN_POINT('',(4.265032459142E+03,1.710278612812E+03,
    -264.1077909533));
#924 = CARTESIAN_POINT('',(4.269523477012E+03,1.710341238637E+03,
    -263.5621524359));
#925 = CARTESIAN_POINT('',(4.274014353691E+03,1.710403846192E+03,
    -263.0153512086));
#926 = CARTESIAN_POINT('',(4.278505086274E+03,1.710466436773E+03,
    -262.4673663036));
#927 = CARTESIAN_POINT('',(4.2829956803E+03,1.710529003927E+03,
    -261.9182449974));
#928 = CARTESIAN_POINT('',(4.346981312136E+03,1.71141989085E+03,
    -254.0801178758));
#929 = CARTESIAN_POINT('',(4.406455612869E+03,1.712240705834E+03,
    -246.6212837017));
#930 = CARTESIAN_POINT('',(4.465910676866E+03,1.713049881575E+03,
    -239.0087501676));
#931 = CARTESIAN_POINT('',(4.525348494622E+03,1.713843432553E+03,
    -231.2612490381));
#932 = CARTESIAN_POINT('',(4.584771383537E+03,1.714617603073E+03,
    -223.3988116922));
#933 = CARTESIAN_POINT('',(4.644181952401E+03,1.715368964968E+03,
    -215.4425057736));
#934 = CARTESIAN_POINT('',(4.703583075438E+03,1.716094488601E+03,
    -207.4142427023));
#935 = CARTESIAN_POINT('',(4.782906505588E+03,1.717025483398E+03,
    -196.6263979427));
#936 = CARTESIAN_POINT('',(4.802834417393E+03,1.717256179522E+03,
    -193.9105876507));
#937 = CARTESIAN_POINT('',(4.82276172683E+03,1.717483577798E+03,
    -191.1900803228));
#938 = CARTESIAN_POINT('',(4.842688551087E+03,1.717707586145E+03,
    -188.4657402495));
#939 = CARTESIAN_POINT('',(4.862615008955E+03,1.717928118293E+03,
    -185.7384403478));
#940 = CARTESIAN_POINT('',(4.882541220763E+03,1.718145093935E+03,
    -183.0090616483));
#941 = CARTESIAN_POINT('',(4.902467308303E+03,1.718358438888E+03,
    -180.2784927815));
#942 = CARTESIAN_POINT('',(4.960587030274E+03,1.718969927979E+03,
    -172.3132049902));
#943 = CARTESIAN_POINT('',(4.998780650052E+03,1.719358182487E+03,
    -167.0776997762));
#944 = CARTESIAN_POINT('',(5.036975133149E+03,1.719732369216E+03,
    -161.8474217432));
#945 = CARTESIAN_POINT('',(5.075171357274E+03,1.720092094434E+03,
    -156.6287759133));
#946 = CARTESIAN_POINT('',(5.113370197591E+03,1.720437050871E+03,
    -151.4282556502));
#947 = CARTESIAN_POINT('',(5.151572525522E+03,1.720767018364E+03,
    -146.2524338975));
#948 = CARTESIAN_POINT('',(5.189779207556E+03,1.721081864499E+03,
    -141.1079544185));
#949 = CARTESIAN_POINT('',(5.245588418589E+03,1.721519553978E+03,
    -133.649913151));
#950 = CARTESIAN_POINT('',(5.26318683647E+03,1.721654346249E+03,
    -131.3063726835));
#951 = CARTESIAN_POINT('',(5.280786440588E+03,1.721785917736E+03,
    -128.971557133));
#952 = CARTESIAN_POINT('',(5.298387312564E+03,1.721914267912E+03,
    -126.6461247216));
#953 = CARTESIAN_POINT('',(5.315989532745E+03,1.722039400051E+03,
    -124.3307363925));
#954 = CARTESIAN_POINT('',(5.333593180196E+03,1.722161321229E+03,
    -122.0260558095));
#955 = CARTESIAN_POINT('',(5.351198332705E+03,1.722280042327E+03,
    -119.7327493577));
#956 = CARTESIAN_POINT('',(5.382037240898E+03,1.722482407781E+03,
    -115.7370243539));
#957 = CARTESIAN_POINT('',(5.395270308087E+03,1.722567438305E+03,
    -114.0293646115));
#958 = CARTESIAN_POINT('',(5.408504300754E+03,1.722650675824E+03,
    -112.3287908891));
#959 = CARTESIAN_POINT('',(5.421739250695E+03,1.722732127702E+03,
    -110.6355879079));
#960 = CARTESIAN_POINT('',(5.434975189094E+03,1.72281180244E+03,
    -108.9500411373));
#961 = CARTESIAN_POINT('',(5.448212146526E+03,1.722889709678E+03,
    -107.2724367949));
#962 = CARTESIAN_POINT('',(5.461450152955E+03,1.722965860194E+03,
    -105.6030618466));
#963 = CARTESIAN_POINT('',(5.479908641633E+03,1.723069599557E+03,
    -103.2874288038));
#964 = CARTESIAN_POINT('',(5.485128211285E+03,1.72309866264E+03,
    -102.6339626815));
#965 = CARTESIAN_POINT('',(5.490347951668E+03,1.723127454796E+03,
    -101.9818487598));
#966 = CARTESIAN_POINT('',(5.495567864245E+03,1.723155976889E+03,
    -101.3311021321));
#967 = CARTESIAN_POINT('',(5.500787949033E+03,1.723184230295E+03,
    -100.6817264655));
#968 = CARTESIAN_POINT('',(5.506008206668E+03,1.723212216194E+03,
    -100.0337306011));
#969 = CARTESIAN_POINT('',(5.511228640474E+03,1.723239934869E+03,
    -99.38714515487));
#970 = CARTESIAN_POINT('',(5.553598060413E+03,1.723462711549E+03,
    -94.15166118905));
#971 = CARTESIAN_POINT('',(5.590756214263E+03,1.723644428645E+03,
    -89.63651976049));
#972 = CARTESIAN_POINT('',(5.627924328553E+03,1.723812871169E+03,
    -85.20287140205));
#973 = CARTESIAN_POINT('',(5.665102965272E+03,1.723968431543E+03,
    -80.85720240073));
#974 = CARTESIAN_POINT('',(5.702292638042E+03,1.724111556225E+03,
    -76.60621224851));
#975 = CARTESIAN_POINT('',(5.73949381023E+03,1.724242742214E+03,
    -72.4567971302));
#976 = CARTESIAN_POINT('',(5.776706893058E+03,1.72436253355E+03,
    -68.41603341115));
#977 = CARTESIAN_POINT('',(5.952279631619E+03,1.724876555008E+03,
    -49.90444021309));
#978 = CARTESIAN_POINT('',(6.090782370253E+03,1.72513227031E+03,
    -36.91993127349));
#979 = CARTESIAN_POINT('',(6.229477973832E+03,1.725268831786E+03,
    -25.90675234422));
#980 = CARTESIAN_POINT('',(6.368370121054E+03,1.725323967426E+03,
    -17.26892641747));
#981 = CARTESIAN_POINT('',(6.50742814141E+03,1.725338320056E+03,
    -11.4335479108));
#982 = CARTESIAN_POINT('',(6.646586483548E+03,1.72534509321E+03,
    -8.837958862816));
#983 = CARTESIAN_POINT('',(6.78574403844E+03,1.725351182238E+03,
    -9.913334826244));
#984 = CARTESIAN_POINT('',(6.924763394406E+03,1.725317772924E+03,
    -15.06654952522));
#985 = PCURVE('',#136,#986);
#986 = DEFINITIONAL_REPRESENTATION('',(#987),#1214);
#987 = B_SPLINE_CURVE_WITH_KNOTS('',8,(#988,#989,#990,#991,#992,#993,
    #994,#995,#996,#997,#998,#999,#1000,#1001,#1002,#1003,#1004,#1005,
    #1006,#1007,#1008,#1009,#1010,#1011,#1012,#1013,#1014,#1015,#1016,
    #1017,#1018,#1019,#1020,#1021,#1022,#1023,#1024,#1025,#1026,#1027,
    #1028,#1029,#1030,#1031,#1032,#1033,#1034,#1035,#1036,#1037,#1038,
    #1039,#1040,#1041,#1042,#1043,#1044,#1045,#1046,#1047,#1048,#1049,
    #1050,#1051,#1052,#1053,#1054,#1055,#1056,#1057,#1058,#1059,#1060,
    #1061,#1062,#1063,#1064,#1065,#1066,#1067,#1068,#1069,#1070,#1071,
    #1072,#1073,#1074,#1075,#1076,#1077,#1078,#1079,#1080,#1081,#1082,
    #1083,#1084,#1085,#1086,#1087,#1088,#1089,#1090,#1091,#1092,#1093,
    #1094,#1095,#1096,#1097,#1098,#1099,#1100,#1101,#1102,#1103,#1104,
    #1105,#1106,#1107,#1108,#1109,#1110,#1111,#1112,#1113,#1114,#1115,
    #1116,#1117,#1118,#1119,#1120,#1121,#1122,#1123,#1124,#1125,#1126,
    #1127,#1128,#1129,#1130,#1131,#1132,#1133,#1134,#1135,#1136,#1137,
    #1138,#1139,#1140,#1141,#1142,#1143,#1144,#1145,#1146,#1147,#1148,
    #1149,#1150,#1151,#1152,#1153,#1154,#1155,#1156,#1157,#1158,#1159,
    #1160,#1161,#1162,#1163,#1164,#1165,#1166,#1167,#1168,#1169,#1170,
    #1171,#1172,#1173,#1174,#1175,#1176,#1177,#1178,#1179,#1180,#1181,
    #1182,#1183,#1184,#1185,#1186,#1187,#1188,#1189,#1190,#1191,#1192,
    #1193,#1194,#1195,#1196,#1197,#1198,#1199,#1200,#1201,#1202,#1203,
    #1204,#1205,#1206,#1207,#1208,#1209,#1210,#1211,#1212,#1213),
  .UNSPECIFIED.,.F.,.F.,(9,7,7,7,7,7,7,7,7,7,7,7,7,7,7,7,7,7,7,7,7,7,7,7
    ,7,7,7,7,7,7,7,7,9),(0.,3.420832547607E-03,5.86155793278E-03,
    1.024474453864E-02,1.599327557456E-02,2.317366713305E-02,
    3.192475124268E-02,4.834748521519E-02,6.86383912091E-02,
    0.10434271281,0.148169196375,0.199575061659,0.228047687581,
    0.243024824852,0.250699768894,0.254568395415,0.258886007256,
    0.324361260606,0.397756174586,0.479229956857,0.523013926043,
    0.545342493645,0.557016489728,0.562885802028,0.568771139164,
    0.646747039618,0.672910152092,0.723058704004,0.746153078325,
    0.763509436463,0.770352041867,0.819042549543,1.),.UNSPECIFIED.);
#988 = CARTESIAN_POINT('',(0.5,0.321530351354));
#989 = CARTESIAN_POINT('',(0.500457134185,0.32153035138));
#990 = CARTESIAN_POINT('',(0.500914628307,0.321540769701));
#991 = CARTESIAN_POINT('',(0.501369355685,0.321561685503));
#992 = CARTESIAN_POINT('',(0.501818844484,0.32159276077));
#993 = CARTESIAN_POINT('',(0.502261194848,0.321633369076));
#994 = CARTESIAN_POINT('',(0.502694997702,0.321682718632));
#995 = CARTESIAN_POINT('',(0.503119265335,0.321739954812));
#996 = CARTESIAN_POINT('',(0.503828852916,0.321850085142));
#997 = CARTESIAN_POINT('',(0.504119232173,0.321899536999));
#998 = CARTESIAN_POINT('',(0.504404400252,0.321952293834));
#999 = CARTESIAN_POINT('',(0.504684318368,0.322008074953));
#1000 = CARTESIAN_POINT('',(0.504959014787,0.322066616649));
#1001 = CARTESIAN_POINT('',(0.505228573216,0.32212767855));
#1002 = CARTESIAN_POINT('',(0.505493125215,0.322191047753));
#1003 = CARTESIAN_POINT('',(0.506219268345,0.322374156601));
#1004 = CARTESIAN_POINT('',(0.506669875872,0.322498562791));
#1005 = CARTESIAN_POINT('',(0.507105821433,0.322628713247));
#1006 = CARTESIAN_POINT('',(0.507528118445,0.322763741788));
#1007 = CARTESIAN_POINT('',(0.507937715767,0.322902936198));
#1008 = CARTESIAN_POINT('',(0.508335534843,0.323045725222));
#1009 = CARTESIAN_POINT('',(0.508722488492,0.323191671964));
#1010 = CARTESIAN_POINT('',(0.509593948945,0.323535611462));
#1011 = CARTESIAN_POINT('',(0.510071021399,0.323735546143));
#1012 = CARTESIAN_POINT('',(0.510532650077,0.323939493786));
#1013 = CARTESIAN_POINT('',(0.510980320531,0.324146847681));
#1014 = CARTESIAN_POINT('',(0.51141527176,0.324357123823));
#1015 = CARTESIAN_POINT('',(0.5118385858,0.324569939486));
#1016 = CARTESIAN_POINT('',(0.512251225586,0.324785004182));
#1017 = CARTESIAN_POINT('',(0.51315727921,0.325273290485));
#1018 = CARTESIAN_POINT('',(0.513645095556,0.325547592727));
#1019 = CARTESIAN_POINT('',(0.514119187061,0.325824561632));
#1020 = CARTESIAN_POINT('',(0.514580845218,0.326103838815));
#1021 = CARTESIAN_POINT('',(0.515031140006,0.326385135026));
#1022 = CARTESIAN_POINT('',(0.515470989855,0.326668217395));
#1023 = CARTESIAN_POINT('',(0.515901195103,0.326952903343));
#1024 = CARTESIAN_POINT('',(0.516835904545,0.327587799811));
#1025 = CARTESIAN_POINT('',(0.517336033477,0.327938692665));
#1026 = CARTESIAN_POINT('',(0.51782413198,0.328291462423));
#1027 = CARTESIAN_POINT('',(0.518301220568,0.328645890318));
#1028 = CARTESIAN_POINT('',(0.518768155163,0.329001796269));
#1029 = CARTESIAN_POINT('',(0.519225673111,0.329359032064));
#1030 = CARTESIAN_POINT('',(0.519674417981,0.329717477696));
#1031 = CARTESIAN_POINT('',(0.52094171195,0.330751807095));
#1032 = CARTESIAN_POINT('',(0.521739516886,0.331430448577));
#1033 = CARTESIAN_POINT('',(0.522512159585,0.332112324451));
#1034 = CARTESIAN_POINT('',(0.523262357644,0.332796960868));
#1035 = CARTESIAN_POINT('',(0.523992277894,0.33348398591));
#1036 = CARTESIAN_POINT('',(0.524703679005,0.334173112375));
#1037 = CARTESIAN_POINT('',(0.525398045212,0.334864121604));
#1038 = CARTESIAN_POINT('',(0.52691508443,0.33641275587));
#1039 = CARTESIAN_POINT('',(0.52772941347,0.33727124473));
#1040 = CARTESIAN_POINT('',(0.528522000858,0.338131991758));
#1041 = CARTESIAN_POINT('',(0.529294663591,0.33899473635));
#1042 = CARTESIAN_POINT('',(0.530048877053,0.339859267828));
#1043 = CARTESIAN_POINT('',(0.530785877274,0.340725415384));
#1044 = CARTESIAN_POINT('',(0.531506710779,0.341593043188));
#1045 = CARTESIAN_POINT('',(0.53345383063,0.343991160583));
#1046 = CARTESIAN_POINT('',(0.534648085324,0.345524476112));
#1047 = CARTESIAN_POINT('',(0.535799981619,0.347061399256));
#1048 = CARTESIAN_POINT('',(0.536912979909,0.34860148615));
#1049 = CARTESIAN_POINT('',(0.537989785464,0.350144384944));
#1050 = CARTESIAN_POINT('',(0.539032543631,0.351689820347));
#1051 = CARTESIAN_POINT('',(0.540043023938,0.353237579043));
#1052 = CARTESIAN_POINT('',(0.542225240084,0.356690010422));
#1053 = CARTESIAN_POINT('',(0.543381341899,0.358595738201));
#1054 = CARTESIAN_POINT('',(0.544493720166,0.360504365062));
#1055 = CARTESIAN_POINT('',(0.545564399299,0.362415627965));
#1056 = CARTESIAN_POINT('',(0.546594979859,0.364329306216));
#1057 = CARTESIAN_POINT('',(0.547586768218,0.366245213574));
#1058 = CARTESIAN_POINT('',(0.54854083927,0.368163194454));
#1059 = CARTESIAN_POINT('',(0.550533993298,0.37233507884));
#1060 = CARTESIAN_POINT('',(0.55155923452,0.374589695287));
#1061 = CARTESIAN_POINT('',(0.552535281643,0.376846751379));
#1062 = CARTESIAN_POINT('',(0.553463256122,0.37910605317));
#1063 = CARTESIAN_POINT('',(0.554344057603,0.381367425716));
#1064 = CARTESIAN_POINT('',(0.555178426614,0.383630710325));
#1065 = CARTESIAN_POINT('',(0.55596697959,0.385895763018));
#1066 = CARTESIAN_POINT('',(0.557121916519,0.389417925092));
#1067 = CARTESIAN_POINT('',(0.557519697558,0.390673897896));
#1068 = CARTESIAN_POINT('',(0.557903671738,0.391930348533));
#1069 = CARTESIAN_POINT('',(0.558273918846,0.393187254623));
#1070 = CARTESIAN_POINT('',(0.55863051107,0.394444594413));
#1071 = CARTESIAN_POINT('',(0.55897351406,0.395702346745));
#1072 = CARTESIAN_POINT('',(0.55930298799,0.396960491025));
#1073 = CARTESIAN_POINT('',(0.559785210872,0.398881010384));
#1074 = CARTESIAN_POINT('',(0.559947705127,0.399543116451));
#1075 = CARTESIAN_POINT('',(0.56010647941,0.400205322457));
#1076 = CARTESIAN_POINT('',(0.56026154144,0.400867625499));
#1077 = CARTESIAN_POINT('',(0.560412898629,0.4015300227));
#1078 = CARTESIAN_POINT('',(0.560560558084,0.402192511215));
#1079 = CARTESIAN_POINT('',(0.560704526607,0.402855088225));
#1080 = CARTESIAN_POINT('',(0.560916698436,0.40385732847));
#1081 = CARTESIAN_POINT('',(0.560987618663,0.404196928503));
#1082 = CARTESIAN_POINT('',(0.561057572251,0.404536550667));
#1083 = CARTESIAN_POINT('',(0.561126560065,0.404876194585));
#1084 = CARTESIAN_POINT('',(0.561194582951,0.405215859886));
#1085 = CARTESIAN_POINT('',(0.561261641741,0.405555546198));
#1086 = CARTESIAN_POINT('',(0.561327737249,0.405895253152));
#1087 = CARTESIAN_POINT('',(0.561425701178,0.406406223031));
#1088 = CARTESIAN_POINT('',(0.561458325347,0.40657766804));
#1089 = CARTESIAN_POINT('',(0.561490741908,0.406749315431));
#1090 = CARTESIAN_POINT('',(0.561522949986,0.406921165229));
#1091 = CARTESIAN_POINT('',(0.561554948703,0.407093217459));
#1092 = CARTESIAN_POINT('',(0.561586737181,0.407265472145));
#1093 = CARTESIAN_POINT('',(0.561618314538,0.407437929311));
#1094 = CARTESIAN_POINT('',(0.561684682995,0.40780328725));
#1095 = CARTESIAN_POINT('',(0.561719387949,0.407995991479));
#1096 = CARTESIAN_POINT('',(0.561753767617,0.408188702124));
#1097 = CARTESIAN_POINT('',(0.561787844616,0.408381418686));
#1098 = CARTESIAN_POINT('',(0.561821626492,0.408574140955));
#1099 = CARTESIAN_POINT('',(0.561855091292,0.408766869289));
#1100 = CARTESIAN_POINT('',(0.561888223502,0.408959603928));
#1101 = CARTESIAN_POINT('',(0.562419619859,0.412075177914));
#1102 = CARTESIAN_POINT('',(0.562854018785,0.41499922493));
#1103 = CARTESIAN_POINT('',(0.563223422878,0.417924302488));
#1104 = CARTESIAN_POINT('',(0.563527658715,0.420850225554));
#1105 = CARTESIAN_POINT('',(0.563767049511,0.423776808143));
#1106 = CARTESIAN_POINT('',(0.563942286299,0.426703864692));
#1107 = CARTESIAN_POINT('',(0.564054344035,0.429631210953));
#1108 = CARTESIAN_POINT('',(0.564160536407,0.435840213218));
#1109 = CARTESIAN_POINT('',(0.564138768354,0.4391219112));
#1110 = CARTESIAN_POINT('',(0.564040783383,0.442403513079));
#1111 = CARTESIAN_POINT('',(0.563868596106,0.445684797926));
#1112 = CARTESIAN_POINT('',(0.563624442733,0.448965568738));
#1113 = CARTESIAN_POINT('',(0.563310704585,0.452245651953));
#1114 = CARTESIAN_POINT('',(0.562929857358,0.455524897129));
#1115 = CARTESIAN_POINT('',(0.561989974288,0.462442309456));
#1116 = CARTESIAN_POINT('',(0.561415939169,0.466080251118));
#1117 = CARTESIAN_POINT('',(0.560765785372,0.469716834194));
#1118 = CARTESIAN_POINT('',(0.560043054941,0.473351923568));
#1119 = CARTESIAN_POINT('',(0.559251308962,0.476985415134));
#1120 = CARTESIAN_POINT('',(0.558394088325,0.480617234952));
#1121 = CARTESIAN_POINT('',(0.557474889596,0.484247338742));
#1122 = CARTESIAN_POINT('',(0.555971709096,0.489825597179));
#1123 = CARTESIAN_POINT('',(0.555429363922,0.491774981627));
#1124 = CARTESIAN_POINT('',(0.554870645164,0.493723861907));
#1125 = CARTESIAN_POINT('',(0.554296081083,0.495672236797));
#1126 = CARTESIAN_POINT('',(0.553706194354,0.497620106781));
#1127 = CARTESIAN_POINT('',(0.553101501621,0.499567474032));
#1128 = CARTESIAN_POINT('',(0.55248251305,0.501514342398));
#1129 = CARTESIAN_POINT('',(0.551527031652,0.504453312773));
#1130 = CARTESIAN_POINT('',(0.551200744399,0.505445779787));
#1131 = CARTESIAN_POINT('',(0.5508709369,0.506438119138));
#1132 = CARTESIAN_POINT('',(0.550537675477,0.507430331617));
#1133 = CARTESIAN_POINT('',(0.550201025991,0.508422418102));
#1134 = CARTESIAN_POINT('',(0.549861053841,0.50941437956));
#1135 = CARTESIAN_POINT('',(0.549517823967,0.510406217043));
#1136 = CARTESIAN_POINT('',(0.548990281202,0.511916427686));
#1137 = CARTESIAN_POINT('',(0.548808288687,0.512434890103));
#1138 = CARTESIAN_POINT('',(0.548625432513,0.512953319104));
#1139 = CARTESIAN_POINT('',(0.548441721859,0.513471714854));
#1140 = CARTESIAN_POINT('',(0.54825716587,0.513990077529));
#1141 = CARTESIAN_POINT('',(0.548071773653,0.514508407305));
#1142 = CARTESIAN_POINT('',(0.547885554283,0.515026704368));
#1143 = CARTESIAN_POINT('',(0.547604480325,0.51580553576));
#1144 = CARTESIAN_POINT('',(0.547510163154,0.516066299161));
#1145 = CARTESIAN_POINT('',(0.54741556588,0.516327259065));
#1146 = CARTESIAN_POINT('',(0.547320689104,0.51658841543));
#1147 = CARTESIAN_POINT('',(0.547225533433,0.516849768213));
#1148 = CARTESIAN_POINT('',(0.547130099477,0.517111317372));
#1149 = CARTESIAN_POINT('',(0.547034387852,0.517373062864));
#1150 = CARTESIAN_POINT('',(0.546842151039,0.517897661708));
#1151 = CARTESIAN_POINT('',(0.546745691547,0.518160310235));
#1152 = CARTESIAN_POINT('',(0.546649035973,0.518422950827));
#1153 = CARTESIAN_POINT('',(0.546552184042,0.518685583451));
#1154 = CARTESIAN_POINT('',(0.546455129153,0.518948207818));
#1155 = CARTESIAN_POINT('',(0.546357867601,0.519210823759));
#1156 = CARTESIAN_POINT('',(0.54626040779,0.519473431597));
#1157 = CARTESIAN_POINT('',(0.544869320973,0.523215281411));
#1158 = CARTESIAN_POINT('',(0.543546153704,0.526693310694));
#1159 = CARTESIAN_POINT('',(0.542196338014,0.530170215021));
#1160 = CARTESIAN_POINT('',(0.540823213364,0.533646110797));
#1161 = CARTESIAN_POINT('',(0.539430337863,0.53712113354));
#1162 = CARTESIAN_POINT('',(0.538021441241,0.540595435813));
#1163 = CARTESIAN_POINT('',(0.536600391223,0.544069185698));
#1164 = CARTESIAN_POINT('',(0.534691630419,0.548707982783));
#1165 = CARTESIAN_POINT('',(0.534211168086,0.549873357742));
#1166 = CARTESIAN_POINT('',(0.53372993691,0.551038697475));
#1167 = CARTESIAN_POINT('',(0.533248088961,0.552204008835));
#1168 = CARTESIAN_POINT('',(0.532765777713,0.553369298769));
#1169 = CARTESIAN_POINT('',(0.532283157956,0.554534574314));
#1170 = CARTESIAN_POINT('',(0.531800385718,0.555699842591));
#1171 = CARTESIAN_POINT('',(0.530392266019,0.559098656741));
#1172 = CARTESIAN_POINT('',(0.52946693129,0.561332201757));
#1173 = CARTESIAN_POINT('',(0.528542720875,0.56356579726));
#1174 = CARTESIAN_POINT('',(0.527620757415,0.565799494577));
#1175 = CARTESIAN_POINT('',(0.526702177959,0.568033344888));
#1176 = CARTESIAN_POINT('',(0.525788132617,0.570267399153));
#1177 = CARTESIAN_POINT('',(0.524879783217,0.572501708044));
#1178 = CARTESIAN_POINT('',(0.523563152502,0.575765404596));
#1179 = CARTESIAN_POINT('',(0.523149459675,0.57679455184));
#1180 = CARTESIAN_POINT('',(0.522737338059,0.577823768455));
#1181 = CARTESIAN_POINT('',(0.522326902694,0.578853059214));
#1182 = CARTESIAN_POINT('',(0.521918269083,0.579882428815));
#1183 = CARTESIAN_POINT('',(0.521511553193,0.580911881883));
#1184 = CARTESIAN_POINT('',(0.521106871453,0.581941422965));
#1185 = CARTESIAN_POINT('',(0.520401822622,0.583744867889));
#1186 = CARTESIAN_POINT('',(0.520100519406,0.584518731467));
#1187 = CARTESIAN_POINT('',(0.519800480723,0.585292649167));
#1188 = CARTESIAN_POINT('',(0.519501756314,0.586066622848));
#1189 = CARTESIAN_POINT('',(0.519204396056,0.586840654333));
#1190 = CARTESIAN_POINT('',(0.518908449954,0.587614745411));
#1191 = CARTESIAN_POINT('',(0.518613968145,0.588388897834));
#1192 = CARTESIAN_POINT('',(0.518205501737,0.589468341616));
#1193 = CARTESIAN_POINT('',(0.518090235385,0.589773579607));
#1194 = CARTESIAN_POINT('',(0.51797520942,0.590078827583));
#1195 = CARTESIAN_POINT('',(0.517860426473,0.590384085628));
#1196 = CARTESIAN_POINT('',(0.517745887164,0.590689353745));
#1197 = CARTESIAN_POINT('',(0.517631593022,0.590994631969));
#1198 = CARTESIAN_POINT('',(0.517517549418,0.591299920496));
#1199 = CARTESIAN_POINT('',(0.516594138101,0.593777664352));
#1200 = CARTESIAN_POINT('',(0.515797865996,0.595950655805));
#1201 = CARTESIAN_POINT('',(0.515016045079,0.59812422974));
#1202 = CARTESIAN_POINT('',(0.514249808994,0.600298419022));
#1203 = CARTESIAN_POINT('',(0.513500329315,0.602473253687));
#1204 = CARTESIAN_POINT('',(0.512768812722,0.604648760832));
#1205 = CARTESIAN_POINT('',(0.512056498188,0.606824964506));
#1206 = CARTESIAN_POINT('',(0.508793427616,0.617092376119));
#1207 = CARTESIAN_POINT('',(0.506505207577,0.625191951471));
#1208 = CARTESIAN_POINT('',(0.504564658904,0.633302805504));
#1209 = CARTESIAN_POINT('',(0.50304271664,0.641425153252));
#1210 = CARTESIAN_POINT('',(0.50201453214,0.64955720128));
#1211 = CARTESIAN_POINT('',(0.501557212919,0.657695115978));
#1212 = CARTESIAN_POINT('',(0.501746676051,0.665832984712));
#1213 = CARTESIAN_POINT('',(0.502654666582,0.673962771601));
#1214 = ( GEOMETRIC_REPRESENTATION_CONTEXT(2) 
PARAMETRIC_REPRESENTATION_CONTEXT() REPRESENTATION_CONTEXT('2D SPACE',''
  ) );
#1215 = PCURVE('',#1216,#1245);
#1216 = B_SPLINE_SURFACE_WITH_KNOTS('',4,1,(
    (#1217,#1218)
    ,(#1219,#1220)
    ,(#1221,#1222)
    ,(#1223,#1224)
    ,(#1225,#1226)
    ,(#1227,#1228)
    ,(#1229,#1230)
    ,(#1231,#1232)
    ,(#1233,#1234)
    ,(#1235,#1236)
    ,(#1237,#1238)
    ,(#1239,#1240)
    ,(#1241,#1242)
    ,(#1243,#1244
    )),.UNSPECIFIED.,.F.,.F.,.F.,(5,3,3,3,5),(2,2),(0.,0.125,0.25,0.5,1.
    ),(0.,1.),.UNSPECIFIED.);
#1217 = CARTESIAN_POINT('',(6.567896E+03,-1.822957340636E-15,-16.41974)
  );
#1218 = CARTESIAN_POINT('',(1.003210591863E+04,1.6748134E+04,-3.283948)
  );
#1219 = CARTESIAN_POINT('',(6.1574025E+03,-1.33700592737E-16,
    -1.204267879259));
#1220 = CARTESIAN_POINT('',(9.950007218625E+03,1.6748134E+04,
    -0.240853575852));
#1221 = CARTESIAN_POINT('',(5.764012895833E+03,-2.745049328164E-15,
    -24.72520626286));
#1222 = CARTESIAN_POINT('',(9.871329297792E+03,1.6748134E+04,
    -4.945041252572));
#1223 = CARTESIAN_POINT('',(5.3877271875E+03,-7.074128185951E-15,
    -63.71808212443));
#1224 = CARTESIAN_POINT('',(9.796072156125E+03,1.6748134E+04,
    -12.74361642488));
#1225 = CARTESIAN_POINT('',(4.6693635625E+03,-1.695996990872E-14,
    -152.7618283222));
#1226 = CARTESIAN_POINT('',(9.652399431125E+03,1.6748134E+04,
    -30.55236566445));
#1227 = CARTESIAN_POINT('',(4.327285645833E+03,-2.248442815506E-14,
    -202.5217245215));
#1228 = CARTESIAN_POINT('',(9.583983847792E+03,1.6748134E+04,
    -40.5043449043));
#1229 = CARTESIAN_POINT('',(4.002311625E+03,-2.747142740347E-14,
    -247.4406204352));
#1230 = CARTESIAN_POINT('',(9.518989043625E+03,1.6748134E+04,
    -49.48812408704));
#1231 = CARTESIAN_POINT('',(3.07870125E+03,-4.005374934871E-14,
    -360.7721012832));
#1232 = CARTESIAN_POINT('',(9.334266968625E+03,1.6748134E+04,
    -72.15442025665));
#1233 = CARTESIAN_POINT('',(2.531376583333E+03,-4.4921744055E-14,
    -404.6190995739));
#1234 = CARTESIAN_POINT('',(9.224802035292E+03,1.6748134E+04,
    -80.92381991478));
#1235 = CARTESIAN_POINT('',(2.0524675E+03,-4.480483201452E-14,
    -403.5660495299));
#1236 = CARTESIAN_POINT('',(9.129020218625E+03,1.6748134E+04,
    -80.71320990598));
#1237 = CARTESIAN_POINT('',(820.98699999999,-3.715720539639E-14,
    -334.6823527545));
#1238 = CARTESIAN_POINT('',(8.882724118625E+03,1.6748134E+04,
    -66.93647055091));
#1239 = CARTESIAN_POINT('',(273.66233333333,-2.112555769763E-14,
    -190.28210755));
#1240 = CARTESIAN_POINT('',(8.773259185292E+03,1.6748134E+04,
    -38.05642151001));
#1241 = CARTESIAN_POINT('',(3.629405813143E-13,-1.085879981983E-14,
    -97.80737364459));
#1242 = CARTESIAN_POINT('',(8.718526718625E+03,1.6748134E+04,
    -19.56147472891));
#1243 = CARTESIAN_POINT('',(0.,0.,0.));
#1244 = CARTESIAN_POINT('',(8.718526718625E+03,1.6748134E+04,0.));
#1245 = DEFINITIONAL_REPRESENTATION('',(#1246),#1473);
#1246 = B_SPLINE_CURVE_WITH_KNOTS('',8,(#1247,#1248,#1249,#1250,#1251,
    #1252,#1253,#1254,#1255,#1256,#1257,#1258,#1259,#1260,#1261,#1262,
    #1263,#1264,#1265,#1266,#1267,#1268,#1269,#1270,#1271,#1272,#1273,
    #1274,#1275,#1276,#1277,#1278,#1279,#1280,#1281,#1282,#1283,#1284,
    #1285,#1286,#1287,#1288,#1289,#1290,#1291,#1292,#1293,#1294,#1295,
    #1296,#1297,#1298,#1299,#1300,#1301,#1302,#1303,#1304,#1305,#1306,
    #1307,#1308,#1309,#1310,#1311,#1312,#1313,#1314,#1315,#1316,#1317,
    #1318,#1319,#1320,#1321,#1322,#1323,#1324,#1325,#1326,#1327,#1328,
    #1329,#1330,#1331,#1332,#1333,#1334,#1335,#1336,#1337,#1338,#1339,
    #1340,#1341,#1342,#1343,#1344,#1345,#1346,#1347,#1348,#1349,#1350,
    #1351,#1352,#1353,#1354,#1355,#1356,#1357,#1358,#1359,#1360,#1361,
    #1362,#1363,#1364,#1365,#1366,#1367,#1368,#1369,#1370,#1371,#1372,
    #1373,#1374,#1375,#1376,#1377,#1378,#1379,#1380,#1381,#1382,#1383,
    #1384,#1385,#1386,#1387,#1388,#1389,#1390,#1391,#1392,#1393,#1394,
    #1395,#1396,#1397,#1398,#1399,#1400,#1401,#1402,#1403,#1404,#1405,
    #1406,#1407,#1408,#1409,#1410,#1411,#1412,#1413,#1414,#1415,#1416,
    #1417,#1418,#1419,#1420,#1421,#1422,#1423,#1424,#1425,#1426,#1427,
    #1428,#1429,#1430,#1431,#1432,#1433,#1434,#1435,#1436,#1437,#1438,
    #1439,#1440,#1441,#1442,#1443,#1444,#1445,#1446,#1447,#1448,#1449,
    #1450,#1451,#1452,#1453,#1454,#1455,#1456,#1457,#1458,#1459,#1460,
    #1461,#1462,#1463,#1464,#1465,#1466,#1467,#1468,#1469,#1470,#1471,
    #1472),.UNSPECIFIED.,.F.,.F.,(9,7,7,7,7,7,7,7,7,7,7,7,7,7,7,7,7,7,7,
    7,7,7,7,7,7,7,7,7,7,7,7,7,9),(0.,3.420832547607E-03,
    5.86155793278E-03,1.024474453864E-02,1.599327557456E-02,
    2.317366713305E-02,3.192475124268E-02,4.834748521519E-02,
    6.86383912091E-02,0.10434271281,0.148169196375,0.199575061659,
    0.228047687581,0.243024824852,0.250699768894,0.254568395415,
    0.258886007256,0.324361260606,0.397756174586,0.479229956857,
    0.523013926043,0.545342493645,0.557016489728,0.562885802028,
    0.568771139164,0.646747039618,0.672910152092,0.723058704004,
    0.746153078325,0.763509436463,0.770352041867,0.819042549543,1.),
  .UNSPECIFIED.);
#1247 = CARTESIAN_POINT('',(1.,0.103018438452));
#1248 = CARTESIAN_POINT('',(0.99638637593,0.103018438451));
#1249 = CARTESIAN_POINT('',(0.992765024788,0.103018240808));
#1250 = CARTESIAN_POINT('',(0.989161645832,0.103017844966));
#1251 = CARTESIAN_POINT('',(0.985596935453,0.103017257977));
#1252 = CARTESIAN_POINT('',(0.982087020687,0.10301649194));
#1253 = CARTESIAN_POINT('',(0.978643994775,0.103015561755));
#1254 = CARTESIAN_POINT('',(0.9752764377,0.10301448333));
#1255 = CARTESIAN_POINT('',(0.969644829164,0.103012408386));
#1256 = CARTESIAN_POINT('',(0.967340439513,0.103011476699));
#1257 = CARTESIAN_POINT('',(0.965077812201,0.10301048266));
#1258 = CARTESIAN_POINT('',(0.962857426314,0.103009431424));
#1259 = CARTESIAN_POINT('',(0.960679192224,0.103008327813));
#1260 = CARTESIAN_POINT('',(0.958542549149,0.10300717621));
#1261 = CARTESIAN_POINT('',(0.956446531593,0.103005980483));
#1262 = CARTESIAN_POINT('',(0.950696223849,0.103002523329));
#1263 = CARTESIAN_POINT('',(0.947131220747,0.10300017223));
#1264 = CARTESIAN_POINT('',(0.943685997693,0.102997709579));
#1265 = CARTESIAN_POINT('',(0.940352660683,0.10299515098));
#1266 = CARTESIAN_POINT('',(0.937123712108,0.102992509252));
#1267 = CARTESIAN_POINT('',(0.933991806874,0.102989794668));
#1268 = CARTESIAN_POINT('',(0.930949636364,0.102987015047));
#1269 = CARTESIAN_POINT('',(0.924107998494,0.102980452258));
#1270 = CARTESIAN_POINT('',(0.920369982078,0.102976628275));
#1271 = CARTESIAN_POINT('',(0.916760234705,0.102972717763));
#1272 = CARTESIAN_POINT('',(0.913266716816,0.102968731573));
#1273 = CARTESIAN_POINT('',(0.909879324948,0.102964678409));
#1274 = CARTESIAN_POINT('',(0.906589204038,0.102960565186));
#1275 = CARTESIAN_POINT('',(0.903388458657,0.102956397158));
#1276 = CARTESIAN_POINT('',(0.89637434848,0.102946908114));
#1277 = CARTESIAN_POINT('',(0.89260786872,0.102941559711));
#1278 = CARTESIAN_POINT('',(0.888956745029,0.102936141122));
#1279 = CARTESIAN_POINT('',(0.885410282857,0.102930658968));
#1280 = CARTESIAN_POINT('',(0.881959574177,0.102925118692));
#1281 = CARTESIAN_POINT('',(0.87859694546,0.102919524762));
#1282 = CARTESIAN_POINT('',(0.875315692875,0.102913880749));
#1283 = CARTESIAN_POINT('',(0.868202637075,0.102901253147));
#1284 = CARTESIAN_POINT('',(0.864407734819,0.102894247168));
#1285 = CARTESIAN_POINT('',(0.860714414403,0.102887176907));
#1286 = CARTESIAN_POINT('',(0.857114038646,0.102880046927));
#1287 = CARTESIAN_POINT('',(0.853599321608,0.102872861146));
#1288 = CARTESIAN_POINT('',(0.850163959341,0.102865622934));
#1289 = CARTESIAN_POINT('',(0.846802429734,0.102858335167));
#1290 = CARTESIAN_POINT('',(0.837330695844,0.102837235225));
#1291 = CARTESIAN_POINT('',(0.831394744302,0.10282330528));
#1292 = CARTESIAN_POINT('',(0.82566941662,0.102809226666));
#1293 = CARTESIAN_POINT('',(0.820130974307,0.102795012975));
#1294 = CARTESIAN_POINT('',(0.814760312033,0.102780676108));
#1295 = CARTESIAN_POINT('',(0.80954178073,0.102766226481));
#1296 = CARTESIAN_POINT('',(0.80446209052,0.102751673252));
#1297 = CARTESIAN_POINT('',(0.793391069416,0.102718925187));
#1298 = CARTESIAN_POINT('',(0.78746713721,0.102700680944));
#1299 = CARTESIAN_POINT('',(0.781716644114,0.102682307457));
#1300 = CARTESIAN_POINT('',(0.776122906629,0.102663819305));
#1301 = CARTESIAN_POINT('',(0.770672194941,0.10264523015));
#1302 = CARTESIAN_POINT('',(0.765352875893,0.102626552859));
#1303 = CARTESIAN_POINT('',(0.76015498724,0.102607799565));
#1304 = CARTESIAN_POINT('',(0.746121807381,0.102555869478));
#1305 = CARTESIAN_POINT('',(0.737523107527,0.102522558597));
#1306 = CARTESIAN_POINT('',(0.729226294781,0.102489111941));
#1307 = CARTESIAN_POINT('',(0.721196901326,0.102455588978));
#1308 = CARTESIAN_POINT('',(0.713407325943,0.102422046547));
#1309 = CARTESIAN_POINT('',(0.70583510654,0.102388538999));
#1310 = CARTESIAN_POINT('',(0.698461313467,0.10235511838));
#1311 = CARTESIAN_POINT('',(0.682442343062,0.102280979109));
#1312 = CARTESIAN_POINT('',(0.673889720548,0.102240330661));
#1313 = CARTESIAN_POINT('',(0.665582199266,0.102199981949));
#1314 = CARTESIAN_POINT('',(0.657496510366,0.102160022123));
#1315 = CARTESIAN_POINT('',(0.649613508507,0.102120536807));
#1316 = CARTESIAN_POINT('',(0.64191699478,0.102081608085));
#1317 = CARTESIAN_POINT('',(0.634393123043,0.102043314454));
#1318 = CARTESIAN_POINT('',(0.618393069937,0.101961647412));
#1319 = CARTESIAN_POINT('',(0.609977295136,0.101918541157));
#1320 = CARTESIAN_POINT('',(0.601763034196,0.101876533061));
#1321 = CARTESIAN_POINT('',(0.593734329196,0.101835737817));
#1322 = CARTESIAN_POINT('',(0.585877649268,0.101796263567));
#1323 = CARTESIAN_POINT('',(0.578181291083,0.101758211676));
#1324 = CARTESIAN_POINT('',(0.570635029217,0.101721676526));
#1325 = CARTESIAN_POINT('',(0.559128207149,0.101667397717));
#1326 = CARTESIAN_POINT('',(0.555069881519,0.101648542172));
#1327 = CARTESIAN_POINT('',(0.551053293914,0.101630193557));
#1328 = CARTESIAN_POINT('',(0.54707701994,0.101612366039));
#1329 = CARTESIAN_POINT('',(0.543139733985,0.101595073113));
#1330 = CARTESIAN_POINT('',(0.539240198492,0.101578327584));
#1331 = CARTESIAN_POINT('',(0.535377253253,0.101562141562));
#1332 = CARTESIAN_POINT('',(0.529536494969,0.101538312612));
#1333 = CARTESIAN_POINT('',(0.52753300692,0.101530256741));
#1334 = CARTESIAN_POINT('',(0.525539182297,0.101522360499));
#1335 = CARTESIAN_POINT('',(0.52355486761,0.101514625494));
#1336 = CARTESIAN_POINT('',(0.521579914117,0.101507053278));
#1337 = CARTESIAN_POINT('',(0.519614177831,0.101499645349));
#1338 = CARTESIAN_POINT('',(0.517657519516,0.101492403149));
#1339 = CARTESIAN_POINT('',(0.514711709845,0.101481702486));
#1340 = CARTESIAN_POINT('',(0.513715963435,0.101478120788));
#1341 = CARTESIAN_POINT('',(0.512722547303,0.101474583162));
#1342 = CARTESIAN_POINT('',(0.511731443568,0.101471089791));
#1343 = CARTESIAN_POINT('',(0.510742634626,0.101467640854));
#1344 = CARTESIAN_POINT('',(0.509756103153,0.101464236526));
#1345 = CARTESIAN_POINT('',(0.508771832098,0.10146087698));
#1346 = CARTESIAN_POINT('',(0.507294804688,0.101455891629));
#1347 = CARTESIAN_POINT('',(0.506799804688,0.101454230371));
#1348 = CARTESIAN_POINT('',(0.506304804688,0.101452578677));
#1349 = CARTESIAN_POINT('',(0.505809804688,0.101450936614));
#1350 = CARTESIAN_POINT('',(0.505314804688,0.101449304248));
#1351 = CARTESIAN_POINT('',(0.504819804688,0.101447681646));
#1352 = CARTESIAN_POINT('',(0.504324804688,0.101446068877));
#1353 = CARTESIAN_POINT('',(0.503277355959,0.101442677236));
#1354 = CARTESIAN_POINT('',(0.50272561261,0.101440902535));
#1355 = CARTESIAN_POINT('',(0.502174571928,0.101439143332));
#1356 = CARTESIAN_POINT('',(0.501624230809,0.101437398502));
#1357 = CARTESIAN_POINT('',(0.501074586302,0.101435667693));
#1358 = CARTESIAN_POINT('',(0.500525635725,0.101433952066));
#1359 = CARTESIAN_POINT('',(0.499977376354,0.101432252451));
#1360 = CARTESIAN_POINT('',(0.491126049572,0.10140497645));
#1361 = CARTESIAN_POINT('',(0.48298045423,0.10138244302));
#1362 = CARTESIAN_POINT('',(0.474983136457,0.101363115834));
#1363 = CARTESIAN_POINT('',(0.467125477718,0.101347093243));
#1364 = CARTESIAN_POINT('',(0.459399838313,0.101334427219));
#1365 = CARTESIAN_POINT('',(0.451799371807,0.101325129364));
#1366 = CARTESIAN_POINT('',(0.444317899371,0.101319176459));
#1367 = CARTESIAN_POINT('',(0.428690490744,0.101313532878));
#1368 = CARTESIAN_POINT('',(0.420573604783,0.101314686741));
#1369 = CARTESIAN_POINT('',(0.412591211713,0.101319902706));
#1370 = CARTESIAN_POINT('',(0.404736215029,0.101329059452));
#1371 = CARTESIAN_POINT('',(0.397002195288,0.101341998093));
#1372 = CARTESIAN_POINT('',(0.389383297966,0.101358530393));
#1373 = CARTESIAN_POINT('',(0.381874152552,0.101378445877));
#1374 = CARTESIAN_POINT('',(0.366250431003,0.101427129385));
#1375 = CARTESIAN_POINT('',(0.358160198373,0.101456630535));
#1376 = CARTESIAN_POINT('',(0.350192314252,0.101489711184));
#1377 = CARTESIAN_POINT('',(0.342340625479,0.10152603661));
#1378 = CARTESIAN_POINT('',(0.334599510067,0.10156525757));
#1379 = CARTESIAN_POINT('',(0.326963797649,0.10160701837));
#1380 = CARTESIAN_POINT('',(0.319428708954,0.101650963235));
#1381 = CARTESIAN_POINT('',(0.307992141343,0.101721342344));
#1382 = CARTESIAN_POINT('',(0.304022258491,0.101746472837));
#1383 = CARTESIAN_POINT('',(0.300079468577,0.101772078243));
#1384 = CARTESIAN_POINT('',(0.296163113537,0.101798104507));
#1385 = CARTESIAN_POINT('',(0.292272562862,0.101824498181));
#1386 = CARTESIAN_POINT('',(0.288407211666,0.101851206612));
#1387 = CARTESIAN_POINT('',(0.284566478754,0.101878178106));
#1388 = CARTESIAN_POINT('',(0.278803410502,0.101919225174));
#1389 = CARTESIAN_POINT('',(0.276863273371,0.101933143505));
#1390 = CARTESIAN_POINT('',(0.27492931929,0.101947110391));
#1391 = CARTESIAN_POINT('',(0.273001475688,0.101961119197));
#1392 = CARTESIAN_POINT('',(0.271079671422,0.101975163372));
#1393 = CARTESIAN_POINT('',(0.269163836782,0.101989236448));
#1394 = CARTESIAN_POINT('',(0.267253903487,0.102003332041));
#1395 = CARTESIAN_POINT('',(0.264354288869,0.102024821897));
#1396 = CARTESIAN_POINT('',(0.263360367883,0.102032204378));
#1397 = CARTESIAN_POINT('',(0.262368032166,0.102039590394));
#1398 = CARTESIAN_POINT('',(0.261377272251,0.102046979052));
#1399 = CARTESIAN_POINT('',(0.260388078769,0.102054369467));
#1400 = CARTESIAN_POINT('',(0.259400442448,0.102061760759));
#1401 = CARTESIAN_POINT('',(0.258414354113,0.102069152057));
#1402 = CARTESIAN_POINT('',(0.256934804688,0.102080258175));
#1403 = CARTESIAN_POINT('',(0.256439804688,0.102083976556));
#1404 = CARTESIAN_POINT('',(0.255944804688,0.102087697528));
#1405 = CARTESIAN_POINT('',(0.255449804688,0.102091420982));
#1406 = CARTESIAN_POINT('',(0.254954804688,0.102095146804));
#1407 = CARTESIAN_POINT('',(0.254459804688,0.102098874884));
#1408 = CARTESIAN_POINT('',(0.253964804688,0.10210260511));
#1409 = CARTESIAN_POINT('',(0.25297345294,0.102110079716));
#1410 = CARTESIAN_POINT('',(0.25247749048,0.10211382149));
#1411 = CARTESIAN_POINT('',(0.251981914734,0.102117562041));
#1412 = CARTESIAN_POINT('',(0.251486724701,0.102121301313));
#1413 = CARTESIAN_POINT('',(0.250991920027,0.102125039493));
#1414 = CARTESIAN_POINT('',(0.250497500069,0.102128776661));
#1415 = CARTESIAN_POINT('',(0.250003462961,0.10213251243));
#1416 = CARTESIAN_POINT('',(0.242969232831,0.102185705634));
#1417 = CARTESIAN_POINT('',(0.236495178409,0.102234714974));
#1418 = CARTESIAN_POINT('',(0.230084998959,0.102283029356));
#1419 = CARTESIAN_POINT('',(0.223736204094,0.102330410812));
#1420 = CARTESIAN_POINT('',(0.217446445122,0.102376635097));
#1421 = CARTESIAN_POINT('',(0.211213504682,0.102421497521));
#1422 = CARTESIAN_POINT('',(0.205035286421,0.102464817191));
#1423 = CARTESIAN_POINT('',(0.196854532912,0.102520405163));
#1424 = CARTESIAN_POINT('',(0.194805198797,0.1025341796));
#1425 = CARTESIAN_POINT('',(0.192761727589,0.102547757129));
#1426 = CARTESIAN_POINT('',(0.190724046082,0.102561132252));
#1427 = CARTESIAN_POINT('',(0.188692082575,0.102574299817));
#1428 = CARTESIAN_POINT('',(0.186665766829,0.10258725503));
#1429 = CARTESIAN_POINT('',(0.184645030018,0.102599993461));
#1430 = CARTESIAN_POINT('',(0.178767090264,0.10263650434));
#1431 = CARTESIAN_POINT('',(0.174924626126,0.102659686296));
#1432 = CARTESIAN_POINT('',(0.171101936137,0.102682028291));
#1433 = CARTESIAN_POINT('',(0.167298564653,0.102703506817));
#1434 = CARTESIAN_POINT('',(0.16351407539,0.102724103525));
#1435 = CARTESIAN_POINT('',(0.159748050292,0.102743805272));
#1436 = CARTESIAN_POINT('',(0.156000088392,0.10276260415));
#1437 = CARTESIAN_POINT('',(0.150551937189,0.102788737777));
#1438 = CARTESIAN_POINT('',(0.148837819065,0.102796785973));
#1439 = CARTESIAN_POINT('',(0.147127412879,0.102804641863));
#1440 = CARTESIAN_POINT('',(0.145420681968,0.102812305413));
#1441 = CARTESIAN_POINT('',(0.143717590435,0.102819776821));
#1442 = CARTESIAN_POINT('',(0.142018103153,0.102827056508));
#1443 = CARTESIAN_POINT('',(0.140322185767,0.102834145125));
#1444 = CARTESIAN_POINT('',(0.13735791172,0.102846227991));
#1445 = CARTESIAN_POINT('',(0.136088016098,0.102851305005));
#1446 = CARTESIAN_POINT('',(0.13482010356,0.102856274963));
#1447 = CARTESIAN_POINT('',(0.133554160083,0.102861138304));
#1448 = CARTESIAN_POINT('',(0.132290171884,0.102865895534));
#1449 = CARTESIAN_POINT('',(0.131028125418,0.102870547231));
#1450 = CARTESIAN_POINT('',(0.129768007375,0.102875094037));
#1451 = CARTESIAN_POINT('',(0.128013768276,0.102881288122));
#1452 = CARTESIAN_POINT('',(0.127518029754,0.102883023425));
#1453 = CARTESIAN_POINT('',(0.127022587987,0.102884742551));
#1454 = CARTESIAN_POINT('',(0.126527442214,0.102886445552));
#1455 = CARTESIAN_POINT('',(0.126032591827,0.10288813251));
#1456 = CARTESIAN_POINT('',(0.125538036154,0.102889803497));
#1457 = CARTESIAN_POINT('',(0.125043774253,0.102891458527));
#1458 = CARTESIAN_POINT('',(0.121034822812,0.102904760109));
#1459 = CARTESIAN_POINT('',(0.117534640768,0.1029156101));
#1460 = CARTESIAN_POINT('',(0.114048982063,0.10292566749));
#1461 = CARTESIAN_POINT('',(0.110577584165,0.102934955712));
#1462 = CARTESIAN_POINT('',(0.107120197898,0.102943501421));
#1463 = CARTESIAN_POINT('',(0.103676586835,0.102951334293));
#1464 = CARTESIAN_POINT('',(0.100246526685,0.102958486811));
#1465 = CARTESIAN_POINT('',(8.413161502273E-02,0.102989178078));
#1466 = CARTESIAN_POINT('',(7.161894897427E-02,0.103004446365));
#1467 = CARTESIAN_POINT('',(5.927905424438E-02,0.103012600197));
#1468 = CARTESIAN_POINT('',(4.710370278813E-02,0.103015892244));
#1469 = CARTESIAN_POINT('',(3.508837355358E-02,0.103016749213));
#1470 = CARTESIAN_POINT('',(2.323157790135E-02,0.103017153625));
#1471 = CARTESIAN_POINT('',(1.153434849474E-02,0.10301751719));
#1472 = CARTESIAN_POINT('',(0.,0.103015522381));
#1473 = ( GEOMETRIC_REPRESENTATION_CONTEXT(2) 
PARAMETRIC_REPRESENTATION_CONTEXT() REPRESENTATION_CONTEXT('2D SPACE',''
  ) );
#1474 = ADVANCED_FACE('',(#1475,#1506),#176,.F.);
#1475 = FACE_BOUND('',#1476,.F.);
#1476 = EDGE_LOOP('',(#1477,#1478,#1504,#1505));
#1477 = ORIENTED_EDGE('',*,*,#191,.T.);
#1478 = ORIENTED_EDGE('',*,*,#1479,.T.);
#1479 = EDGE_CURVE('',#192,#214,#1480,.T.);
#1480 = SURFACE_CURVE('',#1481,(#1485,#1492),.PCURVE_S1.);
#1481 = LINE('',#1482,#1483);
#1482 = CARTESIAN_POINT('',(1.25E+04,0.,1.95E+03));
#1483 = VECTOR('',#1484,1.);
#1484 = DIRECTION('',(0.,0.,-1.));
#1485 = PCURVE('',#176,#1486);
#1486 = DEFINITIONAL_REPRESENTATION('',(#1487),#1491);
#1487 = LINE('',#1488,#1489);
#1488 = CARTESIAN_POINT('',(1.95E+03,8.55E+03));
#1489 = VECTOR('',#1490,1.);
#1490 = DIRECTION('',(-1.,0.));
#1491 = ( GEOMETRIC_REPRESENTATION_CONTEXT(2) 
PARAMETRIC_REPRESENTATION_CONTEXT() REPRESENTATION_CONTEXT('2D SPACE',''
  ) );
#1492 = PCURVE('',#1493,#1498);
#1493 = PLANE('',#1494);
#1494 = AXIS2_PLACEMENT_3D('',#1495,#1496,#1497);
#1495 = CARTESIAN_POINT('',(1.846614526651E+04,0.,595.24504751921));
#1496 = DIRECTION('',(0.,1.,0.));
#1497 = DIRECTION('',(0.,-0.,1.));
#1498 = DEFINITIONAL_REPRESENTATION('',(#1499),#1503);
#1499 = LINE('',#1500,#1501);
#1500 = CARTESIAN_POINT('',(1.354754952481E+03,-5.966145266508E+03));
#1501 = VECTOR('',#1502,1.);
#1502 = DIRECTION('',(-1.,0.));
#1503 = ( GEOMETRIC_REPRESENTATION_CONTEXT(2) 
PARAMETRIC_REPRESENTATION_CONTEXT() REPRESENTATION_CONTEXT('2D SPACE',''
  ) );
#1504 = ORIENTED_EDGE('',*,*,#213,.F.);
#1505 = ORIENTED_EDGE('',*,*,#162,.F.);
#1506 = FACE_BOUND('',#1507,.F.);
#1507 = EDGE_LOOP('',(#1508,#1562,#1618));
#1508 = ORIENTED_EDGE('',*,*,#1509,.F.);
#1509 = EDGE_CURVE('',#1510,#1512,#1514,.T.);
#1510 = VERTEX_POINT('',#1511);
#1511 = CARTESIAN_POINT('',(0.,0.,0.));
#1512 = VERTEX_POINT('',#1513);
#1513 = CARTESIAN_POINT('',(6.567896E+03,1.822957340636E-15,16.41974));
#1514 = SURFACE_CURVE('',#1515,(#1527,#1542),.PCURVE_S1.);
#1515 = B_SPLINE_CURVE_WITH_KNOTS('',4,(#1516,#1517,#1518,#1519,#1520,
    #1521,#1522,#1523,#1524,#1525,#1526),.UNSPECIFIED.,.F.,.F.,(5,3,3,5)
  ,(0.,0.5,0.75,1.),.UNSPECIFIED.);
#1516 = CARTESIAN_POINT('',(0.,0.,0.));
#1517 = CARTESIAN_POINT('',(3.629405813143E-13,1.083288679678E-14,
    97.573969882676));
#1518 = CARTESIAN_POINT('',(273.66233333333,2.132777412628E-14,
    192.10351121551));
#1519 = CARTESIAN_POINT('',(820.98699999999,3.39302821887E-14,
    305.61681244318));
#1520 = CARTESIAN_POINT('',(2.0524675E+03,4.527770876391E-14,
    407.82534463466));
#1521 = CARTESIAN_POINT('',(2.531376583333E+03,4.774479921558E-14,
    430.04691991236));
#1522 = CARTESIAN_POINT('',(3.07870125E+03,4.782790981714E-14,
    430.79551366073));
#1523 = CARTESIAN_POINT('',(4.31018175E+03,4.033766680727E-14,
    363.32940240442));
#1524 = CARTESIAN_POINT('',(4.994337583333E+03,3.285626001461E-14,
    295.94288071713));
#1525 = CARTESIAN_POINT('',(5.746909E+03,2.007003675296E-14,
    180.77482008393));
#1526 = CARTESIAN_POINT('',(6.567896E+03,1.822957340636E-15,16.41974));
#1527 = PCURVE('',#176,#1528);
#1528 = DEFINITIONAL_REPRESENTATION('',(#1529),#1541);
#1529 = B_SPLINE_CURVE_WITH_KNOTS('',4,(#1530,#1531,#1532,#1533,#1534,
    #1535,#1536,#1537,#1538,#1539,#1540),.UNSPECIFIED.,.F.,.F.,(5,3,3,5)
  ,(0.,0.5,0.75,1.),.UNSPECIFIED.);
#1530 = CARTESIAN_POINT('',(0.,-3.95E+03));
#1531 = CARTESIAN_POINT('',(97.573969882676,-3.95E+03));
#1532 = CARTESIAN_POINT('',(192.10351121551,-3.676337666667E+03));
#1533 = CARTESIAN_POINT('',(305.61681244318,-3.129013E+03));
#1534 = CARTESIAN_POINT('',(407.82534463466,-1.8975325E+03));
#1535 = CARTESIAN_POINT('',(430.04691991236,-1.418623416667E+03));
#1536 = CARTESIAN_POINT('',(430.79551366073,-871.2987499999));
#1537 = CARTESIAN_POINT('',(363.32940240442,360.18175));
#1538 = CARTESIAN_POINT('',(295.94288071713,1.044337583333E+03));
#1539 = CARTESIAN_POINT('',(180.77482008393,1.796909E+03));
#1540 = CARTESIAN_POINT('',(16.41974,2.617896E+03));
#1541 = ( GEOMETRIC_REPRESENTATION_CONTEXT(2) 
PARAMETRIC_REPRESENTATION_CONTEXT() REPRESENTATION_CONTEXT('2D SPACE',''
  ) );
#1542 = PCURVE('',#1543,#1548);
#1543 = PLANE('',#1544);
#1544 = AXIS2_PLACEMENT_3D('',#1545,#1546,#1547);
#1545 = CARTESIAN_POINT('',(3.266738818004E+03,3.647279070362E-15,
    32.851769324398));
#1546 = DIRECTION('',(-1.925929944387E-34,1.,-1.110223024625E-16));
#1547 = DIRECTION('',(0.,1.110223024625E-16,1.));
#1548 = DEFINITIONAL_REPRESENTATION('',(#1549),#1561);
#1549 = B_SPLINE_CURVE_WITH_KNOTS('',4,(#1550,#1551,#1552,#1553,#1554,
    #1555,#1556,#1557,#1558,#1559,#1560),.UNSPECIFIED.,.F.,.F.,(5,3,3,5)
  ,(0.,0.5,0.75,1.),.UNSPECIFIED.);
#1550 = CARTESIAN_POINT('',(-32.85176932439,-3.266738818004E+03));
#1551 = CARTESIAN_POINT('',(64.722200558279,-3.266738818004E+03));
#1552 = CARTESIAN_POINT('',(159.25174189111,-2.993076484671E+03));
#1553 = CARTESIAN_POINT('',(272.76504311879,-2.445751818004E+03));
#1554 = CARTESIAN_POINT('',(374.97357531026,-1.214271318004E+03));
#1555 = CARTESIAN_POINT('',(397.19515058796,-735.3622346711));
#1556 = CARTESIAN_POINT('',(397.94374433633,-188.0375680044));
#1557 = CARTESIAN_POINT('',(330.47763308002,1.043442931996E+03));
#1558 = CARTESIAN_POINT('',(263.09111139273,1.727598765329E+03));
#1559 = CARTESIAN_POINT('',(147.92305075953,2.480170181996E+03));
#1560 = CARTESIAN_POINT('',(-16.43202932439,3.301157181996E+03));
#1561 = ( GEOMETRIC_REPRESENTATION_CONTEXT(2) 
PARAMETRIC_REPRESENTATION_CONTEXT() REPRESENTATION_CONTEXT('2D SPACE',''
  ) );
#1562 = ORIENTED_EDGE('',*,*,#1563,.T.);
#1563 = EDGE_CURVE('',#1510,#1564,#1566,.T.);
#1564 = VERTEX_POINT('',#1565);
#1565 = CARTESIAN_POINT('',(6.567896E+03,-1.822957340636E-15,-16.41974)
  );
#1566 = SURFACE_CURVE('',#1567,(#1582,#1600),.PCURVE_S1.);
#1567 = B_SPLINE_CURVE_WITH_KNOTS('',4,(#1568,#1569,#1570,#1571,#1572,
    #1573,#1574,#1575,#1576,#1577,#1578,#1579,#1580,#1581),
  .UNSPECIFIED.,.F.,.F.,(5,3,3,3,5),(0.,0.5,0.75,0.875,1.),
  .UNSPECIFIED.);
#1568 = CARTESIAN_POINT('',(0.,0.,0.));
#1569 = CARTESIAN_POINT('',(3.629405813143E-13,-1.085879981983E-14,
    -97.80737364459));
#1570 = CARTESIAN_POINT('',(273.66233333333,-2.112555769763E-14,
    -190.28210755));
#1571 = CARTESIAN_POINT('',(820.98699999999,-3.715720539639E-14,
    -334.6823527545));
#1572 = CARTESIAN_POINT('',(2.0524675E+03,-4.480483201452E-14,
    -403.5660495299));
#1573 = CARTESIAN_POINT('',(2.531376583333E+03,-4.4921744055E-14,
    -404.6190995739));
#1574 = CARTESIAN_POINT('',(3.07870125E+03,-4.005374934871E-14,
    -360.7721012832));
#1575 = CARTESIAN_POINT('',(4.002311625E+03,-2.747142740347E-14,
    -247.4406204352));
#1576 = CARTESIAN_POINT('',(4.327285645833E+03,-2.248442815506E-14,
    -202.5217245215));
#1577 = CARTESIAN_POINT('',(4.6693635625E+03,-1.695996990872E-14,
    -152.7618283222));
#1578 = CARTESIAN_POINT('',(5.3877271875E+03,-7.074128185951E-15,
    -63.71808212443));
#1579 = CARTESIAN_POINT('',(5.764012895833E+03,-2.745049328164E-15,
    -24.72520626286));
#1580 = CARTESIAN_POINT('',(6.1574025E+03,-1.33700592737E-16,
    -1.204267879259));
#1581 = CARTESIAN_POINT('',(6.567896E+03,-1.822957340636E-15,-16.41974)
  );
#1582 = PCURVE('',#176,#1583);
#1583 = DEFINITIONAL_REPRESENTATION('',(#1584),#1599);
#1584 = B_SPLINE_CURVE_WITH_KNOTS('',4,(#1585,#1586,#1587,#1588,#1589,
    #1590,#1591,#1592,#1593,#1594,#1595,#1596,#1597,#1598),
  .UNSPECIFIED.,.F.,.F.,(5,3,3,3,5),(0.,0.5,0.75,0.875,1.),
  .UNSPECIFIED.);
#1585 = CARTESIAN_POINT('',(0.,-3.95E+03));
#1586 = CARTESIAN_POINT('',(-97.80737364459,-3.95E+03));
#1587 = CARTESIAN_POINT('',(-190.28210755,-3.676337666667E+03));
#1588 = CARTESIAN_POINT('',(-334.6823527545,-3.129013E+03));
#1589 = CARTESIAN_POINT('',(-403.5660495299,-1.8975325E+03));
#1590 = CARTESIAN_POINT('',(-404.6190995739,-1.418623416667E+03));
#1591 = CARTESIAN_POINT('',(-360.7721012832,-871.2987499999));
#1592 = CARTESIAN_POINT('',(-247.4406204352,52.311625000001));
#1593 = CARTESIAN_POINT('',(-202.5217245215,377.28564583333));
#1594 = CARTESIAN_POINT('',(-152.7618283222,719.36356249999));
#1595 = CARTESIAN_POINT('',(-63.71808212443,1.4377271875E+03));
#1596 = CARTESIAN_POINT('',(-24.72520626286,1.814012895833E+03));
#1597 = CARTESIAN_POINT('',(-1.204267879259,2.2074025E+03));
#1598 = CARTESIAN_POINT('',(-16.41974,2.617896E+03));
#1599 = ( GEOMETRIC_REPRESENTATION_CONTEXT(2) 
PARAMETRIC_REPRESENTATION_CONTEXT() REPRESENTATION_CONTEXT('2D SPACE',''
  ) );
#1600 = PCURVE('',#1543,#1601);
#1601 = DEFINITIONAL_REPRESENTATION('',(#1602),#1617);
#1602 = B_SPLINE_CURVE_WITH_KNOTS('',4,(#1603,#1604,#1605,#1606,#1607,
    #1608,#1609,#1610,#1611,#1612,#1613,#1614,#1615,#1616),
  .UNSPECIFIED.,.F.,.F.,(5,3,3,3,5),(0.,0.5,0.75,0.875,1.),
  .UNSPECIFIED.);
#1603 = CARTESIAN_POINT('',(-32.85176932439,-3.266738818004E+03));
#1604 = CARTESIAN_POINT('',(-130.6591429689,-3.266738818004E+03));
#1605 = CARTESIAN_POINT('',(-223.1338768744,-2.993076484671E+03));
#1606 = CARTESIAN_POINT('',(-367.5341220789,-2.445751818004E+03));
#1607 = CARTESIAN_POINT('',(-436.4178188543,-1.214271318004E+03));
#1608 = CARTESIAN_POINT('',(-437.4708688983,-735.3622346711));
#1609 = CARTESIAN_POINT('',(-393.6238706076,-188.0375680044));
#1610 = CARTESIAN_POINT('',(-280.2923897596,735.57280699553));
#1611 = CARTESIAN_POINT('',(-235.3734938459,1.060546827829E+03));
#1612 = CARTESIAN_POINT('',(-185.6135976466,1.402624744496E+03));
#1613 = CARTESIAN_POINT('',(-96.56985144883,2.120988369496E+03));
#1614 = CARTESIAN_POINT('',(-57.57697558725,2.497274077829E+03));
#1615 = CARTESIAN_POINT('',(-34.05603720365,2.890663681996E+03));
#1616 = CARTESIAN_POINT('',(-49.27150932439,3.301157181996E+03));
#1617 = ( GEOMETRIC_REPRESENTATION_CONTEXT(2) 
PARAMETRIC_REPRESENTATION_CONTEXT() REPRESENTATION_CONTEXT('2D SPACE',''
  ) );
#1618 = ORIENTED_EDGE('',*,*,#1619,.F.);
#1619 = EDGE_CURVE('',#1512,#1564,#1620,.T.);
#1620 = SURFACE_CURVE('',#1621,(#1625,#1632),.PCURVE_S1.);
#1621 = LINE('',#1622,#1623);
#1622 = CARTESIAN_POINT('',(6.567896E+03,1.822957340636E-15,16.41974));
#1623 = VECTOR('',#1624,1.);
#1624 = DIRECTION('',(0.,-1.110223024625E-16,-1.));
#1625 = PCURVE('',#176,#1626);
#1626 = DEFINITIONAL_REPRESENTATION('',(#1627),#1631);
#1627 = LINE('',#1628,#1629);
#1628 = CARTESIAN_POINT('',(16.41974,2.617896E+03));
#1629 = VECTOR('',#1630,1.);
#1630 = DIRECTION('',(-1.,0.));
#1631 = ( GEOMETRIC_REPRESENTATION_CONTEXT(2) 
PARAMETRIC_REPRESENTATION_CONTEXT() REPRESENTATION_CONTEXT('2D SPACE',''
  ) );
#1632 = PCURVE('',#1543,#1633);
#1633 = DEFINITIONAL_REPRESENTATION('',(#1634),#1638);
#1634 = LINE('',#1635,#1636);
#1635 = CARTESIAN_POINT('',(-16.43202932439,3.301157181996E+03));
#1636 = VECTOR('',#1637,1.);
#1637 = DIRECTION('',(-1.,-2.37389193644E-66));
#1638 = ( GEOMETRIC_REPRESENTATION_CONTEXT(2) 
PARAMETRIC_REPRESENTATION_CONTEXT() REPRESENTATION_CONTEXT('2D SPACE',''
  ) );
#1639 = ADVANCED_FACE('',(#1640),#252,.F.);
#1640 = FACE_BOUND('',#1641,.F.);
#1641 = EDGE_LOOP('',(#1642,#1667,#1668,#1693));
#1642 = ORIENTED_EDGE('',*,*,#1643,.F.);
#1643 = EDGE_CURVE('',#192,#1644,#1646,.T.);
#1644 = VERTEX_POINT('',#1645);
#1645 = CARTESIAN_POINT('',(2.5716E+04,0.,1.95E+03));
#1646 = SURFACE_CURVE('',#1647,(#1652,#1659),.PCURVE_S1.);
#1647 = B_SPLINE_CURVE_WITH_KNOTS('',3,(#1648,#1649,#1650,#1651),
  .UNSPECIFIED.,.F.,.F.,(4,4),(0.,1.),.PIECEWISE_BEZIER_KNOTS.);
#1648 = CARTESIAN_POINT('',(1.25E+04,0.,1.95E+03));
#1649 = CARTESIAN_POINT('',(1.4E+04,0.,1.95E+03));
#1650 = CARTESIAN_POINT('',(1.55E+04,0.,1.95E+03));
#1651 = CARTESIAN_POINT('',(2.5716E+04,0.,1.95E+03));
#1652 = PCURVE('',#252,#1653);
#1653 = DEFINITIONAL_REPRESENTATION('',(#1654),#1658);
#1654 = LINE('',#1655,#1656);
#1655 = CARTESIAN_POINT('',(0.,0.));
#1656 = VECTOR('',#1657,1.);
#1657 = DIRECTION('',(0.,1.));
#1658 = ( GEOMETRIC_REPRESENTATION_CONTEXT(2) 
PARAMETRIC_REPRESENTATION_CONTEXT() REPRESENTATION_CONTEXT('2D SPACE',''
  ) );
#1659 = PCURVE('',#1493,#1660);
#1660 = DEFINITIONAL_REPRESENTATION('',(#1661),#1666);
#1661 = B_SPLINE_CURVE_WITH_KNOTS('',3,(#1662,#1663,#1664,#1665),
  .UNSPECIFIED.,.F.,.F.,(4,4),(0.,1.),.PIECEWISE_BEZIER_KNOTS.);
#1662 = CARTESIAN_POINT('',(1.354754952481E+03,-5.966145266508E+03));
#1663 = CARTESIAN_POINT('',(1.354754952481E+03,-4.466145266508E+03));
#1664 = CARTESIAN_POINT('',(1.354754952481E+03,-2.966145266508E+03));
#1665 = CARTESIAN_POINT('',(1.354754952481E+03,7.249854733492E+03));
#1666 = ( GEOMETRIC_REPRESENTATION_CONTEXT(2) 
PARAMETRIC_REPRESENTATION_CONTEXT() REPRESENTATION_CONTEXT('2D SPACE',''
  ) );
#1667 = ORIENTED_EDGE('',*,*,#234,.T.);
#1668 = ORIENTED_EDGE('',*,*,#1669,.T.);
#1669 = EDGE_CURVE('',#214,#1670,#1672,.T.);
#1670 = VERTEX_POINT('',#1671);
#1671 = CARTESIAN_POINT('',(2.5716E+04,1.136868377084E-13,1.20003E+03));
#1672 = SURFACE_CURVE('',#1673,(#1678,#1685),.PCURVE_S1.);
#1673 = B_SPLINE_CURVE_WITH_KNOTS('',3,(#1674,#1675,#1676,#1677),
  .UNSPECIFIED.,.F.,.F.,(4,4),(0.,1.),.PIECEWISE_BEZIER_KNOTS.);
#1674 = CARTESIAN_POINT('',(1.25E+04,0.,-1.95E+03));
#1675 = CARTESIAN_POINT('',(1.4E+04,0.,-1.95E+03));
#1676 = CARTESIAN_POINT('',(1.55E+04,0.,-1.95E+03));
#1677 = CARTESIAN_POINT('',(2.5716E+04,0.,1.20003E+03));
#1678 = PCURVE('',#252,#1679);
#1679 = DEFINITIONAL_REPRESENTATION('',(#1680),#1684);
#1680 = LINE('',#1681,#1682);
#1681 = CARTESIAN_POINT('',(1.,0.));
#1682 = VECTOR('',#1683,1.);
#1683 = DIRECTION('',(0.,1.));
#1684 = ( GEOMETRIC_REPRESENTATION_CONTEXT(2) 
PARAMETRIC_REPRESENTATION_CONTEXT() REPRESENTATION_CONTEXT('2D SPACE',''
  ) );
#1685 = PCURVE('',#1493,#1686);
#1686 = DEFINITIONAL_REPRESENTATION('',(#1687),#1692);
#1687 = B_SPLINE_CURVE_WITH_KNOTS('',3,(#1688,#1689,#1690,#1691),
  .UNSPECIFIED.,.F.,.F.,(4,4),(0.,1.),.PIECEWISE_BEZIER_KNOTS.);
#1688 = CARTESIAN_POINT('',(-2.545245047519E+03,-5.966145266508E+03));
#1689 = CARTESIAN_POINT('',(-2.545245047519E+03,-4.466145266508E+03));
#1690 = CARTESIAN_POINT('',(-2.545245047519E+03,-2.966145266508E+03));
#1691 = CARTESIAN_POINT('',(604.78495248078,7.249854733492E+03));
#1692 = ( GEOMETRIC_REPRESENTATION_CONTEXT(2) 
PARAMETRIC_REPRESENTATION_CONTEXT() REPRESENTATION_CONTEXT('2D SPACE',''
  ) );
#1693 = ORIENTED_EDGE('',*,*,#1694,.F.);
#1694 = EDGE_CURVE('',#1644,#1670,#1695,.T.);
#1695 = SURFACE_CURVE('',#1696,(#1704,#1711),.PCURVE_S1.);
#1696 = B_SPLINE_CURVE_WITH_KNOTS('',6,(#1697,#1698,#1699,#1700,#1701,
    #1702,#1703),.UNSPECIFIED.,.F.,.F.,(7,7),(0.,1.),
  .PIECEWISE_BEZIER_KNOTS.);
#1697 = CARTESIAN_POINT('',(2.5716E+04,0.,1.95E+03));
#1698 = CARTESIAN_POINT('',(2.5716E+04,207.0984969153,1.95E+03));
#1699 = CARTESIAN_POINT('',(2.5716E+04,374.985,1.782113496915E+03));
#1700 = CARTESIAN_POINT('',(2.5716E+04,374.985,1.575015E+03));
#1701 = CARTESIAN_POINT('',(2.5716E+04,374.985,1.367916503085E+03));
#1702 = CARTESIAN_POINT('',(2.5716E+04,207.0984969153,1.20003E+03));
#1703 = CARTESIAN_POINT('',(2.5716E+04,0.,1.20003E+03));
#1704 = PCURVE('',#252,#1705);
#1705 = DEFINITIONAL_REPRESENTATION('',(#1706),#1710);
#1706 = LINE('',#1707,#1708);
#1707 = CARTESIAN_POINT('',(0.,1.));
#1708 = VECTOR('',#1709,1.);
#1709 = DIRECTION('',(1.,0.));
#1710 = ( GEOMETRIC_REPRESENTATION_CONTEXT(2) 
PARAMETRIC_REPRESENTATION_CONTEXT() REPRESENTATION_CONTEXT('2D SPACE',''
  ) );
#1711 = PCURVE('',#1712,#1717);
#1712 = PLANE('',#1713);
#1713 = AXIS2_PLACEMENT_3D('',#1714,#1715,#1716);
#1714 = CARTESIAN_POINT('',(2.5716E+04,125.88614373636,1.575015E+03));
#1715 = DIRECTION('',(-1.,5.711907749103E-30,-2.577484330491E-30));
#1716 = DIRECTION('',(-5.711907749103E-30,-1.,0.));
#1717 = DEFINITIONAL_REPRESENTATION('',(#1718),#1726);
#1718 = B_SPLINE_CURVE_WITH_KNOTS('',6,(#1719,#1720,#1721,#1722,#1723,
    #1724,#1725),.UNSPECIFIED.,.F.,.F.,(7,7),(0.,1.),
  .PIECEWISE_BEZIER_KNOTS.);
#1719 = CARTESIAN_POINT('',(125.88614373636,374.985));
#1720 = CARTESIAN_POINT('',(-81.21235317893,374.985));
#1721 = CARTESIAN_POINT('',(-249.0988562636,207.0984969153));
#1722 = CARTESIAN_POINT('',(-249.0988562636,0.));
#1723 = CARTESIAN_POINT('',(-249.0988562636,-207.0984969153));
#1724 = CARTESIAN_POINT('',(-81.21235317893,-374.985));
#1725 = CARTESIAN_POINT('',(125.88614373636,-374.985));
#1726 = ( GEOMETRIC_REPRESENTATION_CONTEXT(2) 
PARAMETRIC_REPRESENTATION_CONTEXT() REPRESENTATION_CONTEXT('2D SPACE',''
  ) );
#1727 = ADVANCED_FACE('',(#1728),#558,.T.);
#1728 = FACE_BOUND('',#1729,.T.);
#1729 = EDGE_LOOP('',(#1730,#1752,#1753,#1775));
#1730 = ORIENTED_EDGE('',*,*,#1731,.F.);
#1731 = EDGE_CURVE('',#293,#1732,#1734,.T.);
#1732 = VERTEX_POINT('',#1733);
#1733 = CARTESIAN_POINT('',(8.718526718625E+03,1.6748134E+04,0.));
#1734 = SURFACE_CURVE('',#1735,(#1738,#1745),.PCURVE_S1.);
#1735 = B_SPLINE_CURVE_WITH_KNOTS('',1,(#1736,#1737),.UNSPECIFIED.,.F.,
  .F.,(2,2),(0.,1.),.PIECEWISE_BEZIER_KNOTS.);
#1736 = CARTESIAN_POINT('',(0.,0.,0.));
#1737 = CARTESIAN_POINT('',(8.718526718625E+03,1.6748134E+04,0.));
#1738 = PCURVE('',#558,#1739);
#1739 = DEFINITIONAL_REPRESENTATION('',(#1740),#1744);
#1740 = LINE('',#1741,#1742);
#1741 = CARTESIAN_POINT('',(0.,0.));
#1742 = VECTOR('',#1743,1.);
#1743 = DIRECTION('',(0.,1.));
#1744 = ( GEOMETRIC_REPRESENTATION_CONTEXT(2) 
PARAMETRIC_REPRESENTATION_CONTEXT() REPRESENTATION_CONTEXT('2D SPACE',''
  ) );
#1745 = PCURVE('',#1216,#1746);
#1746 = DEFINITIONAL_REPRESENTATION('',(#1747),#1751);
#1747 = LINE('',#1748,#1749);
#1748 = CARTESIAN_POINT('',(1.,0.));
#1749 = VECTOR('',#1750,1.);
#1750 = DIRECTION('',(0.,1.));
#1751 = ( GEOMETRIC_REPRESENTATION_CONTEXT(2) 
PARAMETRIC_REPRESENTATION_CONTEXT() REPRESENTATION_CONTEXT('2D SPACE',''
  ) );
#1752 = ORIENTED_EDGE('',*,*,#290,.F.);
#1753 = ORIENTED_EDGE('',*,*,#1754,.T.);
#1754 = EDGE_CURVE('',#291,#1755,#1757,.T.);
#1755 = VERTEX_POINT('',#1756);
#1756 = CARTESIAN_POINT('',(1.003210591863E+04,1.6748134E+04,3.283948));
#1757 = SURFACE_CURVE('',#1758,(#1761,#1768),.PCURVE_S1.);
#1758 = B_SPLINE_CURVE_WITH_KNOTS('',1,(#1759,#1760),.UNSPECIFIED.,.F.,
  .F.,(2,2),(0.,1.),.PIECEWISE_BEZIER_KNOTS.);
#1759 = CARTESIAN_POINT('',(6.567896E+03,1.822957340636E-15,16.41974));
#1760 = CARTESIAN_POINT('',(1.003210591863E+04,1.6748134E+04,3.283948));
#1761 = PCURVE('',#558,#1762);
#1762 = DEFINITIONAL_REPRESENTATION('',(#1763),#1767);
#1763 = LINE('',#1764,#1765);
#1764 = CARTESIAN_POINT('',(1.,0.));
#1765 = VECTOR('',#1766,1.);
#1766 = DIRECTION('',(0.,1.));
#1767 = ( GEOMETRIC_REPRESENTATION_CONTEXT(2) 
PARAMETRIC_REPRESENTATION_CONTEXT() REPRESENTATION_CONTEXT('2D SPACE',''
  ) );
#1768 = PCURVE('',#739,#1769);
#1769 = DEFINITIONAL_REPRESENTATION('',(#1770),#1774);
#1770 = LINE('',#1771,#1772);
#1771 = CARTESIAN_POINT('',(0.,0.));
#1772 = VECTOR('',#1773,1.);
#1773 = DIRECTION('',(0.,1.));
#1774 = ( GEOMETRIC_REPRESENTATION_CONTEXT(2) 
PARAMETRIC_REPRESENTATION_CONTEXT() REPRESENTATION_CONTEXT('2D SPACE',''
  ) );
#1775 = ORIENTED_EDGE('',*,*,#1776,.F.);
#1776 = EDGE_CURVE('',#1732,#1755,#1777,.T.);
#1777 = SURFACE_CURVE('',#1778,(#1790,#1797),.PCURVE_S1.);
#1778 = B_SPLINE_CURVE_WITH_KNOTS('',4,(#1779,#1780,#1781,#1782,#1783,
    #1784,#1785,#1786,#1787,#1788,#1789),.UNSPECIFIED.,.F.,.F.,(5,3,3,5)
  ,(0.,0.5,0.75,1.),.UNSPECIFIED.);
#1779 = CARTESIAN_POINT('',(8.718526718625E+03,1.6748134E+04,0.));
#1780 = CARTESIAN_POINT('',(8.718526718625E+03,1.6748134E+04,
    19.514793976535));
#1781 = CARTESIAN_POINT('',(8.773259185292E+03,1.6748134E+04,
    38.420702243102));
#1782 = CARTESIAN_POINT('',(8.882724118625E+03,1.6748134E+04,
    61.123362488638));
#1783 = CARTESIAN_POINT('',(9.129020218625E+03,1.6748134E+04,
    81.565068926932));
#1784 = CARTESIAN_POINT('',(9.224802035292E+03,1.6748134E+04,
    86.009383982472));
#1785 = CARTESIAN_POINT('',(9.334266968625E+03,1.6748134E+04,
    86.159102732146));
#1786 = CARTESIAN_POINT('',(9.580563068625E+03,1.6748134E+04,
    72.665880480884));
#1787 = CARTESIAN_POINT('',(9.717394235292E+03,1.6748134E+04,
    59.188576143427));
#1788 = CARTESIAN_POINT('',(9.867908518625E+03,1.6748134E+04,
    36.154964016786));
#1789 = CARTESIAN_POINT('',(1.003210591863E+04,1.6748134E+04,3.283948));
#1790 = PCURVE('',#558,#1791);
#1791 = DEFINITIONAL_REPRESENTATION('',(#1792),#1796);
#1792 = LINE('',#1793,#1794);
#1793 = CARTESIAN_POINT('',(0.,1.));
#1794 = VECTOR('',#1795,1.);
#1795 = DIRECTION('',(1.,0.));
#1796 = ( GEOMETRIC_REPRESENTATION_CONTEXT(2) 
PARAMETRIC_REPRESENTATION_CONTEXT() REPRESENTATION_CONTEXT('2D SPACE',''
  ) );
#1797 = PCURVE('',#1798,#1803);
#1798 = PLANE('',#1799);
#1799 = AXIS2_PLACEMENT_3D('',#1800,#1801,#1802);
#1800 = CARTESIAN_POINT('',(9.371874482226E+03,1.6748134E+04,
    6.57035386488));
#1801 = DIRECTION('',(-1.855819360648E-30,1.,-7.373372734062E-30));
#1802 = DIRECTION('',(0.,7.373372734062E-30,1.));
#1803 = DEFINITIONAL_REPRESENTATION('',(#1804),#1816);
#1804 = B_SPLINE_CURVE_WITH_KNOTS('',4,(#1805,#1806,#1807,#1808,#1809,
    #1810,#1811,#1812,#1813,#1814,#1815),.UNSPECIFIED.,.F.,.F.,(5,3,3,5)
  ,(0.,0.5,0.75,1.),.UNSPECIFIED.);
#1805 = CARTESIAN_POINT('',(-6.57035386488,-653.3477636008));
#1806 = CARTESIAN_POINT('',(12.944440111656,-653.3477636008));
#1807 = CARTESIAN_POINT('',(31.850348378223,-598.6152969342));
#1808 = CARTESIAN_POINT('',(54.553008623758,-489.1503636008));
#1809 = CARTESIAN_POINT('',(74.994715062052,-242.8542636008));
#1810 = CARTESIAN_POINT('',(79.439030117593,-147.0724469342));
#1811 = CARTESIAN_POINT('',(79.588748867267,-37.60751360089));
#1812 = CARTESIAN_POINT('',(66.095526616005,208.6885863991));
#1813 = CARTESIAN_POINT('',(52.618222278547,345.51975306577));
#1814 = CARTESIAN_POINT('',(29.584610151907,496.0340363991));
#1815 = CARTESIAN_POINT('',(-3.28640586488,660.2314363991));
#1816 = ( GEOMETRIC_REPRESENTATION_CONTEXT(2) 
PARAMETRIC_REPRESENTATION_CONTEXT() REPRESENTATION_CONTEXT('2D SPACE',''
  ) );
#1817 = ADVANCED_FACE('',(#1818),#1216,.T.);
#1818 = FACE_BOUND('',#1819,.T.);
#1819 = EDGE_LOOP('',(#1820,#1821,#1822,#1867));
#1820 = ORIENTED_EDGE('',*,*,#756,.F.);
#1821 = ORIENTED_EDGE('',*,*,#1731,.T.);
#1822 = ORIENTED_EDGE('',*,*,#1823,.T.);
#1823 = EDGE_CURVE('',#1732,#1824,#1826,.T.);
#1824 = VERTEX_POINT('',#1825);
#1825 = CARTESIAN_POINT('',(1.003210591863E+04,1.6748134E+04,-3.283948)
  );
#1826 = SURFACE_CURVE('',#1827,(#1842,#1849),.PCURVE_S1.);
#1827 = B_SPLINE_CURVE_WITH_KNOTS('',4,(#1828,#1829,#1830,#1831,#1832,
    #1833,#1834,#1835,#1836,#1837,#1838,#1839,#1840,#1841),
  .UNSPECIFIED.,.F.,.F.,(5,3,3,3,5),(0.,0.5,0.75,0.875,1.),
  .UNSPECIFIED.);
#1828 = CARTESIAN_POINT('',(8.718526718625E+03,1.6748134E+04,0.));
#1829 = CARTESIAN_POINT('',(8.718526718625E+03,1.6748134E+04,
    -19.56147472891));
#1830 = CARTESIAN_POINT('',(8.773259185292E+03,1.6748134E+04,
    -38.05642151001));
#1831 = CARTESIAN_POINT('',(8.882724118625E+03,1.6748134E+04,
    -66.93647055091));
#1832 = CARTESIAN_POINT('',(9.129020218625E+03,1.6748134E+04,
    -80.71320990598));
#1833 = CARTESIAN_POINT('',(9.224802035292E+03,1.6748134E+04,
    -80.92381991478));
#1834 = CARTESIAN_POINT('',(9.334266968625E+03,1.6748134E+04,
    -72.15442025665));
#1835 = CARTESIAN_POINT('',(9.518989043625E+03,1.6748134E+04,
    -49.48812408704));
#1836 = CARTESIAN_POINT('',(9.583983847792E+03,1.6748134E+04,
    -40.5043449043));
#1837 = CARTESIAN_POINT('',(9.652399431125E+03,1.6748134E+04,
    -30.55236566445));
#1838 = CARTESIAN_POINT('',(9.796072156125E+03,1.6748134E+04,
    -12.74361642488));
#1839 = CARTESIAN_POINT('',(9.871329297792E+03,1.6748134E+04,
    -4.945041252572));
#1840 = CARTESIAN_POINT('',(9.950007218625E+03,1.6748134E+04,
    -0.240853575852));
#1841 = CARTESIAN_POINT('',(1.003210591863E+04,1.6748134E+04,-3.283948)
  );
#1842 = PCURVE('',#1216,#1843);
#1843 = DEFINITIONAL_REPRESENTATION('',(#1844),#1848);
#1844 = LINE('',#1845,#1846);
#1845 = CARTESIAN_POINT('',(1.,1.));
#1846 = VECTOR('',#1847,1.);
#1847 = DIRECTION('',(-1.,0.));
#1848 = ( GEOMETRIC_REPRESENTATION_CONTEXT(2) 
PARAMETRIC_REPRESENTATION_CONTEXT() REPRESENTATION_CONTEXT('2D SPACE',''
  ) );
#1849 = PCURVE('',#1798,#1850);
#1850 = DEFINITIONAL_REPRESENTATION('',(#1851),#1866);
#1851 = B_SPLINE_CURVE_WITH_KNOTS('',4,(#1852,#1853,#1854,#1855,#1856,
    #1857,#1858,#1859,#1860,#1861,#1862,#1863,#1864,#1865),
  .UNSPECIFIED.,.F.,.F.,(5,3,3,3,5),(0.,0.5,0.75,0.875,1.),
  .UNSPECIFIED.);
#1852 = CARTESIAN_POINT('',(-6.57035386488,-653.3477636008));
#1853 = CARTESIAN_POINT('',(-26.13182859379,-653.3477636008));
#1854 = CARTESIAN_POINT('',(-44.62677537489,-598.6152969342));
#1855 = CARTESIAN_POINT('',(-73.50682441579,-489.1503636008));
#1856 = CARTESIAN_POINT('',(-87.28356377086,-242.8542636008));
#1857 = CARTESIAN_POINT('',(-87.49417377966,-147.0724469342));
#1858 = CARTESIAN_POINT('',(-78.72477412153,-37.60751360089));
#1859 = CARTESIAN_POINT('',(-56.05847795192,147.1145613991));
#1860 = CARTESIAN_POINT('',(-47.07469876918,212.10936556577));
#1861 = CARTESIAN_POINT('',(-37.12271952933,280.5249488991));
#1862 = CARTESIAN_POINT('',(-19.31397028976,424.1976738991));
#1863 = CARTESIAN_POINT('',(-11.51539511745,499.45481556577));
#1864 = CARTESIAN_POINT('',(-6.811207440731,578.1327363991));
#1865 = CARTESIAN_POINT('',(-9.85430186488,660.2314363991));
#1866 = ( GEOMETRIC_REPRESENTATION_CONTEXT(2) 
PARAMETRIC_REPRESENTATION_CONTEXT() REPRESENTATION_CONTEXT('2D SPACE',''
  ) );
#1867 = ORIENTED_EDGE('',*,*,#1868,.F.);
#1868 = EDGE_CURVE('',#714,#1824,#1869,.T.);
#1869 = SURFACE_CURVE('',#1870,(#1873,#1880),.PCURVE_S1.);
#1870 = B_SPLINE_CURVE_WITH_KNOTS('',1,(#1871,#1872),.UNSPECIFIED.,.F.,
  .F.,(2,2),(0.,1.),.PIECEWISE_BEZIER_KNOTS.);
#1871 = CARTESIAN_POINT('',(6.567896E+03,-1.822957340636E-15,-16.41974)
  );
#1872 = CARTESIAN_POINT('',(1.003210591863E+04,1.6748134E+04,-3.283948)
  );
#1873 = PCURVE('',#1216,#1874);
#1874 = DEFINITIONAL_REPRESENTATION('',(#1875),#1879);
#1875 = LINE('',#1876,#1877);
#1876 = CARTESIAN_POINT('',(0.,0.));
#1877 = VECTOR('',#1878,1.);
#1878 = DIRECTION('',(0.,1.));
#1879 = ( GEOMETRIC_REPRESENTATION_CONTEXT(2) 
PARAMETRIC_REPRESENTATION_CONTEXT() REPRESENTATION_CONTEXT('2D SPACE',''
  ) );
#1880 = PCURVE('',#739,#1881);
#1881 = DEFINITIONAL_REPRESENTATION('',(#1882),#1886);
#1882 = LINE('',#1883,#1884);
#1883 = CARTESIAN_POINT('',(32.83948,0.));
#1884 = VECTOR('',#1885,1.);
#1885 = DIRECTION('',(0.,1.));
#1886 = ( GEOMETRIC_REPRESENTATION_CONTEXT(2) 
PARAMETRIC_REPRESENTATION_CONTEXT() REPRESENTATION_CONTEXT('2D SPACE',''
  ) );
#1887 = ADVANCED_FACE('',(#1888),#739,.T.);
#1888 = FACE_BOUND('',#1889,.T.);
#1889 = EDGE_LOOP('',(#1890,#1891,#1892,#1893));
#1890 = ORIENTED_EDGE('',*,*,#1754,.F.);
#1891 = ORIENTED_EDGE('',*,*,#713,.F.);
#1892 = ORIENTED_EDGE('',*,*,#1868,.T.);
#1893 = ORIENTED_EDGE('',*,*,#1894,.F.);
#1894 = EDGE_CURVE('',#1755,#1824,#1895,.T.);
#1895 = SURFACE_CURVE('',#1896,(#1900,#1906),.PCURVE_S1.);
#1896 = LINE('',#1897,#1898);
#1897 = CARTESIAN_POINT('',(1.003210591863E+04,1.6748134E+04,3.283948));
#1898 = VECTOR('',#1899,1.);
#1899 = DIRECTION('',(0.,-1.110223024625E-16,-1.));
#1900 = PCURVE('',#739,#1901);
#1901 = DEFINITIONAL_REPRESENTATION('',(#1902),#1905);
#1902 = B_SPLINE_CURVE_WITH_KNOTS('',1,(#1903,#1904),.UNSPECIFIED.,.F.,
  .F.,(2,2),(0.,6.567896),.PIECEWISE_BEZIER_KNOTS.);
#1903 = CARTESIAN_POINT('',(0.,1.));
#1904 = CARTESIAN_POINT('',(32.83948,1.));
#1905 = ( GEOMETRIC_REPRESENTATION_CONTEXT(2) 
PARAMETRIC_REPRESENTATION_CONTEXT() REPRESENTATION_CONTEXT('2D SPACE',''
  ) );
#1906 = PCURVE('',#1798,#1907);
#1907 = DEFINITIONAL_REPRESENTATION('',(#1908),#1912);
#1908 = LINE('',#1909,#1910);
#1909 = CARTESIAN_POINT('',(-3.28640586488,660.2314363991));
#1910 = VECTOR('',#1911,1.);
#1911 = DIRECTION('',(-1.,-2.060373383737E-46));
#1912 = ( GEOMETRIC_REPRESENTATION_CONTEXT(2) 
PARAMETRIC_REPRESENTATION_CONTEXT() REPRESENTATION_CONTEXT('2D SPACE',''
  ) );
#1913 = ADVANCED_FACE('',(#1914),#1493,.F.);
#1914 = FACE_BOUND('',#1915,.F.);
#1915 = EDGE_LOOP('',(#1916,#1917,#1937,#1938));
#1916 = ORIENTED_EDGE('',*,*,#1643,.T.);
#1917 = ORIENTED_EDGE('',*,*,#1918,.F.);
#1918 = EDGE_CURVE('',#1670,#1644,#1919,.T.);
#1919 = SURFACE_CURVE('',#1920,(#1924,#1930),.PCURVE_S1.);
#1920 = LINE('',#1921,#1922);
#1921 = CARTESIAN_POINT('',(2.5716E+04,0.,1.20003E+03));
#1922 = VECTOR('',#1923,1.);
#1923 = DIRECTION('',(0.,0.,1.));
#1924 = PCURVE('',#1493,#1925);
#1925 = DEFINITIONAL_REPRESENTATION('',(#1926),#1929);
#1926 = B_SPLINE_CURVE_WITH_KNOTS('',1,(#1927,#1928),.UNSPECIFIED.,.F.,
  .F.,(2,2),(0.,749.97),.PIECEWISE_BEZIER_KNOTS.);
#1927 = CARTESIAN_POINT('',(604.78495248078,7.249854733492E+03));
#1928 = CARTESIAN_POINT('',(1.354754952481E+03,7.249854733492E+03));
#1929 = ( GEOMETRIC_REPRESENTATION_CONTEXT(2) 
PARAMETRIC_REPRESENTATION_CONTEXT() REPRESENTATION_CONTEXT('2D SPACE',''
  ) );
#1930 = PCURVE('',#1712,#1931);
#1931 = DEFINITIONAL_REPRESENTATION('',(#1932),#1936);
#1932 = LINE('',#1933,#1934);
#1933 = CARTESIAN_POINT('',(125.88614373636,-374.985));
#1934 = VECTOR('',#1935,1.);
#1935 = DIRECTION('',(0.,1.));
#1936 = ( GEOMETRIC_REPRESENTATION_CONTEXT(2) 
PARAMETRIC_REPRESENTATION_CONTEXT() REPRESENTATION_CONTEXT('2D SPACE',''
  ) );
#1937 = ORIENTED_EDGE('',*,*,#1669,.F.);
#1938 = ORIENTED_EDGE('',*,*,#1479,.F.);
#1939 = ADVANCED_FACE('',(#1940),#1543,.F.);
#1940 = FACE_BOUND('',#1941,.F.);
#1941 = EDGE_LOOP('',(#1942,#1943,#1944));
#1942 = ORIENTED_EDGE('',*,*,#1509,.T.);
#1943 = ORIENTED_EDGE('',*,*,#1619,.T.);
#1944 = ORIENTED_EDGE('',*,*,#1563,.F.);
#1945 = ADVANCED_FACE('',(#1946),#1712,.F.);
#1946 = FACE_BOUND('',#1947,.F.);
#1947 = EDGE_LOOP('',(#1948,#1949));
#1948 = ORIENTED_EDGE('',*,*,#1694,.T.);
#1949 = ORIENTED_EDGE('',*,*,#1918,.T.);
#1950 = ADVANCED_FACE('',(#1951),#1798,.T.);
#1951 = FACE_BOUND('',#1952,.T.);
#1952 = EDGE_LOOP('',(#1953,#1954,#1955));
#1953 = ORIENTED_EDGE('',*,*,#1776,.T.);
#1954 = ORIENTED_EDGE('',*,*,#1894,.T.);
#1955 = ORIENTED_EDGE('',*,*,#1823,.F.);
#1956 = ( GEOMETRIC_REPRESENTATION_CONTEXT(3) 
GLOBAL_UNCERTAINTY_ASSIGNED_CONTEXT((#1960)) 
GLOBAL_UNIT_ASSIGNED_CONTEXT((#1957,#1958,#1959)) REPRESENTATION_CONTEXT
('Context #1','3D Context with UNIT and UNCERTAINTY') );
#1957 = ( LENGTH_UNIT() NAMED_UNIT(*) SI_UNIT(.MILLI.,.METRE.) );
#1958 = ( NAMED_UNIT(*) PLANE_ANGLE_UNIT() SI_UNIT($,.RADIAN.) );
#1959 = ( NAMED_UNIT(*) SI_UNIT($,.STERADIAN.) SOLID_ANGLE_UNIT() );
#1960 = UNCERTAINTY_MEASURE_WITH_UNIT(LENGTH_MEASURE(1.E-04),#1957,
  'distance_accuracy_value','confusion accuracy');
#1961 = PRODUCT_RELATED_PRODUCT_CATEGORY('part',$,(#7));
ENDSEC;
END-ISO-10303-21;
