ISO-10303-21;
HEADER;
FILE_DESCRIPTION(('Open CASCADE Model'),'2;1');
FILE_NAME('Open CASCADE Shape Model','2023-11-02T17:51:04',('Author'),(
    'Open CASCADE'),'Open CASCADE STEP processor 7.6','Open CASCADE 7.6'
  ,'Unknown');
FILE_SCHEMA(('AUTOMOTIVE_DESIGN { 1 0 10303 214 1 1 1 1 }'));
ENDSEC;
DATA;
#1 = APPLICATION_PROTOCOL_DEFINITION('international standard',
  'automotive_design',2000,#2);
#2 = APPLICATION_CONTEXT(
  'core data for automotive mechanical design processes');
#3 = SHAPE_DEFINITION_REPRESENTATION(#4,#10);
#4 = PRODUCT_DEFINITION_SHAPE('','',#5);
#5 = PRODUCT_DEFINITION('design','',#6,#9);
#6 = PRODUCT_DEFINITION_FORMATION('','',#7);
#7 = PRODUCT('Open CASCADE STEP translator 7.6 1',
  'Open CASCADE STEP translator 7.6 1','',(#8));
#8 = PRODUCT_CONTEXT('',#2,'mechanical');
#9 = PRODUCT_DEFINITION_CONTEXT('part definition',#2,'design');
#10 = MANIFOLD_SURFACE_SHAPE_REPRESENTATION('',(#11,#15),#1989);
#11 = AXIS2_PLACEMENT_3D('',#12,#13,#14);
#12 = CARTESIAN_POINT('',(0.,0.,0.));
#13 = DIRECTION('',(0.,0.,1.));
#14 = DIRECTION('',(1.,0.,-0.));
#15 = SHELL_BASED_SURFACE_MODEL('',(#16));
#16 = OPEN_SHELL('',(#17,#360,#486,#602,#667,#793,#909,#974,#1149,#1324,
    #1450,#1570,#1783,#1878,#1973,#1981));
#17 = ADVANCED_FACE('',(#18),#31,.T.);
#18 = FACE_BOUND('',#19,.T.);
#19 = EDGE_LOOP('',(#20,#43,#83,#126,#155,#195,#210,#250,#284,#322));
#20 = ORIENTED_EDGE('',*,*,#21,.F.);
#21 = EDGE_CURVE('',#22,#24,#26,.T.);
#22 = VERTEX_POINT('',#23);
#23 = CARTESIAN_POINT('',(0.,0.,5.E-02));
#24 = VERTEX_POINT('',#25);
#25 = CARTESIAN_POINT('',(0.,0.,2.95));
#26 = SURFACE_CURVE('',#27,(#30),.PCURVE_S1.);
#27 = B_SPLINE_CURVE_WITH_KNOTS('',1,(#28,#29),.UNSPECIFIED.,.F.,.F.,(2,
    2),(0.,1.),.PIECEWISE_BEZIER_KNOTS.);
#28 = CARTESIAN_POINT('',(0.,0.,0.));
#29 = CARTESIAN_POINT('',(0.,0.,3.));
#30 = PCURVE('',#31,#37);
#31 = SURFACE_OF_LINEAR_EXTRUSION('',#32,#35);
#32 = B_SPLINE_CURVE_WITH_KNOTS('',1,(#33,#34),.UNSPECIFIED.,.F.,.F.,(2,
    2),(0.,1.),.PIECEWISE_BEZIER_KNOTS.);
#33 = CARTESIAN_POINT('',(0.,0.,0.));
#34 = CARTESIAN_POINT('',(0.,0.,3.));
#35 = VECTOR('',#36,1.);
#36 = DIRECTION('',(-1.,-0.,-0.));
#37 = DEFINITIONAL_REPRESENTATION('',(#38),#42);
#38 = LINE('',#39,#40);
#39 = CARTESIAN_POINT('',(0.,0.));
#40 = VECTOR('',#41,1.);
#41 = DIRECTION('',(1.,0.));
#42 = ( GEOMETRIC_REPRESENTATION_CONTEXT(2) 
PARAMETRIC_REPRESENTATION_CONTEXT() REPRESENTATION_CONTEXT('2D SPACE',''
  ) );
#43 = ORIENTED_EDGE('',*,*,#44,.T.);
#44 = EDGE_CURVE('',#22,#45,#47,.T.);
#45 = VERTEX_POINT('',#46);
#46 = CARTESIAN_POINT('',(2.80635083269,0.,5.E-02));
#47 = SURFACE_CURVE('',#48,(#54,#60),.PCURVE_S1.);
#48 = B_SPLINE_CURVE_WITH_KNOTS('',2,(#49,#50,#51,#52,#53),
  .UNSPECIFIED.,.F.,.F.,(3,1,1,3),(-0.612,-3.120637429022E-14,10.,10.612
    ),.UNSPECIFIED.);
#49 = CARTESIAN_POINT('',(-0.612,0.,5.E-02));
#50 = CARTESIAN_POINT('',(-0.306,0.,5.E-02));
#51 = CARTESIAN_POINT('',(5.,0.,5.E-02));
#52 = CARTESIAN_POINT('',(10.306,0.,5.E-02));
#53 = CARTESIAN_POINT('',(10.612,0.,5.E-02));
#54 = PCURVE('',#31,#55);
#55 = DEFINITIONAL_REPRESENTATION('',(#56),#59);
#56 = B_SPLINE_CURVE_WITH_KNOTS('',1,(#57,#58),.UNSPECIFIED.,.F.,.F.,(2,
    2),(-3.120637429022E-14,10.),.PIECEWISE_BEZIER_KNOTS.);
#57 = CARTESIAN_POINT('',(1.666666666667E-02,-1.33226762955E-15));
#58 = CARTESIAN_POINT('',(1.666666666667E-02,-10.));
#59 = ( GEOMETRIC_REPRESENTATION_CONTEXT(2) 
PARAMETRIC_REPRESENTATION_CONTEXT() REPRESENTATION_CONTEXT('2D SPACE',''
  ) );
#60 = PCURVE('',#61,#77);
#61 = ( BOUNDED_SURFACE() B_SPLINE_SURFACE(2,2,(
    (#62,#63,#64,#65,#66)
    ,(#67,#68,#69,#70,#71)
    ,(#72,#73,#74,#75,#76
)),.UNSPECIFIED.,.F.,.F.,.F.) B_SPLINE_SURFACE_WITH_KNOTS((3,3),(3,1,1,3
    ),(0.,10.),(-0.612,-3.120637429022E-14,10.,10.612),.UNSPECIFIED.) 
GEOMETRIC_REPRESENTATION_ITEM() RATIONAL_B_SPLINE_SURFACE((
    (1.,1.,1.,1.,1.)
    ,(0.707106781187,0.707106781187,0.707106781187,0.707106781187
      ,0.707106781187)
,(1.,1.,1.,1.,1.))) REPRESENTATION_ITEM('') SURFACE() );
#62 = CARTESIAN_POINT('',(-0.612,0.,5.E-02));
#63 = CARTESIAN_POINT('',(-0.306,0.,5.E-02));
#64 = CARTESIAN_POINT('',(5.,0.,5.E-02));
#65 = CARTESIAN_POINT('',(10.306,0.,5.E-02));
#66 = CARTESIAN_POINT('',(10.612,0.,5.E-02));
#67 = CARTESIAN_POINT('',(-0.612,1.387778780781E-17,1.387778780781E-17)
  );
#68 = CARTESIAN_POINT('',(-0.306,1.387778780781E-17,1.387778780781E-17)
  );
#69 = CARTESIAN_POINT('',(5.,1.387778780781E-17,1.387778780781E-17));
#70 = CARTESIAN_POINT('',(10.306,1.387778780781E-17,1.387778780781E-17)
  );
#71 = CARTESIAN_POINT('',(10.612,1.387778780781E-17,1.387778780781E-17)
  );
#72 = CARTESIAN_POINT('',(-0.612,5.E-02,0.));
#73 = CARTESIAN_POINT('',(-0.306,5.E-02,0.));
#74 = CARTESIAN_POINT('',(5.,5.E-02,0.));
#75 = CARTESIAN_POINT('',(10.306,5.E-02,0.));
#76 = CARTESIAN_POINT('',(10.612,5.E-02,0.));
#77 = DEFINITIONAL_REPRESENTATION('',(#78),#82);
#78 = LINE('',#79,#80);
#79 = CARTESIAN_POINT('',(0.,0.));
#80 = VECTOR('',#81,1.);
#81 = DIRECTION('',(0.,1.));
#82 = ( GEOMETRIC_REPRESENTATION_CONTEXT(2) 
PARAMETRIC_REPRESENTATION_CONTEXT() REPRESENTATION_CONTEXT('2D SPACE',''
  ) );
#83 = ORIENTED_EDGE('',*,*,#84,.T.);
#84 = EDGE_CURVE('',#45,#85,#87,.T.);
#85 = VERTEX_POINT('',#86);
#86 = CARTESIAN_POINT('',(3.,0.,0.2));
#87 = SURFACE_CURVE('',#88,(#97,#109),.PCURVE_S1.);
#88 = B_SPLINE_CURVE_WITH_KNOTS('',7,(#89,#90,#91,#92,#93,#94,#95,#96),
  .UNSPECIFIED.,.F.,.F.,(8,8),(0.,1.),.PIECEWISE_BEZIER_KNOTS.);
#89 = CARTESIAN_POINT('',(2.806350367941,0.,4.99982E-02));
#90 = CARTESIAN_POINT('',(2.815849875628,0.,8.679104791046E-02));
#91 = CARTESIAN_POINT('',(2.83348794741,0.,0.121413222955));
#92 = CARTESIAN_POINT('',(2.858633342125,0.,0.151625810163));
#93 = CARTESIAN_POINT('',(2.889841115471,0.,0.175513261253));
#94 = CARTESIAN_POINT('',(2.925189582607,0.,0.191840549697));
#95 = CARTESIAN_POINT('',(2.96259964343,0.,0.2));
#96 = CARTESIAN_POINT('',(3.,0.,0.2));
#97 = PCURVE('',#31,#98);
#98 = DEFINITIONAL_REPRESENTATION('',(#99),#108);
#99 = B_SPLINE_CURVE_WITH_KNOTS('',7,(#100,#101,#102,#103,#104,#105,#106
    ,#107),.UNSPECIFIED.,.F.,.F.,(8,8),(0.,1.),
  .PIECEWISE_BEZIER_KNOTS.);
#100 = CARTESIAN_POINT('',(1.666606666667E-02,-2.806350367941));
#101 = CARTESIAN_POINT('',(2.893034930349E-02,-2.815849875628));
#102 = CARTESIAN_POINT('',(4.04710743183E-02,-2.83348794741));
#103 = CARTESIAN_POINT('',(5.054193672116E-02,-2.858633342125));
#104 = CARTESIAN_POINT('',(5.85044204176E-02,-2.889841115471));
#105 = CARTESIAN_POINT('',(6.394684989893E-02,-2.925189582607));
#106 = CARTESIAN_POINT('',(6.666666666667E-02,-2.96259964343));
#107 = CARTESIAN_POINT('',(6.666666666667E-02,-3.));
#108 = ( GEOMETRIC_REPRESENTATION_CONTEXT(2) 
PARAMETRIC_REPRESENTATION_CONTEXT() REPRESENTATION_CONTEXT('2D SPACE',''
  ) );
#109 = PCURVE('',#110,#115);
#110 = SPHERICAL_SURFACE('',#111,0.2);
#111 = AXIS2_PLACEMENT_3D('',#112,#113,#114);
#112 = CARTESIAN_POINT('',(3.,0.,0.));
#113 = DIRECTION('',(0.,0.,1.));
#114 = DIRECTION('',(1.,0.,-0.));
#115 = DEFINITIONAL_REPRESENTATION('',(#116),#125);
#116 = B_SPLINE_CURVE_WITH_KNOTS('',7,(#117,#118,#119,#120,#121,#122,
    #123,#124),.UNSPECIFIED.,.F.,.F.,(8,8),(0.,1.),
  .PIECEWISE_BEZIER_KNOTS.);
#117 = CARTESIAN_POINT('',(3.14159265359,0.252670959993));
#118 = CARTESIAN_POINT('',(3.14159265359,0.442667953632));
#119 = CARTESIAN_POINT('',(3.14159265359,0.632329111309));
#120 = CARTESIAN_POINT('',(3.14159265359,0.821227869312));
#121 = CARTESIAN_POINT('',(3.14159265359,1.00931474379));
#122 = CARTESIAN_POINT('',(3.14159265359,1.19674584374));
#123 = CARTESIAN_POINT('',(3.14159265359,1.383794543947));
#124 = CARTESIAN_POINT('',(3.14159265359,1.570796326795));
#125 = ( GEOMETRIC_REPRESENTATION_CONTEXT(2) 
PARAMETRIC_REPRESENTATION_CONTEXT() REPRESENTATION_CONTEXT('2D SPACE',''
  ) );
#126 = ORIENTED_EDGE('',*,*,#127,.F.);
#127 = EDGE_CURVE('',#128,#85,#130,.T.);
#128 = VERTEX_POINT('',#129);
#129 = CARTESIAN_POINT('',(3.19364916731,-2.371518329042E-17,5.E-02));
#130 = SURFACE_CURVE('',#131,(#136,#148),.PCURVE_S1.);
#131 = CIRCLE('',#132,0.2);
#132 = AXIS2_PLACEMENT_3D('',#133,#134,#135);
#133 = CARTESIAN_POINT('',(3.,0.,0.));
#134 = DIRECTION('',(-2.449293598295E-16,-1.,0.));
#135 = DIRECTION('',(1.,-2.449293598295E-16,0.));
#136 = PCURVE('',#31,#137);
#137 = DEFINITIONAL_REPRESENTATION('',(#138),#147);
#138 = B_SPLINE_CURVE_WITH_KNOTS('',7,(#139,#140,#141,#142,#143,#144,
    #145,#146),.UNSPECIFIED.,.F.,.F.,(8,8),(6.535865562322,
    7.853981633974),.PIECEWISE_BEZIER_KNOTS.);
#139 = CARTESIAN_POINT('',(1.666666666667E-02,-3.19364916731));
#140 = CARTESIAN_POINT('',(2.882152760448E-02,-3.184234052513));
#141 = CARTESIAN_POINT('',(4.028691166988E-02,-3.166808125446));
#142 = CARTESIAN_POINT('',(5.035902868756E-02,-3.141917061345));
#143 = CARTESIAN_POINT('',(5.839329176612E-02,-3.110800494242));
#144 = CARTESIAN_POINT('',(6.390881890609E-02,-3.075320872114));
#145 = CARTESIAN_POINT('',(6.666666666667E-02,-3.03766045919));
#146 = CARTESIAN_POINT('',(6.666666666667E-02,-3.));
#147 = ( GEOMETRIC_REPRESENTATION_CONTEXT(2) 
PARAMETRIC_REPRESENTATION_CONTEXT() REPRESENTATION_CONTEXT('2D SPACE',''
  ) );
#148 = PCURVE('',#110,#149);
#149 = DEFINITIONAL_REPRESENTATION('',(#150),#154);
#150 = LINE('',#151,#152);
#151 = CARTESIAN_POINT('',(0.,-6.28318530718));
#152 = VECTOR('',#153,1.);
#153 = DIRECTION('',(0.,1.));
#154 = ( GEOMETRIC_REPRESENTATION_CONTEXT(2) 
PARAMETRIC_REPRESENTATION_CONTEXT() REPRESENTATION_CONTEXT('2D SPACE',''
  ) );
#155 = ORIENTED_EDGE('',*,*,#156,.T.);
#156 = EDGE_CURVE('',#128,#157,#159,.T.);
#157 = VERTEX_POINT('',#158);
#158 = CARTESIAN_POINT('',(10.,0.,5.E-02));
#159 = SURFACE_CURVE('',#160,(#166,#172),.PCURVE_S1.);
#160 = B_SPLINE_CURVE_WITH_KNOTS('',2,(#161,#162,#163,#164,#165),
  .UNSPECIFIED.,.F.,.F.,(3,1,1,3),(-0.612,-3.120637429022E-14,10.,10.612
    ),.UNSPECIFIED.);
#161 = CARTESIAN_POINT('',(-0.612,0.,5.E-02));
#162 = CARTESIAN_POINT('',(-0.306,0.,5.E-02));
#163 = CARTESIAN_POINT('',(5.,0.,5.E-02));
#164 = CARTESIAN_POINT('',(10.306,0.,5.E-02));
#165 = CARTESIAN_POINT('',(10.612,0.,5.E-02));
#166 = PCURVE('',#31,#167);
#167 = DEFINITIONAL_REPRESENTATION('',(#168),#171);
#168 = B_SPLINE_CURVE_WITH_KNOTS('',1,(#169,#170),.UNSPECIFIED.,.F.,.F.,
  (2,2),(-3.120637429022E-14,10.),.PIECEWISE_BEZIER_KNOTS.);
#169 = CARTESIAN_POINT('',(1.666666666667E-02,-1.33226762955E-15));
#170 = CARTESIAN_POINT('',(1.666666666667E-02,-10.));
#171 = ( GEOMETRIC_REPRESENTATION_CONTEXT(2) 
PARAMETRIC_REPRESENTATION_CONTEXT() REPRESENTATION_CONTEXT('2D SPACE',''
  ) );
#172 = PCURVE('',#173,#189);
#173 = ( BOUNDED_SURFACE() B_SPLINE_SURFACE(2,2,(
    (#174,#175,#176,#177,#178)
    ,(#179,#180,#181,#182,#183)
    ,(#184,#185,#186,#187,#188
)),.UNSPECIFIED.,.F.,.F.,.F.) B_SPLINE_SURFACE_WITH_KNOTS((3,3),(3,1,1,3
    ),(0.,10.),(-0.612,-3.120637429022E-14,10.,10.612),.UNSPECIFIED.) 
GEOMETRIC_REPRESENTATION_ITEM() RATIONAL_B_SPLINE_SURFACE((
    (1.,1.,1.,1.,1.)
    ,(0.707106781187,0.707106781187,0.707106781187,0.707106781187
      ,0.707106781187)
,(1.,1.,1.,1.,1.))) REPRESENTATION_ITEM('') SURFACE() );
#174 = CARTESIAN_POINT('',(-0.612,0.,5.E-02));
#175 = CARTESIAN_POINT('',(-0.306,0.,5.E-02));
#176 = CARTESIAN_POINT('',(5.,0.,5.E-02));
#177 = CARTESIAN_POINT('',(10.306,0.,5.E-02));
#178 = CARTESIAN_POINT('',(10.612,0.,5.E-02));
#179 = CARTESIAN_POINT('',(-0.612,1.387778780781E-17,1.387778780781E-17)
  );
#180 = CARTESIAN_POINT('',(-0.306,1.387778780781E-17,1.387778780781E-17)
  );
#181 = CARTESIAN_POINT('',(5.,1.387778780781E-17,1.387778780781E-17));
#182 = CARTESIAN_POINT('',(10.306,1.387778780781E-17,1.387778780781E-17)
  );
#183 = CARTESIAN_POINT('',(10.612,1.387778780781E-17,1.387778780781E-17)
  );
#184 = CARTESIAN_POINT('',(-0.612,5.E-02,0.));
#185 = CARTESIAN_POINT('',(-0.306,5.E-02,0.));
#186 = CARTESIAN_POINT('',(5.,5.E-02,0.));
#187 = CARTESIAN_POINT('',(10.306,5.E-02,0.));
#188 = CARTESIAN_POINT('',(10.612,5.E-02,0.));
#189 = DEFINITIONAL_REPRESENTATION('',(#190),#194);
#190 = LINE('',#191,#192);
#191 = CARTESIAN_POINT('',(0.,0.));
#192 = VECTOR('',#193,1.);
#193 = DIRECTION('',(0.,1.));
#194 = ( GEOMETRIC_REPRESENTATION_CONTEXT(2) 
PARAMETRIC_REPRESENTATION_CONTEXT() REPRESENTATION_CONTEXT('2D SPACE',''
  ) );
#195 = ORIENTED_EDGE('',*,*,#196,.T.);
#196 = EDGE_CURVE('',#157,#197,#199,.T.);
#197 = VERTEX_POINT('',#198);
#198 = CARTESIAN_POINT('',(10.,0.,2.95));
#199 = SURFACE_CURVE('',#200,(#203),.PCURVE_S1.);
#200 = B_SPLINE_CURVE_WITH_KNOTS('',1,(#201,#202),.UNSPECIFIED.,.F.,.F.,
  (2,2),(0.,1.),.PIECEWISE_BEZIER_KNOTS.);
#201 = CARTESIAN_POINT('',(10.,0.,0.));
#202 = CARTESIAN_POINT('',(10.,0.,3.));
#203 = PCURVE('',#31,#204);
#204 = DEFINITIONAL_REPRESENTATION('',(#205),#209);
#205 = LINE('',#206,#207);
#206 = CARTESIAN_POINT('',(0.,-10.));
#207 = VECTOR('',#208,1.);
#208 = DIRECTION('',(1.,0.));
#209 = ( GEOMETRIC_REPRESENTATION_CONTEXT(2) 
PARAMETRIC_REPRESENTATION_CONTEXT() REPRESENTATION_CONTEXT('2D SPACE',''
  ) );
#210 = ORIENTED_EDGE('',*,*,#211,.F.);
#211 = EDGE_CURVE('',#212,#197,#214,.T.);
#212 = VERTEX_POINT('',#213);
#213 = CARTESIAN_POINT('',(3.19364916731,-2.371518329042E-17,2.95));
#214 = SURFACE_CURVE('',#215,(#221,#227),.PCURVE_S1.);
#215 = B_SPLINE_CURVE_WITH_KNOTS('',2,(#216,#217,#218,#219,#220),
  .UNSPECIFIED.,.F.,.F.,(3,1,1,3),(-0.612,-3.120095327935E-14,10.,10.612
    ),.UNSPECIFIED.);
#216 = CARTESIAN_POINT('',(-0.612,0.,2.95));
#217 = CARTESIAN_POINT('',(-0.306,0.,2.95));
#218 = CARTESIAN_POINT('',(5.,0.,2.95));
#219 = CARTESIAN_POINT('',(10.306,0.,2.95));
#220 = CARTESIAN_POINT('',(10.612,0.,2.95));
#221 = PCURVE('',#31,#222);
#222 = DEFINITIONAL_REPRESENTATION('',(#223),#226);
#223 = B_SPLINE_CURVE_WITH_KNOTS('',1,(#224,#225),.UNSPECIFIED.,.F.,.F.,
  (2,2),(-3.120095327935E-14,10.),.PIECEWISE_BEZIER_KNOTS.);
#224 = CARTESIAN_POINT('',(0.983333333333,-1.33226762955E-15));
#225 = CARTESIAN_POINT('',(0.983333333333,-10.));
#226 = ( GEOMETRIC_REPRESENTATION_CONTEXT(2) 
PARAMETRIC_REPRESENTATION_CONTEXT() REPRESENTATION_CONTEXT('2D SPACE',''
  ) );
#227 = PCURVE('',#228,#244);
#228 = ( BOUNDED_SURFACE() B_SPLINE_SURFACE(2,2,(
    (#229,#230,#231,#232,#233)
    ,(#234,#235,#236,#237,#238)
    ,(#239,#240,#241,#242,#243
)),.UNSPECIFIED.,.F.,.F.,.F.) B_SPLINE_SURFACE_WITH_KNOTS((3,3),(3,1,1,3
    ),(0.,10.),(-0.612,-3.120095327935E-14,10.,10.612),.UNSPECIFIED.) 
GEOMETRIC_REPRESENTATION_ITEM() RATIONAL_B_SPLINE_SURFACE((
    (1.,1.,1.,1.,1.)
    ,(0.707106781187,0.707106781187,0.707106781187,0.707106781187
      ,0.707106781187)
,(1.,1.,1.,1.,1.))) REPRESENTATION_ITEM('') SURFACE() );
#229 = CARTESIAN_POINT('',(-0.612,0.,2.95));
#230 = CARTESIAN_POINT('',(-0.306,0.,2.95));
#231 = CARTESIAN_POINT('',(5.,0.,2.95));
#232 = CARTESIAN_POINT('',(10.306,0.,2.95));
#233 = CARTESIAN_POINT('',(10.612,0.,2.95));
#234 = CARTESIAN_POINT('',(-0.612,1.387778780781E-17,3.));
#235 = CARTESIAN_POINT('',(-0.306,1.387778780781E-17,3.));
#236 = CARTESIAN_POINT('',(5.,1.387778780781E-17,3.));
#237 = CARTESIAN_POINT('',(10.306,1.387778780781E-17,3.));
#238 = CARTESIAN_POINT('',(10.612,1.387778780781E-17,3.));
#239 = CARTESIAN_POINT('',(-0.612,5.E-02,3.));
#240 = CARTESIAN_POINT('',(-0.306,5.E-02,3.));
#241 = CARTESIAN_POINT('',(5.,5.E-02,3.));
#242 = CARTESIAN_POINT('',(10.306,5.E-02,3.));
#243 = CARTESIAN_POINT('',(10.612,5.E-02,3.));
#244 = DEFINITIONAL_REPRESENTATION('',(#245),#249);
#245 = LINE('',#246,#247);
#246 = CARTESIAN_POINT('',(0.,0.));
#247 = VECTOR('',#248,1.);
#248 = DIRECTION('',(0.,1.));
#249 = ( GEOMETRIC_REPRESENTATION_CONTEXT(2) 
PARAMETRIC_REPRESENTATION_CONTEXT() REPRESENTATION_CONTEXT('2D SPACE',''
  ) );
#250 = ORIENTED_EDGE('',*,*,#251,.F.);
#251 = EDGE_CURVE('',#252,#212,#254,.T.);
#252 = VERTEX_POINT('',#253);
#253 = CARTESIAN_POINT('',(3.,0.,2.8));
#254 = SURFACE_CURVE('',#255,(#260,#272),.PCURVE_S1.);
#255 = CIRCLE('',#256,0.2);
#256 = AXIS2_PLACEMENT_3D('',#257,#258,#259);
#257 = CARTESIAN_POINT('',(3.,0.,3.));
#258 = DIRECTION('',(-2.449293598295E-16,-1.,0.));
#259 = DIRECTION('',(1.,-2.449293598295E-16,0.));
#260 = PCURVE('',#31,#261);
#261 = DEFINITIONAL_REPRESENTATION('',(#262),#271);
#262 = B_SPLINE_CURVE_WITH_KNOTS('',7,(#263,#264,#265,#266,#267,#268,
    #269,#270),.UNSPECIFIED.,.F.,.F.,(8,8),(4.712388980385,
    6.030505052038),.PIECEWISE_BEZIER_KNOTS.);
#263 = CARTESIAN_POINT('',(0.933333333333,-3.));
#264 = CARTESIAN_POINT('',(0.933333333333,-3.03766045919));
#265 = CARTESIAN_POINT('',(0.936091181094,-3.075320872114));
#266 = CARTESIAN_POINT('',(0.941606708234,-3.110800494242));
#267 = CARTESIAN_POINT('',(0.949640971312,-3.141917061345));
#268 = CARTESIAN_POINT('',(0.95971308833,-3.166808125446));
#269 = CARTESIAN_POINT('',(0.971178472396,-3.184234052513));
#270 = CARTESIAN_POINT('',(0.983333333333,-3.19364916731));
#271 = ( GEOMETRIC_REPRESENTATION_CONTEXT(2) 
PARAMETRIC_REPRESENTATION_CONTEXT() REPRESENTATION_CONTEXT('2D SPACE',''
  ) );
#272 = PCURVE('',#273,#278);
#273 = SPHERICAL_SURFACE('',#274,0.2);
#274 = AXIS2_PLACEMENT_3D('',#275,#276,#277);
#275 = CARTESIAN_POINT('',(3.,0.,3.));
#276 = DIRECTION('',(0.,0.,1.));
#277 = DIRECTION('',(1.,0.,-0.));
#278 = DEFINITIONAL_REPRESENTATION('',(#279),#283);
#279 = LINE('',#280,#281);
#280 = CARTESIAN_POINT('',(0.,-6.28318530718));
#281 = VECTOR('',#282,1.);
#282 = DIRECTION('',(0.,1.));
#283 = ( GEOMETRIC_REPRESENTATION_CONTEXT(2) 
PARAMETRIC_REPRESENTATION_CONTEXT() REPRESENTATION_CONTEXT('2D SPACE',''
  ) );
#284 = ORIENTED_EDGE('',*,*,#285,.T.);
#285 = EDGE_CURVE('',#252,#286,#288,.T.);
#286 = VERTEX_POINT('',#287);
#287 = CARTESIAN_POINT('',(2.80635083269,0.,2.95));
#288 = SURFACE_CURVE('',#289,(#298,#310),.PCURVE_S1.);
#289 = B_SPLINE_CURVE_WITH_KNOTS('',7,(#290,#291,#292,#293,#294,#295,
    #296,#297),.UNSPECIFIED.,.F.,.F.,(8,8),(0.,1.),
  .PIECEWISE_BEZIER_KNOTS.);
#290 = CARTESIAN_POINT('',(3.,0.,2.8));
#291 = CARTESIAN_POINT('',(2.962599222245,0.,2.8));
#292 = CARTESIAN_POINT('',(2.925189324427,0.,2.808159635795));
#293 = CARTESIAN_POINT('',(2.889841328997,0.,2.824486846655));
#294 = CARTESIAN_POINT('',(2.858633658283,0.,2.848373837113));
#295 = CARTESIAN_POINT('',(2.833487825885,0.,2.878586633288));
#296 = CARTESIAN_POINT('',(2.815849795074,0.,2.913209264084));
#297 = CARTESIAN_POINT('',(2.806350367941,0.,2.9500018));
#298 = PCURVE('',#31,#299);
#299 = DEFINITIONAL_REPRESENTATION('',(#300),#309);
#300 = B_SPLINE_CURVE_WITH_KNOTS('',7,(#301,#302,#303,#304,#305,#306,
    #307,#308),.UNSPECIFIED.,.F.,.F.,(8,8),(0.,1.),
  .PIECEWISE_BEZIER_KNOTS.);
#301 = CARTESIAN_POINT('',(0.933333333333,-3.));
#302 = CARTESIAN_POINT('',(0.933333333333,-2.962599222245));
#303 = CARTESIAN_POINT('',(0.936053211932,-2.925189324427));
#304 = CARTESIAN_POINT('',(0.941495615552,-2.889841328997));
#305 = CARTESIAN_POINT('',(0.949457945704,-2.858633658283));
#306 = CARTESIAN_POINT('',(0.959528877763,-2.833487825885));
#307 = CARTESIAN_POINT('',(0.971069754695,-2.815849795074));
#308 = CARTESIAN_POINT('',(0.983333933333,-2.806350367941));
#309 = ( GEOMETRIC_REPRESENTATION_CONTEXT(2) 
PARAMETRIC_REPRESENTATION_CONTEXT() REPRESENTATION_CONTEXT('2D SPACE',''
  ) );
#310 = PCURVE('',#273,#311);
#311 = DEFINITIONAL_REPRESENTATION('',(#312),#321);
#312 = B_SPLINE_CURVE_WITH_KNOTS('',7,(#313,#314,#315,#316,#317,#318,
    #319,#320),.UNSPECIFIED.,.F.,.F.,(8,8),(0.,1.),
  .PIECEWISE_BEZIER_KNOTS.);
#313 = CARTESIAN_POINT('',(3.14159265359,-1.570796326795));
#314 = CARTESIAN_POINT('',(3.14159265359,-1.383792438018));
#315 = CARTESIAN_POINT('',(3.14159265359,-1.196744515321));
#316 = CARTESIAN_POINT('',(3.14159265359,-1.009315428962));
#317 = CARTESIAN_POINT('',(3.14159265359,-0.821229682998));
#318 = CARTESIAN_POINT('',(3.14159265359,-0.632329653102));
#319 = CARTESIAN_POINT('',(3.14159265359,-0.442666342503));
#320 = CARTESIAN_POINT('',(3.14159265359,-0.252670959993));
#321 = ( GEOMETRIC_REPRESENTATION_CONTEXT(2) 
PARAMETRIC_REPRESENTATION_CONTEXT() REPRESENTATION_CONTEXT('2D SPACE',''
  ) );
#322 = ORIENTED_EDGE('',*,*,#323,.F.);
#323 = EDGE_CURVE('',#24,#286,#324,.T.);
#324 = SURFACE_CURVE('',#325,(#331,#337),.PCURVE_S1.);
#325 = B_SPLINE_CURVE_WITH_KNOTS('',2,(#326,#327,#328,#329,#330),
  .UNSPECIFIED.,.F.,.F.,(3,1,1,3),(-0.612,-3.120095327935E-14,10.,10.612
    ),.UNSPECIFIED.);
#326 = CARTESIAN_POINT('',(-0.612,0.,2.95));
#327 = CARTESIAN_POINT('',(-0.306,0.,2.95));
#328 = CARTESIAN_POINT('',(5.,0.,2.95));
#329 = CARTESIAN_POINT('',(10.306,0.,2.95));
#330 = CARTESIAN_POINT('',(10.612,0.,2.95));
#331 = PCURVE('',#31,#332);
#332 = DEFINITIONAL_REPRESENTATION('',(#333),#336);
#333 = B_SPLINE_CURVE_WITH_KNOTS('',1,(#334,#335),.UNSPECIFIED.,.F.,.F.,
  (2,2),(-3.120095327935E-14,10.),.PIECEWISE_BEZIER_KNOTS.);
#334 = CARTESIAN_POINT('',(0.983333333333,-1.33226762955E-15));
#335 = CARTESIAN_POINT('',(0.983333333333,-10.));
#336 = ( GEOMETRIC_REPRESENTATION_CONTEXT(2) 
PARAMETRIC_REPRESENTATION_CONTEXT() REPRESENTATION_CONTEXT('2D SPACE',''
  ) );
#337 = PCURVE('',#338,#354);
#338 = ( BOUNDED_SURFACE() B_SPLINE_SURFACE(2,2,(
    (#339,#340,#341,#342,#343)
    ,(#344,#345,#346,#347,#348)
    ,(#349,#350,#351,#352,#353
)),.UNSPECIFIED.,.F.,.F.,.F.) B_SPLINE_SURFACE_WITH_KNOTS((3,3),(3,1,1,3
    ),(0.,10.),(-0.612,-3.120095327935E-14,10.,10.612),.UNSPECIFIED.) 
GEOMETRIC_REPRESENTATION_ITEM() RATIONAL_B_SPLINE_SURFACE((
    (1.,1.,1.,1.,1.)
    ,(0.707106781187,0.707106781187,0.707106781187,0.707106781187
      ,0.707106781187)
,(1.,1.,1.,1.,1.))) REPRESENTATION_ITEM('') SURFACE() );
#339 = CARTESIAN_POINT('',(-0.612,0.,2.95));
#340 = CARTESIAN_POINT('',(-0.306,0.,2.95));
#341 = CARTESIAN_POINT('',(5.,0.,2.95));
#342 = CARTESIAN_POINT('',(10.306,0.,2.95));
#343 = CARTESIAN_POINT('',(10.612,0.,2.95));
#344 = CARTESIAN_POINT('',(-0.612,1.387778780781E-17,3.));
#345 = CARTESIAN_POINT('',(-0.306,1.387778780781E-17,3.));
#346 = CARTESIAN_POINT('',(5.,1.387778780781E-17,3.));
#347 = CARTESIAN_POINT('',(10.306,1.387778780781E-17,3.));
#348 = CARTESIAN_POINT('',(10.612,1.387778780781E-17,3.));
#349 = CARTESIAN_POINT('',(-0.612,5.E-02,3.));
#350 = CARTESIAN_POINT('',(-0.306,5.E-02,3.));
#351 = CARTESIAN_POINT('',(5.,5.E-02,3.));
#352 = CARTESIAN_POINT('',(10.306,5.E-02,3.));
#353 = CARTESIAN_POINT('',(10.612,5.E-02,3.));
#354 = DEFINITIONAL_REPRESENTATION('',(#355),#359);
#355 = LINE('',#356,#357);
#356 = CARTESIAN_POINT('',(0.,0.));
#357 = VECTOR('',#358,1.);
#358 = DIRECTION('',(0.,1.));
#359 = ( GEOMETRIC_REPRESENTATION_CONTEXT(2) 
PARAMETRIC_REPRESENTATION_CONTEXT() REPRESENTATION_CONTEXT('2D SPACE',''
  ) );
#360 = ADVANCED_FACE('',(#361),#338,.F.);
#361 = FACE_BOUND('',#362,.F.);
#362 = EDGE_LOOP('',(#363,#364,#402,#432));
#363 = ORIENTED_EDGE('',*,*,#323,.F.);
#364 = ORIENTED_EDGE('',*,*,#365,.T.);
#365 = EDGE_CURVE('',#24,#366,#368,.T.);
#366 = VERTEX_POINT('',#367);
#367 = CARTESIAN_POINT('',(0.,5.E-02,3.));
#368 = SURFACE_CURVE('',#369,(#384),.PCURVE_S1.);
#369 = B_SPLINE_CURVE_WITH_KNOTS('',7,(#370,#371,#372,#373,#374,#375,
    #376,#377,#378,#379,#380,#381,#382,#383),.UNSPECIFIED.,.F.,.F.,(8,6,
    8),(0.,0.433419720593,1.),.UNSPECIFIED.);
#370 = CARTESIAN_POINT('',(1.110223024625E-16,8.673617379884E-19,2.95));
#371 = CARTESIAN_POINT('',(1.110223024625E-16,2.172997050987E-11,
    2.95437823808));
#372 = CARTESIAN_POINT('',(-2.955509692598E-16,4.475121527994E-04,
    2.958941630334));
#373 = CARTESIAN_POINT('',(3.377283235277E-17,1.409369541761E-03,
    2.963622544591));
#374 = CARTESIAN_POINT('',(1.921798001258E-16,2.944528290903E-03,
    2.968322444473));
#375 = CARTESIAN_POINT('',(-7.478086229584E-17,5.075167262301E-03,
    2.97291410712));
#376 = CARTESIAN_POINT('',(-4.032296850638E-17,7.77443233596E-03,
    2.977260822742));
#377 = CARTESIAN_POINT('',(-4.032296850638E-17,1.514925316719E-02,
    2.986470725045));
#378 = CARTESIAN_POINT('',(1.062052858375E-16,2.017738281156E-02,
    2.991081732708));
#379 = CARTESIAN_POINT('',(-2.035198652804E-16,2.589921376434E-02,
    2.994839673762));
#380 = CARTESIAN_POINT('',(1.898264576519E-16,3.203357978827E-02,
    2.997555565001));
#381 = CARTESIAN_POINT('',(-7.22032580323E-17,3.823645846573E-02,
    2.999235481605));
#382 = CARTESIAN_POINT('',(-1.734723475977E-17,4.427664668357E-02,3.));
#383 = CARTESIAN_POINT('',(-1.734723475977E-17,5.E-02,3.));
#384 = PCURVE('',#338,#385);
#385 = DEFINITIONAL_REPRESENTATION('',(#386),#401);
#386 = B_SPLINE_CURVE_WITH_KNOTS('',7,(#387,#388,#389,#390,#391,#392,
    #393,#394,#395,#396,#397,#398,#399,#400),.UNSPECIFIED.,.F.,.F.,(8,6,
    8),(0.,0.433419720593,1.),.UNSPECIFIED.);
#387 = CARTESIAN_POINT('',(0.,-3.118523234785E-14));
#388 = CARTESIAN_POINT('',(0.619176365969,-3.135826774468E-14));
#389 = CARTESIAN_POINT('',(1.238351441847,-3.157998794179E-14));
#390 = CARTESIAN_POINT('',(1.857524994078,-3.177316207999E-14));
#391 = CARTESIAN_POINT('',(2.476696983729,-3.178894054658E-14));
#392 = CARTESIAN_POINT('',(3.095867656998,-3.178406678031E-14));
#393 = CARTESIAN_POINT('',(3.715037410853,-3.20141218981E-14));
#394 = CARTESIAN_POINT('',(5.143604210054,-3.208029388822E-14));
#395 = CARTESIAN_POINT('',(5.953001004407,-3.168204685653E-14));
#396 = CARTESIAN_POINT('',(6.762397091002,-3.247320513218E-14));
#397 = CARTESIAN_POINT('',(7.571794031849,-3.135442942186E-14));
#398 = CARTESIAN_POINT('',(8.381193464158,-3.182847402085E-14));
#399 = CARTESIAN_POINT('',(9.190595611778,-3.143486416814E-14));
#400 = CARTESIAN_POINT('',(10.,-3.122686571128E-14));
#401 = ( GEOMETRIC_REPRESENTATION_CONTEXT(2) 
PARAMETRIC_REPRESENTATION_CONTEXT() REPRESENTATION_CONTEXT('2D SPACE',''
  ) );
#402 = ORIENTED_EDGE('',*,*,#403,.T.);
#403 = EDGE_CURVE('',#366,#404,#406,.T.);
#404 = VERTEX_POINT('',#405);
#405 = CARTESIAN_POINT('',(2.80635083269,5.E-02,3.));
#406 = SURFACE_CURVE('',#407,(#413,#420),.PCURVE_S1.);
#407 = B_SPLINE_CURVE_WITH_KNOTS('',2,(#408,#409,#410,#411,#412),
  .UNSPECIFIED.,.F.,.F.,(3,1,1,3),(-0.612,-3.120095327935E-14,10.,10.612
    ),.UNSPECIFIED.);
#408 = CARTESIAN_POINT('',(-0.612,5.E-02,3.));
#409 = CARTESIAN_POINT('',(-0.306,5.E-02,3.));
#410 = CARTESIAN_POINT('',(5.,5.E-02,3.));
#411 = CARTESIAN_POINT('',(10.306,5.E-02,3.));
#412 = CARTESIAN_POINT('',(10.612,5.E-02,3.));
#413 = PCURVE('',#338,#414);
#414 = DEFINITIONAL_REPRESENTATION('',(#415),#419);
#415 = LINE('',#416,#417);
#416 = CARTESIAN_POINT('',(10.,0.));
#417 = VECTOR('',#418,1.);
#418 = DIRECTION('',(0.,1.));
#419 = ( GEOMETRIC_REPRESENTATION_CONTEXT(2) 
PARAMETRIC_REPRESENTATION_CONTEXT() REPRESENTATION_CONTEXT('2D SPACE',''
  ) );
#420 = PCURVE('',#421,#427);
#421 = SURFACE_OF_LINEAR_EXTRUSION('',#422,#425);
#422 = B_SPLINE_CURVE_WITH_KNOTS('',1,(#423,#424),.UNSPECIFIED.,.F.,.F.,
  (2,2),(0.,1.),.PIECEWISE_BEZIER_KNOTS.);
#423 = CARTESIAN_POINT('',(0.,0.,3.));
#424 = CARTESIAN_POINT('',(0.,2.,3.));
#425 = VECTOR('',#426,1.);
#426 = DIRECTION('',(-1.,-0.,-0.));
#427 = DEFINITIONAL_REPRESENTATION('',(#428),#431);
#428 = B_SPLINE_CURVE_WITH_KNOTS('',1,(#429,#430),.UNSPECIFIED.,.F.,.F.,
  (2,2),(-3.120095327935E-14,10.),.PIECEWISE_BEZIER_KNOTS.);
#429 = CARTESIAN_POINT('',(2.5E-02,0.));
#430 = CARTESIAN_POINT('',(2.5E-02,-10.));
#431 = ( GEOMETRIC_REPRESENTATION_CONTEXT(2) 
PARAMETRIC_REPRESENTATION_CONTEXT() REPRESENTATION_CONTEXT('2D SPACE',''
  ) );
#432 = ORIENTED_EDGE('',*,*,#433,.T.);
#433 = EDGE_CURVE('',#404,#286,#434,.T.);
#434 = SURFACE_CURVE('',#435,(#450,#468),.PCURVE_S1.);
#435 = B_SPLINE_CURVE_WITH_KNOTS('',7,(#436,#437,#438,#439,#440,#441,
    #442,#443,#444,#445,#446,#447,#448,#449),.UNSPECIFIED.,.F.,.F.,(8,6,
    8),(0.,0.47999809967,1.),.UNSPECIFIED.);
#436 = CARTESIAN_POINT('',(2.80635083269,5.E-02,3.));
#437 = CARTESIAN_POINT('',(2.80509874319,4.515067821914E-02,3.));
#438 = CARTESIAN_POINT('',(2.803939139429,4.007422290262E-02,
    2.999451267562));
#439 = CARTESIAN_POINT('',(2.802917378259,3.486384660192E-02,
    2.998261493034));
#440 = CARTESIAN_POINT('',(2.802083391372,2.965449201161E-02,
    2.99635614561));
#441 = CARTESIAN_POINT('',(2.801485932969,2.463279492143E-02,
    2.993709648906));
#442 = CARTESIAN_POINT('',(2.801151850608,1.998156069881E-02,
    2.990387381143));
#443 = CARTESIAN_POINT('',(2.801012528722,1.134352122307E-02,
    2.982303605991));
#444 = CARTESIAN_POINT('',(2.801253689312,7.444567887007E-03,
    2.977445374623));
#445 = CARTESIAN_POINT('',(2.801813312337,4.30923296653E-03,
    2.972081999539));
#446 = CARTESIAN_POINT('',(2.802664816099,2.049251394543E-03,
    2.966441435107));
#447 = CARTESIAN_POINT('',(2.803746496519,6.440462826865E-04,
    2.960773553489));
#448 = CARTESIAN_POINT('',(2.80499439387,3.192852915361E-18,
    2.95525346496));
#449 = CARTESIAN_POINT('',(2.80635083269,1.734723475977E-18,2.95));
#450 = PCURVE('',#338,#451);
#451 = DEFINITIONAL_REPRESENTATION('',(#452),#467);
#452 = B_SPLINE_CURVE_WITH_KNOTS('',7,(#453,#454,#455,#456,#457,#458,
    #459,#460,#461,#462,#463,#464,#465,#466),.UNSPECIFIED.,.F.,.F.,(8,6,
    8),(0.,0.47999809967,1.),.UNSPECIFIED.);
#453 = CARTESIAN_POINT('',(10.,2.80635083269));
#454 = CARTESIAN_POINT('',(9.314202336919,2.80509874319));
#455 = CARTESIAN_POINT('',(8.6284362643,2.803939139429));
#456 = CARTESIAN_POINT('',(7.942705849084,2.802917378259));
#457 = CARTESIAN_POINT('',(7.257008789503,2.802083391372));
#458 = CARTESIAN_POINT('',(6.571332449991,2.801485932969));
#459 = CARTESIAN_POINT('',(5.885663854865,2.801151850608));
#460 = CARTESIAN_POINT('',(4.457191817943,2.801012528722));
#461 = CARTESIAN_POINT('',(3.714384599942,2.801253689311));
#462 = CARTESIAN_POINT('',(2.971574119386,2.801813312337));
#463 = CARTESIAN_POINT('',(2.228741115368,2.802664816099));
#464 = CARTESIAN_POINT('',(1.485868043375,2.803746496519));
#465 = CARTESIAN_POINT('',(0.742952139573,2.80499439387));
#466 = CARTESIAN_POINT('',(0.,2.80635083269));
#467 = ( GEOMETRIC_REPRESENTATION_CONTEXT(2) 
PARAMETRIC_REPRESENTATION_CONTEXT() REPRESENTATION_CONTEXT('2D SPACE',''
  ) );
#468 = PCURVE('',#273,#469);
#469 = DEFINITIONAL_REPRESENTATION('',(#470),#485);
#470 = B_SPLINE_CURVE_WITH_KNOTS('',7,(#471,#472,#473,#474,#475,#476,
    #477,#478,#479,#480,#481,#482,#483,#484),.UNSPECIFIED.,.F.,.F.,(8,6,
    8),(0.,0.47999809967,1.),.UNSPECIFIED.);
#471 = CARTESIAN_POINT('',(2.888912398448,2.22044604925E-15));
#472 = CARTESIAN_POINT('',(2.913954188445,2.109423746788E-15));
#473 = CARTESIAN_POINT('',(2.939979923578,-2.743712104882E-03));
#474 = CARTESIAN_POINT('',(2.966507645947,-8.692313553094E-03));
#475 = CARTESIAN_POINT('',(2.992855343431,-1.821981354236E-02));
#476 = CARTESIAN_POINT('',(3.018107015583,-3.145067246336E-02));
#477 = CARTESIAN_POINT('',(3.041412115738,-4.807007328571E-02));
#478 = CARTESIAN_POINT('',(3.084619822192,-8.858124549347E-02));
#479 = CARTESIAN_POINT('',(3.10407658341,-0.112962933859));
#480 = CARTESIAN_POINT('',(3.119734996107,-0.139945946814));
#481 = CARTESIAN_POINT('',(3.131107062302,-0.168442885001));
#482 = CARTESIAN_POINT('',(3.138267093364,-0.197267690891));
#483 = CARTESIAN_POINT('',(3.14159265359,-0.225551478743));
#484 = CARTESIAN_POINT('',(3.14159265359,-0.252680255142));
#485 = ( GEOMETRIC_REPRESENTATION_CONTEXT(2) 
PARAMETRIC_REPRESENTATION_CONTEXT() REPRESENTATION_CONTEXT('2D SPACE',''
  ) );
#486 = ADVANCED_FACE('',(#487),#273,.F.);
#487 = FACE_BOUND('',#488,.F.);
#488 = EDGE_LOOP('',(#489,#545,#546,#547,#548));
#489 = ORIENTED_EDGE('',*,*,#490,.T.);
#490 = EDGE_CURVE('',#491,#212,#493,.T.);
#491 = VERTEX_POINT('',#492);
#492 = CARTESIAN_POINT('',(3.19364916731,5.E-02,3.));
#493 = SURFACE_CURVE('',#494,(#509,#527),.PCURVE_S1.);
#494 = B_SPLINE_CURVE_WITH_KNOTS('',7,(#495,#496,#497,#498,#499,#500,
    #501,#502,#503,#504,#505,#506,#507,#508),.UNSPECIFIED.,.F.,.F.,(8,6,
    8),(0.,0.47999809967,1.),.UNSPECIFIED.);
#495 = CARTESIAN_POINT('',(3.19364916731,5.E-02,3.));
#496 = CARTESIAN_POINT('',(3.19490125681,4.515067821914E-02,3.));
#497 = CARTESIAN_POINT('',(3.196060860571,4.007422290261E-02,
    2.999451267562));
#498 = CARTESIAN_POINT('',(3.197082621741,3.486384660193E-02,
    2.998261493034));
#499 = CARTESIAN_POINT('',(3.197916608628,2.96544920116E-02,
    2.99635614561));
#500 = CARTESIAN_POINT('',(3.198514067031,2.463279492144E-02,
    2.993709648906));
#501 = CARTESIAN_POINT('',(3.198848149392,1.998156069881E-02,
    2.990387381143));
#502 = CARTESIAN_POINT('',(3.198987471278,1.134352122307E-02,
    2.982303605991));
#503 = CARTESIAN_POINT('',(3.198746310688,7.444567887007E-03,
    2.977445374623));
#504 = CARTESIAN_POINT('',(3.198186687663,4.309232966529E-03,
    2.972081999539));
#505 = CARTESIAN_POINT('',(3.197335183901,2.049251394543E-03,
    2.966441435107));
#506 = CARTESIAN_POINT('',(3.196253503481,6.440462826865E-04,
    2.960773553489));
#507 = CARTESIAN_POINT('',(3.19500560613,3.192852915361E-18,
    2.95525346496));
#508 = CARTESIAN_POINT('',(3.19364916731,1.734723475977E-18,2.95));
#509 = PCURVE('',#273,#510);
#510 = DEFINITIONAL_REPRESENTATION('',(#511),#526);
#511 = B_SPLINE_CURVE_WITH_KNOTS('',7,(#512,#513,#514,#515,#516,#517,
    #518,#519,#520,#521,#522,#523,#524,#525),.UNSPECIFIED.,.F.,.F.,(8,6,
    8),(0.,0.47999809967,1.),.UNSPECIFIED.);
#512 = CARTESIAN_POINT('',(0.252680255142,2.22044604925E-15));
#513 = CARTESIAN_POINT('',(0.227638465145,2.109423746788E-15));
#514 = CARTESIAN_POINT('',(0.201612730012,-2.74371210486E-03));
#515 = CARTESIAN_POINT('',(0.175085007643,-8.692313553142E-03));
#516 = CARTESIAN_POINT('',(0.148737310159,-1.821981354232E-02));
#517 = CARTESIAN_POINT('',(0.123485638006,-3.145067246337E-02));
#518 = CARTESIAN_POINT('',(0.100180537851,-4.807007328572E-02));
#519 = CARTESIAN_POINT('',(5.697283139733E-02,-8.858124549347E-02));
#520 = CARTESIAN_POINT('',(3.75160701794E-02,-0.112962933859));
#521 = CARTESIAN_POINT('',(2.185765748233E-02,-0.139945946814));
#522 = CARTESIAN_POINT('',(1.048559128798E-02,-0.168442885001));
#523 = CARTESIAN_POINT('',(3.32556022539E-03,-0.197267690891));
#524 = CARTESIAN_POINT('',(2.448117359777E-17,-0.225551478743));
#525 = CARTESIAN_POINT('',(8.958073510311E-18,-0.252680255142));
#526 = ( GEOMETRIC_REPRESENTATION_CONTEXT(2) 
PARAMETRIC_REPRESENTATION_CONTEXT() REPRESENTATION_CONTEXT('2D SPACE',''
  ) );
#527 = PCURVE('',#228,#528);
#528 = DEFINITIONAL_REPRESENTATION('',(#529),#544);
#529 = B_SPLINE_CURVE_WITH_KNOTS('',7,(#530,#531,#532,#533,#534,#535,
    #536,#537,#538,#539,#540,#541,#542,#543),.UNSPECIFIED.,.F.,.F.,(8,6,
    8),(0.,0.47999809967,1.),.UNSPECIFIED.);
#530 = CARTESIAN_POINT('',(10.,3.19364916731));
#531 = CARTESIAN_POINT('',(9.31420233692,3.19490125681));
#532 = CARTESIAN_POINT('',(8.628436264299,3.19606086057));
#533 = CARTESIAN_POINT('',(7.942705849084,3.197082621741));
#534 = CARTESIAN_POINT('',(7.257008789502,3.197916608628));
#535 = CARTESIAN_POINT('',(6.571332449991,3.198514067031));
#536 = CARTESIAN_POINT('',(5.885663854864,3.198848149392));
#537 = CARTESIAN_POINT('',(4.457191817943,3.198987471278));
#538 = CARTESIAN_POINT('',(3.714384599942,3.198746310688));
#539 = CARTESIAN_POINT('',(2.971574119387,3.198186687663));
#540 = CARTESIAN_POINT('',(2.228741115367,3.197335183901));
#541 = CARTESIAN_POINT('',(1.485868043376,3.196253503481));
#542 = CARTESIAN_POINT('',(0.742952139573,3.19500560613));
#543 = CARTESIAN_POINT('',(0.,3.19364916731));
#544 = ( GEOMETRIC_REPRESENTATION_CONTEXT(2) 
PARAMETRIC_REPRESENTATION_CONTEXT() REPRESENTATION_CONTEXT('2D SPACE',''
  ) );
#545 = ORIENTED_EDGE('',*,*,#251,.F.);
#546 = ORIENTED_EDGE('',*,*,#285,.T.);
#547 = ORIENTED_EDGE('',*,*,#433,.F.);
#548 = ORIENTED_EDGE('',*,*,#549,.T.);
#549 = EDGE_CURVE('',#404,#491,#550,.T.);
#550 = SURFACE_CURVE('',#551,(#566,#584),.PCURVE_S1.);
#551 = B_SPLINE_CURVE_WITH_KNOTS('',7,(#552,#553,#554,#555,#556,#557,
    #558,#559,#560,#561,#562,#563,#564,#565),.UNSPECIFIED.,.F.,.F.,(8,6,
    8),(0.,0.501093391093,1.),.UNSPECIFIED.);
#552 = CARTESIAN_POINT('',(2.806350522855,4.99988E-02,3.));
#553 = CARTESIAN_POINT('',(2.815857234688,8.68190792029E-02,3.));
#554 = CARTESIAN_POINT('',(2.833517903447,0.121477872238,3.));
#555 = CARTESIAN_POINT('',(2.858711816197,0.151737369125,3.));
#556 = CARTESIAN_POINT('',(2.890011679868,0.175668952504,3.));
#557 = CARTESIAN_POINT('',(2.925495678244,0.192002075006,3.));
#558 = CARTESIAN_POINT('',(2.963052157573,0.200106711084,3.));
#559 = CARTESIAN_POINT('',(3.037930465035,0.199892115495,3.));
#560 = CARTESIAN_POINT('',(3.075277599751,0.191644329508,3.));
#561 = CARTESIAN_POINT('',(3.110533858458,0.175250579099,3.));
#562 = CARTESIAN_POINT('',(3.141617646265,0.151341019634,3.));
#563 = CARTESIAN_POINT('',(3.166636146889,0.121175244064,3.));
#564 = CARTESIAN_POINT('',(3.184184278426,8.665829548701E-02,3.));
#565 = CARTESIAN_POINT('',(3.193649477145,4.99988E-02,3.));
#566 = PCURVE('',#273,#567);
#567 = DEFINITIONAL_REPRESENTATION('',(#568),#583);
#568 = B_SPLINE_CURVE_WITH_KNOTS('',7,(#569,#570,#571,#572,#573,#574,
    #575,#576,#577,#578,#579,#580,#581,#582),.UNSPECIFIED.,.F.,.F.,(8,6,
    8),(0.,0.501093391093,1.),.UNSPECIFIED.);
#569 = CARTESIAN_POINT('',(2.888918595216,0.));
#570 = CARTESIAN_POINT('',(2.698779795227,-1.319352960141E-17));
#571 = CARTESIAN_POINT('',(2.508913066904,4.474690084671E-17));
#572 = CARTESIAN_POINT('',(2.319700692446,-7.712069381719E-17));
#573 = CARTESIAN_POINT('',(2.13117749596,7.982962099147E-17));
#574 = CARTESIAN_POINT('',(1.943200270464,-4.963984169502E-17));
#575 = CARTESIAN_POINT('',(1.755536305453,1.566200939729E-17));
#576 = CARTESIAN_POINT('',(1.38114323061,-1.55936600561E-17));
#577 = CARTESIAN_POINT('',(1.194291632051,5.015623909727E-17));
#578 = CARTESIAN_POINT('',(1.007124874602,-8.069295199282E-17));
#579 = CARTESIAN_POINT('',(0.819414848279,7.764143330983E-17));
#580 = CARTESIAN_POINT('',(0.631021941845,-4.480653963912E-17));
#581 = CARTESIAN_POINT('',(0.441982576153,1.313591719974E-17));
#582 = CARTESIAN_POINT('',(0.252674058374,0.));
#583 = ( GEOMETRIC_REPRESENTATION_CONTEXT(2) 
PARAMETRIC_REPRESENTATION_CONTEXT() REPRESENTATION_CONTEXT('2D SPACE',''
  ) );
#584 = PCURVE('',#421,#585);
#585 = DEFINITIONAL_REPRESENTATION('',(#586),#601);
#586 = B_SPLINE_CURVE_WITH_KNOTS('',7,(#587,#588,#589,#590,#591,#592,
    #593,#594,#595,#596,#597,#598,#599,#600),.UNSPECIFIED.,.F.,.F.,(8,6,
    8),(0.,0.501093391093,1.),.UNSPECIFIED.);
#587 = CARTESIAN_POINT('',(2.49994E-02,-2.806350522855));
#588 = CARTESIAN_POINT('',(4.340953960145E-02,-2.815857234688));
#589 = CARTESIAN_POINT('',(6.073893611922E-02,-2.833517903447));
#590 = CARTESIAN_POINT('',(7.586868456231E-02,-2.858711816197));
#591 = CARTESIAN_POINT('',(8.783447625203E-02,-2.890011679868));
#592 = CARTESIAN_POINT('',(9.60010375032E-02,-2.925495678245));
#593 = CARTESIAN_POINT('',(0.100053355542,-2.963052157573));
#594 = CARTESIAN_POINT('',(9.994605774775E-02,-3.037930465035));
#595 = CARTESIAN_POINT('',(9.582216475384E-02,-3.075277599751));
#596 = CARTESIAN_POINT('',(8.762528954958E-02,-3.110533858458));
#597 = CARTESIAN_POINT('',(7.567050981725E-02,-3.141617646265));
#598 = CARTESIAN_POINT('',(6.058762203222E-02,-3.166636146889));
#599 = CARTESIAN_POINT('',(4.332914774351E-02,-3.184184278426));
#600 = CARTESIAN_POINT('',(2.49994E-02,-3.193649477145));
#601 = ( GEOMETRIC_REPRESENTATION_CONTEXT(2) 
PARAMETRIC_REPRESENTATION_CONTEXT() REPRESENTATION_CONTEXT('2D SPACE',''
  ) );
#602 = ADVANCED_FACE('',(#603),#228,.F.);
#603 = FACE_BOUND('',#604,.F.);
#604 = EDGE_LOOP('',(#605,#606,#607,#631));
#605 = ORIENTED_EDGE('',*,*,#211,.F.);
#606 = ORIENTED_EDGE('',*,*,#490,.F.);
#607 = ORIENTED_EDGE('',*,*,#608,.T.);
#608 = EDGE_CURVE('',#491,#609,#611,.T.);
#609 = VERTEX_POINT('',#610);
#610 = CARTESIAN_POINT('',(10.,5.E-02,3.));
#611 = SURFACE_CURVE('',#612,(#618,#625),.PCURVE_S1.);
#612 = B_SPLINE_CURVE_WITH_KNOTS('',2,(#613,#614,#615,#616,#617),
  .UNSPECIFIED.,.F.,.F.,(3,1,1,3),(-0.612,-3.120095327935E-14,10.,10.612
    ),.UNSPECIFIED.);
#613 = CARTESIAN_POINT('',(-0.612,5.E-02,3.));
#614 = CARTESIAN_POINT('',(-0.306,5.E-02,3.));
#615 = CARTESIAN_POINT('',(5.,5.E-02,3.));
#616 = CARTESIAN_POINT('',(10.306,5.E-02,3.));
#617 = CARTESIAN_POINT('',(10.612,5.E-02,3.));
#618 = PCURVE('',#228,#619);
#619 = DEFINITIONAL_REPRESENTATION('',(#620),#624);
#620 = LINE('',#621,#622);
#621 = CARTESIAN_POINT('',(10.,0.));
#622 = VECTOR('',#623,1.);
#623 = DIRECTION('',(0.,1.));
#624 = ( GEOMETRIC_REPRESENTATION_CONTEXT(2) 
PARAMETRIC_REPRESENTATION_CONTEXT() REPRESENTATION_CONTEXT('2D SPACE',''
  ) );
#625 = PCURVE('',#421,#626);
#626 = DEFINITIONAL_REPRESENTATION('',(#627),#630);
#627 = B_SPLINE_CURVE_WITH_KNOTS('',1,(#628,#629),.UNSPECIFIED.,.F.,.F.,
  (2,2),(-3.120095327935E-14,10.),.PIECEWISE_BEZIER_KNOTS.);
#628 = CARTESIAN_POINT('',(2.5E-02,0.));
#629 = CARTESIAN_POINT('',(2.5E-02,-10.));
#630 = ( GEOMETRIC_REPRESENTATION_CONTEXT(2) 
PARAMETRIC_REPRESENTATION_CONTEXT() REPRESENTATION_CONTEXT('2D SPACE',''
  ) );
#631 = ORIENTED_EDGE('',*,*,#632,.F.);
#632 = EDGE_CURVE('',#197,#609,#633,.T.);
#633 = SURFACE_CURVE('',#634,(#649),.PCURVE_S1.);
#634 = B_SPLINE_CURVE_WITH_KNOTS('',7,(#635,#636,#637,#638,#639,#640,
    #641,#642,#643,#644,#645,#646,#647,#648),.UNSPECIFIED.,.F.,.F.,(8,6,
    8),(0.,0.433419720593,1.),.UNSPECIFIED.);
#635 = CARTESIAN_POINT('',(10.,8.673617379884E-19,2.95));
#636 = CARTESIAN_POINT('',(10.,2.173082555622E-11,2.95437823808));
#637 = CARTESIAN_POINT('',(10.,4.475121527986E-04,2.958941630334));
#638 = CARTESIAN_POINT('',(10.,1.40936954176E-03,2.963622544591));
#639 = CARTESIAN_POINT('',(10.,2.944528290903E-03,2.968322444473));
#640 = CARTESIAN_POINT('',(10.,5.075167262301E-03,2.97291410712));
#641 = CARTESIAN_POINT('',(10.,7.774432335959E-03,2.977260822742));
#642 = CARTESIAN_POINT('',(10.,1.514925316718E-02,2.986470725045));
#643 = CARTESIAN_POINT('',(10.,2.017738281159E-02,2.991081732708));
#644 = CARTESIAN_POINT('',(10.,2.589921376427E-02,2.994839673762));
#645 = CARTESIAN_POINT('',(10.,3.203357978834E-02,2.997555565001));
#646 = CARTESIAN_POINT('',(10.,3.823645846569E-02,2.999235481605));
#647 = CARTESIAN_POINT('',(10.,4.427664668358E-02,3.));
#648 = CARTESIAN_POINT('',(10.,5.E-02,3.));
#649 = PCURVE('',#228,#650);
#650 = DEFINITIONAL_REPRESENTATION('',(#651),#666);
#651 = B_SPLINE_CURVE_WITH_KNOTS('',7,(#652,#653,#654,#655,#656,#657,
    #658,#659,#660,#661,#662,#663,#664,#665),.UNSPECIFIED.,.F.,.F.,(8,6,
    8),(0.,0.433419720593,1.),.UNSPECIFIED.);
#652 = CARTESIAN_POINT('',(0.,10.));
#653 = CARTESIAN_POINT('',(0.619176365969,10.));
#654 = CARTESIAN_POINT('',(1.238351441847,10.));
#655 = CARTESIAN_POINT('',(1.857524994078,10.));
#656 = CARTESIAN_POINT('',(2.476696983729,10.));
#657 = CARTESIAN_POINT('',(3.095867656998,10.));
#658 = CARTESIAN_POINT('',(3.715037410853,10.));
#659 = CARTESIAN_POINT('',(5.143604210052,10.));
#660 = CARTESIAN_POINT('',(5.953001004413,10.));
#661 = CARTESIAN_POINT('',(6.762397090991,10.));
#662 = CARTESIAN_POINT('',(7.57179403186,10.));
#663 = CARTESIAN_POINT('',(8.381193464152,10.));
#664 = CARTESIAN_POINT('',(9.190595611779,10.));
#665 = CARTESIAN_POINT('',(10.,10.));
#666 = ( GEOMETRIC_REPRESENTATION_CONTEXT(2) 
PARAMETRIC_REPRESENTATION_CONTEXT() REPRESENTATION_CONTEXT('2D SPACE',''
  ) );
#667 = ADVANCED_FACE('',(#668),#173,.T.);
#668 = FACE_BOUND('',#669,.T.);
#669 = EDGE_LOOP('',(#670,#671,#727,#757));
#670 = ORIENTED_EDGE('',*,*,#156,.F.);
#671 = ORIENTED_EDGE('',*,*,#672,.F.);
#672 = EDGE_CURVE('',#673,#128,#675,.T.);
#673 = VERTEX_POINT('',#674);
#674 = CARTESIAN_POINT('',(3.19364916731,5.E-02,0.));
#675 = SURFACE_CURVE('',#676,(#691,#709),.PCURVE_S1.);
#676 = B_SPLINE_CURVE_WITH_KNOTS('',7,(#677,#678,#679,#680,#681,#682,
    #683,#684,#685,#686,#687,#688,#689,#690),.UNSPECIFIED.,.F.,.F.,(8,6,
    8),(0.,0.47999809967,1.),.UNSPECIFIED.);
#677 = CARTESIAN_POINT('',(3.19364916731,5.E-02,-6.938893903907E-18));
#678 = CARTESIAN_POINT('',(3.19490125681,4.515067821913E-02,
    -6.097670670324E-18));
#679 = CARTESIAN_POINT('',(3.196060860571,4.007422290263E-02,
    5.487324380747E-04));
#680 = CARTESIAN_POINT('',(3.197082621741,3.486384660189E-02,
    1.738506965717E-03));
#681 = CARTESIAN_POINT('',(3.197916608628,2.965449201164E-02,
    3.643854389594E-03));
#682 = CARTESIAN_POINT('',(3.198514067031,2.463279492141E-02,
    6.290351094364E-03));
#683 = CARTESIAN_POINT('',(3.198848149392,1.998156069882E-02,
    9.612618857113E-03));
#684 = CARTESIAN_POINT('',(3.198987471278,1.134352122307E-02,
    1.76963940086E-02));
#685 = CARTESIAN_POINT('',(3.198746310688,7.444567887011E-03,
    2.255462537728E-02));
#686 = CARTESIAN_POINT('',(3.198186687663,4.309232966525E-03,
    2.791800046119E-02));
#687 = CARTESIAN_POINT('',(3.197335183901,2.049251394545E-03,
    3.3558564893E-02));
#688 = CARTESIAN_POINT('',(3.196253503481,6.44046282686E-04,
    3.922644651065E-02));
#689 = CARTESIAN_POINT('',(3.19500560613,3.19285291536E-18,
    4.474653504011E-02));
#690 = CARTESIAN_POINT('',(3.19364916731,1.734723475977E-18,5.E-02));
#691 = PCURVE('',#173,#692);
#692 = DEFINITIONAL_REPRESENTATION('',(#693),#708);
#693 = B_SPLINE_CURVE_WITH_KNOTS('',7,(#694,#695,#696,#697,#698,#699,
    #700,#701,#702,#703,#704,#705,#706,#707),.UNSPECIFIED.,.F.,.F.,(8,6,
    8),(0.,0.47999809967,1.),.UNSPECIFIED.);
#694 = CARTESIAN_POINT('',(10.,3.19364916731));
#695 = CARTESIAN_POINT('',(9.314202336919,3.19490125681));
#696 = CARTESIAN_POINT('',(8.628436264304,3.19606086057));
#697 = CARTESIAN_POINT('',(7.942705849076,3.197082621741));
#698 = CARTESIAN_POINT('',(7.25700878951,3.197916608628));
#699 = CARTESIAN_POINT('',(6.571332449987,3.198514067031));
#700 = CARTESIAN_POINT('',(5.885663854866,3.198848149392));
#701 = CARTESIAN_POINT('',(4.457191817943,3.198987471278));
#702 = CARTESIAN_POINT('',(3.714384599942,3.198746310688));
#703 = CARTESIAN_POINT('',(2.971574119386,3.198186687663));
#704 = CARTESIAN_POINT('',(2.228741115368,3.197335183901));
#705 = CARTESIAN_POINT('',(1.485868043376,3.196253503481));
#706 = CARTESIAN_POINT('',(0.742952139573,3.19500560613));
#707 = CARTESIAN_POINT('',(0.,3.19364916731));
#708 = ( GEOMETRIC_REPRESENTATION_CONTEXT(2) 
PARAMETRIC_REPRESENTATION_CONTEXT() REPRESENTATION_CONTEXT('2D SPACE',''
  ) );
#709 = PCURVE('',#110,#710);
#710 = DEFINITIONAL_REPRESENTATION('',(#711),#726);
#711 = B_SPLINE_CURVE_WITH_KNOTS('',7,(#712,#713,#714,#715,#716,#717,
    #718,#719,#720,#721,#722,#723,#724,#725),.UNSPECIFIED.,.F.,.F.,(8,6,
    8),(0.,0.47999809967,1.),.UNSPECIFIED.);
#712 = CARTESIAN_POINT('',(0.252680255142,-3.469446951954E-17));
#713 = CARTESIAN_POINT('',(0.227638465145,-2.864779655137E-17));
#714 = CARTESIAN_POINT('',(0.201612730012,2.743712104861E-03));
#715 = CARTESIAN_POINT('',(0.175085007643,8.692313553174E-03));
#716 = CARTESIAN_POINT('',(0.148737310159,1.821981354226E-02));
#717 = CARTESIAN_POINT('',(0.123485638006,3.145067246344E-02));
#718 = CARTESIAN_POINT('',(0.100180537851,4.807007328569E-02));
#719 = CARTESIAN_POINT('',(5.697283139732E-02,8.858124549348E-02));
#720 = CARTESIAN_POINT('',(3.751607017942E-02,0.112962933859));
#721 = CARTESIAN_POINT('',(2.185765748231E-02,0.139945946814));
#722 = CARTESIAN_POINT('',(1.048559128799E-02,0.168442885001));
#723 = CARTESIAN_POINT('',(3.325560225387E-03,0.197267690891));
#724 = CARTESIAN_POINT('',(1.786761251149E-17,0.225551478743));
#725 = CARTESIAN_POINT('',(8.958073510311E-18,0.252680255142));
#726 = ( GEOMETRIC_REPRESENTATION_CONTEXT(2) 
PARAMETRIC_REPRESENTATION_CONTEXT() REPRESENTATION_CONTEXT('2D SPACE',''
  ) );
#727 = ORIENTED_EDGE('',*,*,#728,.T.);
#728 = EDGE_CURVE('',#673,#729,#731,.T.);
#729 = VERTEX_POINT('',#730);
#730 = CARTESIAN_POINT('',(10.,5.E-02,0.));
#731 = SURFACE_CURVE('',#732,(#738,#745),.PCURVE_S1.);
#732 = B_SPLINE_CURVE_WITH_KNOTS('',2,(#733,#734,#735,#736,#737),
  .UNSPECIFIED.,.F.,.F.,(3,1,1,3),(-0.612,-3.120637429022E-14,10.,10.612
    ),.UNSPECIFIED.);
#733 = CARTESIAN_POINT('',(-0.612,5.E-02,0.));
#734 = CARTESIAN_POINT('',(-0.306,5.E-02,0.));
#735 = CARTESIAN_POINT('',(5.,5.E-02,0.));
#736 = CARTESIAN_POINT('',(10.306,5.E-02,0.));
#737 = CARTESIAN_POINT('',(10.612,5.E-02,0.));
#738 = PCURVE('',#173,#739);
#739 = DEFINITIONAL_REPRESENTATION('',(#740),#744);
#740 = LINE('',#741,#742);
#741 = CARTESIAN_POINT('',(10.,0.));
#742 = VECTOR('',#743,1.);
#743 = DIRECTION('',(0.,1.));
#744 = ( GEOMETRIC_REPRESENTATION_CONTEXT(2) 
PARAMETRIC_REPRESENTATION_CONTEXT() REPRESENTATION_CONTEXT('2D SPACE',''
  ) );
#745 = PCURVE('',#746,#752);
#746 = SURFACE_OF_LINEAR_EXTRUSION('',#747,#750);
#747 = B_SPLINE_CURVE_WITH_KNOTS('',1,(#748,#749),.UNSPECIFIED.,.F.,.F.,
  (2,2),(0.,1.),.PIECEWISE_BEZIER_KNOTS.);
#748 = CARTESIAN_POINT('',(0.,0.,0.));
#749 = CARTESIAN_POINT('',(0.,2.,0.));
#750 = VECTOR('',#751,1.);
#751 = DIRECTION('',(-1.,-0.,-0.));
#752 = DEFINITIONAL_REPRESENTATION('',(#753),#756);
#753 = B_SPLINE_CURVE_WITH_KNOTS('',1,(#754,#755),.UNSPECIFIED.,.F.,.F.,
  (2,2),(-3.120637429022E-14,10.),.PIECEWISE_BEZIER_KNOTS.);
#754 = CARTESIAN_POINT('',(2.5E-02,0.));
#755 = CARTESIAN_POINT('',(2.5E-02,-10.));
#756 = ( GEOMETRIC_REPRESENTATION_CONTEXT(2) 
PARAMETRIC_REPRESENTATION_CONTEXT() REPRESENTATION_CONTEXT('2D SPACE',''
  ) );
#757 = ORIENTED_EDGE('',*,*,#758,.F.);
#758 = EDGE_CURVE('',#157,#729,#759,.T.);
#759 = SURFACE_CURVE('',#760,(#775),.PCURVE_S1.);
#760 = B_SPLINE_CURVE_WITH_KNOTS('',7,(#761,#762,#763,#764,#765,#766,
    #767,#768,#769,#770,#771,#772,#773,#774),.UNSPECIFIED.,.F.,.F.,(8,6,
    8),(0.,0.433419720593,1.),.UNSPECIFIED.);
#761 = CARTESIAN_POINT('',(10.,8.673617379884E-19,5.E-02));
#762 = CARTESIAN_POINT('',(10.,2.173045385477E-11,4.562176191973E-02));
#763 = CARTESIAN_POINT('',(10.,4.47512152799E-04,4.105836966616E-02));
#764 = CARTESIAN_POINT('',(10.,1.40936954176E-03,3.637745540935E-02));
#765 = CARTESIAN_POINT('',(10.,2.944528290903E-03,3.167755552661E-02));
#766 = CARTESIAN_POINT('',(10.,5.075167262301E-03,2.70858928804E-02));
#767 = CARTESIAN_POINT('',(10.,7.774432335959E-03,2.273917725831E-02));
#768 = CARTESIAN_POINT('',(10.,1.514925316719E-02,1.352927495455E-02));
#769 = CARTESIAN_POINT('',(10.,2.017738281158E-02,8.918267291905E-03));
#770 = CARTESIAN_POINT('',(10.,2.58992137643E-02,5.160326238459E-03));
#771 = CARTESIAN_POINT('',(10.,3.20335797883E-02,2.444434998984E-03));
#772 = CARTESIAN_POINT('',(10.,3.823645846571E-02,7.645183950478E-04));
#773 = CARTESIAN_POINT('',(10.,4.427664668358E-02,2.170015510254E-13));
#774 = CARTESIAN_POINT('',(10.,5.E-02,-3.469446951954E-18));
#775 = PCURVE('',#173,#776);
#776 = DEFINITIONAL_REPRESENTATION('',(#777),#792);
#777 = B_SPLINE_CURVE_WITH_KNOTS('',7,(#778,#779,#780,#781,#782,#783,
    #784,#785,#786,#787,#788,#789,#790,#791),.UNSPECIFIED.,.F.,.F.,(8,6,
    8),(0.,0.433419720593,1.),.UNSPECIFIED.);
#778 = CARTESIAN_POINT('',(0.,10.));
#779 = CARTESIAN_POINT('',(0.619176365969,10.));
#780 = CARTESIAN_POINT('',(1.238351441847,10.));
#781 = CARTESIAN_POINT('',(1.857524994078,10.));
#782 = CARTESIAN_POINT('',(2.476696983729,10.));
#783 = CARTESIAN_POINT('',(3.095867656998,10.));
#784 = CARTESIAN_POINT('',(3.715037410853,10.));
#785 = CARTESIAN_POINT('',(5.143604210052,10.));
#786 = CARTESIAN_POINT('',(5.953001004411,10.));
#787 = CARTESIAN_POINT('',(6.762397090996,10.));
#788 = CARTESIAN_POINT('',(7.571794031854,10.));
#789 = CARTESIAN_POINT('',(8.381193464155,10.));
#790 = CARTESIAN_POINT('',(9.190595611779,10.));
#791 = CARTESIAN_POINT('',(10.,10.));
#792 = ( GEOMETRIC_REPRESENTATION_CONTEXT(2) 
PARAMETRIC_REPRESENTATION_CONTEXT() REPRESENTATION_CONTEXT('2D SPACE',''
  ) );
#793 = ADVANCED_FACE('',(#794),#110,.F.);
#794 = FACE_BOUND('',#795,.F.);
#795 = EDGE_LOOP('',(#796,#797,#798,#799,#855));
#796 = ORIENTED_EDGE('',*,*,#84,.T.);
#797 = ORIENTED_EDGE('',*,*,#127,.F.);
#798 = ORIENTED_EDGE('',*,*,#672,.F.);
#799 = ORIENTED_EDGE('',*,*,#800,.F.);
#800 = EDGE_CURVE('',#801,#673,#803,.T.);
#801 = VERTEX_POINT('',#802);
#802 = CARTESIAN_POINT('',(2.80635083269,5.E-02,0.));
#803 = SURFACE_CURVE('',#804,(#819,#837),.PCURVE_S1.);
#804 = B_SPLINE_CURVE_WITH_KNOTS('',7,(#805,#806,#807,#808,#809,#810,
    #811,#812,#813,#814,#815,#816,#817,#818),.UNSPECIFIED.,.F.,.F.,(8,6,
    8),(0.,0.501093391093,1.),.UNSPECIFIED.);
#805 = CARTESIAN_POINT('',(2.806350522855,4.99988E-02,0.));
#806 = CARTESIAN_POINT('',(2.815857234688,8.68190792029E-02,0.));
#807 = CARTESIAN_POINT('',(2.833517903447,0.121477872238,0.));
#808 = CARTESIAN_POINT('',(2.858711816197,0.151737369125,0.));
#809 = CARTESIAN_POINT('',(2.890011679868,0.175668952504,0.));
#810 = CARTESIAN_POINT('',(2.925495678244,0.192002075006,0.));
#811 = CARTESIAN_POINT('',(2.963052157573,0.200106711084,0.));
#812 = CARTESIAN_POINT('',(3.037930465035,0.199892115495,0.));
#813 = CARTESIAN_POINT('',(3.075277599751,0.191644329508,0.));
#814 = CARTESIAN_POINT('',(3.110533858458,0.175250579099,0.));
#815 = CARTESIAN_POINT('',(3.141617646265,0.151341019634,0.));
#816 = CARTESIAN_POINT('',(3.166636146889,0.121175244064,0.));
#817 = CARTESIAN_POINT('',(3.184184278426,8.665829548701E-02,0.));
#818 = CARTESIAN_POINT('',(3.193649477145,4.99988E-02,0.));
#819 = PCURVE('',#110,#820);
#820 = DEFINITIONAL_REPRESENTATION('',(#821),#836);
#821 = B_SPLINE_CURVE_WITH_KNOTS('',7,(#822,#823,#824,#825,#826,#827,
    #828,#829,#830,#831,#832,#833,#834,#835),.UNSPECIFIED.,.F.,.F.,(8,6,
    8),(0.,0.501093391093,1.),.UNSPECIFIED.);
#822 = CARTESIAN_POINT('',(2.888918595216,0.));
#823 = CARTESIAN_POINT('',(2.698779795227,-1.319352960141E-17));
#824 = CARTESIAN_POINT('',(2.508913066904,4.474690084671E-17));
#825 = CARTESIAN_POINT('',(2.319700692446,-7.712069381719E-17));
#826 = CARTESIAN_POINT('',(2.13117749596,7.982962099147E-17));
#827 = CARTESIAN_POINT('',(1.943200270464,-4.963984169502E-17));
#828 = CARTESIAN_POINT('',(1.755536305453,1.566200939729E-17));
#829 = CARTESIAN_POINT('',(1.38114323061,-1.55936600561E-17));
#830 = CARTESIAN_POINT('',(1.194291632051,5.015623909727E-17));
#831 = CARTESIAN_POINT('',(1.007124874602,-8.069295199282E-17));
#832 = CARTESIAN_POINT('',(0.819414848279,7.764143330983E-17));
#833 = CARTESIAN_POINT('',(0.631021941845,-4.480653963912E-17));
#834 = CARTESIAN_POINT('',(0.441982576153,1.313591719974E-17));
#835 = CARTESIAN_POINT('',(0.252674058374,0.));
#836 = ( GEOMETRIC_REPRESENTATION_CONTEXT(2) 
PARAMETRIC_REPRESENTATION_CONTEXT() REPRESENTATION_CONTEXT('2D SPACE',''
  ) );
#837 = PCURVE('',#746,#838);
#838 = DEFINITIONAL_REPRESENTATION('',(#839),#854);
#839 = B_SPLINE_CURVE_WITH_KNOTS('',7,(#840,#841,#842,#843,#844,#845,
    #846,#847,#848,#849,#850,#851,#852,#853),.UNSPECIFIED.,.F.,.F.,(8,6,
    8),(0.,0.501093391093,1.),.UNSPECIFIED.);
#840 = CARTESIAN_POINT('',(2.49994E-02,-2.806350522855));
#841 = CARTESIAN_POINT('',(4.340953960145E-02,-2.815857234688));
#842 = CARTESIAN_POINT('',(6.073893611922E-02,-2.833517903447));
#843 = CARTESIAN_POINT('',(7.586868456231E-02,-2.858711816197));
#844 = CARTESIAN_POINT('',(8.783447625203E-02,-2.890011679868));
#845 = CARTESIAN_POINT('',(9.60010375032E-02,-2.925495678245));
#846 = CARTESIAN_POINT('',(0.100053355542,-2.963052157573));
#847 = CARTESIAN_POINT('',(9.994605774775E-02,-3.037930465035));
#848 = CARTESIAN_POINT('',(9.582216475384E-02,-3.075277599751));
#849 = CARTESIAN_POINT('',(8.762528954958E-02,-3.110533858458));
#850 = CARTESIAN_POINT('',(7.567050981725E-02,-3.141617646265));
#851 = CARTESIAN_POINT('',(6.058762203222E-02,-3.166636146889));
#852 = CARTESIAN_POINT('',(4.332914774351E-02,-3.184184278426));
#853 = CARTESIAN_POINT('',(2.49994E-02,-3.193649477145));
#854 = ( GEOMETRIC_REPRESENTATION_CONTEXT(2) 
PARAMETRIC_REPRESENTATION_CONTEXT() REPRESENTATION_CONTEXT('2D SPACE',''
  ) );
#855 = ORIENTED_EDGE('',*,*,#856,.T.);
#856 = EDGE_CURVE('',#801,#45,#857,.T.);
#857 = SURFACE_CURVE('',#858,(#873,#891),.PCURVE_S1.);
#858 = B_SPLINE_CURVE_WITH_KNOTS('',7,(#859,#860,#861,#862,#863,#864,
    #865,#866,#867,#868,#869,#870,#871,#872),.UNSPECIFIED.,.F.,.F.,(8,6,
    8),(0.,0.47999809967,1.),.UNSPECIFIED.);
#859 = CARTESIAN_POINT('',(2.80635083269,5.E-02,-6.938893903907E-18));
#860 = CARTESIAN_POINT('',(2.80509874319,4.515067821913E-02,
    -6.097670670324E-18));
#861 = CARTESIAN_POINT('',(2.803939139429,4.007422290263E-02,
    5.48732438076E-04));
#862 = CARTESIAN_POINT('',(2.802917378259,3.486384660189E-02,
    1.738506965712E-03));
#863 = CARTESIAN_POINT('',(2.802083391372,2.965449201163E-02,
    3.643854389604E-03));
#864 = CARTESIAN_POINT('',(2.801485932969,2.463279492142E-02,
    6.290351094354E-03));
#865 = CARTESIAN_POINT('',(2.801151850608,1.998156069881E-02,
    9.612618857117E-03));
#866 = CARTESIAN_POINT('',(2.801012528722,1.134352122307E-02,
    1.76963940086E-02));
#867 = CARTESIAN_POINT('',(2.801253689312,7.444567887005E-03,
    2.255462537729E-02));
#868 = CARTESIAN_POINT('',(2.801813312337,4.309232966532E-03,
    2.791800046118E-02));
#869 = CARTESIAN_POINT('',(2.802664816099,2.049251394541E-03,
    3.355856489301E-02));
#870 = CARTESIAN_POINT('',(2.803746496519,6.440462826872E-04,
    3.922644651065E-02));
#871 = CARTESIAN_POINT('',(2.80499439387,3.19285291536E-18,
    4.474653504011E-02));
#872 = CARTESIAN_POINT('',(2.80635083269,1.734723475977E-18,5.E-02));
#873 = PCURVE('',#110,#874);
#874 = DEFINITIONAL_REPRESENTATION('',(#875),#890);
#875 = B_SPLINE_CURVE_WITH_KNOTS('',7,(#876,#877,#878,#879,#880,#881,
    #882,#883,#884,#885,#886,#887,#888,#889),.UNSPECIFIED.,.F.,.F.,(8,6,
    8),(0.,0.47999809967,1.),.UNSPECIFIED.);
#876 = CARTESIAN_POINT('',(2.888912398448,-3.469446951954E-17));
#877 = CARTESIAN_POINT('',(2.913954188445,-2.864779655137E-17));
#878 = CARTESIAN_POINT('',(2.939979923578,2.743712104867E-03));
#879 = CARTESIAN_POINT('',(2.966507645947,8.692313553148E-03));
#880 = CARTESIAN_POINT('',(2.992855343431,1.821981354231E-02));
#881 = CARTESIAN_POINT('',(3.018107015584,3.145067246339E-02));
#882 = CARTESIAN_POINT('',(3.041412115738,4.807007328571E-02));
#883 = CARTESIAN_POINT('',(3.084619822192,8.858124549347E-02));
#884 = CARTESIAN_POINT('',(3.10407658341,0.112962933859));
#885 = CARTESIAN_POINT('',(3.119734996107,0.139945946814));
#886 = CARTESIAN_POINT('',(3.131107062302,0.168442885001));
#887 = CARTESIAN_POINT('',(3.138267093364,0.197267690891));
#888 = CARTESIAN_POINT('',(3.14159265359,0.225551478743));
#889 = CARTESIAN_POINT('',(3.14159265359,0.252680255142));
#890 = ( GEOMETRIC_REPRESENTATION_CONTEXT(2) 
PARAMETRIC_REPRESENTATION_CONTEXT() REPRESENTATION_CONTEXT('2D SPACE',''
  ) );
#891 = PCURVE('',#61,#892);
#892 = DEFINITIONAL_REPRESENTATION('',(#893),#908);
#893 = B_SPLINE_CURVE_WITH_KNOTS('',7,(#894,#895,#896,#897,#898,#899,
    #900,#901,#902,#903,#904,#905,#906,#907),.UNSPECIFIED.,.F.,.F.,(8,6,
    8),(0.,0.47999809967,1.),.UNSPECIFIED.);
#894 = CARTESIAN_POINT('',(10.,2.80635083269));
#895 = CARTESIAN_POINT('',(9.314202336919,2.80509874319));
#896 = CARTESIAN_POINT('',(8.628436264303,2.803939139429));
#897 = CARTESIAN_POINT('',(7.94270584908,2.802917378259));
#898 = CARTESIAN_POINT('',(7.257008789506,2.802083391372));
#899 = CARTESIAN_POINT('',(6.571332449989,2.801485932969));
#900 = CARTESIAN_POINT('',(5.885663854865,2.801151850608));
#901 = CARTESIAN_POINT('',(4.457191817943,2.801012528722));
#902 = CARTESIAN_POINT('',(3.714384599941,2.801253689311));
#903 = CARTESIAN_POINT('',(2.971574119388,2.801813312337));
#904 = CARTESIAN_POINT('',(2.228741115366,2.802664816099));
#905 = CARTESIAN_POINT('',(1.485868043376,2.803746496519));
#906 = CARTESIAN_POINT('',(0.742952139573,2.80499439387));
#907 = CARTESIAN_POINT('',(0.,2.80635083269));
#908 = ( GEOMETRIC_REPRESENTATION_CONTEXT(2) 
PARAMETRIC_REPRESENTATION_CONTEXT() REPRESENTATION_CONTEXT('2D SPACE',''
  ) );
#909 = ADVANCED_FACE('',(#910),#61,.T.);
#910 = FACE_BOUND('',#911,.T.);
#911 = EDGE_LOOP('',(#912,#913,#951,#973));
#912 = ORIENTED_EDGE('',*,*,#44,.F.);
#913 = ORIENTED_EDGE('',*,*,#914,.T.);
#914 = EDGE_CURVE('',#22,#915,#917,.T.);
#915 = VERTEX_POINT('',#916);
#916 = CARTESIAN_POINT('',(0.,5.E-02,0.));
#917 = SURFACE_CURVE('',#918,(#933),.PCURVE_S1.);
#918 = B_SPLINE_CURVE_WITH_KNOTS('',7,(#919,#920,#921,#922,#923,#924,
    #925,#926,#927,#928,#929,#930,#931,#932),.UNSPECIFIED.,.F.,.F.,(8,6,
    8),(0.,0.433419720593,1.),.UNSPECIFIED.);
#919 = CARTESIAN_POINT('',(1.387778780781E-17,8.673617379884E-19,5.E-02)
  );
#920 = CARTESIAN_POINT('',(1.387778780781E-17,2.172958475615E-11,
    4.562176191973E-02));
#921 = CARTESIAN_POINT('',(-8.478711356902E-17,4.475121528005E-04,
    4.105836966616E-02));
#922 = CARTESIAN_POINT('',(2.59783013864E-17,1.40936954176E-03,
    3.637745540935E-02));
#923 = CARTESIAN_POINT('',(5.542993273221E-17,2.944528290902E-03,
    3.167755552661E-02));
#924 = CARTESIAN_POINT('',(-4.188334547226E-17,5.075167262302E-03,
    2.708589288039E-02));
#925 = CARTESIAN_POINT('',(-7.760206704035E-18,7.774432335959E-03,
    2.273917725831E-02));
#926 = CARTESIAN_POINT('',(-7.760206704035E-18,1.514925316719E-02,
    1.352927495454E-02));
#927 = CARTESIAN_POINT('',(-6.921812291293E-18,2.017738281157E-02,
    8.918267291911E-03));
#928 = CARTESIAN_POINT('',(-9.358772177519E-17,2.589921376433E-02,
    5.160326238447E-03));
#929 = CARTESIAN_POINT('',(1.854299853124E-16,3.203357978827E-02,
    2.444434998994E-03));
#930 = CARTESIAN_POINT('',(-1.460405439445E-16,3.823645846573E-02,
    7.645183950446E-04));
#931 = CARTESIAN_POINT('',(1.387778780781E-17,4.427664668357E-02,
    2.170015510255E-13));
#932 = CARTESIAN_POINT('',(1.387778780781E-17,5.E-02,-3.469446951954E-18
    ));
#933 = PCURVE('',#61,#934);
#934 = DEFINITIONAL_REPRESENTATION('',(#935),#950);
#935 = B_SPLINE_CURVE_WITH_KNOTS('',7,(#936,#937,#938,#939,#940,#941,
    #942,#943,#944,#945,#946,#947,#948,#949),.UNSPECIFIED.,.F.,.F.,(8,6,
    8),(0.,0.433419720593,1.),.UNSPECIFIED.);
#936 = CARTESIAN_POINT('',(0.,-3.12156984289E-14));
#937 = CARTESIAN_POINT('',(0.619176365969,-3.137481262466E-14));
#938 = CARTESIAN_POINT('',(1.238351441847,-3.158689687466E-14));
#939 = CARTESIAN_POINT('',(1.857524994078,-3.168175769715E-14));
#940 = CARTESIAN_POINT('',(2.476696983729,-3.177891759686E-14));
#941 = CARTESIAN_POINT('',(3.095867656998,-3.19063403768E-14));
#942 = CARTESIAN_POINT('',(3.715037410853,-3.195747538189E-14));
#943 = CARTESIAN_POINT('',(5.143604210053,-3.20247203431E-14));
#944 = CARTESIAN_POINT('',(5.953001004409,-3.192079515499E-14));
#945 = CARTESIAN_POINT('',(6.762397091,-3.210738542034E-14));
#946 = CARTESIAN_POINT('',(7.57179403185,-3.165697141318E-14));
#947 = CARTESIAN_POINT('',(8.381193464157,-3.171986436857E-14));
#948 = CARTESIAN_POINT('',(9.190595611778,-3.143063577967E-14));
#949 = CARTESIAN_POINT('',(10.,-3.12226373228E-14));
#950 = ( GEOMETRIC_REPRESENTATION_CONTEXT(2) 
PARAMETRIC_REPRESENTATION_CONTEXT() REPRESENTATION_CONTEXT('2D SPACE',''
  ) );
#951 = ORIENTED_EDGE('',*,*,#952,.T.);
#952 = EDGE_CURVE('',#915,#801,#953,.T.);
#953 = SURFACE_CURVE('',#954,(#960,#967),.PCURVE_S1.);
#954 = B_SPLINE_CURVE_WITH_KNOTS('',2,(#955,#956,#957,#958,#959),
  .UNSPECIFIED.,.F.,.F.,(3,1,1,3),(-0.612,-3.120637429022E-14,10.,10.612
    ),.UNSPECIFIED.);
#955 = CARTESIAN_POINT('',(-0.612,5.E-02,0.));
#956 = CARTESIAN_POINT('',(-0.306,5.E-02,0.));
#957 = CARTESIAN_POINT('',(5.,5.E-02,0.));
#958 = CARTESIAN_POINT('',(10.306,5.E-02,0.));
#959 = CARTESIAN_POINT('',(10.612,5.E-02,0.));
#960 = PCURVE('',#61,#961);
#961 = DEFINITIONAL_REPRESENTATION('',(#962),#966);
#962 = LINE('',#963,#964);
#963 = CARTESIAN_POINT('',(10.,0.));
#964 = VECTOR('',#965,1.);
#965 = DIRECTION('',(0.,1.));
#966 = ( GEOMETRIC_REPRESENTATION_CONTEXT(2) 
PARAMETRIC_REPRESENTATION_CONTEXT() REPRESENTATION_CONTEXT('2D SPACE',''
  ) );
#967 = PCURVE('',#746,#968);
#968 = DEFINITIONAL_REPRESENTATION('',(#969),#972);
#969 = B_SPLINE_CURVE_WITH_KNOTS('',1,(#970,#971),.UNSPECIFIED.,.F.,.F.,
  (2,2),(-3.120637429022E-14,10.),.PIECEWISE_BEZIER_KNOTS.);
#970 = CARTESIAN_POINT('',(2.5E-02,0.));
#971 = CARTESIAN_POINT('',(2.5E-02,-10.));
#972 = ( GEOMETRIC_REPRESENTATION_CONTEXT(2) 
PARAMETRIC_REPRESENTATION_CONTEXT() REPRESENTATION_CONTEXT('2D SPACE',''
  ) );
#973 = ORIENTED_EDGE('',*,*,#856,.T.);
#974 = ADVANCED_FACE('',(#975),#746,.F.);
#975 = FACE_BOUND('',#976,.F.);
#976 = EDGE_LOOP('',(#977,#992,#993,#994,#995,#1010,#1050,#1111));
#977 = ORIENTED_EDGE('',*,*,#978,.F.);
#978 = EDGE_CURVE('',#915,#979,#981,.T.);
#979 = VERTEX_POINT('',#980);
#980 = CARTESIAN_POINT('',(0.,1.95,0.));
#981 = SURFACE_CURVE('',#982,(#985),.PCURVE_S1.);
#982 = B_SPLINE_CURVE_WITH_KNOTS('',1,(#983,#984),.UNSPECIFIED.,.F.,.F.,
  (2,2),(0.,1.),.PIECEWISE_BEZIER_KNOTS.);
#983 = CARTESIAN_POINT('',(0.,0.,0.));
#984 = CARTESIAN_POINT('',(0.,2.,0.));
#985 = PCURVE('',#746,#986);
#986 = DEFINITIONAL_REPRESENTATION('',(#987),#991);
#987 = LINE('',#988,#989);
#988 = CARTESIAN_POINT('',(0.,0.));
#989 = VECTOR('',#990,1.);
#990 = DIRECTION('',(1.,0.));
#991 = ( GEOMETRIC_REPRESENTATION_CONTEXT(2) 
PARAMETRIC_REPRESENTATION_CONTEXT() REPRESENTATION_CONTEXT('2D SPACE',''
  ) );
#992 = ORIENTED_EDGE('',*,*,#952,.T.);
#993 = ORIENTED_EDGE('',*,*,#800,.T.);
#994 = ORIENTED_EDGE('',*,*,#728,.T.);
#995 = ORIENTED_EDGE('',*,*,#996,.T.);
#996 = EDGE_CURVE('',#729,#997,#999,.T.);
#997 = VERTEX_POINT('',#998);
#998 = CARTESIAN_POINT('',(10.,1.95,0.));
#999 = SURFACE_CURVE('',#1000,(#1003),.PCURVE_S1.);
#1000 = B_SPLINE_CURVE_WITH_KNOTS('',1,(#1001,#1002),.UNSPECIFIED.,.F.,
  .F.,(2,2),(0.,1.),.PIECEWISE_BEZIER_KNOTS.);
#1001 = CARTESIAN_POINT('',(10.,0.,0.));
#1002 = CARTESIAN_POINT('',(10.,2.,0.));
#1003 = PCURVE('',#746,#1004);
#1004 = DEFINITIONAL_REPRESENTATION('',(#1005),#1009);
#1005 = LINE('',#1006,#1007);
#1006 = CARTESIAN_POINT('',(0.,-10.));
#1007 = VECTOR('',#1008,1.);
#1008 = DIRECTION('',(1.,0.));
#1009 = ( GEOMETRIC_REPRESENTATION_CONTEXT(2) 
PARAMETRIC_REPRESENTATION_CONTEXT() REPRESENTATION_CONTEXT('2D SPACE',''
  ) );
#1010 = ORIENTED_EDGE('',*,*,#1011,.F.);
#1011 = EDGE_CURVE('',#1012,#997,#1014,.T.);
#1012 = VERTEX_POINT('',#1013);
#1013 = CARTESIAN_POINT('',(3.19364916731,1.95,0.));
#1014 = SURFACE_CURVE('',#1015,(#1021,#1027),.PCURVE_S1.);
#1015 = B_SPLINE_CURVE_WITH_KNOTS('',2,(#1016,#1017,#1018,#1019,#1020),
  .UNSPECIFIED.,.F.,.F.,(3,1,1,3),(-0.612,-3.120637429022E-14,10.,10.612
    ),.UNSPECIFIED.);
#1016 = CARTESIAN_POINT('',(-0.612,1.95,0.));
#1017 = CARTESIAN_POINT('',(-0.306,1.95,0.));
#1018 = CARTESIAN_POINT('',(5.,1.95,0.));
#1019 = CARTESIAN_POINT('',(10.306,1.95,0.));
#1020 = CARTESIAN_POINT('',(10.612,1.95,0.));
#1021 = PCURVE('',#746,#1022);
#1022 = DEFINITIONAL_REPRESENTATION('',(#1023),#1026);
#1023 = B_SPLINE_CURVE_WITH_KNOTS('',1,(#1024,#1025),.UNSPECIFIED.,.F.,
  .F.,(2,2),(-3.120637429022E-14,10.),.PIECEWISE_BEZIER_KNOTS.);
#1024 = CARTESIAN_POINT('',(0.975,0.));
#1025 = CARTESIAN_POINT('',(0.975,-10.));
#1026 = ( GEOMETRIC_REPRESENTATION_CONTEXT(2) 
PARAMETRIC_REPRESENTATION_CONTEXT() REPRESENTATION_CONTEXT('2D SPACE',''
  ) );
#1027 = PCURVE('',#1028,#1044);
#1028 = ( BOUNDED_SURFACE() B_SPLINE_SURFACE(2,2,(
    (#1029,#1030,#1031,#1032,#1033)
    ,(#1034,#1035,#1036,#1037,#1038)
    ,(#1039,#1040,#1041,#1042,#1043
)),.UNSPECIFIED.,.F.,.F.,.F.) B_SPLINE_SURFACE_WITH_KNOTS((3,3),(3,1,1,3
    ),(0.,10.),(-0.612,-3.120637429022E-14,10.,10.612),.UNSPECIFIED.) 
GEOMETRIC_REPRESENTATION_ITEM() RATIONAL_B_SPLINE_SURFACE((
    (1.,1.,1.,1.,1.)
    ,(0.707106781187,0.707106781187,0.707106781187,0.707106781187
      ,0.707106781187)
,(1.,1.,1.,1.,1.))) REPRESENTATION_ITEM('') SURFACE() );
#1029 = CARTESIAN_POINT('',(-0.612,1.95,0.));
#1030 = CARTESIAN_POINT('',(-0.306,1.95,0.));
#1031 = CARTESIAN_POINT('',(5.,1.95,0.));
#1032 = CARTESIAN_POINT('',(10.306,1.95,0.));
#1033 = CARTESIAN_POINT('',(10.612,1.95,0.));
#1034 = CARTESIAN_POINT('',(-0.612,2.,1.387778780781E-17));
#1035 = CARTESIAN_POINT('',(-0.306,2.,1.387778780781E-17));
#1036 = CARTESIAN_POINT('',(5.,2.,1.387778780781E-17));
#1037 = CARTESIAN_POINT('',(10.306,2.,1.387778780781E-17));
#1038 = CARTESIAN_POINT('',(10.612,2.,1.387778780781E-17));
#1039 = CARTESIAN_POINT('',(-0.612,2.,5.E-02));
#1040 = CARTESIAN_POINT('',(-0.306,2.,5.E-02));
#1041 = CARTESIAN_POINT('',(5.,2.,5.E-02));
#1042 = CARTESIAN_POINT('',(10.306,2.,5.E-02));
#1043 = CARTESIAN_POINT('',(10.612,2.,5.E-02));
#1044 = DEFINITIONAL_REPRESENTATION('',(#1045),#1049);
#1045 = LINE('',#1046,#1047);
#1046 = CARTESIAN_POINT('',(0.,0.));
#1047 = VECTOR('',#1048,1.);
#1048 = DIRECTION('',(0.,1.));
#1049 = ( GEOMETRIC_REPRESENTATION_CONTEXT(2) 
PARAMETRIC_REPRESENTATION_CONTEXT() REPRESENTATION_CONTEXT('2D SPACE',''
  ) );
#1050 = ORIENTED_EDGE('',*,*,#1051,.T.);
#1051 = EDGE_CURVE('',#1012,#1052,#1054,.T.);
#1052 = VERTEX_POINT('',#1053);
#1053 = CARTESIAN_POINT('',(2.80635083269,1.95,0.));
#1054 = SURFACE_CURVE('',#1055,(#1070,#1088),.PCURVE_S1.);
#1055 = B_SPLINE_CURVE_WITH_KNOTS('',7,(#1056,#1057,#1058,#1059,#1060,
    #1061,#1062,#1063,#1064,#1065,#1066,#1067,#1068,#1069),
  .UNSPECIFIED.,.F.,.F.,(8,6,8),(0.,0.501093391093,1.),.UNSPECIFIED.);
#1056 = CARTESIAN_POINT('',(3.193649477145,1.9500012,0.));
#1057 = CARTESIAN_POINT('',(3.184142765312,1.913180920797,0.));
#1058 = CARTESIAN_POINT('',(3.166482096553,1.878522127761,0.));
#1059 = CARTESIAN_POINT('',(3.141288183803,1.848262630876,0.));
#1060 = CARTESIAN_POINT('',(3.109988320132,1.824331047496,0.));
#1061 = CARTESIAN_POINT('',(3.074504321756,1.807997924994,0.));
#1062 = CARTESIAN_POINT('',(3.036947842427,1.799893288916,0.));
#1063 = CARTESIAN_POINT('',(2.962069534965,1.800107884505,0.));
#1064 = CARTESIAN_POINT('',(2.924722400249,1.808355670492,0.));
#1065 = CARTESIAN_POINT('',(2.889466141542,1.824749420901,0.));
#1066 = CARTESIAN_POINT('',(2.858382353735,1.848658980366,0.));
#1067 = CARTESIAN_POINT('',(2.833363853111,1.878824755936,0.));
#1068 = CARTESIAN_POINT('',(2.815815721574,1.913341704513,0.));
#1069 = CARTESIAN_POINT('',(2.806350522855,1.9500012,0.));
#1070 = PCURVE('',#746,#1071);
#1071 = DEFINITIONAL_REPRESENTATION('',(#1072),#1087);
#1072 = B_SPLINE_CURVE_WITH_KNOTS('',7,(#1073,#1074,#1075,#1076,#1077,
    #1078,#1079,#1080,#1081,#1082,#1083,#1084,#1085,#1086),
  .UNSPECIFIED.,.F.,.F.,(8,6,8),(0.,0.501093391093,1.),.UNSPECIFIED.);
#1073 = CARTESIAN_POINT('',(0.9750006,-3.193649477145));
#1074 = CARTESIAN_POINT('',(0.956590460399,-3.184142765312));
#1075 = CARTESIAN_POINT('',(0.939261063881,-3.166482096553));
#1076 = CARTESIAN_POINT('',(0.924131315438,-3.141288183803));
#1077 = CARTESIAN_POINT('',(0.912165523748,-3.109988320132));
#1078 = CARTESIAN_POINT('',(0.903998962497,-3.074504321756));
#1079 = CARTESIAN_POINT('',(0.899946644458,-3.036947842427));
#1080 = CARTESIAN_POINT('',(0.900053942252,-2.962069534965));
#1081 = CARTESIAN_POINT('',(0.904177835246,-2.924722400249));
#1082 = CARTESIAN_POINT('',(0.91237471045,-2.889466141542));
#1083 = CARTESIAN_POINT('',(0.924329490183,-2.858382353735));
#1084 = CARTESIAN_POINT('',(0.939412377968,-2.833363853111));
#1085 = CARTESIAN_POINT('',(0.956670852256,-2.815815721574));
#1086 = CARTESIAN_POINT('',(0.9750006,-2.806350522855));
#1087 = ( GEOMETRIC_REPRESENTATION_CONTEXT(2) 
PARAMETRIC_REPRESENTATION_CONTEXT() REPRESENTATION_CONTEXT('2D SPACE',''
  ) );
#1088 = PCURVE('',#1089,#1094);
#1089 = SPHERICAL_SURFACE('',#1090,0.2);
#1090 = AXIS2_PLACEMENT_3D('',#1091,#1092,#1093);
#1091 = CARTESIAN_POINT('',(3.,2.,0.));
#1092 = DIRECTION('',(0.,0.,1.));
#1093 = DIRECTION('',(1.,0.,-0.));
#1094 = DEFINITIONAL_REPRESENTATION('',(#1095),#1110);
#1095 = B_SPLINE_CURVE_WITH_KNOTS('',7,(#1096,#1097,#1098,#1099,#1100,
    #1101,#1102,#1103,#1104,#1105,#1106,#1107,#1108,#1109),
  .UNSPECIFIED.,.F.,.F.,(8,6,8),(0.,0.501093391093,1.),.UNSPECIFIED.);
#1096 = CARTESIAN_POINT('',(6.030511248806,0.));
#1097 = CARTESIAN_POINT('',(5.840372448817,-1.187417664126E-16));
#1098 = CARTESIAN_POINT('',(5.650505720493,3.950702413756E-16));
#1099 = CARTESIAN_POINT('',(5.461293346038,-6.657536822138E-16));
#1100 = CARTESIAN_POINT('',(5.272770149547,6.708312611528E-16));
#1101 = CARTESIAN_POINT('',(5.084792924056,-4.03509592978E-16));
#1102 = CARTESIAN_POINT('',(4.897128959043,1.219399303072E-16));
#1103 = CARTESIAN_POINT('',(4.522735884199,-1.214077818653E-16));
#1104 = CARTESIAN_POINT('',(4.33588428564,3.224133503524E-16));
#1105 = CARTESIAN_POINT('',(4.148717528192,-4.324954539269E-16));
#1106 = CARTESIAN_POINT('',(3.961007501869,3.464665158259E-16));
#1107 = CARTESIAN_POINT('',(3.772614595435,-1.651220251148E-16));
#1108 = CARTESIAN_POINT('',(3.583575229742,3.940775159923E-17));
#1109 = CARTESIAN_POINT('',(3.394266711963,0.));
#1110 = ( GEOMETRIC_REPRESENTATION_CONTEXT(2) 
PARAMETRIC_REPRESENTATION_CONTEXT() REPRESENTATION_CONTEXT('2D SPACE',''
  ) );
#1111 = ORIENTED_EDGE('',*,*,#1112,.F.);
#1112 = EDGE_CURVE('',#979,#1052,#1113,.T.);
#1113 = SURFACE_CURVE('',#1114,(#1120,#1126),.PCURVE_S1.);
#1114 = B_SPLINE_CURVE_WITH_KNOTS('',2,(#1115,#1116,#1117,#1118,#1119),
  .UNSPECIFIED.,.F.,.F.,(3,1,1,3),(-0.612,-3.120637429022E-14,10.,10.612
    ),.UNSPECIFIED.);
#1115 = CARTESIAN_POINT('',(-0.612,1.95,0.));
#1116 = CARTESIAN_POINT('',(-0.306,1.95,0.));
#1117 = CARTESIAN_POINT('',(5.,1.95,0.));
#1118 = CARTESIAN_POINT('',(10.306,1.95,0.));
#1119 = CARTESIAN_POINT('',(10.612,1.95,0.));
#1120 = PCURVE('',#746,#1121);
#1121 = DEFINITIONAL_REPRESENTATION('',(#1122),#1125);
#1122 = B_SPLINE_CURVE_WITH_KNOTS('',1,(#1123,#1124),.UNSPECIFIED.,.F.,
  .F.,(2,2),(-3.120637429022E-14,10.),.PIECEWISE_BEZIER_KNOTS.);
#1123 = CARTESIAN_POINT('',(0.975,0.));
#1124 = CARTESIAN_POINT('',(0.975,-10.));
#1125 = ( GEOMETRIC_REPRESENTATION_CONTEXT(2) 
PARAMETRIC_REPRESENTATION_CONTEXT() REPRESENTATION_CONTEXT('2D SPACE',''
  ) );
#1126 = PCURVE('',#1127,#1143);
#1127 = ( BOUNDED_SURFACE() B_SPLINE_SURFACE(2,2,(
    (#1128,#1129,#1130,#1131,#1132)
    ,(#1133,#1134,#1135,#1136,#1137)
    ,(#1138,#1139,#1140,#1141,#1142
)),.UNSPECIFIED.,.F.,.F.,.F.) B_SPLINE_SURFACE_WITH_KNOTS((3,3),(3,1,1,3
    ),(0.,10.),(-0.612,-3.120637429022E-14,10.,10.612),.UNSPECIFIED.) 
GEOMETRIC_REPRESENTATION_ITEM() RATIONAL_B_SPLINE_SURFACE((
    (1.,1.,1.,1.,1.)
    ,(0.707106781187,0.707106781187,0.707106781187,0.707106781187
      ,0.707106781187)
,(1.,1.,1.,1.,1.))) REPRESENTATION_ITEM('') SURFACE() );
#1128 = CARTESIAN_POINT('',(-0.612,1.95,0.));
#1129 = CARTESIAN_POINT('',(-0.306,1.95,0.));
#1130 = CARTESIAN_POINT('',(5.,1.95,0.));
#1131 = CARTESIAN_POINT('',(10.306,1.95,0.));
#1132 = CARTESIAN_POINT('',(10.612,1.95,0.));
#1133 = CARTESIAN_POINT('',(-0.612,2.,1.387778780781E-17));
#1134 = CARTESIAN_POINT('',(-0.306,2.,1.387778780781E-17));
#1135 = CARTESIAN_POINT('',(5.,2.,1.387778780781E-17));
#1136 = CARTESIAN_POINT('',(10.306,2.,1.387778780781E-17));
#1137 = CARTESIAN_POINT('',(10.612,2.,1.387778780781E-17));
#1138 = CARTESIAN_POINT('',(-0.612,2.,5.E-02));
#1139 = CARTESIAN_POINT('',(-0.306,2.,5.E-02));
#1140 = CARTESIAN_POINT('',(5.,2.,5.E-02));
#1141 = CARTESIAN_POINT('',(10.306,2.,5.E-02));
#1142 = CARTESIAN_POINT('',(10.612,2.,5.E-02));
#1143 = DEFINITIONAL_REPRESENTATION('',(#1144),#1148);
#1144 = LINE('',#1145,#1146);
#1145 = CARTESIAN_POINT('',(0.,0.));
#1146 = VECTOR('',#1147,1.);
#1147 = DIRECTION('',(0.,1.));
#1148 = ( GEOMETRIC_REPRESENTATION_CONTEXT(2) 
PARAMETRIC_REPRESENTATION_CONTEXT() REPRESENTATION_CONTEXT('2D SPACE',''
  ) );
#1149 = ADVANCED_FACE('',(#1150),#421,.T.);
#1150 = FACE_BOUND('',#1151,.T.);
#1151 = EDGE_LOOP('',(#1152,#1167,#1168,#1169,#1170,#1185,#1225,#1286));
#1152 = ORIENTED_EDGE('',*,*,#1153,.F.);
#1153 = EDGE_CURVE('',#366,#1154,#1156,.T.);
#1154 = VERTEX_POINT('',#1155);
#1155 = CARTESIAN_POINT('',(0.,1.95,3.));
#1156 = SURFACE_CURVE('',#1157,(#1160),.PCURVE_S1.);
#1157 = B_SPLINE_CURVE_WITH_KNOTS('',1,(#1158,#1159),.UNSPECIFIED.,.F.,
  .F.,(2,2),(0.,1.),.PIECEWISE_BEZIER_KNOTS.);
#1158 = CARTESIAN_POINT('',(0.,0.,3.));
#1159 = CARTESIAN_POINT('',(0.,2.,3.));
#1160 = PCURVE('',#421,#1161);
#1161 = DEFINITIONAL_REPRESENTATION('',(#1162),#1166);
#1162 = LINE('',#1163,#1164);
#1163 = CARTESIAN_POINT('',(0.,0.));
#1164 = VECTOR('',#1165,1.);
#1165 = DIRECTION('',(1.,0.));
#1166 = ( GEOMETRIC_REPRESENTATION_CONTEXT(2) 
PARAMETRIC_REPRESENTATION_CONTEXT() REPRESENTATION_CONTEXT('2D SPACE',''
  ) );
#1167 = ORIENTED_EDGE('',*,*,#403,.T.);
#1168 = ORIENTED_EDGE('',*,*,#549,.T.);
#1169 = ORIENTED_EDGE('',*,*,#608,.T.);
#1170 = ORIENTED_EDGE('',*,*,#1171,.T.);
#1171 = EDGE_CURVE('',#609,#1172,#1174,.T.);
#1172 = VERTEX_POINT('',#1173);
#1173 = CARTESIAN_POINT('',(10.,1.95,3.));
#1174 = SURFACE_CURVE('',#1175,(#1178),.PCURVE_S1.);
#1175 = B_SPLINE_CURVE_WITH_KNOTS('',1,(#1176,#1177),.UNSPECIFIED.,.F.,
  .F.,(2,2),(0.,1.),.PIECEWISE_BEZIER_KNOTS.);
#1176 = CARTESIAN_POINT('',(10.,0.,3.));
#1177 = CARTESIAN_POINT('',(10.,2.,3.));
#1178 = PCURVE('',#421,#1179);
#1179 = DEFINITIONAL_REPRESENTATION('',(#1180),#1184);
#1180 = LINE('',#1181,#1182);
#1181 = CARTESIAN_POINT('',(0.,-10.));
#1182 = VECTOR('',#1183,1.);
#1183 = DIRECTION('',(1.,0.));
#1184 = ( GEOMETRIC_REPRESENTATION_CONTEXT(2) 
PARAMETRIC_REPRESENTATION_CONTEXT() REPRESENTATION_CONTEXT('2D SPACE',''
  ) );
#1185 = ORIENTED_EDGE('',*,*,#1186,.F.);
#1186 = EDGE_CURVE('',#1187,#1172,#1189,.T.);
#1187 = VERTEX_POINT('',#1188);
#1188 = CARTESIAN_POINT('',(3.19364916731,1.95,3.));
#1189 = SURFACE_CURVE('',#1190,(#1196,#1202),.PCURVE_S1.);
#1190 = B_SPLINE_CURVE_WITH_KNOTS('',2,(#1191,#1192,#1193,#1194,#1195),
  .UNSPECIFIED.,.F.,.F.,(3,1,1,3),(-0.612,-3.11996305527E-14,10.,10.612)
  ,.UNSPECIFIED.);
#1191 = CARTESIAN_POINT('',(-0.612,1.95,3.));
#1192 = CARTESIAN_POINT('',(-0.306,1.95,3.));
#1193 = CARTESIAN_POINT('',(5.,1.95,3.));
#1194 = CARTESIAN_POINT('',(10.306,1.95,3.));
#1195 = CARTESIAN_POINT('',(10.612,1.95,3.));
#1196 = PCURVE('',#421,#1197);
#1197 = DEFINITIONAL_REPRESENTATION('',(#1198),#1201);
#1198 = B_SPLINE_CURVE_WITH_KNOTS('',1,(#1199,#1200),.UNSPECIFIED.,.F.,
  .F.,(2,2),(-3.11996305527E-14,10.),.PIECEWISE_BEZIER_KNOTS.);
#1199 = CARTESIAN_POINT('',(0.975,0.));
#1200 = CARTESIAN_POINT('',(0.975,-10.));
#1201 = ( GEOMETRIC_REPRESENTATION_CONTEXT(2) 
PARAMETRIC_REPRESENTATION_CONTEXT() REPRESENTATION_CONTEXT('2D SPACE',''
  ) );
#1202 = PCURVE('',#1203,#1219);
#1203 = ( BOUNDED_SURFACE() B_SPLINE_SURFACE(2,2,(
    (#1204,#1205,#1206,#1207,#1208)
    ,(#1209,#1210,#1211,#1212,#1213)
    ,(#1214,#1215,#1216,#1217,#1218
)),.UNSPECIFIED.,.F.,.F.,.F.) B_SPLINE_SURFACE_WITH_KNOTS((3,3),(3,1,1,3
    ),(0.,10.),(-0.612,-3.11996305527E-14,10.,10.612),.UNSPECIFIED.) 
GEOMETRIC_REPRESENTATION_ITEM() RATIONAL_B_SPLINE_SURFACE((
    (1.,1.,1.,1.,1.)
    ,(0.707106781187,0.707106781187,0.707106781187,0.707106781187
      ,0.707106781187)
,(1.,1.,1.,1.,1.))) REPRESENTATION_ITEM('') SURFACE() );
#1204 = CARTESIAN_POINT('',(-0.612,2.,2.95));
#1205 = CARTESIAN_POINT('',(-0.306,2.,2.95));
#1206 = CARTESIAN_POINT('',(5.,2.,2.95));
#1207 = CARTESIAN_POINT('',(10.306,2.,2.95));
#1208 = CARTESIAN_POINT('',(10.612,2.,2.95));
#1209 = CARTESIAN_POINT('',(-0.612,2.,3.));
#1210 = CARTESIAN_POINT('',(-0.306,2.,3.));
#1211 = CARTESIAN_POINT('',(5.,2.,3.));
#1212 = CARTESIAN_POINT('',(10.306,2.,3.));
#1213 = CARTESIAN_POINT('',(10.612,2.,3.));
#1214 = CARTESIAN_POINT('',(-0.612,1.95,3.));
#1215 = CARTESIAN_POINT('',(-0.306,1.95,3.));
#1216 = CARTESIAN_POINT('',(5.,1.95,3.));
#1217 = CARTESIAN_POINT('',(10.306,1.95,3.));
#1218 = CARTESIAN_POINT('',(10.612,1.95,3.));
#1219 = DEFINITIONAL_REPRESENTATION('',(#1220),#1224);
#1220 = LINE('',#1221,#1222);
#1221 = CARTESIAN_POINT('',(10.,0.));
#1222 = VECTOR('',#1223,1.);
#1223 = DIRECTION('',(0.,1.));
#1224 = ( GEOMETRIC_REPRESENTATION_CONTEXT(2) 
PARAMETRIC_REPRESENTATION_CONTEXT() REPRESENTATION_CONTEXT('2D SPACE',''
  ) );
#1225 = ORIENTED_EDGE('',*,*,#1226,.T.);
#1226 = EDGE_CURVE('',#1187,#1227,#1229,.T.);
#1227 = VERTEX_POINT('',#1228);
#1228 = CARTESIAN_POINT('',(2.80635083269,1.95,3.));
#1229 = SURFACE_CURVE('',#1230,(#1245,#1263),.PCURVE_S1.);
#1230 = B_SPLINE_CURVE_WITH_KNOTS('',7,(#1231,#1232,#1233,#1234,#1235,
    #1236,#1237,#1238,#1239,#1240,#1241,#1242,#1243,#1244),
  .UNSPECIFIED.,.F.,.F.,(8,6,8),(0.,0.501093391093,1.),.UNSPECIFIED.);
#1231 = CARTESIAN_POINT('',(3.193649477145,1.9500012,3.));
#1232 = CARTESIAN_POINT('',(3.184142765312,1.913180920797,3.));
#1233 = CARTESIAN_POINT('',(3.166482096553,1.878522127761,3.));
#1234 = CARTESIAN_POINT('',(3.141288183803,1.848262630876,3.));
#1235 = CARTESIAN_POINT('',(3.109988320132,1.824331047496,3.));
#1236 = CARTESIAN_POINT('',(3.074504321756,1.807997924994,3.));
#1237 = CARTESIAN_POINT('',(3.036947842427,1.799893288916,3.));
#1238 = CARTESIAN_POINT('',(2.962069534965,1.800107884505,3.));
#1239 = CARTESIAN_POINT('',(2.924722400249,1.808355670492,3.));
#1240 = CARTESIAN_POINT('',(2.889466141542,1.824749420901,3.));
#1241 = CARTESIAN_POINT('',(2.858382353735,1.848658980366,3.));
#1242 = CARTESIAN_POINT('',(2.833363853111,1.878824755936,3.));
#1243 = CARTESIAN_POINT('',(2.815815721574,1.913341704513,3.));
#1244 = CARTESIAN_POINT('',(2.806350522855,1.9500012,3.));
#1245 = PCURVE('',#421,#1246);
#1246 = DEFINITIONAL_REPRESENTATION('',(#1247),#1262);
#1247 = B_SPLINE_CURVE_WITH_KNOTS('',7,(#1248,#1249,#1250,#1251,#1252,
    #1253,#1254,#1255,#1256,#1257,#1258,#1259,#1260,#1261),
  .UNSPECIFIED.,.F.,.F.,(8,6,8),(0.,0.501093391093,1.),.UNSPECIFIED.);
#1248 = CARTESIAN_POINT('',(0.9750006,-3.193649477145));
#1249 = CARTESIAN_POINT('',(0.956590460399,-3.184142765312));
#1250 = CARTESIAN_POINT('',(0.939261063881,-3.166482096553));
#1251 = CARTESIAN_POINT('',(0.924131315438,-3.141288183803));
#1252 = CARTESIAN_POINT('',(0.912165523748,-3.109988320132));
#1253 = CARTESIAN_POINT('',(0.903998962497,-3.074504321756));
#1254 = CARTESIAN_POINT('',(0.899946644458,-3.036947842427));
#1255 = CARTESIAN_POINT('',(0.900053942252,-2.962069534965));
#1256 = CARTESIAN_POINT('',(0.904177835246,-2.924722400249));
#1257 = CARTESIAN_POINT('',(0.91237471045,-2.889466141542));
#1258 = CARTESIAN_POINT('',(0.924329490183,-2.858382353735));
#1259 = CARTESIAN_POINT('',(0.939412377968,-2.833363853111));
#1260 = CARTESIAN_POINT('',(0.956670852256,-2.815815721574));
#1261 = CARTESIAN_POINT('',(0.9750006,-2.806350522855));
#1262 = ( GEOMETRIC_REPRESENTATION_CONTEXT(2) 
PARAMETRIC_REPRESENTATION_CONTEXT() REPRESENTATION_CONTEXT('2D SPACE',''
  ) );
#1263 = PCURVE('',#1264,#1269);
#1264 = SPHERICAL_SURFACE('',#1265,0.2);
#1265 = AXIS2_PLACEMENT_3D('',#1266,#1267,#1268);
#1266 = CARTESIAN_POINT('',(3.,2.,3.));
#1267 = DIRECTION('',(0.,0.,1.));
#1268 = DIRECTION('',(1.,0.,-0.));
#1269 = DEFINITIONAL_REPRESENTATION('',(#1270),#1285);
#1270 = B_SPLINE_CURVE_WITH_KNOTS('',7,(#1271,#1272,#1273,#1274,#1275,
    #1276,#1277,#1278,#1279,#1280,#1281,#1282,#1283,#1284),
  .UNSPECIFIED.,.F.,.F.,(8,6,8),(0.,0.501093391093,1.),.UNSPECIFIED.);
#1271 = CARTESIAN_POINT('',(6.030511248806,0.));
#1272 = CARTESIAN_POINT('',(5.840372448817,-1.187417664126E-16));
#1273 = CARTESIAN_POINT('',(5.650505720493,3.950702413756E-16));
#1274 = CARTESIAN_POINT('',(5.461293346038,-6.657536822138E-16));
#1275 = CARTESIAN_POINT('',(5.272770149547,6.708312611528E-16));
#1276 = CARTESIAN_POINT('',(5.084792924056,-4.03509592978E-16));
#1277 = CARTESIAN_POINT('',(4.897128959043,1.219399303072E-16));
#1278 = CARTESIAN_POINT('',(4.522735884199,-1.214077818653E-16));
#1279 = CARTESIAN_POINT('',(4.33588428564,3.224133503524E-16));
#1280 = CARTESIAN_POINT('',(4.148717528192,-4.324954539269E-16));
#1281 = CARTESIAN_POINT('',(3.961007501869,3.464665158259E-16));
#1282 = CARTESIAN_POINT('',(3.772614595435,-1.651220251148E-16));
#1283 = CARTESIAN_POINT('',(3.583575229742,3.940775159923E-17));
#1284 = CARTESIAN_POINT('',(3.394266711963,0.));
#1285 = ( GEOMETRIC_REPRESENTATION_CONTEXT(2) 
PARAMETRIC_REPRESENTATION_CONTEXT() REPRESENTATION_CONTEXT('2D SPACE',''
  ) );
#1286 = ORIENTED_EDGE('',*,*,#1287,.F.);
#1287 = EDGE_CURVE('',#1154,#1227,#1288,.T.);
#1288 = SURFACE_CURVE('',#1289,(#1295,#1301),.PCURVE_S1.);
#1289 = B_SPLINE_CURVE_WITH_KNOTS('',2,(#1290,#1291,#1292,#1293,#1294),
  .UNSPECIFIED.,.F.,.F.,(3,1,1,3),(-0.612,-3.11996305527E-14,10.,10.612)
  ,.UNSPECIFIED.);
#1290 = CARTESIAN_POINT('',(-0.612,1.95,3.));
#1291 = CARTESIAN_POINT('',(-0.306,1.95,3.));
#1292 = CARTESIAN_POINT('',(5.,1.95,3.));
#1293 = CARTESIAN_POINT('',(10.306,1.95,3.));
#1294 = CARTESIAN_POINT('',(10.612,1.95,3.));
#1295 = PCURVE('',#421,#1296);
#1296 = DEFINITIONAL_REPRESENTATION('',(#1297),#1300);
#1297 = B_SPLINE_CURVE_WITH_KNOTS('',1,(#1298,#1299),.UNSPECIFIED.,.F.,
  .F.,(2,2),(-3.11996305527E-14,10.),.PIECEWISE_BEZIER_KNOTS.);
#1298 = CARTESIAN_POINT('',(0.975,0.));
#1299 = CARTESIAN_POINT('',(0.975,-10.));
#1300 = ( GEOMETRIC_REPRESENTATION_CONTEXT(2) 
PARAMETRIC_REPRESENTATION_CONTEXT() REPRESENTATION_CONTEXT('2D SPACE',''
  ) );
#1301 = PCURVE('',#1302,#1318);
#1302 = ( BOUNDED_SURFACE() B_SPLINE_SURFACE(2,2,(
    (#1303,#1304,#1305,#1306,#1307)
    ,(#1308,#1309,#1310,#1311,#1312)
    ,(#1313,#1314,#1315,#1316,#1317
)),.UNSPECIFIED.,.F.,.F.,.F.) B_SPLINE_SURFACE_WITH_KNOTS((3,3),(3,1,1,3
    ),(0.,10.),(-0.612,-3.11996305527E-14,10.,10.612),.UNSPECIFIED.) 
GEOMETRIC_REPRESENTATION_ITEM() RATIONAL_B_SPLINE_SURFACE((
    (1.,1.,1.,1.,1.)
    ,(0.707106781187,0.707106781187,0.707106781187,0.707106781187
      ,0.707106781187)
,(1.,1.,1.,1.,1.))) REPRESENTATION_ITEM('') SURFACE() );
#1303 = CARTESIAN_POINT('',(-0.612,2.,2.95));
#1304 = CARTESIAN_POINT('',(-0.306,2.,2.95));
#1305 = CARTESIAN_POINT('',(5.,2.,2.95));
#1306 = CARTESIAN_POINT('',(10.306,2.,2.95));
#1307 = CARTESIAN_POINT('',(10.612,2.,2.95));
#1308 = CARTESIAN_POINT('',(-0.612,2.,3.));
#1309 = CARTESIAN_POINT('',(-0.306,2.,3.));
#1310 = CARTESIAN_POINT('',(5.,2.,3.));
#1311 = CARTESIAN_POINT('',(10.306,2.,3.));
#1312 = CARTESIAN_POINT('',(10.612,2.,3.));
#1313 = CARTESIAN_POINT('',(-0.612,1.95,3.));
#1314 = CARTESIAN_POINT('',(-0.306,1.95,3.));
#1315 = CARTESIAN_POINT('',(5.,1.95,3.));
#1316 = CARTESIAN_POINT('',(10.306,1.95,3.));
#1317 = CARTESIAN_POINT('',(10.612,1.95,3.));
#1318 = DEFINITIONAL_REPRESENTATION('',(#1319),#1323);
#1319 = LINE('',#1320,#1321);
#1320 = CARTESIAN_POINT('',(10.,0.));
#1321 = VECTOR('',#1322,1.);
#1322 = DIRECTION('',(0.,1.));
#1323 = ( GEOMETRIC_REPRESENTATION_CONTEXT(2) 
PARAMETRIC_REPRESENTATION_CONTEXT() REPRESENTATION_CONTEXT('2D SPACE',''
  ) );
#1324 = ADVANCED_FACE('',(#1325),#1127,.T.);
#1325 = FACE_BOUND('',#1326,.T.);
#1326 = EDGE_LOOP('',(#1327,#1328,#1366,#1396));
#1327 = ORIENTED_EDGE('',*,*,#1112,.F.);
#1328 = ORIENTED_EDGE('',*,*,#1329,.T.);
#1329 = EDGE_CURVE('',#979,#1330,#1332,.T.);
#1330 = VERTEX_POINT('',#1331);
#1331 = CARTESIAN_POINT('',(0.,2.,5.E-02));
#1332 = SURFACE_CURVE('',#1333,(#1348),.PCURVE_S1.);
#1333 = B_SPLINE_CURVE_WITH_KNOTS('',7,(#1334,#1335,#1336,#1337,#1338,
    #1339,#1340,#1341,#1342,#1343,#1344,#1345,#1346,#1347),
  .UNSPECIFIED.,.F.,.F.,(8,6,8),(0.,0.529696595065,1.),.UNSPECIFIED.);
#1334 = CARTESIAN_POINT('',(-1.734723475977E-17,1.95,8.673617379884E-19)
  );
#1335 = CARTESIAN_POINT('',(-1.734723475977E-17,1.955350770398,
    5.867075414274E-14));
#1336 = CARTESIAN_POINT('',(1.791002137675E-17,1.96097840401,
    6.681437664443E-04));
#1337 = CARTESIAN_POINT('',(-6.5743417868E-17,1.966757314145,
    2.128173529158E-03));
#1338 = CARTESIAN_POINT('',(9.834920664063E-17,1.972501712643,
    4.479051437534E-03));
#1339 = CARTESIAN_POINT('',(-7.867042133518E-17,1.977943782519,
    7.739375638333E-03));
#1340 = CARTESIAN_POINT('',(-1.547535529799E-18,1.982844245168,
    1.178344045677E-02));
#1341 = CARTESIAN_POINT('',(-1.547535529799E-18,1.990786175185,
    2.054784694682E-02));
#1342 = CARTESIAN_POINT('',(-1.890239769429E-16,1.993974708178,
    2.514105359648E-02));
#1343 = CARTESIAN_POINT('',(2.277788369355E-16,1.996507890311,
    3.00771113909E-02));
#1344 = CARTESIAN_POINT('',(1.096120575977E-16,1.998334045435,
    3.517974599715E-02));
#1345 = CARTESIAN_POINT('',(-3.538057983176E-16,1.999472958714,
    4.02804555754E-02));
#1346 = CARTESIAN_POINT('',(1.110223024625E-16,1.999999999965,
    4.5249177462E-02));
#1347 = CARTESIAN_POINT('',(1.110223024625E-16,2.,5.E-02));
#1348 = PCURVE('',#1127,#1349);
#1349 = DEFINITIONAL_REPRESENTATION('',(#1350),#1365);
#1350 = B_SPLINE_CURVE_WITH_KNOTS('',7,(#1351,#1352,#1353,#1354,#1355,
    #1356,#1357,#1358,#1359,#1360,#1361,#1362,#1363,#1364),
  .UNSPECIFIED.,.F.,.F.,(8,6,8),(0.,0.529696595065,1.),.UNSPECIFIED.);
#1351 = CARTESIAN_POINT('',(0.,-3.122610676976E-14));
#1352 = CARTESIAN_POINT('',(0.756713206664,-3.14205647954E-14));
#1353 = CARTESIAN_POINT('',(1.513424351312,-3.171838599278E-14));
#1354 = CARTESIAN_POINT('',(2.270133132421,-3.158619319644E-14));
#1355 = CARTESIAN_POINT('',(3.02683977334,-3.21153565584E-14));
#1356 = CARTESIAN_POINT('',(3.783545451562,-3.186265248174E-14));
#1357 = CARTESIAN_POINT('',(4.540251404004,-3.201522191977E-14));
#1358 = CARTESIAN_POINT('',(5.968817510276,-3.198508298621E-14));
#1359 = CARTESIAN_POINT('',(6.640677708272,-3.197646239967E-14));
#1360 = CARTESIAN_POINT('',(7.312538816999,-3.178681425236E-14));
#1361 = CARTESIAN_POINT('',(7.98440143034,-3.169804406395E-14));
#1362 = CARTESIAN_POINT('',(8.656265924929,-3.166798467309E-14));
#1363 = CARTESIAN_POINT('',(9.328132235498,-3.138958120733E-14));
#1364 = CARTESIAN_POINT('',(10.,-3.120182064109E-14));
#1365 = ( GEOMETRIC_REPRESENTATION_CONTEXT(2) 
PARAMETRIC_REPRESENTATION_CONTEXT() REPRESENTATION_CONTEXT('2D SPACE',''
  ) );
#1366 = ORIENTED_EDGE('',*,*,#1367,.T.);
#1367 = EDGE_CURVE('',#1330,#1368,#1370,.T.);
#1368 = VERTEX_POINT('',#1369);
#1369 = CARTESIAN_POINT('',(2.80635083269,2.,5.E-02));
#1370 = SURFACE_CURVE('',#1371,(#1377,#1384),.PCURVE_S1.);
#1371 = B_SPLINE_CURVE_WITH_KNOTS('',2,(#1372,#1373,#1374,#1375,#1376),
  .UNSPECIFIED.,.F.,.F.,(3,1,1,3),(-0.612,-3.120637429022E-14,10.,10.612
    ),.UNSPECIFIED.);
#1372 = CARTESIAN_POINT('',(-0.612,2.,5.E-02));
#1373 = CARTESIAN_POINT('',(-0.306,2.,5.E-02));
#1374 = CARTESIAN_POINT('',(5.,2.,5.E-02));
#1375 = CARTESIAN_POINT('',(10.306,2.,5.E-02));
#1376 = CARTESIAN_POINT('',(10.612,2.,5.E-02));
#1377 = PCURVE('',#1127,#1378);
#1378 = DEFINITIONAL_REPRESENTATION('',(#1379),#1383);
#1379 = LINE('',#1380,#1381);
#1380 = CARTESIAN_POINT('',(10.,0.));
#1381 = VECTOR('',#1382,1.);
#1382 = DIRECTION('',(0.,1.));
#1383 = ( GEOMETRIC_REPRESENTATION_CONTEXT(2) 
PARAMETRIC_REPRESENTATION_CONTEXT() REPRESENTATION_CONTEXT('2D SPACE',''
  ) );
#1384 = PCURVE('',#1385,#1391);
#1385 = SURFACE_OF_LINEAR_EXTRUSION('',#1386,#1389);
#1386 = B_SPLINE_CURVE_WITH_KNOTS('',1,(#1387,#1388),.UNSPECIFIED.,.F.,
  .F.,(2,2),(0.,1.),.PIECEWISE_BEZIER_KNOTS.);
#1387 = CARTESIAN_POINT('',(0.,2.,0.));
#1388 = CARTESIAN_POINT('',(0.,2.,3.));
#1389 = VECTOR('',#1390,1.);
#1390 = DIRECTION('',(-1.,-0.,-0.));
#1391 = DEFINITIONAL_REPRESENTATION('',(#1392),#1395);
#1392 = B_SPLINE_CURVE_WITH_KNOTS('',1,(#1393,#1394),.UNSPECIFIED.,.F.,
  .F.,(2,2),(-3.120637429022E-14,10.),.PIECEWISE_BEZIER_KNOTS.);
#1393 = CARTESIAN_POINT('',(1.666666666667E-02,-1.33226762955E-15));
#1394 = CARTESIAN_POINT('',(1.666666666667E-02,-10.));
#1395 = ( GEOMETRIC_REPRESENTATION_CONTEXT(2) 
PARAMETRIC_REPRESENTATION_CONTEXT() REPRESENTATION_CONTEXT('2D SPACE',''
  ) );
#1396 = ORIENTED_EDGE('',*,*,#1397,.T.);
#1397 = EDGE_CURVE('',#1368,#1052,#1398,.T.);
#1398 = SURFACE_CURVE('',#1399,(#1414,#1432),.PCURVE_S1.);
#1399 = B_SPLINE_CURVE_WITH_KNOTS('',7,(#1400,#1401,#1402,#1403,#1404,
    #1405,#1406,#1407,#1408,#1409,#1410,#1411,#1412,#1413),
  .UNSPECIFIED.,.F.,.F.,(8,6,8),(0.,0.519635808642,1.),.UNSPECIFIED.);
#1400 = CARTESIAN_POINT('',(2.80635083269,2.,5.E-02));
#1401 = CARTESIAN_POINT('',(2.804995348812,2.,4.475023351415E-02));
#1402 = CARTESIAN_POINT('',(2.803748253657,1.999356860706,
    3.923421937362E-02));
#1403 = CARTESIAN_POINT('',(2.802667100961,1.997953713808,
    3.357053405727E-02));
#1404 = CARTESIAN_POINT('',(2.801815710898,1.99569713101,
    2.793388714233E-02));
#1405 = CARTESIAN_POINT('',(2.801255660708,1.992566462935,
    2.257350478538E-02));
#1406 = CARTESIAN_POINT('',(2.80101354977,1.988672943184,
    1.771691994703E-02));
#1407 = CARTESIAN_POINT('',(2.801150324081,1.980039721152,
    9.627828186406E-03));
#1408 = CARTESIAN_POINT('',(2.801483656,1.975386353039,
    6.300447020328E-03));
#1409 = CARTESIAN_POINT('',(2.802080847659,1.970361402062,
    3.649670732079E-03));
#1410 = CARTESIAN_POINT('',(2.802915040652,1.965148074435,
    1.741229669963E-03));
#1411 = CARTESIAN_POINT('',(2.803937370623,1.959933521106,
    5.495699973891E-04));
#1412 = CARTESIAN_POINT('',(2.805097788244,1.954853020272,
    3.081707187093E-18));
#1413 = CARTESIAN_POINT('',(2.80635083269,1.95,1.734723475977E-18));
#1414 = PCURVE('',#1127,#1415);
#1415 = DEFINITIONAL_REPRESENTATION('',(#1416),#1431);
#1416 = B_SPLINE_CURVE_WITH_KNOTS('',7,(#1417,#1418,#1419,#1420,#1421,
    #1422,#1423,#1424,#1425,#1426,#1427,#1428,#1429,#1430),
  .UNSPECIFIED.,.F.,.F.,(8,6,8),(0.,0.519635808642,1.),.UNSPECIFIED.);
#1417 = CARTESIAN_POINT('',(10.,2.80635083269));
#1418 = CARTESIAN_POINT('',(9.257570903641,2.804995348812));
#1419 = CARTESIAN_POINT('',(8.515178010993,2.803748253657));
#1420 = CARTESIAN_POINT('',(7.772827887637,2.802667100961));
#1421 = CARTESIAN_POINT('',(7.030517768883,2.801815710898));
#1422 = CARTESIAN_POINT('',(6.288230169323,2.801255660707));
#1423 = CARTESIAN_POINT('',(5.545945880322,2.80101354977));
#1424 = CARTESIAN_POINT('',(4.117473869272,2.801150324081));
#1425 = CARTESIAN_POINT('',(3.431282356184,2.801483656));
#1426 = CARTESIAN_POINT('',(2.745083126543,2.802080847659));
#1427 = CARTESIAN_POINT('',(2.058863166567,2.802915040652));
#1428 = CARTESIAN_POINT('',(1.372609794428,2.803937370623));
#1429 = CARTESIAN_POINT('',(0.686320708652,2.805097788244));
#1430 = CARTESIAN_POINT('',(0.,2.80635083269));
#1431 = ( GEOMETRIC_REPRESENTATION_CONTEXT(2) 
PARAMETRIC_REPRESENTATION_CONTEXT() REPRESENTATION_CONTEXT('2D SPACE',''
  ) );
#1432 = PCURVE('',#1089,#1433);
#1433 = DEFINITIONAL_REPRESENTATION('',(#1434),#1449);
#1434 = B_SPLINE_CURVE_WITH_KNOTS('',7,(#1435,#1436,#1437,#1438,#1439,
    #1440,#1441,#1442,#1443,#1444,#1445,#1446,#1447,#1448),
  .UNSPECIFIED.,.F.,.F.,(8,6,8),(0.,0.519635808642,1.),.UNSPECIFIED.);
#1435 = CARTESIAN_POINT('',(3.14159265359,0.252680255142));
#1436 = CARTESIAN_POINT('',(3.14159265359,0.22557057758));
#1437 = CARTESIAN_POINT('',(3.144913532017,0.19730751722));
#1438 = CARTESIAN_POINT('',(3.152063131411,0.168503757122));
#1439 = CARTESIAN_POINT('',(3.163418294049,0.140026207934));
#1440 = CARTESIAN_POINT('',(3.179053629042,0.11305791712));
#1441 = CARTESIAN_POINT('',(3.198483324729,8.868425794084E-02));
#1442 = CARTESIAN_POINT('',(3.241666559575,4.81461571016E-02));
#1443 = CARTESIAN_POINT('',(3.264982005204,3.15011452617E-02));
#1444 = CARTESIAN_POINT('',(3.290249577969,1.824889846319E-02));
#1445 = CARTESIAN_POINT('',(3.316616966128,8.70592582384E-03));
#1446 = CARTESIAN_POINT('',(3.343165682567,2.747900174865E-03));
#1447 = CARTESIAN_POINT('',(3.369212019811,2.109219358777E-17));
#1448 = CARTESIAN_POINT('',(3.394272908732,8.673617379884E-18));
#1449 = ( GEOMETRIC_REPRESENTATION_CONTEXT(2) 
PARAMETRIC_REPRESENTATION_CONTEXT() REPRESENTATION_CONTEXT('2D SPACE',''
  ) );
#1450 = ADVANCED_FACE('',(#1451),#1302,.T.);
#1451 = FACE_BOUND('',#1452,.T.);
#1452 = EDGE_LOOP('',(#1453,#1479,#1515,#1516));
#1453 = ORIENTED_EDGE('',*,*,#1454,.F.);
#1454 = EDGE_CURVE('',#1455,#1457,#1459,.T.);
#1455 = VERTEX_POINT('',#1456);
#1456 = CARTESIAN_POINT('',(0.,2.,2.95));
#1457 = VERTEX_POINT('',#1458);
#1458 = CARTESIAN_POINT('',(2.80635083269,2.,2.95));
#1459 = SURFACE_CURVE('',#1460,(#1466,#1473),.PCURVE_S1.);
#1460 = B_SPLINE_CURVE_WITH_KNOTS('',2,(#1461,#1462,#1463,#1464,#1465),
  .UNSPECIFIED.,.F.,.F.,(3,1,1,3),(-0.612,-3.11996305527E-14,10.,10.612)
  ,.UNSPECIFIED.);
#1461 = CARTESIAN_POINT('',(-0.612,2.,2.95));
#1462 = CARTESIAN_POINT('',(-0.306,2.,2.95));
#1463 = CARTESIAN_POINT('',(5.,2.,2.95));
#1464 = CARTESIAN_POINT('',(10.306,2.,2.95));
#1465 = CARTESIAN_POINT('',(10.612,2.,2.95));
#1466 = PCURVE('',#1302,#1467);
#1467 = DEFINITIONAL_REPRESENTATION('',(#1468),#1472);
#1468 = LINE('',#1469,#1470);
#1469 = CARTESIAN_POINT('',(0.,0.));
#1470 = VECTOR('',#1471,1.);
#1471 = DIRECTION('',(0.,1.));
#1472 = ( GEOMETRIC_REPRESENTATION_CONTEXT(2) 
PARAMETRIC_REPRESENTATION_CONTEXT() REPRESENTATION_CONTEXT('2D SPACE',''
  ) );
#1473 = PCURVE('',#1385,#1474);
#1474 = DEFINITIONAL_REPRESENTATION('',(#1475),#1478);
#1475 = B_SPLINE_CURVE_WITH_KNOTS('',1,(#1476,#1477),.UNSPECIFIED.,.F.,
  .F.,(2,2),(-3.11996305527E-14,10.),.PIECEWISE_BEZIER_KNOTS.);
#1476 = CARTESIAN_POINT('',(0.983333333333,-1.33226762955E-15));
#1477 = CARTESIAN_POINT('',(0.983333333333,-10.));
#1478 = ( GEOMETRIC_REPRESENTATION_CONTEXT(2) 
PARAMETRIC_REPRESENTATION_CONTEXT() REPRESENTATION_CONTEXT('2D SPACE',''
  ) );
#1479 = ORIENTED_EDGE('',*,*,#1480,.T.);
#1480 = EDGE_CURVE('',#1455,#1154,#1481,.T.);
#1481 = SURFACE_CURVE('',#1482,(#1497),.PCURVE_S1.);
#1482 = B_SPLINE_CURVE_WITH_KNOTS('',7,(#1483,#1484,#1485,#1486,#1487,
    #1488,#1489,#1490,#1491,#1492,#1493,#1494,#1495,#1496),
  .UNSPECIFIED.,.F.,.F.,(8,6,8),(0.,0.433419720593,1.),.UNSPECIFIED.);
#1483 = CARTESIAN_POINT('',(1.110223024625E-16,2.,2.95));
#1484 = CARTESIAN_POINT('',(1.110223024625E-16,1.999999999978,
    2.95437823808));
#1485 = CARTESIAN_POINT('',(-3.538111521748E-16,1.999552487847,
    2.958941630334));
#1486 = CARTESIAN_POINT('',(1.285680803178E-16,1.998590630458,
    2.963622544591));
#1487 = CARTESIAN_POINT('',(2.223774020586E-16,1.997055471709,
    2.968322444473));
#1488 = CARTESIAN_POINT('',(-2.221170257867E-16,1.994924832738,
    2.97291410712));
#1489 = CARTESIAN_POINT('',(2.473070133253E-17,1.992225567664,
    2.977260822742));
#1490 = CARTESIAN_POINT('',(2.473070133253E-17,1.984850746833,
    2.986470725045));
#1491 = CARTESIAN_POINT('',(-2.334493215484E-16,1.979822617188,
    2.991081732708));
#1492 = CARTESIAN_POINT('',(2.970687768093E-16,1.974100786236,
    2.994839673762));
#1493 = CARTESIAN_POINT('',(-1.744843206581E-16,1.967966420212,
    2.997555565001));
#1494 = CARTESIAN_POINT('',(4.718721692086E-17,1.961763541534,
    2.999235481605));
#1495 = CARTESIAN_POINT('',(-1.734723475977E-17,1.955723353316,3.));
#1496 = CARTESIAN_POINT('',(-1.734723475977E-17,1.95,3.));
#1497 = PCURVE('',#1302,#1498);
#1498 = DEFINITIONAL_REPRESENTATION('',(#1499),#1514);
#1499 = B_SPLINE_CURVE_WITH_KNOTS('',7,(#1500,#1501,#1502,#1503,#1504,
    #1505,#1506,#1507,#1508,#1509,#1510,#1511,#1512,#1513),
  .UNSPECIFIED.,.F.,.F.,(8,6,8),(0.,0.433419720593,1.),.UNSPECIFIED.);
#1500 = CARTESIAN_POINT('',(0.,-3.118457098453E-14));
#1501 = CARTESIAN_POINT('',(0.619176365969,-3.135760638135E-14));
#1502 = CARTESIAN_POINT('',(1.238351441847,-3.169587389989E-14));
#1503 = CARTESIAN_POINT('',(1.857524994078,-3.15927693376E-14));
#1504 = CARTESIAN_POINT('',(2.476696983729,-3.172246460414E-14));
#1505 = CARTESIAN_POINT('',(3.095867656998,-3.205753430959E-14));
#1506 = CARTESIAN_POINT('',(3.715037410853,-3.190051446252E-14));
#1507 = CARTESIAN_POINT('',(5.143604210055,-3.196714459907E-14));
#1508 = CARTESIAN_POINT('',(5.953001004403,-3.229041314911E-14));
#1509 = CARTESIAN_POINT('',(6.762397091008,-3.156415328088E-14));
#1510 = CARTESIAN_POINT('',(7.571794031844,-3.203063760768E-14));
#1511 = CARTESIAN_POINT('',(8.381193464161,-3.160441071901E-14));
#1512 = CARTESIAN_POINT('',(9.190595611777,-3.143420280482E-14));
#1513 = CARTESIAN_POINT('',(10.,-3.122620434795E-14));
#1514 = ( GEOMETRIC_REPRESENTATION_CONTEXT(2) 
PARAMETRIC_REPRESENTATION_CONTEXT() REPRESENTATION_CONTEXT('2D SPACE',''
  ) );
#1515 = ORIENTED_EDGE('',*,*,#1287,.T.);
#1516 = ORIENTED_EDGE('',*,*,#1517,.T.);
#1517 = EDGE_CURVE('',#1227,#1457,#1518,.T.);
#1518 = SURFACE_CURVE('',#1519,(#1534,#1552),.PCURVE_S1.);
#1519 = B_SPLINE_CURVE_WITH_KNOTS('',7,(#1520,#1521,#1522,#1523,#1524,
    #1525,#1526,#1527,#1528,#1529,#1530,#1531,#1532,#1533),
  .UNSPECIFIED.,.F.,.F.,(8,6,8),(0.,0.47999809967,1.),.UNSPECIFIED.);
#1520 = CARTESIAN_POINT('',(2.80635083269,1.95,3.));
#1521 = CARTESIAN_POINT('',(2.80509874319,1.954849321781,3.));
#1522 = CARTESIAN_POINT('',(2.803939139429,1.959925777097,2.999451267562
    ));
#1523 = CARTESIAN_POINT('',(2.802917378259,1.965136153398,2.998261493034
    ));
#1524 = CARTESIAN_POINT('',(2.802083391372,1.970345507988,2.99635614561)
  );
#1525 = CARTESIAN_POINT('',(2.801485932969,1.975367205079,2.993709648906
    ));
#1526 = CARTESIAN_POINT('',(2.801151850608,1.980018439301,2.990387381143
    ));
#1527 = CARTESIAN_POINT('',(2.801012528722,1.988656478777,2.982303605991
    ));
#1528 = CARTESIAN_POINT('',(2.801253689312,1.992555432113,2.977445374623
    ));
#1529 = CARTESIAN_POINT('',(2.801813312337,1.995690767033,2.972081999539
    ));
#1530 = CARTESIAN_POINT('',(2.802664816099,1.997950748605,2.966441435107
    ));
#1531 = CARTESIAN_POINT('',(2.803746496519,1.999355953717,2.960773553489
    ));
#1532 = CARTESIAN_POINT('',(2.80499439387,2.,2.95525346496));
#1533 = CARTESIAN_POINT('',(2.80635083269,2.,2.95));
#1534 = PCURVE('',#1302,#1535);
#1535 = DEFINITIONAL_REPRESENTATION('',(#1536),#1551);
#1536 = B_SPLINE_CURVE_WITH_KNOTS('',7,(#1537,#1538,#1539,#1540,#1541,
    #1542,#1543,#1544,#1545,#1546,#1547,#1548,#1549,#1550),
  .UNSPECIFIED.,.F.,.F.,(8,6,8),(0.,0.47999809967,1.),.UNSPECIFIED.);
#1537 = CARTESIAN_POINT('',(10.,2.80635083269));
#1538 = CARTESIAN_POINT('',(9.31420233692,2.80509874319));
#1539 = CARTESIAN_POINT('',(8.628436264299,2.803939139429));
#1540 = CARTESIAN_POINT('',(7.942705849085,2.802917378259));
#1541 = CARTESIAN_POINT('',(7.257008789502,2.802083391372));
#1542 = CARTESIAN_POINT('',(6.571332449992,2.801485932969));
#1543 = CARTESIAN_POINT('',(5.885663854864,2.801151850608));
#1544 = CARTESIAN_POINT('',(4.457191817943,2.801012528722));
#1545 = CARTESIAN_POINT('',(3.714384599943,2.801253689311));
#1546 = CARTESIAN_POINT('',(2.971574119384,2.801813312337));
#1547 = CARTESIAN_POINT('',(2.22874111537,2.802664816099));
#1548 = CARTESIAN_POINT('',(1.485868043374,2.803746496519));
#1549 = CARTESIAN_POINT('',(0.742952139574,2.80499439387));
#1550 = CARTESIAN_POINT('',(0.,2.80635083269));
#1551 = ( GEOMETRIC_REPRESENTATION_CONTEXT(2) 
PARAMETRIC_REPRESENTATION_CONTEXT() REPRESENTATION_CONTEXT('2D SPACE',''
  ) );
#1552 = PCURVE('',#1264,#1553);
#1553 = DEFINITIONAL_REPRESENTATION('',(#1554),#1569);
#1554 = B_SPLINE_CURVE_WITH_KNOTS('',7,(#1555,#1556,#1557,#1558,#1559,
    #1560,#1561,#1562,#1563,#1564,#1565,#1566,#1567,#1568),
  .UNSPECIFIED.,.F.,.F.,(8,6,8),(0.,0.47999809967,1.),.UNSPECIFIED.);
#1555 = CARTESIAN_POINT('',(3.394272908732,2.22044604925E-15));
#1556 = CARTESIAN_POINT('',(3.369231118735,2.109423746788E-15));
#1557 = CARTESIAN_POINT('',(3.343205383601,-2.743712104867E-03));
#1558 = CARTESIAN_POINT('',(3.316677661233,-8.692313553127E-03));
#1559 = CARTESIAN_POINT('',(3.290329963748,-1.821981354234E-02));
#1560 = CARTESIAN_POINT('',(3.265078291596,-3.145067246336E-02));
#1561 = CARTESIAN_POINT('',(3.241773191441,-4.807007328572E-02));
#1562 = CARTESIAN_POINT('',(3.198565484987,-8.858124549348E-02));
#1563 = CARTESIAN_POINT('',(3.179108723769,-0.112962933859));
#1564 = CARTESIAN_POINT('',(3.163450311072,-0.139945946814));
#1565 = CARTESIAN_POINT('',(3.152078244878,-0.168442885001));
#1566 = CARTESIAN_POINT('',(3.144918213815,-0.197267690891));
#1567 = CARTESIAN_POINT('',(3.14159265359,-0.225551478743));
#1568 = CARTESIAN_POINT('',(3.14159265359,-0.252680255142));
#1569 = ( GEOMETRIC_REPRESENTATION_CONTEXT(2) 
PARAMETRIC_REPRESENTATION_CONTEXT() REPRESENTATION_CONTEXT('2D SPACE',''
  ) );
#1570 = ADVANCED_FACE('',(#1571),#1385,.F.);
#1571 = FACE_BOUND('',#1572,.F.);
#1572 = EDGE_LOOP('',(#1573,#1586,#1587,#1625,#1654,#1678,#1693,#1717,
    #1746,#1782));
#1573 = ORIENTED_EDGE('',*,*,#1574,.F.);
#1574 = EDGE_CURVE('',#1330,#1455,#1575,.T.);
#1575 = SURFACE_CURVE('',#1576,(#1579),.PCURVE_S1.);
#1576 = B_SPLINE_CURVE_WITH_KNOTS('',1,(#1577,#1578),.UNSPECIFIED.,.F.,
  .F.,(2,2),(0.,1.),.PIECEWISE_BEZIER_KNOTS.);
#1577 = CARTESIAN_POINT('',(0.,2.,0.));
#1578 = CARTESIAN_POINT('',(0.,2.,3.));
#1579 = PCURVE('',#1385,#1580);
#1580 = DEFINITIONAL_REPRESENTATION('',(#1581),#1585);
#1581 = LINE('',#1582,#1583);
#1582 = CARTESIAN_POINT('',(0.,0.));
#1583 = VECTOR('',#1584,1.);
#1584 = DIRECTION('',(1.,0.));
#1585 = ( GEOMETRIC_REPRESENTATION_CONTEXT(2) 
PARAMETRIC_REPRESENTATION_CONTEXT() REPRESENTATION_CONTEXT('2D SPACE',''
  ) );
#1586 = ORIENTED_EDGE('',*,*,#1367,.T.);
#1587 = ORIENTED_EDGE('',*,*,#1588,.T.);
#1588 = EDGE_CURVE('',#1368,#1589,#1591,.T.);
#1589 = VERTEX_POINT('',#1590);
#1590 = CARTESIAN_POINT('',(3.,2.,0.2));
#1591 = SURFACE_CURVE('',#1592,(#1601,#1613),.PCURVE_S1.);
#1592 = B_SPLINE_CURVE_WITH_KNOTS('',7,(#1593,#1594,#1595,#1596,#1597,
    #1598,#1599,#1600),.UNSPECIFIED.,.F.,.F.,(8,8),(0.,1.),
  .PIECEWISE_BEZIER_KNOTS.);
#1593 = CARTESIAN_POINT('',(2.806350367941,2.,4.99982E-02));
#1594 = CARTESIAN_POINT('',(2.815849875628,2.,8.679104791046E-02));
#1595 = CARTESIAN_POINT('',(2.83348794741,2.,0.121413222955));
#1596 = CARTESIAN_POINT('',(2.858633342125,2.,0.151625810163));
#1597 = CARTESIAN_POINT('',(2.889841115471,2.,0.175513261253));
#1598 = CARTESIAN_POINT('',(2.925189582607,2.,0.191840549697));
#1599 = CARTESIAN_POINT('',(2.96259964343,2.,0.2));
#1600 = CARTESIAN_POINT('',(3.,2.,0.2));
#1601 = PCURVE('',#1385,#1602);
#1602 = DEFINITIONAL_REPRESENTATION('',(#1603),#1612);
#1603 = B_SPLINE_CURVE_WITH_KNOTS('',7,(#1604,#1605,#1606,#1607,#1608,
    #1609,#1610,#1611),.UNSPECIFIED.,.F.,.F.,(8,8),(0.,1.),
  .PIECEWISE_BEZIER_KNOTS.);
#1604 = CARTESIAN_POINT('',(1.666606666667E-02,-2.806350367941));
#1605 = CARTESIAN_POINT('',(2.893034930349E-02,-2.815849875628));
#1606 = CARTESIAN_POINT('',(4.04710743183E-02,-2.83348794741));
#1607 = CARTESIAN_POINT('',(5.054193672116E-02,-2.858633342125));
#1608 = CARTESIAN_POINT('',(5.85044204176E-02,-2.889841115471));
#1609 = CARTESIAN_POINT('',(6.394684989893E-02,-2.925189582607));
#1610 = CARTESIAN_POINT('',(6.666666666667E-02,-2.96259964343));
#1611 = CARTESIAN_POINT('',(6.666666666667E-02,-3.));
#1612 = ( GEOMETRIC_REPRESENTATION_CONTEXT(2) 
PARAMETRIC_REPRESENTATION_CONTEXT() REPRESENTATION_CONTEXT('2D SPACE',''
  ) );
#1613 = PCURVE('',#1089,#1614);
#1614 = DEFINITIONAL_REPRESENTATION('',(#1615),#1624);
#1615 = B_SPLINE_CURVE_WITH_KNOTS('',7,(#1616,#1617,#1618,#1619,#1620,
    #1621,#1622,#1623),.UNSPECIFIED.,.F.,.F.,(8,8),(0.,1.),
  .PIECEWISE_BEZIER_KNOTS.);
#1616 = CARTESIAN_POINT('',(3.14159265359,0.252670959993));
#1617 = CARTESIAN_POINT('',(3.14159265359,0.442667953632));
#1618 = CARTESIAN_POINT('',(3.14159265359,0.632329111309));
#1619 = CARTESIAN_POINT('',(3.14159265359,0.821227869312));
#1620 = CARTESIAN_POINT('',(3.14159265359,1.00931474379));
#1621 = CARTESIAN_POINT('',(3.14159265359,1.19674584374));
#1622 = CARTESIAN_POINT('',(3.14159265359,1.383794543947));
#1623 = CARTESIAN_POINT('',(3.14159265359,1.570796326795));
#1624 = ( GEOMETRIC_REPRESENTATION_CONTEXT(2) 
PARAMETRIC_REPRESENTATION_CONTEXT() REPRESENTATION_CONTEXT('2D SPACE',''
  ) );
#1625 = ORIENTED_EDGE('',*,*,#1626,.F.);
#1626 = EDGE_CURVE('',#1627,#1589,#1629,.T.);
#1627 = VERTEX_POINT('',#1628);
#1628 = CARTESIAN_POINT('',(3.19364916731,2.,5.E-02));
#1629 = SURFACE_CURVE('',#1630,(#1635,#1647),.PCURVE_S1.);
#1630 = CIRCLE('',#1631,0.2);
#1631 = AXIS2_PLACEMENT_3D('',#1632,#1633,#1634);
#1632 = CARTESIAN_POINT('',(3.,2.,0.));
#1633 = DIRECTION('',(-2.449293598295E-16,-1.,0.));
#1634 = DIRECTION('',(1.,-2.449293598295E-16,0.));
#1635 = PCURVE('',#1385,#1636);
#1636 = DEFINITIONAL_REPRESENTATION('',(#1637),#1646);
#1637 = B_SPLINE_CURVE_WITH_KNOTS('',7,(#1638,#1639,#1640,#1641,#1642,
    #1643,#1644,#1645),.UNSPECIFIED.,.F.,.F.,(8,8),(6.535865562322,
    7.853981633974),.PIECEWISE_BEZIER_KNOTS.);
#1638 = CARTESIAN_POINT('',(1.666666666667E-02,-3.19364916731));
#1639 = CARTESIAN_POINT('',(2.882152760448E-02,-3.184234052513));
#1640 = CARTESIAN_POINT('',(4.028691166988E-02,-3.166808125446));
#1641 = CARTESIAN_POINT('',(5.035902868756E-02,-3.141917061345));
#1642 = CARTESIAN_POINT('',(5.839329176612E-02,-3.110800494242));
#1643 = CARTESIAN_POINT('',(6.390881890609E-02,-3.075320872114));
#1644 = CARTESIAN_POINT('',(6.666666666667E-02,-3.03766045919));
#1645 = CARTESIAN_POINT('',(6.666666666667E-02,-3.));
#1646 = ( GEOMETRIC_REPRESENTATION_CONTEXT(2) 
PARAMETRIC_REPRESENTATION_CONTEXT() REPRESENTATION_CONTEXT('2D SPACE',''
  ) );
#1647 = PCURVE('',#1089,#1648);
#1648 = DEFINITIONAL_REPRESENTATION('',(#1649),#1653);
#1649 = LINE('',#1650,#1651);
#1650 = CARTESIAN_POINT('',(6.28318530718,-6.28318530718));
#1651 = VECTOR('',#1652,1.);
#1652 = DIRECTION('',(0.,1.));
#1653 = ( GEOMETRIC_REPRESENTATION_CONTEXT(2) 
PARAMETRIC_REPRESENTATION_CONTEXT() REPRESENTATION_CONTEXT('2D SPACE',''
  ) );
#1654 = ORIENTED_EDGE('',*,*,#1655,.T.);
#1655 = EDGE_CURVE('',#1627,#1656,#1658,.T.);
#1656 = VERTEX_POINT('',#1657);
#1657 = CARTESIAN_POINT('',(10.,2.,5.E-02));
#1658 = SURFACE_CURVE('',#1659,(#1665,#1671),.PCURVE_S1.);
#1659 = B_SPLINE_CURVE_WITH_KNOTS('',2,(#1660,#1661,#1662,#1663,#1664),
  .UNSPECIFIED.,.F.,.F.,(3,1,1,3),(-0.612,-3.120637429022E-14,10.,10.612
    ),.UNSPECIFIED.);
#1660 = CARTESIAN_POINT('',(-0.612,2.,5.E-02));
#1661 = CARTESIAN_POINT('',(-0.306,2.,5.E-02));
#1662 = CARTESIAN_POINT('',(5.,2.,5.E-02));
#1663 = CARTESIAN_POINT('',(10.306,2.,5.E-02));
#1664 = CARTESIAN_POINT('',(10.612,2.,5.E-02));
#1665 = PCURVE('',#1385,#1666);
#1666 = DEFINITIONAL_REPRESENTATION('',(#1667),#1670);
#1667 = B_SPLINE_CURVE_WITH_KNOTS('',1,(#1668,#1669),.UNSPECIFIED.,.F.,
  .F.,(2,2),(-3.120637429022E-14,10.),.PIECEWISE_BEZIER_KNOTS.);
#1668 = CARTESIAN_POINT('',(1.666666666667E-02,-1.33226762955E-15));
#1669 = CARTESIAN_POINT('',(1.666666666667E-02,-10.));
#1670 = ( GEOMETRIC_REPRESENTATION_CONTEXT(2) 
PARAMETRIC_REPRESENTATION_CONTEXT() REPRESENTATION_CONTEXT('2D SPACE',''
  ) );
#1671 = PCURVE('',#1028,#1672);
#1672 = DEFINITIONAL_REPRESENTATION('',(#1673),#1677);
#1673 = LINE('',#1674,#1675);
#1674 = CARTESIAN_POINT('',(10.,0.));
#1675 = VECTOR('',#1676,1.);
#1676 = DIRECTION('',(0.,1.));
#1677 = ( GEOMETRIC_REPRESENTATION_CONTEXT(2) 
PARAMETRIC_REPRESENTATION_CONTEXT() REPRESENTATION_CONTEXT('2D SPACE',''
  ) );
#1678 = ORIENTED_EDGE('',*,*,#1679,.T.);
#1679 = EDGE_CURVE('',#1656,#1680,#1682,.T.);
#1680 = VERTEX_POINT('',#1681);
#1681 = CARTESIAN_POINT('',(10.,2.,2.95));
#1682 = SURFACE_CURVE('',#1683,(#1686),.PCURVE_S1.);
#1683 = B_SPLINE_CURVE_WITH_KNOTS('',1,(#1684,#1685),.UNSPECIFIED.,.F.,
  .F.,(2,2),(0.,1.),.PIECEWISE_BEZIER_KNOTS.);
#1684 = CARTESIAN_POINT('',(10.,2.,0.));
#1685 = CARTESIAN_POINT('',(10.,2.,3.));
#1686 = PCURVE('',#1385,#1687);
#1687 = DEFINITIONAL_REPRESENTATION('',(#1688),#1692);
#1688 = LINE('',#1689,#1690);
#1689 = CARTESIAN_POINT('',(0.,-10.));
#1690 = VECTOR('',#1691,1.);
#1691 = DIRECTION('',(1.,0.));
#1692 = ( GEOMETRIC_REPRESENTATION_CONTEXT(2) 
PARAMETRIC_REPRESENTATION_CONTEXT() REPRESENTATION_CONTEXT('2D SPACE',''
  ) );
#1693 = ORIENTED_EDGE('',*,*,#1694,.F.);
#1694 = EDGE_CURVE('',#1695,#1680,#1697,.T.);
#1695 = VERTEX_POINT('',#1696);
#1696 = CARTESIAN_POINT('',(3.19364916731,2.,2.95));
#1697 = SURFACE_CURVE('',#1698,(#1704,#1710),.PCURVE_S1.);
#1698 = B_SPLINE_CURVE_WITH_KNOTS('',2,(#1699,#1700,#1701,#1702,#1703),
  .UNSPECIFIED.,.F.,.F.,(3,1,1,3),(-0.612,-3.11996305527E-14,10.,10.612)
  ,.UNSPECIFIED.);
#1699 = CARTESIAN_POINT('',(-0.612,2.,2.95));
#1700 = CARTESIAN_POINT('',(-0.306,2.,2.95));
#1701 = CARTESIAN_POINT('',(5.,2.,2.95));
#1702 = CARTESIAN_POINT('',(10.306,2.,2.95));
#1703 = CARTESIAN_POINT('',(10.612,2.,2.95));
#1704 = PCURVE('',#1385,#1705);
#1705 = DEFINITIONAL_REPRESENTATION('',(#1706),#1709);
#1706 = B_SPLINE_CURVE_WITH_KNOTS('',1,(#1707,#1708),.UNSPECIFIED.,.F.,
  .F.,(2,2),(-3.11996305527E-14,10.),.PIECEWISE_BEZIER_KNOTS.);
#1707 = CARTESIAN_POINT('',(0.983333333333,-1.33226762955E-15));
#1708 = CARTESIAN_POINT('',(0.983333333333,-10.));
#1709 = ( GEOMETRIC_REPRESENTATION_CONTEXT(2) 
PARAMETRIC_REPRESENTATION_CONTEXT() REPRESENTATION_CONTEXT('2D SPACE',''
  ) );
#1710 = PCURVE('',#1203,#1711);
#1711 = DEFINITIONAL_REPRESENTATION('',(#1712),#1716);
#1712 = LINE('',#1713,#1714);
#1713 = CARTESIAN_POINT('',(0.,0.));
#1714 = VECTOR('',#1715,1.);
#1715 = DIRECTION('',(0.,1.));
#1716 = ( GEOMETRIC_REPRESENTATION_CONTEXT(2) 
PARAMETRIC_REPRESENTATION_CONTEXT() REPRESENTATION_CONTEXT('2D SPACE',''
  ) );
#1717 = ORIENTED_EDGE('',*,*,#1718,.F.);
#1718 = EDGE_CURVE('',#1719,#1695,#1721,.T.);
#1719 = VERTEX_POINT('',#1720);
#1720 = CARTESIAN_POINT('',(3.,2.,2.8));
#1721 = SURFACE_CURVE('',#1722,(#1727,#1739),.PCURVE_S1.);
#1722 = CIRCLE('',#1723,0.2);
#1723 = AXIS2_PLACEMENT_3D('',#1724,#1725,#1726);
#1724 = CARTESIAN_POINT('',(3.,2.,3.));
#1725 = DIRECTION('',(-2.449293598295E-16,-1.,0.));
#1726 = DIRECTION('',(1.,-2.449293598295E-16,0.));
#1727 = PCURVE('',#1385,#1728);
#1728 = DEFINITIONAL_REPRESENTATION('',(#1729),#1738);
#1729 = B_SPLINE_CURVE_WITH_KNOTS('',7,(#1730,#1731,#1732,#1733,#1734,
    #1735,#1736,#1737),.UNSPECIFIED.,.F.,.F.,(8,8),(4.712388980385,
    6.030505052038),.PIECEWISE_BEZIER_KNOTS.);
#1730 = CARTESIAN_POINT('',(0.933333333333,-3.));
#1731 = CARTESIAN_POINT('',(0.933333333333,-3.03766045919));
#1732 = CARTESIAN_POINT('',(0.936091181094,-3.075320872114));
#1733 = CARTESIAN_POINT('',(0.941606708234,-3.110800494242));
#1734 = CARTESIAN_POINT('',(0.949640971312,-3.141917061345));
#1735 = CARTESIAN_POINT('',(0.95971308833,-3.166808125446));
#1736 = CARTESIAN_POINT('',(0.971178472396,-3.184234052513));
#1737 = CARTESIAN_POINT('',(0.983333333333,-3.19364916731));
#1738 = ( GEOMETRIC_REPRESENTATION_CONTEXT(2) 
PARAMETRIC_REPRESENTATION_CONTEXT() REPRESENTATION_CONTEXT('2D SPACE',''
  ) );
#1739 = PCURVE('',#1264,#1740);
#1740 = DEFINITIONAL_REPRESENTATION('',(#1741),#1745);
#1741 = LINE('',#1742,#1743);
#1742 = CARTESIAN_POINT('',(6.28318530718,-6.28318530718));
#1743 = VECTOR('',#1744,1.);
#1744 = DIRECTION('',(0.,1.));
#1745 = ( GEOMETRIC_REPRESENTATION_CONTEXT(2) 
PARAMETRIC_REPRESENTATION_CONTEXT() REPRESENTATION_CONTEXT('2D SPACE',''
  ) );
#1746 = ORIENTED_EDGE('',*,*,#1747,.T.);
#1747 = EDGE_CURVE('',#1719,#1457,#1748,.T.);
#1748 = SURFACE_CURVE('',#1749,(#1758,#1770),.PCURVE_S1.);
#1749 = B_SPLINE_CURVE_WITH_KNOTS('',7,(#1750,#1751,#1752,#1753,#1754,
    #1755,#1756,#1757),.UNSPECIFIED.,.F.,.F.,(8,8),(0.,1.),
  .PIECEWISE_BEZIER_KNOTS.);
#1750 = CARTESIAN_POINT('',(3.,2.,2.8));
#1751 = CARTESIAN_POINT('',(2.962599222245,2.,2.8));
#1752 = CARTESIAN_POINT('',(2.925189324427,2.,2.808159635795));
#1753 = CARTESIAN_POINT('',(2.889841328997,2.,2.824486846655));
#1754 = CARTESIAN_POINT('',(2.858633658283,2.,2.848373837113));
#1755 = CARTESIAN_POINT('',(2.833487825885,2.,2.878586633288));
#1756 = CARTESIAN_POINT('',(2.815849795074,2.,2.913209264084));
#1757 = CARTESIAN_POINT('',(2.806350367941,2.,2.9500018));
#1758 = PCURVE('',#1385,#1759);
#1759 = DEFINITIONAL_REPRESENTATION('',(#1760),#1769);
#1760 = B_SPLINE_CURVE_WITH_KNOTS('',7,(#1761,#1762,#1763,#1764,#1765,
    #1766,#1767,#1768),.UNSPECIFIED.,.F.,.F.,(8,8),(0.,1.),
  .PIECEWISE_BEZIER_KNOTS.);
#1761 = CARTESIAN_POINT('',(0.933333333333,-3.));
#1762 = CARTESIAN_POINT('',(0.933333333333,-2.962599222245));
#1763 = CARTESIAN_POINT('',(0.936053211932,-2.925189324427));
#1764 = CARTESIAN_POINT('',(0.941495615552,-2.889841328997));
#1765 = CARTESIAN_POINT('',(0.949457945704,-2.858633658283));
#1766 = CARTESIAN_POINT('',(0.959528877763,-2.833487825885));
#1767 = CARTESIAN_POINT('',(0.971069754695,-2.815849795074));
#1768 = CARTESIAN_POINT('',(0.983333933333,-2.806350367941));
#1769 = ( GEOMETRIC_REPRESENTATION_CONTEXT(2) 
PARAMETRIC_REPRESENTATION_CONTEXT() REPRESENTATION_CONTEXT('2D SPACE',''
  ) );
#1770 = PCURVE('',#1264,#1771);
#1771 = DEFINITIONAL_REPRESENTATION('',(#1772),#1781);
#1772 = B_SPLINE_CURVE_WITH_KNOTS('',7,(#1773,#1774,#1775,#1776,#1777,
    #1778,#1779,#1780),.UNSPECIFIED.,.F.,.F.,(8,8),(0.,1.),
  .PIECEWISE_BEZIER_KNOTS.);
#1773 = CARTESIAN_POINT('',(3.14159265359,-1.570796326795));
#1774 = CARTESIAN_POINT('',(3.14159265359,-1.383792438018));
#1775 = CARTESIAN_POINT('',(3.14159265359,-1.196744515321));
#1776 = CARTESIAN_POINT('',(3.14159265359,-1.009315428962));
#1777 = CARTESIAN_POINT('',(3.14159265359,-0.821229682998));
#1778 = CARTESIAN_POINT('',(3.14159265359,-0.632329653102));
#1779 = CARTESIAN_POINT('',(3.14159265359,-0.442666342503));
#1780 = CARTESIAN_POINT('',(3.14159265359,-0.252670959993));
#1781 = ( GEOMETRIC_REPRESENTATION_CONTEXT(2) 
PARAMETRIC_REPRESENTATION_CONTEXT() REPRESENTATION_CONTEXT('2D SPACE',''
  ) );
#1782 = ORIENTED_EDGE('',*,*,#1454,.F.);
#1783 = ADVANCED_FACE('',(#1784),#1028,.T.);
#1784 = FACE_BOUND('',#1785,.T.);
#1785 = EDGE_LOOP('',(#1786,#1787,#1841,#1842));
#1786 = ORIENTED_EDGE('',*,*,#1011,.F.);
#1787 = ORIENTED_EDGE('',*,*,#1788,.F.);
#1788 = EDGE_CURVE('',#1627,#1012,#1789,.T.);
#1789 = SURFACE_CURVE('',#1790,(#1805,#1823),.PCURVE_S1.);
#1790 = B_SPLINE_CURVE_WITH_KNOTS('',7,(#1791,#1792,#1793,#1794,#1795,
    #1796,#1797,#1798,#1799,#1800,#1801,#1802,#1803,#1804),
  .UNSPECIFIED.,.F.,.F.,(8,6,8),(0.,0.519635808642,1.),.UNSPECIFIED.);
#1791 = CARTESIAN_POINT('',(3.19364916731,2.,5.E-02));
#1792 = CARTESIAN_POINT('',(3.195004651188,2.,4.475023351415E-02));
#1793 = CARTESIAN_POINT('',(3.196251746343,1.999356860706,
    3.923421937359E-02));
#1794 = CARTESIAN_POINT('',(3.197332899039,1.997953713808,
    3.357053405732E-02));
#1795 = CARTESIAN_POINT('',(3.198184289102,1.99569713101,
    2.793388714227E-02));
#1796 = CARTESIAN_POINT('',(3.198744339292,1.992566462935,
    2.257350478542E-02));
#1797 = CARTESIAN_POINT('',(3.19898645023,1.988672943184,
    1.771691994702E-02));
#1798 = CARTESIAN_POINT('',(3.198849675919,1.980039721152,
    9.627828186408E-03));
#1799 = CARTESIAN_POINT('',(3.198516344,1.975386353039,6.30044702032E-03
    ));
#1800 = CARTESIAN_POINT('',(3.197919152341,1.970361402062,
    3.649670732091E-03));
#1801 = CARTESIAN_POINT('',(3.197084959348,1.965148074435,
    1.741229669955E-03));
#1802 = CARTESIAN_POINT('',(3.196062629377,1.959933521106,
    5.495699973917E-04));
#1803 = CARTESIAN_POINT('',(3.194902211756,1.954853020272,
    3.081707187091E-18));
#1804 = CARTESIAN_POINT('',(3.19364916731,1.95,1.734723475977E-18));
#1805 = PCURVE('',#1028,#1806);
#1806 = DEFINITIONAL_REPRESENTATION('',(#1807),#1822);
#1807 = B_SPLINE_CURVE_WITH_KNOTS('',7,(#1808,#1809,#1810,#1811,#1812,
    #1813,#1814,#1815,#1816,#1817,#1818,#1819,#1820,#1821),
  .UNSPECIFIED.,.F.,.F.,(8,6,8),(0.,0.519635808642,1.),.UNSPECIFIED.);
#1808 = CARTESIAN_POINT('',(10.,3.19364916731));
#1809 = CARTESIAN_POINT('',(9.257570903642,3.195004651188));
#1810 = CARTESIAN_POINT('',(8.515178010989,3.196251746343));
#1811 = CARTESIAN_POINT('',(7.772827887647,3.197332899039));
#1812 = CARTESIAN_POINT('',(7.030517768871,3.198184289102));
#1813 = CARTESIAN_POINT('',(6.28823016933,3.198744339292));
#1814 = CARTESIAN_POINT('',(5.54594588032,3.19898645023));
#1815 = CARTESIAN_POINT('',(4.117473869273,3.198849675919));
#1816 = CARTESIAN_POINT('',(3.431282356182,3.198516344));
#1817 = CARTESIAN_POINT('',(2.745083126547,3.197919152341));
#1818 = CARTESIAN_POINT('',(2.058863166563,3.197084959348));
#1819 = CARTESIAN_POINT('',(1.37260979443,3.196062629377));
#1820 = CARTESIAN_POINT('',(0.686320708651,3.194902211756));
#1821 = CARTESIAN_POINT('',(0.,3.19364916731));
#1822 = ( GEOMETRIC_REPRESENTATION_CONTEXT(2) 
PARAMETRIC_REPRESENTATION_CONTEXT() REPRESENTATION_CONTEXT('2D SPACE',''
  ) );
#1823 = PCURVE('',#1089,#1824);
#1824 = DEFINITIONAL_REPRESENTATION('',(#1825),#1840);
#1825 = B_SPLINE_CURVE_WITH_KNOTS('',7,(#1826,#1827,#1828,#1829,#1830,
    #1831,#1832,#1833,#1834,#1835,#1836,#1837,#1838,#1839),
  .UNSPECIFIED.,.F.,.F.,(8,6,8),(0.,0.519635808642,1.),.UNSPECIFIED.);
#1826 = CARTESIAN_POINT('',(6.28318530718,0.252680255142));
#1827 = CARTESIAN_POINT('',(6.28318530718,0.225570577581));
#1828 = CARTESIAN_POINT('',(6.279864428753,0.19730751722));
#1829 = CARTESIAN_POINT('',(6.272714829358,0.168503757122));
#1830 = CARTESIAN_POINT('',(6.26135966672,0.140026207934));
#1831 = CARTESIAN_POINT('',(6.245724331727,0.11305791712));
#1832 = CARTESIAN_POINT('',(6.22629463604,8.868425794079E-02));
#1833 = CARTESIAN_POINT('',(6.183111401194,4.814615710161E-02));
#1834 = CARTESIAN_POINT('',(6.159795955565,3.150114526166E-02));
#1835 = CARTESIAN_POINT('',(6.1345283828,1.824889846325E-02));
#1836 = CARTESIAN_POINT('',(6.108160994642,8.705925823802E-03));
#1837 = CARTESIAN_POINT('',(6.081612278202,2.747900174877E-03));
#1838 = CARTESIAN_POINT('',(6.055565940958,1.625351813145E-17));
#1839 = CARTESIAN_POINT('',(6.030505052038,8.673617379884E-18));
#1840 = ( GEOMETRIC_REPRESENTATION_CONTEXT(2) 
PARAMETRIC_REPRESENTATION_CONTEXT() REPRESENTATION_CONTEXT('2D SPACE',''
  ) );
#1841 = ORIENTED_EDGE('',*,*,#1655,.T.);
#1842 = ORIENTED_EDGE('',*,*,#1843,.F.);
#1843 = EDGE_CURVE('',#997,#1656,#1844,.T.);
#1844 = SURFACE_CURVE('',#1845,(#1860),.PCURVE_S1.);
#1845 = B_SPLINE_CURVE_WITH_KNOTS('',7,(#1846,#1847,#1848,#1849,#1850,
    #1851,#1852,#1853,#1854,#1855,#1856,#1857,#1858,#1859),
  .UNSPECIFIED.,.F.,.F.,(8,6,8),(0.,0.564955273632,1.),.UNSPECIFIED.);
#1846 = CARTESIAN_POINT('',(10.,1.95,8.673617379884E-19));
#1847 = CARTESIAN_POINT('',(10.,1.955706938218,7.489326529343E-14));
#1848 = CARTESIAN_POINT('',(10.,1.961728893115,7.601345637148E-04));
#1849 = CARTESIAN_POINT('',(10.,1.96791306348,2.430017965823E-03));
#1850 = CARTESIAN_POINT('',(10.,1.974030392666,5.129199164463E-03));
#1851 = CARTESIAN_POINT('',(10.,1.979740539501,8.864476712653E-03));
#1852 = CARTESIAN_POINT('',(10.,1.984764131539,1.345002705826E-02));
#1853 = CARTESIAN_POINT('',(10.,1.992164731136,2.264144305751E-02));
#1854 = CARTESIAN_POINT('',(10.,1.994884798767,2.699983816628E-02));
#1855 = CARTESIAN_POINT('',(10.,1.997032402504,3.160706769408E-02));
#1856 = CARTESIAN_POINT('',(10.,1.998579795717,3.632479594546E-02));
#1857 = CARTESIAN_POINT('',(10.,1.999549121796,4.102415152851E-02));
#1858 = CARTESIAN_POINT('',(10.,1.999999999968,4.560534674452E-02));
#1859 = CARTESIAN_POINT('',(10.,2.,5.E-02));
#1860 = PCURVE('',#1028,#1861);
#1861 = DEFINITIONAL_REPRESENTATION('',(#1862),#1877);
#1862 = B_SPLINE_CURVE_WITH_KNOTS('',7,(#1863,#1864,#1865,#1866,#1867,
    #1868,#1869,#1870,#1871,#1872,#1873,#1874,#1875,#1876),
  .UNSPECIFIED.,.F.,.F.,(8,6,8),(0.,0.564955273632,1.),.UNSPECIFIED.);
#1863 = CARTESIAN_POINT('',(0.,10.));
#1864 = CARTESIAN_POINT('',(0.807082942785,10.));
#1865 = CARTESIAN_POINT('',(1.614163652308,10.));
#1866 = CARTESIAN_POINT('',(2.421241662564,10.));
#1867 = CARTESIAN_POINT('',(3.228317197982,10.));
#1868 = CARTESIAN_POINT('',(4.035391872525,10.));
#1869 = CARTESIAN_POINT('',(4.842467233221,10.));
#1870 = CARTESIAN_POINT('',(6.271033997944,10.));
#1871 = CARTESIAN_POINT('',(6.892525165479,10.));
#1872 = CARTESIAN_POINT('',(7.514017253376,10.));
#1873 = CARTESIAN_POINT('',(8.13551066596,10.));
#1874 = CARTESIAN_POINT('',(8.757005654216,10.));
#1875 = CARTESIAN_POINT('',(9.378502178281,10.));
#1876 = CARTESIAN_POINT('',(10.,10.));
#1877 = ( GEOMETRIC_REPRESENTATION_CONTEXT(2) 
PARAMETRIC_REPRESENTATION_CONTEXT() REPRESENTATION_CONTEXT('2D SPACE',''
  ) );
#1878 = ADVANCED_FACE('',(#1879),#1203,.T.);
#1879 = FACE_BOUND('',#1880,.T.);
#1880 = EDGE_LOOP('',(#1881,#1882,#1936,#1937));
#1881 = ORIENTED_EDGE('',*,*,#1694,.F.);
#1882 = ORIENTED_EDGE('',*,*,#1883,.F.);
#1883 = EDGE_CURVE('',#1187,#1695,#1884,.T.);
#1884 = SURFACE_CURVE('',#1885,(#1900,#1918),.PCURVE_S1.);
#1885 = B_SPLINE_CURVE_WITH_KNOTS('',7,(#1886,#1887,#1888,#1889,#1890,
    #1891,#1892,#1893,#1894,#1895,#1896,#1897,#1898,#1899),
  .UNSPECIFIED.,.F.,.F.,(8,6,8),(0.,0.47999809967,1.),.UNSPECIFIED.);
#1886 = CARTESIAN_POINT('',(3.19364916731,1.95,3.));
#1887 = CARTESIAN_POINT('',(3.19490125681,1.954849321781,3.));
#1888 = CARTESIAN_POINT('',(3.196060860571,1.959925777097,2.999451267562
    ));
#1889 = CARTESIAN_POINT('',(3.197082621741,1.965136153398,2.998261493034
    ));
#1890 = CARTESIAN_POINT('',(3.197916608628,1.970345507988,2.99635614561)
  );
#1891 = CARTESIAN_POINT('',(3.198514067031,1.975367205079,2.993709648906
    ));
#1892 = CARTESIAN_POINT('',(3.198848149392,1.980018439301,2.990387381143
    ));
#1893 = CARTESIAN_POINT('',(3.198987471278,1.988656478777,2.982303605991
    ));
#1894 = CARTESIAN_POINT('',(3.198746310688,1.992555432113,2.977445374623
    ));
#1895 = CARTESIAN_POINT('',(3.198186687663,1.995690767033,2.972081999539
    ));
#1896 = CARTESIAN_POINT('',(3.197335183901,1.997950748605,2.966441435107
    ));
#1897 = CARTESIAN_POINT('',(3.196253503481,1.999355953717,2.960773553489
    ));
#1898 = CARTESIAN_POINT('',(3.19500560613,2.,2.95525346496));
#1899 = CARTESIAN_POINT('',(3.19364916731,2.,2.95));
#1900 = PCURVE('',#1203,#1901);
#1901 = DEFINITIONAL_REPRESENTATION('',(#1902),#1917);
#1902 = B_SPLINE_CURVE_WITH_KNOTS('',7,(#1903,#1904,#1905,#1906,#1907,
    #1908,#1909,#1910,#1911,#1912,#1913,#1914,#1915,#1916),
  .UNSPECIFIED.,.F.,.F.,(8,6,8),(0.,0.47999809967,1.),.UNSPECIFIED.);
#1903 = CARTESIAN_POINT('',(10.,3.19364916731));
#1904 = CARTESIAN_POINT('',(9.31420233692,3.19490125681));
#1905 = CARTESIAN_POINT('',(8.628436264298,3.19606086057));
#1906 = CARTESIAN_POINT('',(7.942705849088,3.197082621741));
#1907 = CARTESIAN_POINT('',(7.257008789499,3.197916608628));
#1908 = CARTESIAN_POINT('',(6.571332449993,3.198514067031));
#1909 = CARTESIAN_POINT('',(5.885663854864,3.198848149392));
#1910 = CARTESIAN_POINT('',(4.457191817943,3.198987471278));
#1911 = CARTESIAN_POINT('',(3.71438459994,3.198746310688));
#1912 = CARTESIAN_POINT('',(2.971574119388,3.198186687663));
#1913 = CARTESIAN_POINT('',(2.228741115366,3.197335183901));
#1914 = CARTESIAN_POINT('',(1.485868043376,3.196253503481));
#1915 = CARTESIAN_POINT('',(0.742952139573,3.19500560613));
#1916 = CARTESIAN_POINT('',(0.,3.19364916731));
#1917 = ( GEOMETRIC_REPRESENTATION_CONTEXT(2) 
PARAMETRIC_REPRESENTATION_CONTEXT() REPRESENTATION_CONTEXT('2D SPACE',''
  ) );
#1918 = PCURVE('',#1264,#1919);
#1919 = DEFINITIONAL_REPRESENTATION('',(#1920),#1935);
#1920 = B_SPLINE_CURVE_WITH_KNOTS('',7,(#1921,#1922,#1923,#1924,#1925,
    #1926,#1927,#1928,#1929,#1930,#1931,#1932,#1933,#1934),
  .UNSPECIFIED.,.F.,.F.,(8,6,8),(0.,0.47999809967,1.),.UNSPECIFIED.);
#1921 = CARTESIAN_POINT('',(6.030505052038,2.22044604925E-15));
#1922 = CARTESIAN_POINT('',(6.055546842034,2.109423746788E-15));
#1923 = CARTESIAN_POINT('',(6.081572577168,-2.743712104891E-03));
#1924 = CARTESIAN_POINT('',(6.108100299537,-8.69231355306E-03));
#1925 = CARTESIAN_POINT('',(6.134447997021,-1.821981354241E-02));
#1926 = CARTESIAN_POINT('',(6.159699669173,-3.145067246332E-02));
#1927 = CARTESIAN_POINT('',(6.183004769328,-4.807007328573E-02));
#1928 = CARTESIAN_POINT('',(6.226212475782,-8.858124549346E-02));
#1929 = CARTESIAN_POINT('',(6.245669237,-0.112962933859));
#1930 = CARTESIAN_POINT('',(6.261327649697,-0.139945946814));
#1931 = CARTESIAN_POINT('',(6.272699715892,-0.168442885001));
#1932 = CARTESIAN_POINT('',(6.279859746954,-0.197267690891));
#1933 = CARTESIAN_POINT('',(6.28318530718,-0.225551478743));
#1934 = CARTESIAN_POINT('',(6.28318530718,-0.252680255142));
#1935 = ( GEOMETRIC_REPRESENTATION_CONTEXT(2) 
PARAMETRIC_REPRESENTATION_CONTEXT() REPRESENTATION_CONTEXT('2D SPACE',''
  ) );
#1936 = ORIENTED_EDGE('',*,*,#1186,.T.);
#1937 = ORIENTED_EDGE('',*,*,#1938,.F.);
#1938 = EDGE_CURVE('',#1680,#1172,#1939,.T.);
#1939 = SURFACE_CURVE('',#1940,(#1955),.PCURVE_S1.);
#1940 = B_SPLINE_CURVE_WITH_KNOTS('',7,(#1941,#1942,#1943,#1944,#1945,
    #1946,#1947,#1948,#1949,#1950,#1951,#1952,#1953,#1954),
  .UNSPECIFIED.,.F.,.F.,(8,6,8),(0.,0.433776778293,1.),.UNSPECIFIED.);
#1941 = CARTESIAN_POINT('',(10.,2.,2.95));
#1942 = CARTESIAN_POINT('',(10.,1.999999999975,2.954381844939));
#1943 = CARTESIAN_POINT('',(10.,1.999551749382,2.958949148572));
#1944 = CARTESIAN_POINT('',(10.,1.998588253458,2.963634114421));
#1945 = CARTESIAN_POINT('',(10.,1.99705041104,2.968337932271));
#1946 = CARTESIAN_POINT('',(10.,1.994916050603,2.972933018336));
#1947 = CARTESIAN_POINT('',(10.,1.99221222075,2.977282306443));
#1948 = CARTESIAN_POINT('',(10.,1.984831729736,2.986488156054));
#1949 = CARTESIAN_POINT('',(10.,1.979804588338,2.991093566565));
#1950 = CARTESIAN_POINT('',(10.,1.974085319428,2.994846522059));
#1951 = CARTESIAN_POINT('',(10.,1.967954695592,2.997558736661));
#1952 = CARTESIAN_POINT('',(10.,1.961755927899,2.999236445934));
#1953 = CARTESIAN_POINT('',(10.,1.955719746475,3.));
#1954 = CARTESIAN_POINT('',(10.,1.95,3.));
#1955 = PCURVE('',#1203,#1956);
#1956 = DEFINITIONAL_REPRESENTATION('',(#1957),#1972);
#1957 = B_SPLINE_CURVE_WITH_KNOTS('',7,(#1958,#1959,#1960,#1961,#1962,
    #1963,#1964,#1965,#1966,#1967,#1968,#1969,#1970,#1971),
  .UNSPECIFIED.,.F.,.F.,(8,6,8),(0.,0.433776778293,1.),.UNSPECIFIED.);
#1958 = CARTESIAN_POINT('',(0.,10.));
#1959 = CARTESIAN_POINT('',(0.619686452623,10.));
#1960 = CARTESIAN_POINT('',(1.239371613407,10.));
#1961 = CARTESIAN_POINT('',(1.859055247867,10.));
#1962 = CARTESIAN_POINT('',(2.478737316914,10.));
#1963 = CARTESIAN_POINT('',(3.098418067801,10.));
#1964 = CARTESIAN_POINT('',(3.718097899068,10.));
#1965 = CARTESIAN_POINT('',(5.146664690577,10.));
#1966 = CARTESIAN_POINT('',(5.955551403186,10.));
#1967 = CARTESIAN_POINT('',(6.764437412763,10.));
#1968 = CARTESIAN_POINT('',(7.573324278071,10.));
#1969 = CARTESIAN_POINT('',(8.382213631216,10.));
#1970 = CARTESIAN_POINT('',(9.191105696176,10.));
#1971 = CARTESIAN_POINT('',(10.,10.));
#1972 = ( GEOMETRIC_REPRESENTATION_CONTEXT(2) 
PARAMETRIC_REPRESENTATION_CONTEXT() REPRESENTATION_CONTEXT('2D SPACE',''
  ) );
#1973 = ADVANCED_FACE('',(#1974),#1089,.F.);
#1974 = FACE_BOUND('',#1975,.F.);
#1975 = EDGE_LOOP('',(#1976,#1977,#1978,#1979,#1980));
#1976 = ORIENTED_EDGE('',*,*,#1626,.T.);
#1977 = ORIENTED_EDGE('',*,*,#1588,.F.);
#1978 = ORIENTED_EDGE('',*,*,#1397,.T.);
#1979 = ORIENTED_EDGE('',*,*,#1051,.F.);
#1980 = ORIENTED_EDGE('',*,*,#1788,.F.);
#1981 = ADVANCED_FACE('',(#1982),#1264,.F.);
#1982 = FACE_BOUND('',#1983,.F.);
#1983 = EDGE_LOOP('',(#1984,#1985,#1986,#1987,#1988));
#1984 = ORIENTED_EDGE('',*,*,#1718,.T.);
#1985 = ORIENTED_EDGE('',*,*,#1883,.F.);
#1986 = ORIENTED_EDGE('',*,*,#1226,.T.);
#1987 = ORIENTED_EDGE('',*,*,#1517,.T.);
#1988 = ORIENTED_EDGE('',*,*,#1747,.F.);
#1989 = ( GEOMETRIC_REPRESENTATION_CONTEXT(3) 
GLOBAL_UNCERTAINTY_ASSIGNED_CONTEXT((#1993)) 
GLOBAL_UNIT_ASSIGNED_CONTEXT((#1990,#1991,#1992)) REPRESENTATION_CONTEXT
('Context #1','3D Context with UNIT and UNCERTAINTY') );
#1990 = ( LENGTH_UNIT() NAMED_UNIT(*) SI_UNIT(.MILLI.,.METRE.) );
#1991 = ( NAMED_UNIT(*) PLANE_ANGLE_UNIT() SI_UNIT($,.RADIAN.) );
#1992 = ( NAMED_UNIT(*) SI_UNIT($,.STERADIAN.) SOLID_ANGLE_UNIT() );
#1993 = UNCERTAINTY_MEASURE_WITH_UNIT(LENGTH_MEASURE(2.E-06),#1990,
  'distance_accuracy_value','confusion accuracy');
#1994 = PRODUCT_RELATED_PRODUCT_CATEGORY('part',$,(#7));
ENDSEC;
END-ISO-10303-21;
