DBRep_DrawableShape

CASCADE Topology V3, (c) Open Cascade
Locations 0
Curve2ds 550
1 0 0 1 0 
2 -4.796005933597779e-35 4.4408294223187448e-16 1 7.1665763601291831e-17 -7.1665763601291831e-17 1 0.030357748500443555
1 0 0 1 0 
2 -1.1058836754133825e-15 5.2099943844704403e-19 1 2.6725583551767684e-17 -2.6725583551767684e-17 1 0.030000000000000332
2 -4.796005933597779e-35 4.4408294223187448e-16 1 7.1665763601291831e-17 -7.1665763601291831e-17 1 0.030000000000000332
8 0 1.104331848306235
1 6.2831853071795862 0 0 1 
1 0 0 0 1 
1 0 1.104331848306235 1 0 
2 -4.796005933597779e-35 4.4408294223187448e-16 1 7.1665763601291831e-17 -7.1665763601291831e-17 1 0.030357748500443555
8 0 1.104331848306235
1 6.2831853071795862 0 0 1 
1 0 0 0 1 
1 0 1.104331848306235 1 0 
2 -1.1058836754133825e-15 5.2099943844704403e-19 1 2.6725583551767684e-17 -2.6725583551767684e-17 1 0.030000000000000332
2 -4.796005933597779e-35 4.4408294223187448e-16 1 7.1665763601291831e-17 -7.1665763601291831e-17 1 0.030000000000000332
1 0 0 1 0 
2 0 -2.2204460492503131e-16 1 5.7680803318431118e-56 -5.7680803318431118e-56 1 0.030541509968092129
1 0 0 1 0 
2 0 0 1 0 -0 1 0.030000000000001137
2 0 -2.2204460492503131e-16 1 5.7680803318431118e-56 -5.7680803318431118e-56 1 0.030000000000001137
8 0 0.78999999999999981
1 6.2831853071795862 0 0 1 
1 0 0 0 1 
1 0 0.78999999999999981 1 0 
8 0 6.2831853071795862
1 0 0 1 0 
8 0 0.78999999999999981
1 6.2831853071795862 0 0 1 
1 0 0 0 1 
1 0 0.78999999999999981 1 0 
8 0 6.2831853071795862
1 0 0 1 0 
8 0 1
1 6.2831853071795862 0 0 1 
1 0 0 0 1 
1 0 1 1 0 
8 0 6.2831853071795862
1 0 0 1 0 
8 0 1
1 6.2831853071795862 0 0 1 
1 0 0 0 1 
1 0 1 1 0 
8 0 6.2831853071795862
1 0 0 1 0 
8 0 0.67999999999999972
1 6.2831853071795862 0 0 1 
1 0 0 0 1 
1 0 0.67999999999999972 1 0 
8 0 6.2831853071795862
1 0 0 1 0 
8 0 0.67999999999999972
1 6.2831853071795862 0 0 1 
1 0 0 0 1 
1 0 0.67999999999999972 1 0 
8 0 6.2831853071795862
1 0 0 1 0 
8 0 1
1 6.2831853071795862 0 0 1 
1 0 0 0 1 
1 0 1 1 0 
8 0 6.2831853071795862
1 0 0 1 0 
8 0 1
1 6.2831853071795862 0 0 1 
1 0 0 0 1 
1 0 1 1 0 
8 0 6.2831853071795862
1 0 0 1 0 
8 0 19.344086027646291
1 6.2831853071795862 0 0 1 
1 0 0 0 1 
1 0 19.344086027646291 1 0 
8 0 6.2831853071795862
1 0 0 1 0 
8 0 19.344086027646291
1 6.2831853071795862 0 0 1 
1 0 0 0 1 
1 0 19.344086027646291 1 0 
8 0 6.2831853071795862
1 0 0 1 0 
8 0 1
1 6.2831853071795862 0 0 1 
1 0 0 0 1 
1 0 1 1 0 
8 0 6.2831853071795862
1 0 0 1 0 
8 0 1
1 6.2831853071795862 0 0 1 
1 0 0 0 1 
1 0 1 1 0 
8 0 6.2831853071795862
1 0 0 1 0 
8 0 5.4358954330789429
1 6.2831853071795862 0 0 1 
1 0 0 0 1 
1 0 5.4358954330789429 1 0 
8 0 6.2831853071795862
1 0 0 1 0 
8 0 5.4358954330789429
1 6.2831853071795862 0 0 1 
1 0 0 0 1 
1 0 5.4358954330789429 1 0 
8 0 6.2831853071795862
1 0 0 1 0 
8 0 1
1 6.2831853071795862 0 0 1 
1 0 0 0 1 
1 0 1 1 0 
8 0 6.2831853071795862
1 0 0 1 0 
8 0 1
1 6.2831853071795862 0 0 1 
1 0 0 0 1 
1 0 1 1 0 
8 0 6.2831853071795862
1 0 0 1 0 
8 0 5.6046162414049592
1 6.2831853071795862 0 0 1 
1 0 0 0 1 
1 0 5.6046162414049592 1 0 
2 -8.178488924266714e-16 2.2203158552183986e-16 1 -3.4694469519536142e-18 3.4694469519536142e-18 1 0.030541509968090134
8 0 5.6046162414049592
1 6.2831853071795862 0 0 1 
1 0 0 0 1 
1 0 5.6046162414049592 1 0 
2 -8.8101700535240617e-16 6.639626021790738e-16 1 -3.4694469519536142e-18 3.4694469519536142e-18 1 0.029999999999999985
2 -8.178488924266714e-16 2.2203158552183986e-16 1 -3.4694469519536142e-18 3.4694469519536142e-18 1 0.02999999999999993
1 0 0 1 0 
2 -6.8176866465459622e-17 -4.1336823041054893e-32 1 1.1537090738857298e-29 -1.1537090738857298e-29 1 0.030764248062957918
1 0 0 1 0 
2 3.6825996640034032e-15 -3.5527136788005005e-15 1 1.6282582121827447e-29 -1.6282582121827447e-29 1 0.029999999999997522
2 -6.8176866465459622e-17 -4.1336823041054893e-32 1 1.1537090738857298e-29 -1.1537090738857298e-29 1 0.029999999999997778
8 0 0.018577344034677205
1 6.2831853071795862 0 0 1 
1 0 0 0 1 
1 0 0.018577344034677205 1 0 
8 0 6.2831853071795862
1 0 0 1 0 
8 0 0.018577344034677205
1 6.2831853071795862 0 0 1 
1 0 0 0 1 
1 0 0.018577344034677205 1 0 
8 0 6.2831853071795862
1 0 0 1 0 
8 0 1
1 6.2831853071795862 0 0 1 
1 0 0 0 1 
1 0 1 1 0 
8 0 6.2831853071795862
1 0 0 1 0 
8 0 1
1 6.2831853071795862 0 0 1 
1 0 0 0 1 
1 0 1 1 0 
8 0 6.2831853071795862
1 0 0 1 0 
8 0 0.72353551301904517
1 6.2831853071795862 0 0 1 
1 0 0 0 1 
1 0 0.72353551301904517 1 0 
8 0 6.2831853071795862
1 0 0 1 0 
8 0 0.72353551301904517
1 6.2831853071795862 0 0 1 
1 0 0 0 1 
1 0 0.72353551301904517 1 0 
8 0 6.2831853071795862
1 0 0 1 0 
8 0 1
1 6.2831853071795862 0 0 1 
1 0 0 0 1 
1 0 1 1 0 
8 0 6.2831853071795862
1 0 0 1 0 
8 0 1
1 6.2831853071795862 0 0 1 
1 0 0 0 1 
1 0 1 1 0 
8 0 6.2831853071795862
1 0 0 1 0 
8 0 6.398800652302989
1 6.2831853071795862 0 0 1 
1 0 0 0 1 
1 0 6.398800652302989 1 0 
2 -4.703293744220626e-15 6.4032385436564174e-15 1 0 -0 1 0.030764248062958546
8 0 6.398800652302989
1 6.2831853071795862 0 0 1 
1 0 0 0 1 
1 0 6.398800652302989 1 0 
2 -2.0231095810170262e-15 2.3751596682421211e-15 1 -5.5511151231257815e-17 5.5511151231257815e-17 1 0.029999999999999905
2 -4.703293744220626e-15 6.4032385436564174e-15 1 0 -0 1 0.030000000000001116
1 0 0 1 0 
2 -6.8176866465459622e-17 -4.1336823041054893e-32 1 1.1537090738857298e-29 -1.1537090738857298e-29 1 0.030764248062957918
1 0 0 1 0 
2 3.6825996640034032e-15 3.5527136788005009e-15 1 1.8020541303642488e-29 -1.8020541303642488e-29 1 0.029999999999997522
2 -6.8176866465459622e-17 -4.1336823041054893e-32 1 1.1537090738857298e-29 -1.1537090738857298e-29 1 0.029999999999997778
8 0 0.018577344034677205
1 6.2831853071795862 0 0 1 
1 0 0 0 1 
1 0 0.018577344034677205 1 0 
8 0 6.2831853071795862
1 0 0 1 0 
8 0 0.018577344034677205
1 6.2831853071795862 0 0 1 
1 0 0 0 1 
1 0 0.018577344034677205 1 0 
8 0 6.2831853071795862
1 0 0 1 0 
8 0 1
1 6.2831853071795862 0 0 1 
1 0 0 0 1 
1 0 1 1 0 
8 0 6.2831853071795862
1 0 0 1 0 
8 0 1
1 6.2831853071795862 0 0 1 
1 0 0 0 1 
1 0 1 1 0 
8 0 6.2831853071795862
1 0 0 1 0 
8 0 0.72353551301904517
1 6.2831853071795862 0 0 1 
1 0 0 0 1 
1 0 0.72353551301904517 1 0 
8 0 6.2831853071795862
1 0 0 1 0 
8 0 0.72353551301904517
1 6.2831853071795862 0 0 1 
1 0 0 0 1 
1 0 0.72353551301904517 1 0 
8 0 6.2831853071795862
1 0 0 1 0 
8 0 1
1 6.2831853071795862 0 0 1 
1 0 0 0 1 
1 0 1 1 0 
8 0 6.2831853071795862
1 0 0 1 0 
8 0 1
1 6.2831853071795862 0 0 1 
1 0 0 0 1 
1 0 1 1 0 
8 0 6.2831853071795862
1 0 0 1 0 
8 0 6.398800652302989
1 6.2831853071795862 0 0 1 
1 0 0 0 1 
1 0 6.398800652302989 1 0 
2 -4.703293744220626e-15 -6.4032385436564158e-15 1 -1.6653345369377346e-16 1.6653345369377346e-16 1 0.030764248062958546
8 0 6.398800652302989
1 6.2831853071795862 0 0 1 
1 0 0 0 1 
1 0 6.398800652302989 1 0 
2 -2.0231095810170262e-15 -2.3751596682421199e-15 1 -5.5511151231257827e-17 5.5511151231257827e-17 1 0.029999999999999905
2 -4.703293744220626e-15 -6.4032385436564158e-15 1 -1.6653345369377346e-16 1.6653345369377346e-16 1 0.030000000000001116
1 0 0.20000000000000001 1 0 
2 0 0 1 0 -0 1 0.10000000000000001
1 6.2831853071795862 -0 0 1 
1 0 -0 0 1 
1 0 0 1 0 
2 0 0 1 0 -0 1 0.10000000000000001
1 0 0 1 0 
2 7.944109290391274e-15 0 1 -2.1650061273818416e-43 2.1650061273818416e-43 1 0.030503008985285421
1 0 0 1 0 
2 3.972054645195637e-15 -6.9388939039072284e-18 1 2.9847657290118588e-43 -2.9847657290118588e-43 1 0.029999999999998556
2 7.944109290391274e-15 0 1 -2.1650061273818416e-43 2.1650061273818416e-43 1 0.029999999999998556
8 0 0.089442719099992865
1 6.2831853071795862 0 0 1 
1 0 0 0 1 
1 0 0.089442719099992865 1 0 
2 7.944109290391274e-15 0 1 -2.1650061273818416e-43 2.1650061273818416e-43 1 0.030503008985285421
8 0 0.089442719099992865
1 6.2831853071795862 0 0 1 
1 0 0 0 1 
1 0 0.089442719099992865 1 0 
2 3.972054645195637e-15 -6.9388939039072284e-18 1 2.9847657290118588e-43 -2.9847657290118588e-43 1 0.029999999999998556
2 7.944109290391274e-15 0 1 -2.1650061273818416e-43 2.1650061273818416e-43 1 0.029999999999998556
1 0 0 1 0 
2 2.2164400543556172e-16 3.5527136788005009e-15 1 -5.9222345789907502e-33 5.9222345789907502e-33 1 0.030541509968091234
1 0 0 1 0 
2 0 0 1 0 -0 1 0.030000000000000023
2 2.2164400543556172e-16 3.5527136788005009e-15 1 -5.9222345789907502e-33 5.9222345789907502e-33 1 0.030000000000000051
8 0 1.3306009606710849
1 6.2831853071795862 0 0 1 
1 0 0 0 1 
1 0 1.3306009606710849 1 0 
8 0 6.2831853071795862
1 0 0 1 0 
8 0 1.3306009606710849
1 6.2831853071795862 0 0 1 
1 0 0 0 1 
1 0 1.3306009606710849 1 0 
8 0 6.2831853071795862
1 0 0 1 0 
8 0 1
1 6.2831853071795862 0 0 1 
1 0 0 0 1 
1 0 1 1 0 
8 0 6.2831853071795862
1 0 0 1 0 
8 0 1
1 6.2831853071795862 0 0 1 
1 0 0 0 1 
1 0 1 1 0 
8 0 6.2831853071795862
1 0 0 1 0 
8 0 4.9363942359734878
1 6.2831853071795862 0 0 1 
1 0 0 0 1 
1 0 4.9363942359734878 1 0 
8 0 6.2831853071795862
1 0 0 1 0 
8 0 4.9363942359734878
1 6.2831853071795862 0 0 1 
1 0 0 0 1 
1 0 4.9363942359734878 1 0 
8 0 6.2831853071795862
1 0 0 1 0 
8 0 1
1 6.2831853071795862 0 0 1 
1 0 0 0 1 
1 0 1 1 0 
8 0 6.2831853071795862
1 0 0 1 0 
8 0 1
1 6.2831853071795862 0 0 1 
1 0 0 0 1 
1 0 1 1 0 
8 0 6.2831853071795862
1 0 0 1 0 
8 0 1.3306009606710849
1 6.2831853071795862 0 0 1 
1 0 0 0 1 
1 0 1.3306009606710849 1 0 
2 0 3.5527136788005009e-15 1 8.9519631227549206e-32 -8.9519631227549206e-32 1 0.030541509968091143
8 0 1.3306009606710849
1 6.2831853071795862 0 0 1 
1 0 0 0 1 
1 0 1.3306009606710849 1 0 
2 -4.4328801087112117e-16 0 1 0 -0 1 0.029999999999999964
2 0 3.5527136788005009e-15 1 8.9519631227549206e-32 -8.9519631227549206e-32 1 0.029999999999999964
1 0 0 1 0 
2 -2.2117673508267669e-16 -4.4418714211956487e-16 1 -7.1665763601291831e-17 7.1665763601291831e-17 1 0.030357748500443555
1 0 0 1 0 
2 -4.4235347016535298e-16 -2.0839977537881763e-19 1 -2.6725583551767684e-17 2.6725583551767684e-17 1 0.03000000000000011
2 -2.2117673508267669e-16 -4.4418714211956487e-16 1 -7.1665763601291831e-17 7.1665763601291831e-17 1 0.03000000000000011
8 0 1.104331848306235
1 6.2831853071795862 0 0 1 
1 0 0 0 1 
1 0 1.104331848306235 1 0 
2 -2.2117673508267669e-16 -4.4418714211956487e-16 1 -7.1665763601291831e-17 7.1665763601291831e-17 1 0.030357748500443555
8 0 1.104331848306235
1 6.2831853071795862 0 0 1 
1 0 0 0 1 
1 0 1.104331848306235 1 0 
2 -4.4235347016535298e-16 -2.0839977537881763e-19 1 -2.6725583551767684e-17 2.6725583551767684e-17 1 0.03000000000000011
2 -2.2117673508267669e-16 -4.4418714211956487e-16 1 -7.1665763601291831e-17 7.1665763601291831e-17 1 0.03000000000000011
1 0 0 1 0 
2 -4.4408920985006262e-16 -4.4408920985006262e-16 0 1 -1 0 0.030541509968091241
1 0 0 1 0 
2 0 -4.4408920985006262e-16 1 0 -0 1 0.030000000000000027
2 -4.4408920985006262e-16 -4.4408920985006262e-16 0 1 -1 0 0.030000000000000027
8 0 1.2617150817689442
1 6.2831853071795862 0 0 1 
1 0 0 0 1 
1 0 1.2617150817689442 1 0 
8 0 6.2831853071795862
1 0 0 1 0 
8 0 1.2617150817689442
1 6.2831853071795862 0 0 1 
1 0 0 0 1 
1 0 1.2617150817689442 1 0 
8 0 6.2831853071795862
1 0 0 1 0 
8 0 1
1 6.2831853071795862 0 0 1 
1 0 0 0 1 
1 0 1 1 0 
8 0 6.2831853071795862
1 0 0 1 0 
8 0 1
1 6.2831853071795862 0 0 1 
1 0 0 0 1 
1 0 1 1 0 
8 0 6.2831853071795862
1 0 0 1 0 
8 0 4.377383931123128
1 6.2831853071795862 0 0 1 
1 0 0 0 1 
1 0 4.377383931123128 1 0 
8 0 6.2831853071795862
1 0 0 1 0 
8 0 4.377383931123128
1 6.2831853071795862 0 0 1 
1 0 0 0 1 
1 0 4.377383931123128 1 0 
8 0 6.2831853071795862
1 0 0 1 0 
8 0 1
1 6.2831853071795862 0 0 1 
1 0 0 0 1 
1 0 1 1 0 
8 0 6.2831853071795862
1 0 0 1 0 
8 0 1
1 6.2831853071795862 0 0 1 
1 0 0 0 1 
1 0 1 1 0 
8 0 6.2831853071795862
1 0 0 1 0 
8 0 4.9059681941000015
1 6.2831853071795862 0 0 1 
1 0 0 0 1 
1 0 4.9059681941000015 1 0 
2 -1.7073516936966601e-15 4.9029971947288911e-16 0 1 -1 0 0.030541509968091182
8 0 4.9059681941000015
1 6.2831853071795862 0 0 1 
1 0 0 0 1 
1 0 4.9059681941000015 1 0 
2 4.2683792342416503e-16 -1.2257492986822228e-16 1 0 -0 1 0.030000000000000013
2 -1.7073516936966601e-15 4.9029971947288911e-16 0 1 -1 0 0.030000000000000013
1 0 0 1 0 
2 4.4408920985006262e-16 -4.4408920985006262e-16 0 1 -1 0 0.030541509968091241
1 0 0 1 0 
2 0 4.4408920985006262e-16 1 0 -0 1 0.030000000000000027
2 4.4408920985006262e-16 -4.4408920985006262e-16 0 1 -1 0 0.030000000000000027
8 0 1.2617150817689442
1 6.2831853071795862 0 0 1 
1 0 0 0 1 
1 0 1.2617150817689442 1 0 
8 0 6.2831853071795862
1 0 0 1 0 
8 0 1.2617150817689442
1 6.2831853071795862 0 0 1 
1 0 0 0 1 
1 0 1.2617150817689442 1 0 
8 0 6.2831853071795862
1 0 0 1 0 
8 0 1
1 6.2831853071795862 0 0 1 
1 0 0 0 1 
1 0 1 1 0 
8 0 6.2831853071795862
1 0 0 1 0 
8 0 1
1 6.2831853071795862 0 0 1 
1 0 0 0 1 
1 0 1 1 0 
8 0 6.2831853071795862
1 0 0 1 0 
8 0 4.377383931123128
1 6.2831853071795862 0 0 1 
1 0 0 0 1 
1 0 4.377383931123128 1 0 
8 0 6.2831853071795862
1 0 0 1 0 
8 0 4.377383931123128
1 6.2831853071795862 0 0 1 
1 0 0 0 1 
1 0 4.377383931123128 1 0 
8 0 6.2831853071795862
1 0 0 1 0 
8 0 1
1 6.2831853071795862 0 0 1 
1 0 0 0 1 
1 0 1 1 0 
8 0 6.2831853071795862
1 0 0 1 0 
8 0 1
1 6.2831853071795862 0 0 1 
1 0 0 0 1 
1 0 1 1 0 
8 0 6.2831853071795862
1 0 0 1 0 
8 0 4.9059681941000015
1 6.2831853071795862 0 0 1 
1 0 0 0 1 
1 0 4.9059681941000015 1 0 
2 1.7073516936966601e-15 4.9029971947288911e-16 0 1 -1 0 0.030541509968091182
8 0 4.9059681941000015
1 6.2831853071795862 0 0 1 
1 0 0 0 1 
1 0 4.9059681941000015 1 0 
2 4.2683792342416503e-16 1.2257492986822228e-16 1 0 -0 1 0.030000000000000013
2 1.7073516936966601e-15 4.9029971947288911e-16 0 1 -1 0 0.030000000000000013
1 0 0 1 0 
2 -7.944109290391274e-15 0 1 -1.5407439555097878e-31 1.5407439555097878e-31 1 0.030503008985285421
1 0 0 1 0 
2 3.972054645195637e-15 -6.9388939039072284e-18 1 -7.0765572448403222e-44 7.0765572448403222e-44 1 0.029999999999998556
2 -7.944109290391274e-15 0 1 -1.5407439555097878e-31 1.5407439555097878e-31 1 0.029999999999998556
8 0 0.089442719099991269
1 6.2831853071795862 0 0 1 
1 0 0 0 1 
1 0 0.089442719099991269 1 0 
2 -7.944109290391274e-15 0 1 -1.5407439555097878e-31 1.5407439555097878e-31 1 0.030503008985285421
8 0 0.089442719099991269
1 6.2831853071795862 0 0 1 
1 0 0 0 1 
1 0 0.089442719099991269 1 0 
2 3.972054645195637e-15 -6.9388939039072284e-18 1 -7.0765572448403222e-44 7.0765572448403222e-44 1 0.029999999999998556
2 -7.944109290391274e-15 0 1 -1.5407439555097878e-31 1.5407439555097878e-31 1 0.029999999999998556
1 0 0 1 0 
2 0 0 1 0 -0 1 0.030764248062958188
1 0 0 1 0 
2 -3.5527136788005009e-15 0 1 0 -0 1 0.030000000000001137
2 0 0 1 0 -0 1 0.030000000000001137
8 0 0.024999999999999988
1 6.2831853071795862 0 0 1 
1 0 0 0 1 
1 0 0.024999999999999988 1 0 
8 0 6.2831853071795862
1 0 0 1 0 
8 0 0.024999999999999988
1 6.2831853071795862 0 0 1 
1 0 0 0 1 
1 0 0.024999999999999988 1 0 
8 0 6.2831853071795862
1 0 0 1 0 
8 0 1
1 6.2831853071795862 0 0 1 
1 0 0 0 1 
1 0 1 1 0 
8 0 6.2831853071795862
1 0 0 1 0 
8 0 1
1 6.2831853071795862 0 0 1 
1 0 0 0 1 
1 0 1 1 0 
8 0 6.2831853071795862
1 0 0 1 0 
8 0 0.73221730003397389
1 6.2831853071795862 0 0 1 
1 0 0 0 1 
1 0 0.73221730003397389 1 0 
8 0 6.2831853071795862
1 0 0 1 0 
8 0 0.73221730003397389
1 6.2831853071795862 0 0 1 
1 0 0 0 1 
1 0 0.73221730003397389 1 0 
8 0 6.2831853071795862
1 0 0 1 0 
8 0 1
1 6.2831853071795862 0 0 1 
1 0 0 0 1 
1 0 1 1 0 
8 0 6.2831853071795862
1 0 0 1 0 
8 0 1
1 6.2831853071795862 0 0 1 
1 0 0 0 1 
1 0 1 1 0 
8 0 6.2831853071795862
1 0 0 1 0 
8 0 7.4802229503166604
1 6.2831853071795862 0 0 1 
1 0 0 0 1 
1 0 7.4802229503166604 1 0 
8 0 6.2831853071795862
1 0 0 1 0 
8 0 7.4802229503166604
1 6.2831853071795862 0 0 1 
1 0 0 0 1 
1 0 7.4802229503166604 1 0 
8 0 6.2831853071795862
1 0 0 1 0 
8 0 1
1 6.2831853071795862 0 0 1 
1 0 0 0 1 
1 0 1 1 0 
8 0 6.2831853071795862
1 0 0 1 0 
8 0 1
1 6.2831853071795862 0 0 1 
1 0 0 0 1 
1 0 1 1 0 
8 0 6.2831853071795862
1 0 0 1 0 
8 0 6.487479679568164
1 6.2831853071795862 0 0 1 
1 0 0 0 1 
1 0 6.487479679568164 1 0 
8 0 6.2831853071795862
1 0 0 1 0 
8 0 6.487479679568164
1 6.2831853071795862 0 0 1 
1 0 0 0 1 
1 0 6.487479679568164 1 0 
8 0 6.2831853071795862
1 0 0 1 0 
8 0 1
1 6.2831853071795862 0 0 1 
1 0 0 0 1 
1 0 1 1 0 
8 0 6.2831853071795862
1 0 0 1 0 
8 0 1
1 6.2831853071795862 0 0 1 
1 0 0 0 1 
1 0 1 1 0 
8 0 6.2831853071795862
1 0 0 1 0 
8 0 5.4947065827527535
1 6.2831853071795862 0 0 1 
1 0 0 0 1 
1 0 5.4947065827527535 1 0 
8 0 6.2831853071795862
1 0 0 1 0 
8 0 5.4947065827527535
1 6.2831853071795862 0 0 1 
1 0 0 0 1 
1 0 5.4947065827527535 1 0 
8 0 6.2831853071795862
1 0 0 1 0 
8 0 1
1 6.2831853071795862 0 0 1 
1 0 0 0 1 
1 0 1 1 0 
8 0 6.2831853071795862
1 0 0 1 0 
8 0 1
1 6.2831853071795862 0 0 1 
1 0 0 0 1 
1 0 1 1 0 
8 0 6.2831853071795862
1 0 0 1 0 
8 0 6.487479679568164
1 6.2831853071795862 0 0 1 
1 0 0 0 1 
1 0 6.487479679568164 1 0 
8 0 6.2831853071795862
1 0 0 1 0 
8 0 6.487479679568164
1 6.2831853071795862 0 0 1 
1 0 0 0 1 
1 0 6.487479679568164 1 0 
8 0 6.2831853071795862
1 0 0 1 0 
8 0 1
1 6.2831853071795862 0 0 1 
1 0 0 0 1 
1 0 1 1 0 
8 0 6.2831853071795862
1 0 0 1 0 
8 0 1
1 6.2831853071795862 0 0 1 
1 0 0 0 1 
1 0 1 1 0 
8 0 6.2831853071795862
1 0 0 1 0 
8 0 7.4802229503166604
1 6.2831853071795862 0 0 1 
1 0 0 0 1 
1 0 7.4802229503166604 1 0 
8 0 6.2831853071795862
1 0 0 1 0 
8 0 7.4802229503166604
1 6.2831853071795862 0 0 1 
1 0 0 0 1 
1 0 7.4802229503166604 1 0 
8 0 6.2831853071795862
1 0 0 1 0 
8 0 1
1 6.2831853071795862 0 0 1 
1 0 0 0 1 
1 0 1 1 0 
8 0 6.2831853071795862
1 0 0 1 0 
8 0 1
1 6.2831853071795862 0 0 1 
1 0 0 0 1 
1 0 1 1 0 
8 0 6.2831853071795862
1 0 0 1 0 
8 0 0.73221730003397389
1 6.2831853071795862 0 0 1 
1 0 0 0 1 
1 0 0.73221730003397389 1 0 
8 0 6.2831853071795862
1 0 0 1 0 
8 0 0.73221730003397389
1 6.2831853071795862 0 0 1 
1 0 0 0 1 
1 0 0.73221730003397389 1 0 
8 0 6.2831853071795862
1 0 0 1 0 
8 0 1
1 6.2831853071795862 0 0 1 
1 0 0 0 1 
1 0 1 1 0 
8 0 6.2831853071795862
1 0 0 1 0 
8 0 1
1 6.2831853071795862 0 0 1 
1 0 0 0 1 
1 0 1 1 0 
8 0 6.2831853071795862
1 0 0 1 0 
8 0 0.024999999999999988
1 6.2831853071795862 0 0 1 
1 0 0 0 1 
1 0 0.024999999999999988 1 0 
2 0 0 1 -4.8454027751986727e-24 4.8454027751986727e-24 1 0.030764248062958188
8 0 0.024999999999999988
1 6.2831853071795862 0 0 1 
1 0 0 0 1 
1 0 0.024999999999999988 1 0 
2 -3.5527136788005009e-15 -3.944304353961771e-31 1 -4.8454027751986727e-24 4.8454027751986727e-24 1 0.030000000000001137
2 0 0 1 -4.8454027751986727e-24 4.8454027751986727e-24 1 0.030000000000001137
1 0 0 1 0 
2 0 -2.8846679336036387e-18 1 -4.8533434598558343e-32 4.8533434598558343e-32 1 0.030357748500443846
1 0 0 1 0 
2 2.2869752654440522e-15 -1.5574172725880838e-18 1 -1.3173360819608693e-31 1.3173360819608693e-31 1 0.030000000000000294
2 0 -2.8846679336036387e-18 1 -4.8533434598558343e-32 4.8533434598558343e-32 1 0.030000000000000502
8 0 0.42720018726587516
1 6.2831853071795862 0 0 1 
1 0 0 0 1 
1 0 0.42720018726587516 1 0 
2 2.0790684231309705e-16 -2.8846679336036395e-18 1 -4.8533434598558343e-32 4.8533434598558343e-32 1 0.030357748500443846
8 0 0.42720018726587516
1 6.2831853071795862 0 0 1 
1 0 0 0 1 
1 0 0.42720018726587516 1 0 
2 2.2869752654440522e-15 -1.5574172725880842e-18 1 -1.3173360819608693e-31 1.3173360819608693e-31 1 0.030000000000000294
2 2.0790684231309705e-16 -2.8846679336036395e-18 1 -4.8533434598558343e-32 4.8533434598558343e-32 1 0.030000000000000502
1 0 0.20000000000000001 1 0 
2 0 0 1 0 -0 1 0.10000000000000001
1 6.2831853071795862 -0 0 1 
1 0 -0 0 1 
1 0 0 1 0 
2 0 0 1 0 -0 1 0.10000000000000001
1 0 0.20000000000000001 1 0 
2 0 0 1 0 -0 1 0.10000000000000001
1 6.2831853071795862 -0 0 1 
1 0 -0 0 1 
1 0 0 1 0 
2 0 0 1 0 -0 1 0.10000000000000001
1 0 0.20000000000000001 1 0 
2 0 0 1 0 -0 1 0.10000000000000001
1 6.2831853071795862 -0 0 1 
1 0 -0 0 1 
1 0 0 1 0 
2 0 0 1 0 -0 1 0.10000000000000001
1 0 0.20000000000000001 1 0 
2 0 0 1 0 -0 1 0.10000000000000001
1 6.2831853071795862 -0 0 1 
1 0 -0 0 1 
1 0 0 1 0 
2 0 0 1 0 -0 1 0.10000000000000001
Curves 263
2 19.699999999999999 3.1000000000000001 -1.71 0.99607740344274465 -0.0053128752806235234 0.08832655154036248 -0.088327798147805087 1.0842021724855042e-19 0.99609146170136431 -0.0052921097041133316 -0.99998588657853194 -0.00046927457537137776 0.030357748500443663
2 19.699999999999999 3.1000000000000001 -1.71 0.99607740344274465 -0.0053128752806235234 0.08832655154036248 -0.088327798147805087 1.0842021724855042e-19 0.99609146170136431 -0.0052921097041133316 -0.99998588657853194 -0.00046927457537137776 0.029999999999999999
1 19.697318566918231 3.1000000000000001 -1.6797609059222307 0.99607740344274465 -0.0053128752806235234 0.08832655154036248 
2 20.800000000000001 3.0941328226215288 -1.6124581760829155 0.99607740344274465 -0.0053128752806235234 0.08832655154036248 -0.088327798147805087 1.0842021724855042e-19 0.99609146170136431 -0.0052921097041133316 -0.99998588657853194 -0.00046927457537137776 0.030357748500443663
1 19.697350166055564 3.1000000000000001 -1.680117256148959 0.99607740344274465 -0.0053128752806235234 0.08832655154036248 
2 20.800000000000001 3.0941328226215288 -1.6124581760829155 0.99607740344274465 -0.0053128752806235234 0.08832655154036248 -0.088327798147805087 1.0842021724855042e-19 0.99609146170136431 -0.0052921097041133316 -0.99998588657853194 -0.00046927457537137776 0.029999999999999999
2 20.800000000000001 -1.5 -1.6499999999999999 0 0 1 1 0 -0 -0 1 0 0.030541509968091192
2 20.800000000000001 -1.5 -1.6499999999999999 0 0 1 1 0 -0 -0 1 0 0.029999999999999999
1 20.830541509968093 -1.5 -1.6499999999999999 0 0 1 
2 20.800000000000001 -1.5 -0.8600000000000001 0 0 1 1 0 -0 -0 1 0 0.030541509968091192
1 20.830000000000002 -1.5 -1.6499999999999999 0 0 1 
2 20.800000000000001 -1.5 -0.8600000000000001 0 0 1 1 0 -0 -0 1 0 0.029999999999999999
7 1 0  7 8 2  20.830541509968093 -1.5 -0.8600000000000001  1.6690784610682365 20.830541509968093 -1.5000000000000002 -0.84579839214720809  1.6690784610682412 20.830541509968093 -1.5038375592871642 -0.83249309429151597  1.6690784610682121 20.830541509968089 -1.5109244280034815 -0.82067235629093549  1.6690784610682827 20.830541509968089 -1.5206723562909352 -0.81092442800348075  1.6690784610681924 20.830541509968093 -1.5324930942915156 -0.80383755928716494  1.6690784610682607 20.830541509968093 -1.5457983921472085 -0.79999999999999993  1.6690784610682294 20.830541509968093 -1.5600000000000001 -0.80000000000000004  1.6690784610682365
 0 8 1 8
7 1 1  6 6 2  20.830541509968093 -1.5600000000000001 -0.80000000000000004  1.6690784610682365 20.830541509968093 -1.5600000000000001 -0.74925396559503366  1.0367296232096121 20.767792505926543 -1.5600000000000001 -0.74196769870661095  1.0383466998475064 20.716037818153577 -1.5600000000000001 -0.79999999999999993  0.85353433019614966 20.767792505926543 -1.5600000000000001 -0.85803230129338925  1.0383466998475068 20.830541509968093 -1.5600000000000001 -0.85074603440496643  1.0367296232096115
 0 6 6.2831853071795862 6
7 1 0  7 8 2  20.830000000000002 -1.5 -0.8600000000000001  1.6690784610682365 20.830000000000002 -1.5 -0.84579839214720809  1.6690784610682412 20.830000000000005 -1.5038375592871644 -0.83249309429151608  1.6690784610682121 20.830000000000005 -1.5109244280034813 -0.82067235629093516  1.6690784610682827 20.830000000000002 -1.5206723562909354 -0.81092442800348097  1.6690784610681924 20.830000000000002 -1.5324930942915154 -0.8038375592871646  1.6690784610682607 20.830000000000002 -1.5457983921472085 -0.80000000000000016  1.6690784610682294 20.830000000000002 -1.5600000000000001 -0.80000000000000004  1.6690784610682365
 0 8 1 8
7 1 1  6 6 2  20.830000000000002 -1.5600000000000001 -0.80000000000000004  1.6690784610682365 20.830000000000002 -1.5600000000000001 -0.75015370773286827  1.0367296232096121 20.768363554283557 -1.5600000000000001 -0.74299662850263193  1.0383466998475064 20.717526492369746 -1.5600000000000001 -0.79999999999999993  0.85353433019614966 20.768363554283557 -1.5600000000000001 -0.85700337149736827  1.0383466998475068 20.830000000000002 -1.5600000000000001 -0.84984629226713182  1.0367296232096115
 0 6 6.2831853071795862 6
1 20.830541509968093 -1.5600000000000001 -0.80000000000000004 0 -1 0 
2 20.800000000000001 -2.2399999999999998 -0.80000000000000004 0 -1 0 1 0 0 -0 0 1 0.030541509968091192
1 20.830000000000002 -1.5600000000000001 -0.80000000000000004 0 -1 0 
2 20.800000000000001 -2.2399999999999998 -0.80000000000000004 0 -1 0 1 0 0 -0 0 1 0.029999999999999999
7 1 0  7 8 2  20.830541509968093 -2.2399999999999998 -0.80000000000000004  1.6690784610682365 20.830541509968093 -2.2471276690764634 -0.80000000000000004  1.6690784610682412 20.832467549114064 -2.2533697312285756 -0.80000000000000004  1.6690784610682121 20.835688533208057 -2.2591614856621018 -0.80000000000000016  1.6690784610682827 20.840838514337896 -2.2643114667919488 -0.80000000000000004  1.6690784610681924 20.846630268771424 -2.2675324508859367 -0.80000000000000004  1.6690784610682607 20.852872330923535 -2.2694584900319086 -0.80000000000000016  1.6690784610682294 20.859999999999999 -2.2694584900319086 -0.80000000000000004  1.6690784610682365
 0 8 1 8
7 1 1  6 6 2  20.859999999999999 -2.2694584900319086 -0.80000000000000004  1.6690784610682365 20.859999999999999 -2.2694584900319086 -0.74925396559503366  1.0367296232096121 20.859999999999999 -2.3322074940734585 -0.74196769870661095  1.0383466998475064 20.859999999999999 -2.3839621818464281 -0.79999999999999993  0.85353433019614966 20.859999999999999 -2.3322074940734585 -0.85803230129338925  1.0383466998475068 20.859999999999999 -2.2694584900319086 -0.85074603440496643  1.0367296232096115
 0 6 6.2831853071795862 6
7 1 0  7 8 2  20.830000000000002 -2.2399999999999998 -0.80000000000000004  1.6690784610682365 20.830000000000002 -2.2472530920946792 -0.80000000000000004  1.6690784610682412 20.831959930961137 -2.2536203874963734 -0.80000000000000004  1.6690784610682121 20.835249458328217 -2.2595190375844516 -0.80000000000000016  1.6690784610682827 20.840480962415551 -2.2647505416717797 -0.80000000000000004  1.6690784610681924 20.846379612503622 -2.2680400690388645 -0.80000000000000004  1.6690784610682607 20.85274690790532 -2.27 -0.80000000000000016  1.6690784610682294 20.859999999999999 -2.27 -0.80000000000000004  1.6690784610682365
 0 8 1 8
7 1 1  6 6 2  20.859999999999999 -2.27 -0.80000000000000004  1.6690784610682365 20.859999999999999 -2.27 -0.75015370773286827  1.0367296232096121 20.859999999999999 -2.3316364457164438 -0.74299662850263193  1.0383466998475064 20.859999999999999 -2.3824735076302535 -0.79999999999999993  0.85353433019614966 20.859999999999999 -2.3316364457164442 -0.85700337149736827  1.0383466998475068 20.859999999999999 -2.27 -0.84984629226713182  1.0367296232096115
 0 6 6.2831853071795862 6
1 20.859999999999999 -2.2694584900319086 -0.80000000000000004 1 0 0 
2 40.204086027646291 -2.2999999999999998 -0.80000000000000004 1 0 0 -0 1 0 0 -0 1 0.030541509968091192
1 20.859999999999999 -2.27 -0.80000000000000004 1 0 0 
2 40.204086027646291 -2.2999999999999998 -0.80000000000000004 1 0 0 -0 1 0 0 -0 1 0.029999999999999999
7 1 0  5 6 2  40.204086027646291 -2.2694584900319086 -0.80000000000000004  1.6690784610682365 40.205654885356054 -2.2694584900319086 -0.80000000000000315  1.6690784610682319 40.207221821795891 -2.2694076990170235 -0.79994195312585181  1.6690784610682436 40.20878313176182 -2.2693063601627919 -0.79982613729244745  1.6690784610682303 40.21033497333606 -2.2691547228338851 -0.79965283748798555  1.6690784610682388 40.211873640518732 -2.2689530248885914 -0.7994223255505104  1.6690784610682365
 0 6 1 6
7 1 1  6 6 2  40.211873640518732 -2.2689530248885914 -0.7994223255505104  1.6690784610682365 40.204417536222429 -2.2694369730365347 -0.74922937474322304  1.0367296232096121 40.211414202407425 -2.3317318493583454 -0.74142410474649945  1.0383466998475064 40.226594643719856 -2.3825012308418194 -0.79833034170897565  0.85353433019614966 40.228467550361472 -2.3306249796270997 -0.85622371335464298  1.0383466998475068 40.219329744815035 -2.2684690767406486 -0.84961527635779777  1.0367296232096115
 0 6 6.2831853071795862 6
7 1 0  5 6 2  40.204086027646291 -2.27 -0.80000000000000004  1.6690784610682365 40.205668910256172 -2.27 -0.80000000000000315  1.6690784610682319 40.207249854972346 -2.2699487549357094 -0.79994143421224517  1.6690784610682436 40.208825121881304 -2.2698465101879353 -0.79982458307193505  1.6690784610682303 40.21039083677978 -2.2696935172168824 -0.79964973396216366  1.6690784610682388 40.211943258972489 -2.2694900161803848 -0.79941716134902641  1.6690784610682365
 0 6 1 6
7 1 1  6 6 2  40.211943258972489 -2.2694900161803848 -0.79941716134902641  1.6690784610682365 40.204619353601643 -2.2699653837851121 -0.7501141463444696  1.0367296232096121 40.211491966834231 -2.3311557536000569 -0.74244726608392098  1.0383466998475064 40.226403254450616 -2.3810249789951174 -0.79834453870265865  0.85353433019614966 40.228242953905792 -2.3300685089951876 -0.85521144381588243  1.0383466998475068 40.219267164343336 -2.269014648575657 -0.84872017635358332  1.0367296232096115
 0 6 6.2831853071795862 6
1 40.211873640518732 -2.2689530248885919 -0.79942232555051052 0.98075636375132647 0.12856356828200935 0.14692979232229622 
2 45.547089204699894 -1.6003815649269786 -0.00043607420226243754 0.98075636375132647 0.12856356828200935 0.14692979232229622 -0.12856356828193394 0.99165541437004912 -0.0095366692918855394 -0.14692979232236217 -0.0095366692908693037 0.98910094938127746 0.030541509968091192
1 40.211943258972489 -2.2694900161803848 -0.79941716134902652 0.98075636375132647 0.12856356828200935 0.14692979232229622 
2 45.547089204699894 -1.6003815649269786 -0.00043607420226243754 0.98075636375132647 0.12856356828200935 0.14692979232229622 -0.12856356828193394 0.99165541437004912 -0.0095366692918855394 -0.14692979232236217 -0.0095366692908693037 0.98910094938127746 0.029999999999999999
7 1 0  5 6 2  45.543162679197678 -1.5700949112040856 -0.00072733848250332311  1.6690784610682365 45.543808190670482 -1.5700102935952913 -0.0006306326438957399  1.6690784610682319 45.544452832940436 -1.5699115153233378 -0.00054189071400999377  1.6690784610682436 45.545096215677617 -1.5697986449419368 -0.00046116162758189137  1.6690784610682303 45.545737942779468 -1.5696717519404393 -0.00038849508597404937  1.6690784610682388 45.546377623900348 -1.5695309047211614 -0.00032394011048632364  1.6690784610682365
 0 6 1 6
7 1 1  6 6 2  45.546377623900348 -1.5695309047211614 -0.00032394011048632364  1.6690784610682365 45.541296999048654 -1.5695981160567727 0.050167076333855344  1.0367296232096121 45.553936207715743 -1.6309031058223666 0.058680349939576291  1.0383466998475064 45.57077268036236 -1.6813819652302409 0.0019819051497549658  0.85353433019614966 45.565556439941147 -1.6307493823433106 -0.056800984248016523  1.0383466998475068 45.551458248752034 -1.5694636933855506 -0.050814956554827949  1.0367296232096115
 0 6 6.2831853071795862 6
7 1 0  5 6 2  45.543232297651436 -1.5706319024958786 -0.00072217428101937966  1.6690784610682365 45.543886995106583 -1.570546080732095 -0.00062409226528112977  1.6690784610682319 45.54454081101742 -1.5704458967875072 -0.00053408748489344477  1.6690784610682436 45.545193349419328 -1.5703314202029726 -0.000452209582362647  1.6690784610682303 45.545844208677359 -1.5702027214383978 -0.00037850895322934567  1.6690784610682388 45.54649299281148 -1.5700598698859298 -0.00031303532502910842  1.6690784610682365
 0 6 1 6
7 1 1  6 6 2  45.54649299281148 -1.5700598698859298 -0.00031303532502910842  1.6690784610682365 45.54150244893497 -1.5701258895447627 0.04928276052503832  1.0367296232096121 45.553917560709372 -1.630343923783715 0.057645091282046076  1.0383466998475064 45.570455517736576 -1.6799277781451525 0.0019519266195345659  0.85353433019614966 45.565331762794543 -1.6301929258672236 -0.055788724834030759  1.0383466998475068 45.551483536687996 -1.5699938502270971 -0.049908831175096494  1.0367296232096115
 0 6 6.2831853071795862 6
1 45.546377623900355 -1.5695309047211599 -0.00032394011048548913 0.97189803205040526 0.21399589696522686 0.098081452775729008 
2 51 -0.39999999999999947 0.55000000000000049 0.97189803205040526 0.21399589696522686 0.098081452775729008 -0.21305039230956246 0.9768336613134696 -0.020137737252814755 -0.10011865776812569 -0.0013244647862020939 0.99497462287223148 0.030541509968091199
1 45.546492992811494 -1.570059869885928 -0.0003130353250282886 0.97189803205040526 0.21399589696522686 0.098081452775729008 
2 51 -0.39999999999999947 0.55000000000000049 0.97189803205040526 0.21399589696522686 0.098081452775729008 -0.21305039230956246 0.9768336613134696 -0.020137737252814755 -0.10011865776812569 -0.0013244647862020939 0.99497462287223148 0.030000000000000006
2 26.550000000000001 -15.800000000000001 -0.082500000000000004 -0.37789699742666721 0 0.92584764369517603 0.92584764369517603 0 0.37789699742666721 0 1 -0 0.030764248062958459
2 26.550000000000001 -15.800000000000001 -0.082500000000000004 -0.37789699742666721 0 0.92584764369517603 0.92584764369517603 0 0.37789699742666721 0 1 -0 0.029999999999999999
1 26.578483006579145 -15.800000000000001 -0.070874283028918836 -0.37789699742666721 0 0.92584764369517603 
2 26.542979677469134 -15.800000000000001 -0.065300209799379477 -0.37789699742666721 0 0.92584764369517603 0.92584764369517603 0 0.37789699742666721 0 1 -0 0.030764248062958459
1 26.577775429310854 -15.800000000000001 -0.071163090077199981 -0.37789699742666721 0 0.92584764369517603 
2 26.542979677469134 -15.800000000000001 -0.065300209799379477 -0.37789699742666721 0 0.92584764369517603 0.92584764369517603 0 0.37789699742666721 0 1 -0 0.029999999999999999
7 1 0  7 8 2  26.571462684048278 -15.799999999999999 -0.053674492828299898  1.6690784610682365 26.565391299523732 -15.800000000000001 -0.038799600743162702  1.6690784610682412 26.564627358222829 -15.797476589201029 -0.024563231640990401  1.6690784610682121 26.567133244419718 -15.793430129737988 -0.010875001454474762  1.6690784610682827 26.574536352192066 -15.787020493891061 0.002394600153217991  1.6690784610681924 26.584340773582213 -15.780408647244984 0.010771816313144618  1.6690784610682607 26.595961712981623 -15.773532032224788 0.015995928383553404  1.6690784610682294 26.610331796477258 -15.76634699047697 0.015995928383553352  1.6690784610682365
 0 8 1 8
7 1 1  6 6 2  26.610331796477258 -15.76634699047697 0.015995928383553352  1.6690784610682365 26.592495219333294 -15.730673836189043 -0.015975005989290397  1.0367296232096121 26.572254483784377 -15.690192365091212 0.028752033856843422  1.0383466998475064 26.578070062435895 -15.701823522394236 0.1059899994538723  0.85353433019614966 26.613049695902859 -15.771782789328176 0.10187486672098016  1.0383466998475068 26.628168373621218 -15.802020144764892 0.047966862756397194  1.0367296232096115
 0 6 6.2831853071795862 6
7 1 0  7 8 2  26.570755106779991 -15.799999999999999 -0.053963299876580988  1.6690784610682365 26.564611726949963 -15.800000000000001 -0.038912019293016811  1.6690784610682412 26.563825180037782 -15.797446666251727 -0.024473643991624706  1.6690784610682121 26.566385987640636 -15.793334974194707 -0.010600331539277655  1.6690784610682827 26.573858634674544 -15.786865131019029 0.0027939147885690796  1.6690784610681924 26.583786735439347 -15.780163883804585 0.011306179265527395  1.6690784610682607 26.595577540568915 -15.773189693422738 0.016592239569136184  1.6690784610682294 26.610118026473895 -15.765919450470248 0.016592239569136132  1.6690784610682365
 0 8 1 8
7 1 1  6 6 2  26.610118026473895 -15.765919450470248 0.016592239569136132  1.6690784610682365 26.592724547094072 -15.7311324917106 -0.014584470136964116  1.0367296232096121 26.572986633616555 -15.69165666475557 0.029031456786977709  1.0383466998475064 26.578657741169334 -15.702998879861122 0.10435067028340006  0.85353433019614966 26.612768407611156 -15.771220212744771 0.10033776602732601  1.0383466998475068 26.627511505853722 -15.800706409229896 0.047768949275236464  1.0367296232096115
 0 6 6.2831853071795862 6
1 26.610331796477258 -15.76634699047697 0.015995928383553359 0.89442719099991597 0.44721359549995798 0 
2 27.248876477489326 -15.425561761255338 0.040000000000000001 0.89442719099991597 0.44721359549995798 0 0.27971284942926894 -0.55942569885853788 -0.78025868102879548 -0.34894229016294248 0.69788458032588496 -0.62545694550400865 0.030764248062958455
1 26.610118026473895 -15.765919450470248 0.016592239569136139 0.89442719099991597 0.44721359549995798 0 
2 27.248876477489326 -15.425561761255338 0.040000000000000001 0.89442719099991597 0.44721359549995798 0 0.27971284942926894 -0.55942569885853788 -0.78025868102879548 -0.34894229016294248 0.69788458032588496 -0.62545694550400865 0.029999999999999995
7 1 0  6 7 2  27.257481632975566 -15.442772072227816 0.015995928383553359  1.6690784610682365 27.267862639164928 -15.437581569133135 0.015995928383553397  1.6690784610682405 27.27887584097796 -15.436129602112457 0.016351945017431598  1.6690784610682217 27.290173193463804 -15.437672650582209 0.016983413528788845  1.6690784610682554 27.300401516639319 -15.442672912107026 0.01787150921672203  1.6690784610682214 27.308701437883997 -15.449995624051951 0.018878865832384444  1.6690784610682423 27.314364408146645 -15.460063126741103 0.020011459884913776  1.6690784610682365
 0 7 1 7
7 1 1  6 6 2  27.314364408146645 -15.460063126741103 0.020011459884913776  1.6690784610682365 27.352911527428098 -15.44152931851392 -0.0079791745029443653  1.0367296232096121 27.38623219486443 -15.417329281225191 0.04052893088187768  1.0383466998475064 27.365067916868441 -15.420759183040069 0.11586230472956963  0.85353433019614966 27.298068535718897 -15.459719176544716 0.10454815710264874  1.0383466998475068 27.275817288865195 -15.478596934968287 0.048002094272772015  1.0367296232096115
 0 6 6.2831853071795862 6
7 1 0  6 7 2  27.257267862972203 -15.442344532221094 0.016592239569136143  1.6690784610682365 27.2677465617789 -15.437105182817746 0.016592239569136157  1.6690784610682405 27.278872264185779 -15.435635122475432 0.016951606571576315  1.6690784610682217 27.290274154296551 -15.437199751134383 0.01758955938551757  1.6690784610682554 27.300601250832425 -15.442240234330393 0.018485523123815985  1.6690784610682214 27.308984112672867 -15.449640449220581 0.019503326170583864  1.6690784610682423 27.314700375494709 -15.459802694237187 0.020646578734951872  1.6690784610682365
 0 7 1 7
7 1 1  6 6 2  27.314700375494709 -15.459802694237187 0.020646578734951872  1.6690784610682365 27.352289903965453 -15.44172930444792 -0.0066487099364070032  1.0367296232096121 27.384782816551656 -15.418130446540648 0.040654352975013214  1.0383466998475064 27.364144303346965 -15.421475142443366 0.11411628875207842  0.85353433019614966 27.298809326513702 -15.45946728848079 0.10308320814133184  1.0383466998475068 27.27711084702397 -15.477876084026454 0.047941867406310838  1.0367296232096115
 0 6 6.2831853071795862 6
1 27.314364408146645 -15.460063126741103 0.020011459884913738 0.48792135293449224 -0.86741573855020504 0.09758427058689817 
2 30.45000000000001 -20.999999999999993 0.66999999999999993 0.48792135293449224 -0.86741573855020504 0.09758427058689817 -0.43960510251709628 -0.34076959633746512 -0.83103756596975475 0.75410881654540285 0.36258243025194065 -0.54758914715422247 0.030764248062958459
1 27.314700375494709 -15.459802694237187 0.020646578734951838 0.48792135293449224 -0.86741573855020504 0.09758427058689817 
2 30.45000000000001 -20.999999999999993 0.66999999999999993 0.48792135293449224 -0.86741573855020504 0.09758427058689817 -0.43960510251709628 -0.34076959633746512 -0.83103756596975475 0.75410881654540285 0.36258243025194065 -0.54758914715422247 0.029999999999999999
2 26.550000000000001 15.800000000000001 -0.082500000000000004 -0.37789699742666721 0 0.92584764369517603 0.92584764369517603 0 0.37789699742666721 0 1 -0 0.030764248062958459
2 26.550000000000001 15.800000000000001 -0.082500000000000004 -0.37789699742666721 0 0.92584764369517603 0.92584764369517603 0 0.37789699742666721 0 1 -0 0.029999999999999999
1 26.578483006579145 15.800000000000001 -0.070874283028918836 -0.37789699742666721 0 0.92584764369517603 
2 26.542979677469134 15.800000000000001 -0.065300209799379477 -0.37789699742666721 0 0.92584764369517603 0.92584764369517603 0 0.37789699742666721 0 1 -0 0.030764248062958459
1 26.577775429310854 15.800000000000001 -0.071163090077199981 -0.37789699742666721 0 0.92584764369517603 
2 26.542979677469134 15.800000000000001 -0.065300209799379477 -0.37789699742666721 0 0.92584764369517603 0.92584764369517603 0 0.37789699742666721 0 1 -0 0.029999999999999999
7 1 0  7 8 2  26.571462684048278 15.799999999999999 -0.05367449282829987  1.6690784610682365 26.565391299523732 15.800000000000001 -0.038799600743162695  1.6690784610682412 26.564627358222829 15.797476589201029 -0.024563231640990311  1.6690784610682121 26.567133244419718 15.793430129737988 -0.010875001454474958  1.6690784610682827 26.574536352192066 15.787020493891061 0.0023946001532181497  1.6690784610681924 26.584340773582213 15.780408647244984 0.010771816313144531  1.6690784610682607 26.595961712981623 15.773532032224788 0.015995928383553428  1.6690784610682294 26.610331796477258 15.76634699047697 0.015995928383553352  1.6690784610682365
 0 8 1 8
7 1 1  6 6 2  26.610331796477258 15.76634699047697 0.015995928383553352  1.6690784610682365 26.628168373621218 15.802020144764892 0.047966862756397229  1.0367296232096121 26.613049695902859 15.771782789328176 0.10187486672098009  1.0383466998475064 26.578070062435895 15.701823522394236 0.10598999945387244  0.85353433019614966 26.572254483784377 15.690192365091214 0.028752033856843367  1.0383466998475068 26.592495219333294 15.730673836189043 -0.015975005989290417  1.0367296232096115
 0 6 6.2831853071795862 6
7 1 0  7 8 2  26.570755106779991 15.799999999999999 -0.053963299876580988  1.6690784610682365 26.564611726949963 15.800000000000001 -0.038912019293016839  1.6690784610682412 26.563825180037782 15.797446666251727 -0.024473643991624567  1.6690784610682121 26.566385987640636 15.793334974194707 -0.010600331539277946  1.6690784610682827 26.573858634674544 15.786865131019029 0.002793914788569358  1.6690784610681924 26.583786735439347 15.780163883804585 0.011306179265527223  1.6690784610682607 26.595577540568915 15.773189693422738 0.01659223956913624  1.6690784610682294 26.610118026473895 15.765919450470248 0.016592239569136125  1.6690784610682365
 0 8 1 8
7 1 1  6 6 2  26.610118026473895 15.765919450470248 0.016592239569136125  1.6690784610682365 26.627511505853722 15.800706409229896 0.047768949275236498  1.0367296232096121 26.612768407611156 15.771220212744771 0.10033776602732594  1.0383466998475064 26.578657741169334 15.702998879861122 0.10435067028340021  0.85353433019614966 26.572986633616555 15.69165666475557 0.029031456786977643  1.0383466998475068 26.592724547094072 15.7311324917106 -0.014584470136964121  1.0367296232096115
 0 6 6.2831853071795862 6
1 26.610331796477258 15.76634699047697 0.015995928383553359 0.89442719099991597 -0.44721359549995798 0 
2 27.248876477489326 15.425561761255338 0.040000000000000001 0.89442719099991597 -0.44721359549995798 0 0.27971284942926894 0.55942569885853788 -0.78025868102879548 0.34894229016294248 0.69788458032588496 0.62545694550400865 0.030764248062958455
1 26.610118026473895 15.765919450470248 0.016592239569136139 0.89442719099991597 -0.44721359549995798 0 
2 27.248876477489326 15.425561761255338 0.040000000000000001 0.89442719099991597 -0.44721359549995798 0 0.27971284942926894 0.55942569885853788 -0.78025868102879548 0.34894229016294248 0.69788458032588496 0.62545694550400865 0.029999999999999995
7 1 0  6 7 2  27.257481632975566 15.442772072227816 0.015995928383553362  1.6690784610682365 27.267862639164928 15.437581569133135 0.015995928383553331  1.6690784610682405 27.27887584097796 15.436129602112457 0.016351945017431826  1.6690784610682217 27.290173193463804 15.437672650582209 0.016983413528788505  1.6690784610682554 27.300401516639319 15.442672912107026 0.01787150921672228  1.6690784610682214 27.308701437883997 15.449995624051951 0.018878865832384351  1.6690784610682423 27.314364408146645 15.460063126741103 0.020011459884913776  1.6690784610682365
 0 7 1 7
7 1 1  6 6 2  27.314364408146645 15.460063126741103 0.020011459884913776  1.6690784610682365 27.275817288865195 15.478596934968287 0.04800209427277205  1.0367296232096121 27.298068535718897 15.45971917654472 0.1045481571026487  1.0383466998475064 27.365067916868441 15.420759183040071 0.11586230472956971  0.85353433019614966 27.38623219486443 15.417329281225188 0.040528930881877638  1.0383466998475068 27.352911527428098 15.441529318513918 -0.0079791745029443722  1.0367296232096115
 0 6 6.2831853071795862 6
7 1 0  6 7 2  27.257267862972203 15.442344532221094 0.016592239569136132  1.6690784610682365 27.2677465617789 15.437105182817746 0.016592239569136157  1.6690784610682405 27.278872264185779 15.435635122475432 0.016951606571576308  1.6690784610682217 27.290274154296551 15.437199751134383 0.01758955938551755  1.6690784610682554 27.300601250832425 15.442240234330393 0.018485523123816006  1.6690784610682214 27.308984112672867 15.449640449220581 0.01950332617058384  1.6690784610682423 27.314700375494709 15.459802694237187 0.020646578734951869  1.6690784610682365
 0 7 1 7
7 1 1  6 6 2  27.314700375494709 15.459802694237187 0.020646578734951869  1.6690784610682365 27.27711084702397 15.477876084026454 0.047941867406310873  1.0367296232096121 27.298809326513702 15.459467288480788 0.10308320814133179  1.0383466998475064 27.364144303346965 15.421475142443366 0.11411628875207856  0.85353433019614966 27.384782816551656 15.418130446540648 0.040654352975013165  1.0383466998475068 27.352289903965453 15.44172930444792 -0.0066487099364070101  1.0367296232096115
 0 6 6.2831853071795862 6
1 27.314364408146645 15.460063126741103 0.020011459884913738 0.48792135293449224 0.86741573855020504 0.09758427058689817 
2 30.45000000000001 20.999999999999993 0.66999999999999993 0.48792135293449224 0.86741573855020504 0.09758427058689817 -0.43960510251709628 0.34076959633746512 -0.83103756596975475 -0.75410881654540285 0.36258243025194065 0.54758914715422247 0.030764248062958459
1 27.314700375494709 15.459802694237187 0.020646578734951838 0.48792135293449224 0.86741573855020504 0.09758427058689817 
2 30.45000000000001 20.999999999999993 0.66999999999999993 0.48792135293449224 0.86741573855020504 0.09758427058689817 -0.43960510251709628 0.34076959633746512 -0.83103756596975475 -0.75410881654540285 0.36258243025194065 0.54758914715422247 0.029999999999999999
2 19.800000000000001 3.7999999999999998 -1.45 0 0 1 1 0 -0 -0 1 0 0.10000000000000001
1 19.900000000000002 3.7999999999999998 -1.6499999999999999 0 0 1 
2 19.800000000000001 3.7999999999999998 -1.6499999999999999 0 0 1 1 0 -0 -0 1 0 0.10000000000000001
2 26.66 -15.619999999999999 0.040000000000000001 0.44721359549994161 -0.89442719099992407 0 -0.89442719099992407 -0.44721359549994161 0 0 -0 -1 0.030503008985286354
2 26.66 -15.619999999999999 0.040000000000000001 0.44721359549994161 -0.89442719099992407 0 -0.89442719099992407 -0.44721359549994161 0 0 -0 -1 0.029999999999999999
1 26.632717279356246 -15.633641360321876 0.040000000000000001 0.44721359549994161 -0.89442719099992407 0 
2 26.699999999999999 -15.700000000000001 0.040000000000000001 0.44721359549994161 -0.89442719099992407 0 -0.89442719099992407 -0.44721359549994161 0 0 -0 -1 0.030503008985286354
1 26.633167184270004 -15.633416407864997 0.040000000000000001 0.44721359549994161 -0.89442719099992407 0 
2 26.699999999999999 -15.700000000000001 0.040000000000000001 0.44721359549994161 -0.89442719099992407 0 -0.89442719099992407 -0.44721359549994161 0 0 -0 -1 0.029999999999999999
2 20.800000000000001 3.7999999999999998 -1.5700000000000001 0 -0.99819586028850038 -0.060041856257954773 0 0.060041856257954773 -0.99819586028850038 1 0 0 0.030541509968091192
2 20.800000000000001 3.7999999999999998 -1.5700000000000001 0 -0.99819586028850038 -0.060041856257954773 0 0.060041856257954773 -0.99819586028850038 1 0 0 0.029999999999999999
1 20.800000000000001 3.801833768951405 -1.6004864088171087 0 -0.99819586028850038 -0.060041856257954773 
2 20.800000000000001 2.4717996293622209 -1.6498917516173099 0 -0.99819586028850038 -0.060041856257954773 0 0.060041856257954773 -0.99819586028850038 1 0 0 0.030541509968091192
1 20.800000000000001 3.8018012556877383 -1.5999458758086551 0 -0.99819586028850038 -0.060041856257954773 
2 20.800000000000001 2.4717996293622209 -1.6498917516173099 0 -0.99819586028850038 -0.060041856257954773 0 0.060041856257954773 -0.99819586028850038 1 0 0 0.029999999999999999
7 1 0  3 4 2  20.800000000000001 2.4736333983485523 -1.6803781604317911  1.6690784610682365 20.800000000000001 2.4718233494056299 -1.6804870355568802  1.6690784610682354 20.800000000000001 2.4700104383780732 -1.6805415099682668  1.6690784610682372 20.800000000000001 2.4681971179517221 -1.6805415099675656  1.6690784610682365
 0 4 1 4
7 1 1  6 6 2  20.800000000000001 2.4681971179517221 -1.6805415099675656  1.6690784610682365 20.850746034404967 2.4681971179517221 -1.6805415099675654  1.0367296232096121 20.858032301293388 2.4681971180236761 -1.6177925059270957  1.0383466998475064 20.800000000000001 2.4681971180830233 -1.566037818155017  0.85353433019614966 20.74196769870661 2.4681971180236761 -1.6177925059270957  1.0383466998475068 20.749253965595035 2.4681971179517221 -1.6805415099675656  1.0367296232096115
 0 6 6.2831853071795862 6
7 1 0  3 4 2  20.800000000000001 2.4736008850842666 -1.6798376274233839  1.6690784610682365 20.800000000000001 2.4718016616691765 -1.6799458513888916  1.6690784610682354 20.800000000000001 2.4699995932847965 -1.6800000000001725  1.6690784610682372 20.800000000000001 2.468197117952343 -1.6799999999994839  1.6690784610682365
 0 4 1 4
7 1 1  6 6 2  20.800000000000001 2.468197117952343 -1.6799999999994839  1.6690784610682365 20.849846292267131 2.468197117952343 -1.6799999999994837  1.0367296232096121 20.85700337149737 2.4681971180230216 -1.6183635542841002  1.0383466998475064 20.800000000000001 2.4681971180813163 -1.5675264923711656  0.85353433019614966 20.742996628502631 2.4681971180230216 -1.6183635542841002  1.0383466998475068 20.750153707732871 2.468197117952343 -1.6799999999994837  1.0367296232096115
 0 6 6.2831853071795862 6
1 20.800000000000001 2.4681971179867439 -1.6805415099680912 0 -1 0 
2 20.800000000000001 -2.4681971179867439 -1.6499999999999999 0 -1 0 0 -0 -1 1 0 0 0.030541509968091188
1 20.800000000000001 2.4681971179867439 -1.6799999999999999 0 -1 0 
2 20.800000000000001 -2.4681971179867439 -1.6499999999999999 0 -1 0 0 -0 -1 1 0 0 0.029999999999999995
7 1 0  3 4 2  20.800000000000001 -2.4681971179517248 -1.6805415099675654  1.6690784610682365 20.800000000000001 -2.4700104383780759 -1.6805415099682668  1.6690784610682354 20.800000000000001 -2.4718233494056325 -1.6804870355568797  1.6690784610682372 20.800000000000001 -2.473633398348555 -1.6803781604317909  1.6690784610682365
 0 4 1 4
7 1 1  6 6 2  20.800000000000001 -2.473633398348555 -1.6803781604317909  1.6690784610682365 20.850746034404967 -2.473633398348555 -1.6803781604317909  1.0367296232096121 20.858032301293388 -2.4698658315957998 -1.6177423643656881  1.0383466998475064 20.800000000000001 -2.466758384012671 -1.5660810492846384  0.85353433019614966 20.74196769870661 -2.4698658315957998 -1.6177423643656881  1.0383466998475068 20.749253965595035 -2.473633398348555 -1.6803781604317909  1.0367296232096115
 0 6 6.2831853071795862 6
7 1 0  3 4 2  20.800000000000001 -2.4681971179523456 -1.6799999999994839  1.6690784610682365 20.800000000000001 -2.4699995932847991 -1.6800000000001725  1.6690784610682354 20.800000000000001 -2.4718016616691791 -1.6799458513888914  1.6690784610682372 20.800000000000001 -2.4736008850842692 -1.6798376274233839  1.6690784610682365
 0 4 1 4
7 1 1  6 6 2  20.800000000000001 -2.4736008850842692 -1.6798376274233839  1.6690784610682365 20.849846292267131 -2.4736008850842692 -1.6798376274233839  1.0367296232096121 20.85700337149737 -2.469900118399821 -1.6183123824716352  1.0383466998475064 20.800000000000001 -2.4668477667776765 -1.567567037724414  0.85353433019614966 20.742996628502631 -2.469900118399821 -1.6183123824716352  1.0383466998475068 20.750153707732871 -2.4736008850842692 -1.6798376274233839  1.0367296232096115
 0 6 6.2831853071795862 6
1 20.800000000000001 -2.4736333983136265 -1.6803781604344186 0 -0.99819586028850038 0.060041856257954773 
2 20.800000000000001 -3.7999999999999998 -1.5700000000000001 0 -0.99819586028850038 0.060041856257954773 0 -0.060041856257954773 -0.99819586028850038 1 0 0 0.030541509968091192
1 20.800000000000001 -2.4736008850499598 -1.679837627425965 0 -0.99819586028850038 0.060041856257954773 
2 20.800000000000001 -3.7999999999999998 -1.5700000000000001 0 -0.99819586028850038 0.060041856257954773 0 -0.060041856257954773 -0.99819586028850038 1 0 0 0.029999999999999999
2 19.699999999999999 -3.1000000000000001 -1.71 0.99607740344274465 0.0053128752806235234 0.08832655154036248 -0.088327798147805087 -1.0842021724855042e-19 0.99609146170136431 0.0052921097041133316 -0.99998588657853194 0.00046927457537137776 0.030357748500443663
2 19.699999999999999 -3.1000000000000001 -1.71 0.99607740344274465 0.0053128752806235234 0.08832655154036248 -0.088327798147805087 -1.0842021724855042e-19 0.99609146170136431 0.0052921097041133316 -0.99998588657853194 0.00046927457537137776 0.029999999999999999
1 19.697318566918231 -3.1000000000000001 -1.6797609059222307 0.99607740344274465 0.0053128752806235234 0.08832655154036248 
2 20.800000000000001 -3.0941328226215288 -1.6124581760829155 0.99607740344274465 0.0053128752806235234 0.08832655154036248 -0.088327798147805087 -1.0842021724855042e-19 0.99609146170136431 0.0052921097041133316 -0.99998588657853194 0.00046927457537137776 0.030357748500443663
1 19.697350166055564 -3.1000000000000001 -1.680117256148959 0.99607740344274465 0.0053128752806235234 0.08832655154036248 
2 20.800000000000001 -3.0941328226215288 -1.6124581760829155 0.99607740344274465 0.0053128752806235234 0.08832655154036248 -0.088327798147805087 -1.0842021724855042e-19 0.99609146170136431 0.0052921097041133316 -0.99998588657853194 0.00046927457537137776 0.029999999999999999
2 19.800000000000001 -3.7999999999999998 -1.5700000000000001 1 0 0 0 0 1 0 -1 0 0.030541509968091192
2 19.800000000000001 -3.7999999999999998 -1.5700000000000001 1 0 0 0 0 1 0 -1 0 0.029999999999999999
1 19.800000000000001 -3.7999999999999998 -1.5394584900319088 1 0 0 
2 21.061715081768945 -3.7999999999999998 -1.5700000000000001 1 0 0 0 0 1 0 -1 0 0.030541509968091192
1 19.800000000000001 -3.7999999999999998 -1.54 1 0 0 
2 21.061715081768945 -3.7999999999999998 -1.5700000000000001 1 0 0 0 0 1 0 -1 0 0.029999999999999999
7 1 0  6 7 2  21.061715081768945 -3.7999999999999998 -1.5394584900319088  1.6690784610682365 21.072566522933649 -3.7999999999999998 -1.539458490031909  1.6690784610682405 21.08300593116741 -3.8024935259926647 -1.5391075493366444  1.6690784610682217 21.092644613275667 -3.8071998950237602 -1.5384451714730096  1.6690784610682554 21.101015866458496 -3.8138731897011553 -1.5375059670369313  1.6690784610682214 21.10769783814893 -3.8221978894607584 -1.5363343426263207  1.6690784610682423 21.11226970217918 -3.8319431785778635 -1.5349627834172466  1.6690784610682365
 0 7 1 7
7 1 1  6 6 2  21.11226970217918 -3.8319431785778635 -1.5349627834172466  1.6690784610682365 21.066696513390987 -3.8538935757886215 -1.5390155027260606  1.0367296232096121 21.068084089171272 -3.8620565890669951 -1.6016411128312469  1.0383466998475064 21.126742304536545 -3.8410877615622998 -1.6481794598487713  0.85353433019614966 21.172317535337772 -3.8118523877188162 -1.5923718711754451  1.0383466998475068 21.157842890967363 -3.8099927813671051 -1.5309100641084326  1.0367296232096115
 0 6 6.2831853071795862 6
7 1 0  6 7 2  21.061715081768945 -3.7999999999999998 -1.54  1.6690784610682365 21.072581116838872 -3.7999999999999998 -1.54  1.6690784610682405 21.083034904681263 -3.8024968794902745 -1.5396485873309984  1.6690784610682217 21.092686425223196 -3.8072097391948847 -1.5389852959651644  1.6690784610682554 21.101069031919678 -3.8138918289963346 -1.5380448536968121  1.6690784610682214 21.107760133250835 -3.8222280296899123 -1.5368716106362348  1.6690784610682423 21.112338145897592 -3.8319864250685369 -1.5354982068422061  1.6690784610682365
 0 7 1 7
7 1 1  6 6 2  21.112338145897592 -3.8319864250685369 -1.5354982068422061  1.6690784610682365 21.067572983170734 -3.8535476352710032 -1.5394790702438992  1.0367296232096121 21.068935956823708 -3.8615659159194404 -1.6009943098348187  1.0383466998475064 21.126554144752102 -3.8409688719030162 -1.6467075182513111  0.85353433019614966 21.171321313286501 -3.812251849849396 -1.5918894145639373  1.0383466998475068 21.157103308624457 -3.8104252148660698 -1.5315173434405129  1.0367296232096115
 0 6 6.2831853071795862 6
1 21.112269702179177 -3.8319431785778635 -1.5349627834172466 0.42131399515095008 -0.89806404229544812 0.12639419854528536 
2 22.960383084185011 -7.7655534162891087 -1.0118850747444954 0.42131399515095008 -0.89806404229544812 0.12639419854528536 -0.12639419854527614 0.079862778566549927 0.98876005338693163 -0.89806404229544934 -0.43255394176401862 -0.0798627785665353 0.030541509968091199
1 21.112338145897596 -3.8319864250685369 -1.5354982068422058 0.42131399515095008 -0.89806404229544812 0.12639419854528536 
2 22.960383084185011 -7.7655534162891087 -1.0118850747444954 0.42131399515095008 -0.89806404229544812 0.12639419854528536 -0.12639419854527614 0.079862778566549927 0.98876005338693163 -0.89806404229544934 -0.43255394176401862 -0.0798627785665353 0.030000000000000006
7 1 0  7 8 2  22.956522814510233 -7.7631142864414366 -0.98168684971792874  1.6690784610682365 22.963909150448249 -7.7788588446250957 -0.97947094893652498  1.6690784610682412 22.964883794872289 -7.7951905306616212 -0.97717241534619903  1.6690784610682121 22.960638258799136 -7.8109574782124414 -0.97495336346867689  1.6690784610682827 22.951519412171262 -7.8251090356980013 -0.97296166278552287  1.6690784610681924 22.938867912000052 -7.8355646346495336 -0.97149013404419682  1.6690784610682607 22.923499859373472 -7.8415701094298766 -0.97064491907511119  1.6690784610682294 22.905968194100002 -7.8415701094298766 -0.9706449190751113  1.6690784610682365
 0 8 1 8
7 1 1  6 6 2  22.905968194100002 -7.8415701094298766 -0.9706449190751113  1.6690784610682365 22.905968194100002 -7.7927953779863008 -0.98465154537972088  1.0367296232096121 22.905968194100002 -7.8031117730706843 -1.0469740869344315  1.0383466998475064 22.905968194100002 -7.8731747548085744 -1.0807005496881843  0.85353433019614966 22.905968194100002 -7.9146676786237995 -1.0149386080110396  1.0383466998475068 22.905968194100002 -7.8903448408734533 -0.95663829277050183  1.0367296232096115
 0 6 6.2831853071795862 6
7 1 0  7 8 2  22.956591258228656 -7.7631575329321105 -0.98222227314288812  1.6690784610682365 22.963987021949311 -7.7789221871787717 -0.98000354402669143  1.6690784610682412 22.964964427666956 -7.7952779528699025 -0.97770162144793948  1.6690784610682121 22.960710425732533 -7.8110676790653653 -0.97547936368709687  1.6690784610682827 22.951582301157675 -7.825233635016561 -0.97348563655322451  1.6690784610681924 22.93891350588558 -7.8357064338154752 -0.97201168709263697  1.6690784610682607 22.923522236466919 -7.8417195738728074 -0.97116539330678986  1.6690784610682294 22.905968194100002 -7.8417195738728074 -0.97116539330679008  1.6690784610682365
 0 8 1 8
7 1 1  6 6 2  22.905968194100002 -7.8417195738728074 -0.97116539330679008  1.6690784610682365 22.905968194100002 -7.7938096327848889 -0.98492367800120428  1.0367296232096121 22.905968194100002 -7.8039431151456125 -1.0461412225363205  1.0383466998475064 22.905968194100002 -7.8727638595794236 -1.0792697051709275  0.85353433019614966 22.905968194100002 -7.913521101633183 -1.0146737420906633  1.0383466998475068 22.905968194100002 -7.8896295149607241 -0.95740710861237588  1.0367296232096115
 0 6 6.2831853071795862 6
1 22.905968194100002 -7.8415701094298766 -0.9706449190751113 -1 0 0 
2 18 -7.8499999999999996 -1 -1 0 0 0 0.27601420423974526 0.96115355644033296 0 0.96115355644033296 -0.27601420423974526 0.030541509968091192
1 22.905968194100002 -7.8417195738728074 -0.97116539330678997 -1 0 0 
2 18 -7.8499999999999996 -1 -1 0 0 0 0.27601420423974526 0.96115355644033296 0 0.96115355644033296 -0.27601420423974526 0.029999999999999999
2 19.800000000000001 3.7999999999999998 -1.5700000000000001 1 0 0 0 0 1 0 -1 0 0.030541509968091192
2 19.800000000000001 3.7999999999999998 -1.5700000000000001 1 0 0 0 0 1 0 -1 0 0.029999999999999999
1 19.800000000000001 3.7999999999999998 -1.5394584900319088 1 0 0 
2 21.061715081768945 3.7999999999999998 -1.5700000000000001 1 0 0 0 0 1 0 -1 0 0.030541509968091192
1 19.800000000000001 3.7999999999999998 -1.54 1 0 0 
2 21.061715081768945 3.7999999999999998 -1.5700000000000001 1 0 0 0 0 1 0 -1 0 0.029999999999999999
7 1 0  6 7 2  21.061715081768945 3.7999999999999998 -1.5394584900319088  1.6690784610682365 21.072566522933649 3.7999999999999998 -1.539458490031909  1.6690784610682405 21.08300593116741 3.8024935259926647 -1.5391075493366444  1.6690784610682217 21.092644613275667 3.8071998950237602 -1.5384451714730096  1.6690784610682554 21.101015866458496 3.8138731897011553 -1.5375059670369313  1.6690784610682214 21.10769783814893 3.8221978894607584 -1.5363343426263207  1.6690784610682423 21.11226970217918 3.8319431785778635 -1.5349627834172466  1.6690784610682365
 0 7 1 7
7 1 1  6 6 2  21.11226970217918 3.8319431785778635 -1.5349627834172466  1.6690784610682365 21.157842890967363 3.8099927813671051 -1.5309100641084328  1.0367296232096121 21.172317535337772 3.8118523877188162 -1.5923718711754451  1.0383466998475064 21.126742304536545 3.8410877615622998 -1.6481794598487713  0.85353433019614966 21.068084089171272 3.8620565890669951 -1.6016411128312469  1.0383466998475068 21.066696513390987 3.8538935757886215 -1.5390155027260606  1.0367296232096115
 0 6 6.2831853071795862 6
7 1 0  6 7 2  21.061715081768945 3.7999999999999998 -1.54  1.6690784610682365 21.072581116838872 3.7999999999999998 -1.54  1.6690784610682405 21.083034904681263 3.8024968794902745 -1.5396485873309984  1.6690784610682217 21.092686425223196 3.8072097391948847 -1.5389852959651644  1.6690784610682554 21.101069031919678 3.8138918289963346 -1.5380448536968121  1.6690784610682214 21.107760133250835 3.8222280296899123 -1.5368716106362348  1.6690784610682423 21.112338145897592 3.8319864250685369 -1.5354982068422061  1.6690784610682365
 0 7 1 7
7 1 1  6 6 2  21.112338145897592 3.8319864250685369 -1.5354982068422061  1.6690784610682365 21.157103308624457 3.8104252148660698 -1.5315173434405129  1.0367296232096121 21.171321313286501 3.8122518498493965 -1.5918894145639373  1.0383466998475064 21.126554144752102 3.8409688719030162 -1.6467075182513111  0.85353433019614966 21.068935956823708 3.8615659159194404 -1.6009943098348187  1.0383466998475068 21.067572983170734 3.8535476352710032 -1.5394790702438992  1.0367296232096115
 0 6 6.2831853071795862 6
1 21.112269702179177 3.8319431785778635 -1.5349627834172466 0.42131399515095008 0.89806404229544812 0.12639419854528536 
2 22.960383084185011 7.7655534162891087 -1.0118850747444954 0.42131399515095008 0.89806404229544812 0.12639419854528536 -0.12639419854527614 -0.079862778566549927 0.98876005338693163 0.89806404229544934 -0.43255394176401862 0.0798627785665353 0.030541509968091199
1 21.112338145897596 3.8319864250685369 -1.5354982068422058 0.42131399515095008 0.89806404229544812 0.12639419854528536 
2 22.960383084185011 7.7655534162891087 -1.0118850747444954 0.42131399515095008 0.89806404229544812 0.12639419854528536 -0.12639419854527614 -0.079862778566549927 0.98876005338693163 0.89806404229544934 -0.43255394176401862 0.0798627785665353 0.030000000000000006
7 1 0  7 8 2  22.956522814510233 7.7631142864414366 -0.98168684971792874  1.6690784610682365 22.963909150448249 7.7788588446250957 -0.97947094893652498  1.6690784610682412 22.964883794872289 7.7951905306616212 -0.97717241534619903  1.6690784610682121 22.960638258799136 7.8109574782124414 -0.97495336346867689  1.6690784610682827 22.951519412171262 7.8251090356980013 -0.97296166278552287  1.6690784610681924 22.938867912000052 7.8355646346495336 -0.97149013404419682  1.6690784610682607 22.923499859373472 7.8415701094298766 -0.97064491907511119  1.6690784610682294 22.905968194100002 7.8415701094298766 -0.9706449190751113  1.6690784610682365
 0 8 1 8
7 1 1  6 6 2  22.905968194100002 7.8415701094298766 -0.9706449190751113  1.6690784610682365 22.905968194100002 7.8903448408734533 -0.95663829277050183  1.0367296232096121 22.905968194100002 7.9146676786237995 -1.0149386080110396  1.0383466998475064 22.905968194100002 7.8731747548085744 -1.0807005496881843  0.85353433019614966 22.905968194100002 7.8031117730706825 -1.0469740869344315  1.0383466998475068 22.905968194100002 7.7927953779863008 -0.98465154537972088  1.0367296232096115
 0 6 6.2831853071795862 6
7 1 0  7 8 2  22.956591258228656 7.7631575329321105 -0.98222227314288812  1.6690784610682365 22.963987021949311 7.7789221871787717 -0.98000354402669143  1.6690784610682412 22.964964427666956 7.7952779528699025 -0.97770162144793948  1.6690784610682121 22.960710425732533 7.8110676790653661 -0.97547936368709687  1.6690784610682827 22.951582301157675 7.825233635016561 -0.97348563655322451  1.6690784610681924 22.93891350588558 7.8357064338154752 -0.97201168709263697  1.6690784610682607 22.923522236466919 7.8417195738728074 -0.97116539330678986  1.6690784610682294 22.905968194100002 7.8417195738728074 -0.97116539330679008  1.6690784610682365
 0 8 1 8
7 1 1  6 6 2  22.905968194100002 7.8417195738728074 -0.97116539330679008  1.6690784610682365 22.905968194100002 7.889629514960725 -0.95740710861237599  1.0367296232096121 22.905968194100002 7.913521101633183 -1.0146737420906633  1.0383466998475064 22.905968194100002 7.8727638595794236 -1.0792697051709275  0.85353433019614966 22.905968194100002 7.8039431151456125 -1.0461412225363205  1.0383466998475068 22.905968194100002 7.7938096327848907 -0.98492367800120428  1.0367296232096115
 0 6 6.2831853071795862 6
1 22.905968194100002 7.8415701094298766 -0.9706449190751113 -1 0 0 
2 18 7.8499999999999996 -1 -1 0 0 0 -0.27601420423974526 0.96115355644033296 0 0.96115355644033296 0.27601420423974526 0.030541509968091192
1 22.905968194100002 7.8417195738728074 -0.97116539330678997 -1 0 0 
2 18 7.8499999999999996 -1 -1 0 0 0 -0.27601420423974526 0.96115355644033296 0 0.96115355644033296 0.27601420423974526 0.029999999999999999
2 27.140000000000001 15.380000000000001 0.040000000000000001 0.44721359549995016 0.89442719099991985 0 0.89442719099991985 -0.44721359549995016 0 0 0 -1 0.030503008985286354
2 27.140000000000001 15.380000000000001 0.040000000000000001 0.44721359549995016 0.89442719099991985 0 0.89442719099991985 -0.44721359549995016 0 0 0 -1 0.029999999999999999
1 27.167282720643755 15.366358639678124 0.040000000000000001 0.44721359549995016 0.89442719099991985 0 
2 27.18 15.460000000000001 0.040000000000000001 0.44721359549995016 0.89442719099991985 0 0.89442719099991985 -0.44721359549995016 0 0 0 -1 0.030503008985286354
1 27.166832815729997 15.366583592135003 0.040000000000000001 0.44721359549995016 0.89442719099991985 0 
2 27.18 15.460000000000001 0.040000000000000001 0.44721359549995016 0.89442719099991985 0 0.89442719099991985 -0.44721359549995016 0 0 0 -1 0.029999999999999999
2 26.5 15.699999999999999 -0.085000000000000006 0 0 1 1 0 -0 -0 1 0 0.030764248062958459
2 26.5 15.699999999999999 -0.085000000000000006 0 0 1 1 0 -0 -0 1 0 0.029999999999999999
1 26.530764248062958 15.699999999999999 -0.085000000000000006 0 0 1 
2 26.5 15.699999999999999 -0.060000000000000019 0 0 1 1 0 -0 -0 1 0 0.030764248062958459
1 26.530000000000001 15.699999999999999 -0.085000000000000006 0 0 1 
2 26.5 15.699999999999999 -0.060000000000000019 0 0 1 1 0 -0 -0 1 0 0.029999999999999999
7 1 0  7 8 2  26.530764248062958 15.699999999999999 -0.060000000000000005  1.6690784610682365 26.530764248062958 15.699999999999998 -0.042703920241499667  1.6690784610682412 26.534944575056365 15.697909836503296 -0.026892047542470071  1.6690784610682121 26.542393792487967 15.694185227787496 -0.01262263158365682  1.6690784610682827 26.553219962162981 15.688772142949984 -0.0005186059190075581  1.6690784610681924 26.565982915796233 15.682390666133358 0.0078098723591077772  1.6690784610682607 26.580125484678877 15.675319381692038 0.012483620021822342  1.6690784610682294 26.595595568712582 15.667584339675184 0.012483620021822088  1.6690784610682365
 0 8 1 8
7 1 1  6 6 2  26.595595568712582 15.667584339675184 0.012483620021822088  1.6690784610682365 26.616042018050248 15.708477238350515 0.03534344533057826  1.0367296232096121 26.60633645415659 15.689066110563195 0.095159455885729688  1.0383466998475064 26.572527816117599 15.62144883448522 0.11564574580290735  0.85353433019614966 26.559572031192051 15.595537264634125 0.042875241547115445  1.0383466998475068 26.575149119374917 15.626691440999856 -0.010376205286933952  1.0367296232096115
 0 6 6.2831853071795862 6
7 1 0  7 8 2  26.530000000000001 15.699999999999999 -0.060000000000000046  1.6690784610682365 26.530000000000001 15.699999999999998 -0.042545595009827894  1.6690784610682412 26.5342185929617 15.697890703519148 -0.026575636629753752  1.6690784610682121 26.54174520001385 15.69412739999307 -0.012171283085222024  1.6690784610682827 26.552663414180767 15.688668292909613 3.5651449854654221e-05  1.6690784610681924 26.565547059659782 15.682226470170107 0.0084506539541187239  1.6690784610682607 26.579831024674057 15.675084487662968 0.013167184270001471  1.6690784610682294 26.595442719099996 15.66727864045 0.013167184270001197  1.6690784610682365
 0 8 1 8
7 1 1  6 6 2  26.595442719099996 15.66727864045 0.013167184270001197  1.6690784610682365 26.615381236006847 15.707155674263708 0.035459123857122535  1.0367296232096121 26.605916778555653 15.688226759361326 0.093789179998334637  1.0383466998475064 26.572948017573946 15.62228923739791 0.11376654776164177  0.85353433019614966 26.560314081357756 15.597021364965531 0.042803814552429154  1.0383466998475068 26.575504202193137 15.627401606636294 -0.0091247553171200403  1.0367296232096115
 0 6 6.2831853071795862 6
1 26.595595568712582 15.667584339675184 0.012483620021822094 0.89442719099991663 -0.44721359549995654 0 
2 27.244357781970923 15.32782110901454 0.040000000000000001 0.89442719099991663 -0.44721359549995654 0 0.19999999999995949 0.39999999999992053 -0.8944271909999606 0.40000000000001862 0.80000000000004046 0.44721359549986867 0.030764248062958455
1 26.595442719099992 15.66727864045 0.01316718427000119 0.89442719099991663 -0.44721359549995654 0 
2 27.244357781970923 15.32782110901454 0.040000000000000001 0.89442719099991663 -0.44721359549995654 0 0.19999999999995949 0.39999999999992053 -0.8944271909999606 0.40000000000001862 0.80000000000004046 0.44721359549986867 0.029999999999999995
7 1 0  7 8 2  27.250510631583513 15.34012680823972 0.01248362002182209  1.6690784610682365 27.265869844645543 15.332447201708705 0.01248362002182208  1.6690784610682412 27.278249144326828 15.320972566391262 0.012017483042938818  1.6690784610682121 27.287009246474067 15.306709169485435 0.011145769584555328  1.6690784610682827 27.291967552831707 15.291019275767839 0.0099805791198722404  1.6690784610681924 27.292982918225103 15.274349520163787 0.0085550804367444284  1.6690784610682607 27.289421267939311 15.257921889692282 0.0069490903110400841  1.6690784610682294 27.281228434231181 15.242924452432119 0.0052650078265908951  1.6690784610682365
 0 8 1 8
7 1 1  6 6 2  27.281228434231181 15.242924452432119 0.0052650078265908951  1.6690784610682365 27.322332845594637 15.218448008185277 0.02327026009448091  1.0367296232096121 27.305822033659833 15.220571172711812 0.084685488115309474  1.0383466998475064 27.240329975328933 15.25321181962855 0.11261730812880223  0.85353433019614966 27.211809423109994 15.2765528628588 0.043504487994779552  1.0383466998475068 27.240124022867725 15.267400896678961 -0.012740244441298995  1.0367296232096115
 0 6 6.2831853071795862 6
7 1 0  7 8 2  27.250357781970923 15.339821109014535 0.013167184270001187  1.6690784610682365 27.265659091111374 15.332170454444311 0.013167184270001121  1.6690784610682412 27.277988428713705 15.320740724454357 0.012702804618069836  1.6690784610682121 27.286715739862778 15.306534237551862 0.0118346645486192  1.6690784610682827 27.291656310511407 15.290900466100524 0.010673641934317343  1.6690784610681924 27.292665849912275 15.274295998767252 0.0092536447652702032  1.6690784610682607 27.289119383175322 15.257933514950095 0.007654070186322956  1.6690784610682294 27.280957436284023 15.242992617724081 0.0059763366586672931  1.6690784610682365
 0 8 1 8
7 1 1  6 6 2  27.280957436284023 15.242992617724081 0.0059763366586672931  1.6690784610682365 27.321040728369695 15.21912421938382 0.023534300920666416  1.0367296232096121 27.304940079427119 15.221194640076884 0.083423846631463683  1.0383466998475064 27.241074980371025 15.253024425270988 0.11066178200013985  0.85353433019614966 27.213262938132349 15.275785628323133 0.043265868413123576  1.0383466998475068 27.240874144198347 15.266861016064341 -0.011581627603331722  1.0367296232096115
 0 6 6.2831853071795862 6
1 27.281228434231181 15.242924452432119 0.0052650078265909506 -0.47710082608391596 -0.8733595677480589 -0.098070725361693936 
2 23.701499060741614 8.7127441139686645 -0.69969185973644688 -0.47710082608391596 -0.8733595677480589 -0.098070725361693936 0.35459422181539885 -0.089192626408376996 -0.93075647365436442 0.80413788594069902 -0.47883999500595126 0.35224213203068677 0.030764248062958455
1 27.280957436284023 15.242992617724081 0.0059763366586673451 -0.47710082608391596 -0.8733595677480589 -0.098070725361693936 
2 23.701499060741614 8.7127441139686645 -0.69969185973644688 -0.47710082608391596 -0.8733595677480589 -0.098070725361693936 0.35459422181539885 -0.089192626408376996 -0.93075647365436442 0.80413788594069902 -0.47883999500595126 0.35224213203068677 0.029999999999999995
7 1 0  5 6 2  23.712407885343229 8.710000169884454 -0.72832588277815447  1.6690784610682365 23.711984540994788 8.7092252145355236 -0.72841290356089139  1.6690784610682319 23.711581363300837 8.708440224089717 -0.72850555851400967  1.6690784610682436 23.711198613089454 8.70764574013584 -0.72860378066544162  1.6690784610682303 23.710836553488924 8.7068423088557108 -0.7287075024906603  1.6690784610682388 23.710495445471221 8.706030471773607 -0.72881665705632592  1.6690784610682365
 0 6 1 6
7 1 1  6 6 2  23.710495445471221 8.706030471773607 -0.72881665705632592  1.6690784610682365 23.753490789475396 8.6854790825528241 -0.71032614974057395  1.0367296232096121 23.735619179523454 8.6847776054278292 -0.64926013252336701  1.0383466998475064 23.666618376632314 8.7101350656380525 -0.6222287338009076  0.85353433019614966 23.637281692201725 8.7317820433210684 -0.69155099147215282  1.0383466998475068 23.667500101467049 8.7265818609943917 -0.74730716437207778  1.0367296232096115
 0 6 6.2831853071795862 6
7 1 0  5 6 2  23.712136887396071 8.7100683351764161 -0.7276145539460781  1.6690784610682365 23.711709174084493 8.7092853821977414 -0.72770247279346001  1.6690784610682319 23.711301835536613 8.7084922905349789 -0.72779608395919659  1.6690784610682436 23.710915135308763 8.7076896074355439 -0.72789531977202815  1.6690784610682303 23.710549339200366 8.7068778846257597 -0.72800011202195924  1.6690784610682388 23.710204710908066 8.7060576692901162 -0.72811039307549563  1.6690784610682365
 0 6 1 6
7 1 1  6 6 2  23.710204710908066 8.7060576692901162 -0.72811039307549563  1.6690784610682365 23.752131960925215 8.6860168194256318 -0.71007922851274263  1.0367296232096121 23.734704319025401 8.6853327684549484 -0.65053021848112758  1.0383466998475064 23.667417639939409 8.7100602964852083 -0.62417033606130679  0.85353433019614966 23.638809739914791 8.7311695181103062 -0.69177048432045996  1.0383466998475068 23.668277460890916 8.7260985191546006 -0.74614155763824852  1.0367296232096115
 0 6 6.2831853071795862 6
1 23.710495445471231 8.7060304717736265 -0.72881665705632337 -0.3844220848281984 -0.91492456189111393 -0.12301506714502361 
2 21.204861674095309 2.7715707843468307 -1.4984442642895011 -0.3844220848281984 -0.91492456189111393 -0.12301506714502361 0.38041910375327742 -0.035587288770078621 -0.92412923900153077 0.84113076640668349 -0.40205297029912401 0.3617353215788543 0.030764248062958466
1 23.710204710908073 8.7060576692901357 -0.72811039307549308 -0.3844220848281984 -0.91492456189111393 -0.12301506714502361 
2 21.204861674095309 2.7715707843468307 -1.4984442642895011 -0.3844220848281984 -0.91492456189111393 -0.12301506714502361 0.38041910375327742 -0.035587288770078621 -0.92412923900153077 0.84113076640668349 -0.40205297029912401 0.3617353215788543 0.030000000000000006
7 1 0  5 6 2  21.216564981771054 2.7704759681672027 -1.52687440544038  1.6690784610682365 21.214728393058447 2.7661048870312022 -1.5274621138284141  1.6690784610682319 21.213335863738145 2.761556919141456 -1.5279077232109117  1.6690784610682436 21.212397372603149 2.7568820063400143 -1.5282080403741107  1.6690784610682303 21.21192309258354 2.7521308231183887 -1.5283598099803857  1.6690784610682388 21.21192309258354 2.7473532913763568 -1.5283598099803859  1.6690784610682365
 0 6 1 6
7 1 1  6 6 2  21.21192309258354 2.7473532913763568 -1.5283598099803859  1.6690784610682365 21.259044138480959 2.7473532913762631 -1.5085490780588131  1.0367296232096121 21.241313350420512 2.7473532913762915 -1.4474379978363279  1.0383466998475064 21.16722202442784 2.7473532913764327 -1.4220355665063367  0.85353433019614966 21.133539698160067 2.7473532913765051 -1.4927484295654623  1.0383466998475068 21.164802046686116 2.7473532913764496 -1.5481705419019585  1.0367296232096115
 0 6 6.2831853071795862 6
7 1 0  5 6 2  21.216274247207895 2.7705031656837114 -1.5261681414595498  1.6690784610682365 21.214435498511541 2.7661269437863849 -1.5267565410423845  1.6690784610682319 21.21304133028665 2.7615736243115312 -1.5272026748743506  1.6690784610682436 21.212101735918086 2.7568932159646162 -1.5275033450722897  1.6690784610682303 21.211626898105042 2.7521364419000252 -1.5276552931724654  1.6690784610682388 21.211626898105038 2.7473532913763568 -1.5276552931724658  1.6690784610682365
 0 6 1 6
7 1 1  6 6 2  21.211626898105038 2.7473532913763568 -1.5276552931724658  1.6690784610682365 21.257577358978637 2.7473532913762657 -1.5083367011356665  1.0367296232096121 21.240287040660931 2.7473532913762937 -1.4487437475577771  1.0383466998475064 21.168036297680594 2.7473532913764314 -1.423972365584125  0.85353433019614966 21.135190710622354 2.747353291376502 -1.492928573694019  1.0383466998475068 21.16567643723144 2.7473532913764478 -1.5469738852092647  1.0367296232096115
 0 6 6.2831853071795862 6
1 21.21192309258354 2.7473532913763767 -1.5283598099803859 0 -1 0 
2 21.199999999999999 -2.7473532913763767 -1.5 0 -1 0 0.3875632701679918 0 -0.92184310574885375 0.92184310574885375 0 0.3875632701679918 0.030764248062958473
1 21.211626898105038 2.7473532913763767 -1.5276552931724656 0 -1 0 
2 21.199999999999999 -2.7473532913763767 -1.5 0 -1 0 0.3875632701679918 0 -0.92184310574885375 0.92184310574885375 0 0.3875632701679918 0.030000000000000013
7 1 0  5 6 2  21.21192309258354 -2.7473532913763972 -1.5283598099803859  1.6690784610682365 21.211923092583543 -2.75213082311843 -1.5283598099803846  1.6690784610682319 21.212397372603156 -2.7568820063400548 -1.5282080403741087  1.6690784610682436 21.213335863738155 -2.761556919141495 -1.5279077232109086  1.6690784610682303 21.214728393058461 -2.7661048870312408 -1.5274621138284099  1.6690784610682388 21.216564981771072 -2.77047596816724 -1.5268744054403751  1.6690784610682365
 0 6 1 6
7 1 1  6 6 2  21.216564981771072 -2.77047596816724 -1.5268744054403751  1.6690784610682365 21.259560325775315 -2.7499245789466276 -1.5083838981246003  1.0367296232096121 21.241688715823351 -2.7492231018215807 -1.4473178809074003  1.0383466998475064 21.172687912932105 -2.7745805620315447 -1.4202864821849759  0.85353433019614966 21.143351228501459 -2.7962275397144287 -1.4896087398562385  1.0383466998475068 21.173569637766825 -2.7910273573878519 -1.54536491275615  1.0367296232096115
 0 6 6.2831853071795862 6
7 1 0  5 6 2  21.211626898105038 -2.7473532913763972 -1.5276552931724658  1.6690784610682365 21.211626898105042 -2.7521364419000651 -1.5276552931724641  1.6690784610682319 21.212101735918093 -2.7568932159646558 -1.5275033450722875  1.6690784610682436 21.213041330286657 -2.7615736243115698 -1.5272026748743477  1.6690784610682303 21.214435498511556 -2.7661269437864231 -1.5267565410423802  1.6690784610682388 21.216274247207913 -2.7705031656837473 -1.5261681414595452  1.6690784610682365
 0 6 1 6
7 1 1  6 6 2  21.216274247207913 -2.7705031656837473 -1.5261681414595452  1.6690784610682365 21.258201497225134 -2.7504623158194303 -1.5081369768967696  1.0367296232096121 21.240773855325298 -2.7497782648486955 -1.4485879668651613  1.0383466998475064 21.173487176239199 -2.7745057928787031 -1.4222280844453745  0.85353433019614966 21.144879276214528 -2.7956150145036722 -1.4898282327045451  1.0383466998475068 21.174346997190696 -2.7905440155480652 -1.5441993060223205  1.0367296232096115
 0 6 6.2831853071795862 6
1 21.216564981771064 -2.7704759681672217 -1.5268744054403776 0.38442208482819862 -0.91492456189111393 0.12301506714502367 
2 23.698792137795476 -8.7071252879532395 -0.7003865159054472 0.38442208482819862 -0.91492456189111393 0.12301506714502367 0.38041910375327731 0.035587288770078614 -0.92412923900153077 0.84113076640668327 0.40205297029912412 0.36173532157885419 0.030764248062958466
1 21.216274247207906 -2.77050316568373 -1.5261681414595474 0.38442208482819862 -0.91492456189111393 0.12301506714502367 
2 23.698792137795476 -8.7071252879532395 -0.7003865159054472 0.38442208482819862 -0.91492456189111393 0.12301506714502367 0.38041910375327731 0.035587288770078614 -0.92412923900153077 0.84113076640668327 0.40205297029912412 0.36173532157885419 0.030000000000000006
7 1 0  5 6 2  23.710495445471235 -8.7060304717736443 -0.72881665705632093  1.6690784610682365 23.710836553488942 -8.7068423088557481 -0.72870750249065552  1.6690784610682319 23.711198613089469 -8.7076457401358756 -0.72860378066543696  1.6690784610682436 23.711581363300859 -8.7084402240897525 -0.72850555851400545  1.6690784610682303 23.711984540994806 -8.7092252145355609 -0.72841290356088706  1.6690784610682388 23.712407885343247 -8.7100001698844896 -0.72832588277815047  1.6690784610682365
 0 6 1 6
7 1 1  6 6 2  23.712407885343247 -8.7100001698844896 -0.72832588277815047  1.6690784610682365 23.753512296706791 -8.6855237256378111 -0.71032063051024208  1.0367296232096121 23.737001484771962 -8.6876468901642969 -0.64890540248941908  1.0383466998475064 23.671509426440927 -8.720287537080786 -0.62097358247595413  0.85353433019614966 23.642988874221921 -8.7436285803109115 -0.69008640260999099  1.0383466998475068 23.671303473979702 -8.734476614131168 -0.74633113504605875  1.0367296232096115
 0 6 6.2831853071795862 6
7 1 0  5 6 2  23.71020471090808 -8.7060576692901535 -0.72811039307549075  1.6690784610682365 23.71054933920038 -8.706877884625797 -0.72800011202195458  1.6690784610682319 23.710915135308777 -8.7076896074355794 -0.7278953197720236  1.6690784610682436 23.711301835536627 -8.7084922905350162 -0.72779608395919249  1.6690784610682303 23.711709174084511 -8.7092853821977787 -0.72770247279345579  1.6690784610682388 23.712136887396092 -8.7100683351764516 -0.72761455394607422  1.6690784610682365
 0 6 1 6
7 1 1  6 6 2  23.712136887396092 -8.7100683351764516 -0.72761455394607422  1.6690784610682365 23.752220179481849 -8.6861999368363509 -0.71005658968405716  1.0367296232096121 23.736119530539245 -8.6882703575293654 -0.6501670439732653  1.0383466998475064 23.672254431483019 -8.7201001427232274 -0.62292910860461614  0.85353433019614966 23.644442389244276 -8.7428613457752498 -0.69032502219164638  1.0383466998475068 23.672053595310327 -8.7339367335165523 -0.74517251820809105  1.0367296232096115
 0 6 6.2831853071795862 6
1 23.712407885343229 -8.710000169884454 -0.72832588277815447 0.47710082608391596 -0.8733595677480589 0.098070725361693908 
2 27.270319609629553 -15.245668396516336 0.033899030868297819 0.47710082608391596 -0.8733595677480589 0.098070725361693908 0.35459422181539868 0.089192626408376927 -0.93075647365436454 0.80413788594069913 0.47883999500595131 0.35224213203068655 0.030764248062958466
1 23.712136887396071 -8.7100683351764161 -0.72761455394607799 0.47710082608391596 -0.8733595677480589 0.098070725361693908 
2 27.270319609629553 -15.245668396516336 0.033899030868297819 0.47710082608391596 -0.8733595677480589 0.098070725361693908 0.35459422181539868 0.089192626408376927 -0.93075647365436454 0.80413788594069913 0.47883999500595131 0.35224213203068655 0.030000000000000006
7 1 0  7 8 2  27.281228434231199 -15.242924452432154 0.0052650078265948849  1.6690784610682365 27.289421267939321 -15.257921889692323 0.0069490903110442821  1.6690784610682412 27.292982918225107 -15.274349520163829 0.0085550804367478563  1.6690784610682121 27.291967552831707 -15.29101927576788 0.0099805791198759458  1.6690784610682827 27.287009246474046 -15.30670916948548 0.011145769584557767  1.6690784610681924 27.278249144326807 -15.320972566391298 0.012017483042940758  1.6690784610682607 27.265869844645511 -15.332447201708732 0.012483620021823003  1.6690784610682294 27.250510631583477 -15.340126808239738 0.01248362002182208  1.6690784610682365
 0 8 1 8
7 1 1  6 6 2  27.250510631583477 -15.340126808239738 0.01248362002182208  1.6690784610682365 27.270957080920976 -15.381019706915151 0.03534344533057826  1.0367296232096121 27.261251517027368 -15.361608579127807 0.095159455885729688  1.0383466998475064 27.227442878988629 -15.293991303049705 0.11564574580290737  0.85353433019614966 27.214487094063209 -15.268079733198546 0.042875241547115445  1.0383466998475068 27.230064182245979 -15.299233909564327 -0.010376205286933969  1.0367296232096115
 0 6 6.2831853071795862 6
7 1 0  7 8 2  27.280957436284041 -15.242992617724116 0.0059763366586711719  1.6690784610682365 27.289119383175329 -15.257933514950135 0.0076540701863269042  1.6690784610682412 27.292665849912275 -15.274295998767295 0.0092536447652738114  1.6690784610682121 27.291656310511407 -15.290900466100561 0.010673641934320729  1.6690784610682827 27.286715739862753 -15.306534237551904 0.011834664548621681  1.6690784610681924 27.277988428713677 -15.320740724454389 0.012702804618071734  1.6690784610682607 27.265659091111342 -15.332170454444338 0.013167184270002005  1.6690784610682294 27.250357781970887 -15.339821109014554 0.013167184270001169  1.6690784610682365
 0 8 1 8
7 1 1  6 6 2  27.250357781970887 -15.339821109014554 0.013167184270001169  1.6690784610682365 27.270296298877579 -15.379698142828342 0.035459123857122535  1.0367296232096121 27.260831841426434 -15.360769227925935 0.093789179998334651  1.0383466998475064 27.227863080444973 -15.294831705962396 0.11376654776164177  0.85353433019614966 27.21522914422891 -15.269563833529956 0.042803814552429154  1.0383466998475068 27.230419265064196 -15.299944075200766 -0.0091247553171200646  1.0367296232096115
 0 6 6.2831853071795862 6
1 27.250510631583513 -15.34012680823972 0.012483620021822076 -0.89442719099991663 -0.44721359549995654 0 
2 26.589442719099992 -15.655278640450003 0.040000000000000001 -0.89442719099991663 -0.44721359549995654 0 0.19999999999995935 -0.39999999999992025 -0.8944271909999606 0.40000000000001873 -0.80000000000004068 0.44721359549986844 0.030764248062958466
1 27.250357781970923 -15.339821109014537 0.013167184270001173 -0.89442719099991663 -0.44721359549995654 0 
2 26.589442719099992 -15.655278640450003 0.040000000000000001 -0.89442719099991663 -0.44721359549995654 0 0.19999999999995935 -0.39999999999992025 -0.8944271909999606 0.40000000000001873 -0.80000000000004068 0.44721359549986844 0.030000000000000006
7 1 0  7 8 2  26.595595568712543 -15.667584339675201 0.01248362002182208  1.6690784610682365 26.580125484678842 -15.675319381692056 0.012483620021812676  1.6690784610682412 26.565982915796198 -15.682390666133376 0.0078098723590894681  1.6690784610682121 26.553219962162949 -15.688772142950004 -0.00051860591903506973  1.6690784610682827 26.542393792487946 -15.694185227787505 -0.012622631583689991  1.6690784610681924 26.534944575056347 -15.697909836503305 -0.026892047542507812  1.6690784610682607 26.530764248062948 -15.700000000000003 -0.042703920241540745  1.6690784610682294 26.530764248062958 -15.699999999999999 -0.060000000000040812  1.6690784610682365
 0 8 1 8
7 1 1  6 6 2  26.530764248062958 -15.699999999999999 -0.060000000000040812  1.6690784610682365 26.530764248062958 -15.751116123344156 -0.060000000000227663  1.0367296232096121 26.467557617871634 -15.758455528705667 -0.060000000000170715  1.0383466998475064 26.415425485088019 -15.699999999999999 -0.059999999999887949  0.85353433019614966 26.467557617871634 -15.641544471294333 -0.059999999999743335  1.0383466998475068 26.530764248062958 -15.648883876655843 -0.059999999999853948  1.0367296232096115
 0 6 6.2831853071795862 6
7 1 0  7 8 2  26.595442719099957 -15.667278640450018 0.013167184270001187  1.6690784610682365 26.579831024674018 -15.675084487662986 0.013167184269992043  1.6690784610682412 26.56554705965975 -15.682226470170123 0.0084506539541008788  1.6690784610682121 26.552663414180738 -15.688668292909627 3.5651449827854261e-05  1.6690784610682827 26.541745200013828 -15.694127399993086 -0.012171283085254423  1.6690784610681924 26.534218592961686 -15.697890703519157 -0.026575636629790535  1.6690784610682607 26.529999999999994 -15.700000000000003 -0.042545595009867931  1.6690784610682294 26.530000000000001 -15.699999999999999 -0.060000000000039799  1.6690784610682365
 0 8 1 8
7 1 1  6 6 2  26.530000000000001 -15.699999999999999 -0.060000000000039799  1.6690784610682365 26.530000000000001 -15.749846292267131 -0.060000000000222015  1.0367296232096121 26.468363554283556 -15.757003371497367 -0.060000000000166469  1.0383466998475064 26.417526492369745 -15.699999999999999 -0.05999999999989071  0.85353433019614966 26.468363554283556 -15.64299662850263 -0.059999999999749726  1.0383466998475068 26.530000000000001 -15.650153707732867 -0.059999999999857591  1.0367296232096115
 0 6 6.2831853071795862 6
1 26.530764248062958 -15.699999999999999 -0.060000000000000019 0 0 -1 
2 26.5 -15.699999999999999 -0.085000000000000006 0 0 -1 1 1.1102230246251564e-16 0 1.1102230246251564e-16 -1 0 0.030764248062958466
1 26.530000000000001 -15.699999999999999 -0.060000000000000019 0 0 -1 
2 26.5 -15.699999999999999 -0.085000000000000006 0 0 -1 1 1.1102230246251564e-16 0 1.1102230246251564e-16 -1 0 0.030000000000000006
2 21.199999999999999 0 -1.5 -0.93632917756904399 0 -0.35112344158839304 0.35112344158839304 0 -0.93632917756904399 0 -1 -0 0.030357748500443663
2 21.199999999999999 0 -1.5 -0.93632917756904399 0 -0.35112344158839304 0.35112344158839304 0 -0.93632917756904399 0 -1 -0 0.029999999999999999
1 21.21065931713235 0 -1.5284248456862684 -0.93632917756904399 0 -0.35112344158839304 
2 20.800000000000001 0 -1.6500000000000001 -0.93632917756904399 0 -0.35112344158839304 0.35112344158839304 0 -0.93632917756904399 0 -1 -0 0.030357748500443663
1 21.210533703247652 0 -1.5280898753270713 -0.93632917756904399 0 -0.35112344158839304 
2 20.800000000000001 0 -1.6500000000000001 -0.93632917756904399 0 -0.35112344158839304 0.35112344158839304 0 -0.93632917756904399 0 -1 -0 0.029999999999999999
2 20.899999999999999 -1.5 -1.2 1 0 0 -0 0 1 0 -1 0 0.10000000000000001
1 20.699999999999999 -1.5 -1.0999999999999999 1 0 0 
2 20.699999999999999 -1.5 -1.2 1 0 0 -0 0 1 0 -1 0 0.10000000000000001
2 19.699999999999999 3.1000000000000001 -1.5800000000000001 0 0 1 1 0 -0 -0 1 0 0.10000000000000001
1 19.800000000000001 3.1000000000000001 -1.78 0 0 1 
2 19.699999999999999 3.1000000000000001 -1.78 0 0 1 1 0 -0 -0 1 0 0.10000000000000001
2 19.699999999999999 -3.1000000000000001 -1.5800000000000001 0 0 1 1 0 -0 -0 1 0 0.10000000000000001
1 19.800000000000001 -3.1000000000000001 -1.78 0 0 1 
2 19.699999999999999 -3.1000000000000001 -1.78 0 0 1 1 0 -0 -0 1 0 0.10000000000000001
2 19.800000000000001 -3.7999999999999998 -1.45 0 0 1 1 0 -0 -0 1 0 0.10000000000000001
1 19.900000000000002 -3.7999999999999998 -1.6499999999999999 0 0 1 
2 19.800000000000001 -3.7999999999999998 -1.6499999999999999 0 0 1 1 0 -0 -0 1 0 0.10000000000000001
Polygon3D 0
PolygonOnTriangulations 0
Surfaces 175
1 19.699999999999999 3.1000000000000005 -1.71 0.99607740344274565 -0.0053128752806592093 0.088326551540349046 -0.088327798147791667 1.0799645267708823e-19 0.99609146170136564 -0.005292109704148883 -0.99998588657853171 -0.0004692745753744583 
10 0 6.2831853071795862 0 1.104331848306235
2 19.699999999999999 3.1000000000000001 -1.71 0.99607740344274465 -0.0053128752806235234 0.08832655154036248 -0.088327798147805087 5.4210108624275222e-20 0.99609146170136442 -0.0052921097041133324 -0.99998588657853205 -0.00046927457537137781 0.030357748500443663
10 0 6.2831853071795862 0 1.104331848306235
2 19.699999999999999 3.1000000000000001 -1.71 0.99607740344274465 -0.0053128752806235234 0.08832655154036248 -0.088327798147805087 5.4210108624275222e-20 0.99609146170136442 -0.0052921097041133324 -0.99998588657853205 -0.00046927457537137781 0.029999999999999999
1 19.699999999999992 3.1000000000000001 -1.7099999999999995 0.99607740344274509 -0.0053128752806090081 0.088326551540357484 -0.088327798147800091 1.0799645267708813e-19 0.99609146170136476 -0.0052921097040988753 -0.99998588657853205 -0.00046927457537006907 
1 20.800000000000001 3.0941328226215292 -1.6124581760829155 0.99607740344274565 -0.0053128752806592093 0.088326551540349046 -0.088327798147791667 1.0799645267708823e-19 0.99609146170136564 -0.005292109704148883 -0.99998588657853171 -0.0004692745753744583 
1 20.799999999999994 3.0941328226215288 -1.6124581760829151 0.99607740344274509 -0.0053128752806090081 0.088326551540357484 -0.088327798147800091 1.0799645267708813e-19 0.99609146170136476 -0.0052921097040988753 -0.99998588657853205 -0.00046927457537006907 
1 20.800000000000001 -1.4999999999999998 -1.6499999999999997 5.4563455074003898e-28 -1.0571325301925839e-28 1 1 0 -5.4563455074003898e-28 5.7680803318431118e-56 1 1.0571325301925839e-28 
10 0 6.2831853071795862 0 0.78999999999999981
2 20.800000000000001 -1.5 -1.6499999999999999 0 0 1 1 0 -0 -0 1 0 0.030541509968091192
10 0 6.2831853071795862 0 0.78999999999999981
2 20.800000000000001 -1.5 -1.6499999999999999 0 0 1 1 0 -0 -0 1 0 0.029999999999999999
1 20.800000000000001 -1.5 -1.6499999999999997 7.6466551866034781e-29 0 1 1 0 -7.6466551866034781e-29 0 1 0 
9 1 1 1 0 6 7 6 8 2 2 20.830541509968093 -1.5 -0.8600000000000001  1.6690784610682365 20.830541509968093 -1.5000000000000002 -0.84579839214720809  1.6690784610682412 20.830541509968093 -1.5038375592871642 -0.83249309429151597  1.6690784610682121 20.830541509968093 -1.5109244280034815 -0.82067235629093538  1.6690784610682827 20.830541509968093 -1.5206723562909352 -0.81092442800348075  1.6690784610681924 20.830541509968093 -1.5324930942915156 -0.80383755928716494  1.6690784610682607 20.830541509968093 -1.5457983921472083 -0.79999999999999993  1.6690784610682294 20.830541509968093 -1.5600000000000001 -0.80000000000000004  1.6690784610682365 
20.830541509968093 -1.4492539655950336 -0.8600000000000001  1.0367296232096121 20.830541509968093 -1.4492539655950338 -0.83404473815638669  1.0367296232096157 20.830541509968093 -1.4562675979366113 -0.80900356992628475  1.0367296232095955 20.830541509968093 -1.4697778004781137 -0.78716541602713275  1.0367296232096421 20.830541509968093 -1.4871654160271328 -0.76977780047811273  1.0367296232095828 20.830541509968093 -1.5090035699262838 -0.75626759793661225  1.0367296232096297 20.830541509968093 -1.5340447381563873 -0.74925396559503343  1.0367296232096066 20.830541509968093 -1.5600000000000001 -0.74925396559503366  1.0367296232096121 
20.767792505926543 -1.4419676987066108 -0.8600000000000001  1.0383466998475064 20.767792505926543 -1.441967698706611 -0.83235711347998598  1.0383466998475093 20.767792505926543 -1.4494373610848785 -0.80563087399813871  1.0383466998474931 20.767792505926543 -1.4638698450442804 -0.78235438966341331  1.0383466998475308 20.767792505926543 -1.4823543896634128 -0.76386984504427868  1.0383466998474833 20.767792505926543 -1.5056308739981383 -0.74943736108487968  1.0383466998475197 20.767792505926543 -1.5323571134799865 -0.74196769870661072  1.0383466998475026 20.767792505926543 -1.5600000000000001 -0.74196769870661095  1.0383466998475064 
20.716037818153573 -1.5 -0.8600000000000001  0.85353433019614966 20.716037818153573 -1.5 -0.84579839214720809  0.85353433019615177 20.716037818153573 -1.5038375592871644 -0.83249309429151597  0.85353433019613978 20.716037818153573 -1.510924428003481 -0.82067235629093538  0.85353433019616898 20.716037818153573 -1.5206723562909357 -0.81092442800348052  0.85353433019613001 20.716037818153573 -1.5324930942915154 -0.80383755928716483  0.85353433019616165 20.716037818153573 -1.5457983921472085 -0.79999999999999982  0.85353433019614589 20.716037818153573 -1.5600000000000001 -0.79999999999999993  0.85353433019614966 
20.767792505926543 -1.5580323012933892 -0.8600000000000001  1.0383466998475068 20.767792505926543 -1.5580323012933892 -0.85923967081443042  1.038346699847509 20.767792505926543 -1.5582377574894501 -0.85935531458489267  1.0383466998474948 20.767792505926543 -1.5579790109626832 -0.85899032291845845  1.0383466998475293 20.767792505926543 -1.558990322918457 -0.85797901096268214  1.038346699847486 20.767792505926543 -1.5593553145848931 -0.85823775748945053  1.0383466998475184 20.767792505926543 -1.5592396708144303 -0.85803230129338925  1.0383466998475033 20.767792505926543 -1.5600000000000001 -0.85803230129338925  1.0383466998475068 
20.830541509968093 -1.5507460344049664 -0.8600000000000001  1.0367296232096115 20.830541509968093 -1.5507460344049664 -0.85755204613802971  1.0367296232096126 20.830541509968093 -1.5514075206377176 -0.85598261865674652  1.0367296232096024 20.830541509968093 -1.5520710555288488 -0.85417929655473901  1.0367296232096312 20.830541509968093 -1.5541792965547381 -0.85207105552884765  1.0367296232095913 20.830541509968093 -1.5559826186567469 -0.85140752063771818  1.0367296232096237 20.830541509968093 -1.5575520461380297 -0.85074603440496632  1.0367296232096075 20.830541509968093 -1.5600000000000001 -0.85074603440496643  1.0367296232096115 

0 6
6.2831853071795862 6

0 8
1 8

9 1 1 1 0 6 7 6 8 2 2 20.830000000000002 -1.5 -0.8600000000000001  1.6690784610682365 20.830000000000002 -1.5 -0.84579839214720809  1.6690784610682412 20.830000000000002 -1.5038375592871644 -0.83249309429151608  1.6690784610682121 20.830000000000002 -1.5109244280034813 -0.82067235629093516  1.6690784610682827 20.830000000000002 -1.5206723562909354 -0.81092442800348097  1.6690784610681924 20.830000000000002 -1.5324930942915154 -0.80383755928716472  1.6690784610682607 20.830000000000002 -1.5457983921472085 -0.80000000000000004  1.6690784610682294 20.830000000000002 -1.5600000000000001 -0.80000000000000004  1.6690784610682365 
20.830000000000002 -1.4501537077328683 -0.8600000000000001  1.0367296232096121 20.830000000000002 -1.4501537077328686 -0.83425313390381939  1.0367296232096157 20.830000000000002 -1.4571110273636418 -0.80942004611239293  1.0367296232095955 20.830000000000002 -1.4705073423043558 -0.78775950394786864  1.0367296232096421 20.830000000000002 -1.4877595039478695 -0.77050734230435547  1.0367296232095828 20.830000000000002 -1.5094200461123919 -0.75711102736364255  1.0367296232096297 20.830000000000002 -1.5342531339038199 -0.75015370773286816  1.0367296232096066 20.830000000000002 -1.5600000000000001 -0.75015370773286827  1.0367296232096121 
20.768363554283557 -1.4429966285026319 -0.8600000000000001  1.0383466998475064 20.768363554283557 -1.4429966285026321 -0.83259543131004077  1.0383466998475093 20.768363554283557 -1.4504018926232165 -0.80610714907651948  1.0383466998474931 20.768363554283557 -1.4647041366606208 -0.78303377849872235  1.0383466998475308 20.768363554283557 -1.4830337784987222 -0.76470413666061954  1.0383466998474833 20.768363554283557 -1.5061071490765188 -0.75040189262321744  1.0383466998475197 20.768363554283557 -1.5325954313100414 -0.7429966285026316  1.0383466998475026 20.768363554283557 -1.5600000000000001 -0.74299662850263193  1.0383466998475064 
20.717526492369746 -1.5 -0.8600000000000001  0.85353433019614966 20.717526492369746 -1.5000000000000002 -0.84579839214720798  0.85353433019615177 20.717526492369746 -1.5038375592871644 -0.83249309429151608  0.85353433019613978 20.717526492369746 -1.5109244280034815 -0.82067235629093516  0.85353433019616898 20.717526492369746 -1.5206723562909352 -0.81092442800348064  0.85353433019613001 20.717526492369746 -1.5324930942915156 -0.80383755928716472  0.85353433019616165 20.717526492369746 -1.5457983921472083 -0.79999999999999982  0.85353433019614589 20.717526492369746 -1.5600000000000001 -0.79999999999999993  0.85353433019614966 
20.768363554283557 -1.5570033714973681 -0.8600000000000001  1.0383466998475068 20.768363554283557 -1.5570033714973681 -0.85900135298437552  1.038346699847509 20.768363554283557 -1.5572732259511126 -0.85887903950651201  1.0383466998474948 20.768363554283557 -1.5571447193463421 -0.85831093408314918  1.0383466998475293 20.768363554283557 -1.5583109340831482 -0.85714471934634129  1.038346699847486 20.768363554283557 -1.5588790395065122 -0.85727322595111277  1.0383466998475184 20.768363554283557 -1.5590013529843754 -0.85700337149736827  1.0383466998475033 20.768363554283557 -1.5600000000000001 -0.85700337149736827  1.0383466998475068 
20.830000000000002 -1.5498462922671317 -0.8600000000000001  1.0367296232096115 20.830000000000002 -1.5498462922671317 -0.8573436503905969  1.0367296232096126 20.830000000000002 -1.5505640912106868 -0.85556614247063867  1.0367296232096024 20.830000000000002 -1.5513415137026068 -0.85358520863400256  1.0367296232096312 20.830000000000002 -1.5535852086340016 -0.85134151370260569  1.0367296232095913 20.830000000000002 -1.5555661424706386 -0.85056409121068732  1.0367296232096237 20.830000000000002 -1.5573436503905969 -0.84984629226713182  1.0367296232096075 20.830000000000002 -1.5600000000000001 -0.84984629226713182  1.0367296232096115 

0 6
6.2831853071795862 6

0 8
1 8

10 0 6.2831853071795862 0 0.67999999999999972
2 20.800000000000001 -1.5600000000000001 -0.80000000000000004 0 -1 0 1 0 0 -0 0 1 0.030541509968091192
10 0 6.2831853071795862 0 0.67999999999999972
2 20.800000000000001 -1.5600000000000001 -0.80000000000000004 0 -1 0 1 0 0 -0 0 1 0.029999999999999999
9 1 1 1 0 6 7 6 8 2 2 20.830541509968093 -2.2399999999999998 -0.80000000000000004  1.6690784610682365 20.830541509968093 -2.2471276690764634 -0.80000000000000004  1.6690784610682412 20.832467549114064 -2.2533697312285756 -0.80000000000000004  1.6690784610682121 20.835688533208057 -2.2591614856621018 -0.80000000000000004  1.6690784610682827 20.840838514337896 -2.2643114667919488 -0.80000000000000004  1.6690784610681924 20.846630268771424 -2.2675324508859367 -0.80000000000000004  1.6690784610682607 20.852872330923535 -2.2694584900319086 -0.80000000000000004  1.6690784610682294 20.859999999999999 -2.2694584900319086 -0.80000000000000004  1.6690784610682365 
20.830541509968093 -2.2399999999999998 -0.74925396559503366  1.0367296232096121 20.830541509968093 -2.2471276690764639 -0.74925396559503366  1.0367296232096157 20.832467549114064 -2.2533697312285756 -0.74925396559503366  1.0367296232095955 20.835688533208057 -2.2591614856621018 -0.74925396559503377  1.0367296232096421 20.840838514337896 -2.2643114667919493 -0.74925396559503354  1.0367296232095828 20.846630268771424 -2.2675324508859367 -0.74925396559503377  1.0367296232096297 20.852872330923535 -2.2694584900319086 -0.74925396559503354  1.0367296232096066 20.859999999999999 -2.2694584900319086 -0.74925396559503366  1.0367296232096121 
20.767792505926543 -2.2399999999999998 -0.74196769870661095  1.0383466998475064 20.767792505926543 -2.2616614171894169 -0.74196769870661095  1.0383466998475093 20.773645855319799 -2.282415237475734 -0.74196769870661117  1.0383466998474931 20.784809485669452 -2.3005938291877972 -0.74196769870661061  1.0383466998475308 20.799406170812208 -2.3151905143305425 -0.74196769870661139  1.0383466998474833 20.817584762524266 -2.3263541446802023 -0.74196769870661072  1.0383466998475197 20.838338582810582 -2.3322074940734585 -0.74196769870661106  1.0383466998475026 20.859999999999999 -2.3322074940734585 -0.74196769870661095  1.0383466998475064 
20.716037818153573 -2.2399999999999998 -0.79999999999999993  0.85353433019614966 20.716037818153573 -2.2736486926409731 -0.79999999999999993  0.85353433019615177 20.72513036980574 -2.3063716512864478 -0.79999999999999993  0.85353433019613978 20.742845007351963 -2.3347667700277026 -0.79999999999999993  0.85353433019616898 20.765233229972299 -2.3571549926480357 -0.79999999999999993  0.85353433019613001 20.79362834871355 -2.3748696301942616 -0.79999999999999993  0.85353433019616165 20.826351307359026 -2.3839621818464281 -0.79999999999999993  0.85353433019614589 20.859999999999999 -2.3839621818464281 -0.79999999999999993  0.85353433019614966 
20.767792505926543 -2.2399999999999998 -0.85803230129338925  1.0383466998475068 20.767792505926543 -2.2616614171894169 -0.85803230129338925  1.038346699847509 20.773645855319799 -2.2824152374757345 -0.85803230129338914  1.0383466998474948 20.784809485669452 -2.3005938291877968 -0.85803230129338948  1.0383466998475293 20.799406170812208 -2.3151905143305425 -0.85803230129338892  1.038346699847486 20.817584762524266 -2.3263541446802023 -0.85803230129338948  1.0383466998475184 20.838338582810582 -2.3322074940734585 -0.85803230129338914  1.0383466998475033 20.859999999999999 -2.3322074940734585 -0.85803230129338925  1.0383466998475068 
20.830541509968093 -2.2399999999999998 -0.85074603440496643  1.0367296232096115 20.830541509968093 -2.2471276690764634 -0.85074603440496643  1.0367296232096126 20.832467549114064 -2.2533697312285761 -0.85074603440496643  1.0367296232096024 20.835688533208057 -2.2591614856621018 -0.85074603440496632  1.0367296232096312 20.840838514337896 -2.2643114667919488 -0.85074603440496654  1.0367296232095913 20.846630268771424 -2.2675324508859367 -0.85074603440496643  1.0367296232096237 20.852872330923535 -2.2694584900319086 -0.85074603440496643  1.0367296232096075 20.859999999999999 -2.2694584900319086 -0.85074603440496643  1.0367296232096115 

0 6
6.2831853071795862 6

0 8
1 8

9 1 1 1 0 6 7 6 8 2 2 20.830000000000002 -2.2399999999999998 -0.80000000000000004  1.6690784610682365 20.830000000000002 -2.2472530920946792 -0.80000000000000004  1.6690784610682412 20.831959930961137 -2.2536203874963734 -0.80000000000000004  1.6690784610682121 20.835249458328217 -2.2595190375844516 -0.80000000000000004  1.6690784610682827 20.840480962415551 -2.2647505416717797 -0.80000000000000004  1.6690784610681924 20.846379612503625 -2.2680400690388645 -0.80000000000000004  1.6690784610682607 20.85274690790532 -2.27 -0.80000000000000004  1.6690784610682294 20.859999999999999 -2.27 -0.80000000000000004  1.6690784610682365 
20.830000000000002 -2.2399999999999998 -0.75015370773286827  1.0367296232096121 20.830000000000002 -2.2472530920946792 -0.75015370773286816  1.0367296232096157 20.831959930961137 -2.2536203874963734 -0.7501537077328686  1.0367296232095955 20.835249458328217 -2.2595190375844512 -0.7501537077328676  1.0367296232096421 20.840480962415551 -2.2647505416717806 -0.75015370773286905  1.0367296232095828 20.846379612503625 -2.2680400690388645 -0.75015370773286782  1.0367296232096297 20.85274690790532 -2.27 -0.75015370773286838  1.0367296232096066 20.859999999999999 -2.27 -0.75015370773286827  1.0367296232096121 
20.768363554283557 -2.2399999999999998 -0.74299662850263193  1.0383466998475064 20.768363554283557 -2.2615291525725048 -0.74299662850263204  1.0383466998475093 20.774181163124457 -2.2821509083620786 -0.74299662850263182  1.0383466998474931 20.785272511289506 -2.3002167734550554 -0.74299662850263215  1.0383466998475308 20.799783226544939 -2.3147274887105023 -0.7429966285026316  1.0383466998474833 20.817849091637921 -2.3258188368755426 -0.74299662850263215  1.0383466998475197 20.838470847427494 -2.3316364457164438 -0.74299662850263182  1.0383466998475026 20.859999999999999 -2.3316364457164438 -0.74299662850263193  1.0383466998475064 
20.717526492369746 -2.2399999999999998 -0.79999999999999993  0.85353433019614966 20.717526492369746 -2.2733038900993137 -0.79999999999999993  0.85353433019615177 20.726525871459362 -2.305682567899288 -0.79999999999999993  0.85353433019613978 20.744052075533702 -2.3337838179878307 -0.79999999999999993  0.85353433019616898 20.766216182012169 -2.3559479244663026 -0.79999999999999993  0.85353433019613001 20.794317432100712 -2.3734741285406371 -0.79999999999999993  0.85353433019616165 20.826696109900684 -2.3824735076302539 -0.79999999999999993  0.85353433019614589 20.859999999999999 -2.3824735076302535 -0.79999999999999993  0.85353433019614966 
20.768363554283557 -2.2399999999999998 -0.85700337149736827  1.0383466998475068 20.768363554283557 -2.2615291525725048 -0.85700337149736827  1.038346699847509 20.774181163124457 -2.2821509083620786 -0.85700337149736816  1.0383466998474948 20.785272511289506 -2.3002167734550563 -0.85700337149736838  1.0383466998475293 20.799783226544942 -2.3147274887105005 -0.85700337149736816  1.038346699847486 20.817849091637921 -2.325818836875543 -0.85700337149736827  1.0383466998475184 20.838470847427494 -2.3316364457164447 -0.85700337149736827  1.0383466998475033 20.859999999999999 -2.3316364457164442 -0.85700337149736827  1.0383466998475068 
20.830000000000002 -2.2399999999999998 -0.84984629226713182  1.0367296232096115 20.830000000000002 -2.2472530920946787 -0.84984629226713193  1.0367296232096126 20.831959930961137 -2.2536203874963738 -0.84984629226713138  1.0367296232096024 20.835249458328217 -2.2595190375844507 -0.84984629226713249  1.0367296232096312 20.840480962415551 -2.2647505416717806 -0.84984629226713115  1.0367296232095913 20.846379612503625 -2.2680400690388645 -0.84984629226713215  1.0367296232096237 20.85274690790532 -2.27 -0.84984629226713171  1.0367296232096075 20.859999999999999 -2.27 -0.84984629226713182  1.0367296232096115 

0 6
6.2831853071795862 6

0 8
1 8

10 0 6.2831853071795862 0 19.344086027646291
2 20.859999999999999 -2.2999999999999998 -0.80000000000000004 1 0 0 -0 1 0 0 -0 1 0.030541509968091192
10 0 6.2831853071795862 0 19.344086027646291
2 20.859999999999999 -2.2999999999999998 -0.80000000000000004 1 0 0 -0 1 0 0 -0 1 0.029999999999999999
9 1 1 1 0 6 5 6 6 2 2 40.204086027646291 -2.2694584900319086 -0.80000000000000004  1.6690784610682365 40.205654885356054 -2.2694584900319086 -0.80000000000000315  1.6690784610682319 40.207221821795891 -2.2694076990170235 -0.79994195312585181  1.6690784610682436 40.20878313176182 -2.2693063601627919 -0.79982613729244745  1.6690784610682303 40.21033497333606 -2.2691547228338851 -0.79965283748798566  1.6690784610682388 40.211873640518732 -2.2689530248885914 -0.7994223255505104  1.6690784610682365 
40.204086027646291 -2.2694584900319086 -0.74925396559503366  1.0367296232096121 40.204152825020245 -2.2694584900319033 -0.74925396559503676  1.036729623209609 40.204219481524795 -2.2694563274989972 -0.74925149412886705  1.0367296232096168 40.204286009326857 -2.269452009425462 -0.74924655918769334  1.0367296232096084 40.204352024272843 -2.2694455607452877 -0.74923918926750288  1.036729623209613 40.204417536222429 -2.2694369730365347 -0.74922937474322304  1.0367296232096121 
40.204086027646291 -2.3322074940734585 -0.74196769870661095  1.0383466998475064 40.205562329815479 -2.3322074940734527 -0.74196769870660773  1.0383466998475042 40.207036820421337 -2.3321596994997362 -0.74191307633664982  1.0383466998475097 40.20850602332078 -2.3320643389744586 -0.74180409287919324  1.0383466998475037 40.209966309660182 -2.331921648033084 -0.74164101751762568  1.038346699847507 40.211414202407425 -2.3317318493583454 -0.74142410474649945  1.0383466998475064 
40.204086027646291 -2.3839621818464281 -0.79999999999999993  0.85353433019614966 40.208620486980301 -2.3839621818464281 -0.79999999999999138  0.85353433019614733 40.213149509900198 -2.3838153809032341 -0.79983222749347549  0.85353433019615388 40.21766205178897 -2.3835224885021997 -0.79949749332085607  0.85353433019614622 40.222147443871854 -2.3830841971140293 -0.79899658887722402  0.8535343301961511 40.226594643719856 -2.3825012308418194 -0.79833034170897565  0.85353433019614966 
40.204086027646291 -2.3322074940734585 -0.85803230129338925  1.0383466998475068 40.20899779108808 -2.3322074940734643 -0.85803230129338603  1.0383466998475039 40.213903670895085 -2.3320484780909934 -0.85785056874198018  1.0383466998475108 40.218791688680021 -2.3317312149385199 -0.85748798228200085  1.0383466998475039 40.223650307108691 -2.3312564534617275 -0.85694539773708467  1.0383466998475073 40.228467550361472 -2.3306249796270997 -0.85622371335464298  1.0383466998475068 
40.204086027646291 -2.2694584900319086 -0.85074603440496643  1.0367296232096115 40.207156945691857 -2.2694584900319139 -0.85074603440496954  1.0367296232096086 40.210224162066986 -2.2693590705350499 -0.85063241212283658  1.0367296232096157 40.213280254196782 -2.2691607109001217 -0.85040571539720144  1.0367296232096084 40.216317922399284 -2.2688638849224829 -0.85006648570846854  1.0367296232096119 40.219329744815035 -2.2684690767406486 -0.84961527635779777  1.0367296232096115 

0 6
6.2831853071795862 6

0 6
1 6

9 1 1 1 0 6 5 6 6 2 2 40.204086027646291 -2.27 -0.80000000000000004  1.6690784610682365 40.205668910256172 -2.27 -0.80000000000000315  1.6690784610682319 40.207249854972339 -2.2699487549357094 -0.79994143421224517  1.6690784610682436 40.208825121881304 -2.2698465101879353 -0.79982458307193505  1.6690784610682303 40.21039083677978 -2.2696935172168824 -0.79964973396216366  1.6690784610682388 40.211943258972489 -2.2694900161803848 -0.79941716134902652  1.6690784610682365 
40.204086027646291 -2.27 -0.75015370773286827  1.0367296232096121 40.204193481892567 -2.2699999999999951 -0.75015370773287127  1.036729623209609 40.204300747078619 -2.269996521220373 -0.75014973198474122  1.0367296232096168 40.204407734751797 -2.269989577046275 -0.75014179578578088  1.0367296232096084 40.204513967165795 -2.2699791984864457 -0.75012993457455623  1.036729623209613 40.204619353601643 -2.2699653837851121 -0.7501141463444696  1.0367296232096121 
40.204086027646291 -2.3316364457164438 -0.74299662850263193  1.0383466998475064 40.205577995752591 -2.331636445716438 -0.74299662850262882  1.0383466998475042 40.207068133726644 -2.3315881439655315 -0.74294142650159611  1.0383466998475097 40.208552926654548 -2.3314917715491785 -0.74283128659719566  1.0383466998475037 40.210028709619465 -2.3313475663435717 -0.74266648064793417  1.038346699847507 40.211491966834231 -2.3311557536000569 -0.74244726608392098  1.0383466998475064 
40.204086027646291 -2.3824735076302535 -0.79999999999999993  0.85353433019614966 40.20858193089007 -2.3824735076302535 -0.7999999999999915  0.85353433019614733 40.213072443420479 -2.3823279549219634 -0.79983365404765183  0.85353433019615388 40.217546616040984 -2.3820375529281961 -0.79950176605476586  0.85353433019614622 40.22199386873347 -2.3816029883587877 -0.79900512083257635  0.8535343301961511 40.226403254450616 -2.381024978995117 -0.79834453870265865  0.85353433019614966 
40.204086027646291 -2.3316364457164442 -0.85700337149736827  1.0383466998475068 40.20895254528488 -2.33163644571645 -0.85700337149736505  1.0383466998475039 40.213813232918788 -2.3314788945451275 -0.85682331301584358  1.0383466998475108 40.218656224137206 -2.3311645539005226 -0.85646406656485652  1.0383466998475039 40.223470085762436 -2.3306941658679059 -0.85592648024185625  1.0383466998475073 40.228242953905792 -2.3300685089951876 -0.85521144381588243  1.0383466998475068 
40.204086027646291 -2.27 -0.84984629226713182  1.0367296232096115 40.20714433861977 -2.2700000000000049 -0.84984629226713482  1.0367296232096086 40.210198962866052 -2.2699009886510453 -0.84973313643974935  1.0367296232096157 40.213242509010819 -2.2697034433295946 -0.84950737035808888  1.0367296232096084 40.216267706393765 -2.2694078359473187 -0.84916953334977097  1.0367296232096119 40.219267164343336 -2.269014648575657 -0.84872017635358332  1.0367296232096115 

0 6
6.2831853071795862 6

0 6
1 6

10 0 6.2831853071795862 0 5.4358954330789429
2 40.215800166020948 -2.2992396786114861 -0.79913106127027 0.98075636375132647 0.12856356828200935 0.14692979232229622 -0.12856356828193394 0.99165541437004912 -0.0095366692918855359 -0.14692979232236217 -0.0095366692908693072 0.98910094938127746 0.030541509968091192
10 0 6.2831853071795862 0 5.4358954330789429
2 40.215800166020948 -2.2992396786114861 -0.79913106127027 0.98075636375132647 0.12856356828200935 0.14692979232229622 -0.12856356828193394 0.99165541437004912 -0.0095366692918855359 -0.14692979232236217 -0.0095366692908693072 0.98910094938127746 0.029999999999999999
9 1 1 1 0 6 5 6 6 2 2 45.543162679197678 -1.5700949112040856 -0.00072733848250332311  1.6690784610682365 45.543808190670482 -1.5700102935952913 -0.0006306326438957399  1.6690784610682319 45.544452832940436 -1.5699115153233378 -0.00054189071400999377  1.6690784610682436 45.545096215677617 -1.569798644941937 -0.00046116162758189137  1.6690784610682303 45.545737942779461 -1.5696717519404393 -0.00038849508597404937  1.6690784610682388 45.546377623900348 -1.5695309047211616 -0.00032394011048632364  1.6690784610682365 
45.535706574901376 -1.5705788593520287 0.049465612324784095  1.0367296232096121 45.536829045807771 -1.570431718971016 0.049633772760185012  1.036729623209609 45.537950006711533 -1.5702599546210927 0.049788085081711196  1.0367296232096168 45.539068774714451 -1.5700636861110655 0.049928463605392256  1.0367296232096084 45.540184666459972 -1.5698430333240299 0.050054822586388152  1.036729623209613 45.541296999048654 -1.5695981160567727 0.050167076333855344  1.0367296232096121 
45.542703241086372 -1.6328737356738396 0.057270882321507684  1.0383466998475064 45.544958647018746 -1.6325780832107668 0.057608770850717465  1.0383466998475042 45.547211020838901 -1.6322329529972273 0.057918834349678261  1.0383466998475097 45.54945898470303 -1.6318385865896832 0.058200899842937498  1.0383466998475037 45.551701172932219 -1.6313952235728959 0.05845479597058123  1.038346699847507 45.553936207715743 -1.6309031058223666 0.058680349939576291  1.0383466998475064 
45.557883682398803 -1.6836431171573134 0.00036464535903149337  0.85353433019614966 45.560471593741376 -1.6833038778427438 0.00075234743286526989  0.85353433019614733 45.563056026247381 -1.6829078664345702 0.0011081223874458656  0.85353433019615388 45.56563539811323 -1.6824553602210084 0.0014317716281204386  0.85353433019614622 45.56820814340503 -1.6819466339180928 0.0017230986677828522  0.8535343301961511 45.570772680362353 -1.6813819652302409 0.0019819051497549658  0.85353433019614966 
45.559756589040418 -1.6317668659425937 -0.057528726286635898  1.0383466998475068 45.560921109591121 -1.631614213435975 -0.057354266279024978  1.0383466998475039 45.562084063645067 -1.6314360144956528 -0.057194173147925791  1.0383466998475108 45.563244742510676 -1.6312323934491797 -0.057048535817190778  1.0383466998475039 45.564402437506558 -1.6310034746224591 -0.056917443209321156  1.0383466998475073 45.565556439941147 -1.6307493823433106 -0.056800984248016523  1.0383466998475068 
45.550618783493981 -1.5696109630561426 -0.050920289289790713  1.0367296232096115 45.550787335533194 -1.5695888682195664 -0.050895038047976383  1.0367296232096086 45.550955659169333 -1.569563076025583 -0.050871866509731287  1.0367296232096157 45.551123656640783 -1.5695336037728085 -0.050850786860555899  1.0367296232096084 45.551291219098943 -1.5695004705568485 -0.050831812758336259  1.0367296232096119 45.551458248752034 -1.5694636933855506 -0.050814956554827949  1.0367296232096115 

0 6
6.2831853071795862 6

0 6
1 6

9 1 1 1 0 6 5 6 6 2 2 45.543232297651436 -1.5706319024958786 -0.00072217428101937966  1.6690784610682365 45.543886995106583 -1.5705460807320952 -0.00062409226528112977  1.6690784610682319 45.54454081101742 -1.5704458967875072 -0.00053408748489344477  1.6690784610682436 45.545193349419328 -1.5703314202029726 -0.000452209582362647  1.6690784610682303 45.545844208677359 -1.5702027214383978 -0.00037850895322934567  1.6690784610682388 45.546492992811487 -1.5700598698859298 -0.00031303532502910836  1.6690784610682365 
45.535908392280589 -1.5711072701006061 0.048580840723537459  1.0367296232096121 45.537031592538085 -1.5709600341117727 0.048749110425020163  1.036729623209609 45.538153281813045 -1.5707881581538763 0.048903523014689802  1.0367296232096168 45.53927277675988 -1.5705917621141017 0.049043992752380916  1.0367296232096084 45.540389393582799 -1.5703709659526046 0.049170433838135998  1.036729623209613 45.54150244893497 -1.5701258895447627 0.04928276052503832  1.0367296232096121 
45.542781005513177 -1.6322976399155511 0.056247720984086091  1.0383466998475064 45.545017053524916 -1.6320045250076183 0.05658270945027899  1.0383466998475042 45.547250095431998 -1.6316623570139346 0.056890111703129208  1.0383466998475097 45.549478765264816 -1.631271375410718 0.057169756258692021  1.0383466998475037 45.551701709002977 -1.6308318177374448 0.057421473219917529  1.038346699847507 45.553917560709372 -1.630343923783715 0.057645091282046076  1.0383466998475064 
45.557692293129563 -1.6821668653106112 0.00035044836534848481  0.85353433019614966 45.560254951132634 -1.6818309363588977 0.00073436716734604217  0.85353433019614733 45.562814164227248 -1.6814387893091485 0.0010866703982430523  0.85353433019615388 45.565368366100302 -1.6809906987358005 0.0014071614091305787  0.85353433019614622 45.567916006026984 -1.6804869366867154 0.0016956456212789475  0.8535343301961511 45.570455517736576 -1.6799277781451525 0.0019519266195345659  0.85353433019614966 
45.559531992584738 -1.6312103953106816 -0.056516456747875345  1.0383466998475068 45.560696496933957 -1.6310577449278527 -0.056341999167453596  1.0383466998475039 45.561859434808184 -1.6308795484667407 -0.056181908263667223  1.0383466998475108 45.563020097525779 -1.630675930253157 -0.056036272959120691  1.0383466998475039 45.5641777764151 -1.6304470146112933 -0.05590518217509044  1.0383466998475073 45.565331762794543 -1.6301929258672236 -0.055788724834030759  1.0383466998475068 
45.550556203022282 -1.5701565348911513 -0.050025189285576192  1.0367296232096115 45.550742397675087 -1.5701321273524178 -0.04999729495558234  1.0367296232096086 45.550928340221802 -1.5701036354211388 -0.049971697984476753  1.0367296232096157 45.551113922078763 -1.5700710782918439 -0.049948411917106077  1.0367296232096084 45.551299023771918 -1.5700344769241912 -0.049927451744594689  1.0367296232096119 45.551483536687996 -1.5699938502270971 -0.049908831175096494  1.0367296232096115 

0 6
6.2831853071795862 6

0 6
1 6

10 0 6.2831853071795862 0 5.6046162414049592
2 45.552884504580781 -1.5993648797253321 0.00029109679255615419 0.97189803205040526 0.21399589696522686 0.098081452775729008 -0.21305039230956249 0.97683366131346971 -0.020137737252814755 -0.10011865776812567 -0.0013244647862020972 0.99497462287223137 0.030541509968091199
10 0 6.2831853071795862 0 5.6046162414049592
2 45.552884504580781 -1.5993648797253321 0.00029109679255615419 0.97189803205040526 0.21399589696522686 0.098081452775729008 -0.21305039230956249 0.97683366131346971 -0.020137737252814755 -0.10011865776812567 -0.0013244647862020972 0.99497462287223137 0.030000000000000006
1 51 -0.39999999999999858 0.55000000000000027 0.97189803205032488 0.21399589696549756 0.098081452775933983 -0.21305039230983214 0.97683366131341021 -0.020137737252841969 -0.10011865776833134 -0.0013244647862473821 0.99497462287221072 
1 51 -0.39999999999999858 0.54999999999999982 0.97189803205032488 0.21399589696549756 0.098081452775933983 -0.21305039230983214 0.97683366131341021 -0.020137737252841969 -0.10011865776833134 -0.0013244647862473821 0.99497462287221072 
1 26.550000000000001 -15.800000000000001 -0.082499999999998727 -0.37789699742662403 -2.4747650551476869e-16 0.92584764369519357 0.92584764369519357 0 0.37789699742662403 -9.3520628367664448e-17 1 2.2912553950076918e-16 
10 0 6.2831853071795862 0 0.018577344034677205
2 26.550000000000001 -15.800000000000001 -0.082500000000000004 -0.37789699742666721 0 0.92584764369517603 0.92584764369517603 0 0.37789699742666721 0 1 -0 0.030764248062958459
10 0 6.2831853071795862 0 0.018577344034677205
2 26.550000000000001 -15.800000000000001 -0.082500000000000004 -0.37789699742666721 0 0.92584764369517603 0.92584764369517603 0 0.37789699742666721 0 1 -0 0.029999999999999999
1 26.549999999999997 -15.799999999999997 -0.082499999999998616 -0.37789699742660143 -2.2913788364460621e-16 0.92584764369520278 0.92584764369520278 0 0.37789699742660143 -8.659051822598265e-17 1 2.121467696536642e-16 
9 1 1 1 0 6 7 6 8 2 2 26.571462684048278 -15.800000000000001 -0.053674492828299898  1.6690784610682365 26.565391299523732 -15.800000000000001 -0.038799600743162702  1.6690784610682412 26.564627358222825 -15.797476589201031 -0.024563231640990401  1.6690784610682121 26.567133244419718 -15.793430129737988 -0.010875001454474762  1.6690784610682827 26.574536352192066 -15.787020493891061 0.002394600153217991  1.6690784610681924 26.584340773582213 -15.780408647244984 0.010771816313144618  1.6690784610682607 26.595961712981623 -15.773532032224788 0.015995928383553404  1.6690784610682294 26.610331796477258 -15.76634699047697 0.015995928383553352  1.6690784610682365 
26.571462684048278 -15.748883876655842 -0.053674492828299898  1.0367296232096121 26.567991807680276 -15.748883876655842 -0.045170845726693262  1.0367296232096157 26.568044392903229 -15.74744129846408 -0.038231046383299931  1.0367296232095955 26.568566489139464 -15.745751074474702 -0.031228084614154196  1.0367296232096421 26.573457802349747 -15.741516158888547 -0.022460715607131344  1.0367296232095828 26.578794859923651 -15.738133507614048 -0.018961515418182192  1.0367296232096297 26.584280160147109 -15.734781365782137 -0.015975005989290348  1.0367296232096066 26.592495219333294 -15.730673836189045 -0.015975005989290397  1.0367296232096121 
26.512942974419726 -15.741544471294334 -0.077560088595056254  1.0383466998475064 26.503891162678599 -15.741544471294334 -0.055383149829295521  1.0383466998475093 26.502191405095537 -15.737782324554088 -0.032784224723584693  1.0383466998474931 26.506970901385063 -15.731035397370253 -0.011434047432176783  1.0383466998475308 26.517252762241291 -15.722133327328377 0.0069955366753442424  1.0383466998474833 26.532177203220979 -15.711820518718799 0.020963418462000255  1.0383466998475197 26.550830162860397 -15.700904525553202 0.028752033856843513  1.0383466998475026 26.572254483784377 -15.690192365091212 0.028752033856843422  1.0383466998475064 
26.464676562121213 -15.800000000000001 -0.097260665043429659  0.85353433019614966 26.447739792551435 -15.800000000000001 -0.055765579597472942  0.85353433019615177 26.443564258382015 -15.792960678563635 -0.011042845844197065  0.85353433019613978 26.454358771444824 -15.779069448718229 0.030577623394397971  0.85353433019616898 26.472256603105176 -15.763573445293712 0.06265835260667578  0.85353433019613001 26.500726464124288 -15.743469446734837 0.091416786048347104  0.85353433019616165 26.537983193966259 -15.721866956629052 0.1059899994538727  0.85353433019614589 26.578070062435891 -15.701823522394236 0.1059899994538723  0.85353433019614966 
26.512942974419726 -15.858455528705667 -0.077560088595056309  1.0383466998475068 26.497943368939602 -15.858455528705667 -0.040811055168750179  1.038346699847509 26.494376079684272 -15.85222133841582 -0.0015236640729445819  1.0383466998474948 26.50369283284714 -15.840085309658663 0.035116831588087608  1.0383466998475293 26.519719584728744 -15.826209293459947 0.063843768851917615  1.038346699847486 26.544861628167858 -15.808510779112519 0.088968482728451009  1.0383466998475184 26.577547812884326 -15.789533730837443 0.10187486672098048  1.0383466998475033 26.613049695902859 -15.771782789328176 0.10187486672098016  1.0383466998475068 
26.571462684048278 -15.851116123344159 -0.053674492828299891  1.0367296232096115 26.562790791367188 -15.851116123344159 -0.032428355759632412  1.0367296232096126 26.561210323542426 -15.847511879937979 -0.010895416898680073  1.0367296232096024 26.565699999699966 -15.841109185001271 0.0094780817052034921  1.0367296232096312 26.575614902034395 -15.832524828893582 0.027249915913568411  1.0367296232095913 26.589886687240774 -15.822683786875917 0.040505148044470918  1.0367296232096237 26.607643265816133 -15.812282698667437 0.047966862756397444  1.0367296232096075 26.628168373621218 -15.802020144764894 0.047966862756397194  1.0367296232096115 

0 6
6.2831853071795862 6

0 8
1 8

9 1 1 1 0 6 7 6 8 2 2 26.570755106779991 -15.800000000000001 -0.053963299876580988  1.6690784610682365 26.564611726949966 -15.800000000000001 -0.038912019293016811  1.6690784610682412 26.563825180037778 -15.797446666251727 -0.024473643991624709  1.6690784610682121 26.566385987640636 -15.793334974194707 -0.010600331539277655  1.6690784610682827 26.57385863467454 -15.786865131019029 0.0027939147885690796  1.6690784610681924 26.583786735439347 -15.780163883804585 0.011306179265527395  1.6690784610682607 26.595577540568915 -15.773189693422738 0.016592239569136184  1.6690784610682294 26.610118026473895 -15.765919450470248 0.016592239569136132  1.6690784610682365 
26.570755106779991 -15.750153707732869 -0.053963299876581002  1.0367296232096121 26.567147633062042 -15.750153707732869 -0.045124989267603971  1.0367296232096157 26.567157328452467 -15.74865435645639 -0.0378019217194005  1.0367296232095955 26.567783627573341 -15.746840366071305 -0.030447801678667976  1.0367296232096421 26.572806878258994 -15.742491218570985 -0.021443943106885365  1.0367296232095828 26.578378593838867 -15.738938946782476 -0.017688514513899072  1.0367296232096297 26.584186181861945 -15.735401674326663 -0.014584470136964163  1.0367296232096066 26.592724547094072 -15.7311324917106 -0.014584470136964116  1.0367296232096121 
26.513689148747673 -15.742996628502633 -0.077255527644873867  1.0383466998475064 26.504639381727085 -15.742996628502633 -0.055083598444434549  1.0383466998475093 26.502940266160298 -15.739235331596532 -0.032490410465913673  1.0383466998474931 26.507718202640799 -15.732490257067173 -0.011145489649325616  1.0383466998475308 26.517998088529978 -15.723589896958476 0.0072805544548890542  1.0383466998474833 26.532919016922889 -15.713279627391925 0.021244600768304488  1.0383466998475197 26.551567152248488 -15.702366405439601 0.029031456786977744  1.0383466998475026 26.572986633616555 -15.691656664755568 0.029031456786977709  1.0383466998475064 
26.466621774762384 -15.800000000000001 -0.096466700700093513  0.85353433019614966 26.449882928705136 -15.800000000000001 -0.055456527859833821  0.85353433019615177 26.445769540004193 -15.79304294024989 -0.01128913276698148  0.85353433019613978 26.456413067700506 -15.779331042432386 0.029822523682837349  0.85353433019616898 26.474119727800307 -15.764000555994119 0.061560589985825954  0.85353433019613001 26.50224957975772 -15.744142330050481 0.089947759813991571  0.85353433019616165 26.539039328846616 -15.72280808602248 0.10435067028340042  0.85353433019614589 26.578657741169334 -15.702998879861122 0.10435067028340006  0.85353433019614966 
26.513689148747673 -15.857003371497369 -0.077255527644873867  1.0383466998475068 26.498839343585253 -15.857003371497369 -0.040873504996946072  1.038346699847509 26.495319089726596 -15.850831441757462 -0.0020064273176828235  1.0383466998474948 26.504521568159888 -15.838831142173714 0.034248968481097014  1.0383466998475293 26.520403630003706 -15.825080399101012 0.06271655802003602  1.038346699847486 26.545288334308047 -15.807567900125761 0.087560277453083882  1.0383466998475184 26.57762108014159 -15.788793876479554 0.10033776602732647  1.0383466998475033 26.612768407611156 -15.771220212744771 0.10033776602732601  1.0383466998475068 
26.570755106779991 -15.849846292267133 -0.053963299876580995  1.0367296232096115 26.56207582083789 -15.849846292267133 -0.032699049318429624  1.0367296232096126 26.560493031623089 -15.846238976047065 -0.011145366263848823  1.0367296232096024 26.564988347707938 -15.839829582318114 0.0092471386001125606  1.0367296232096312 26.574910391090079 -15.83123904346707 0.027031772684023528  1.0367296232095913 26.589194877039834 -15.821388820826694 0.040300873044954034  1.0367296232096237 26.606968899275888 -15.810977712518813 0.047768949275236589  1.0367296232096075 26.627511505853722 -15.800706409229896 0.047768949275236464  1.0367296232096115 

0 6
6.2831853071795862 6

0 8
1 8

10 0 6.2831853071795862 0 0.72353551301904517
2 26.601726640991018 -15.749136679504492 0.040000000000000001 0.89442719099991597 0.44721359549995798 0 0.27971284942926894 -0.55942569885853788 -0.78025868102879548 -0.34894229016294248 0.69788458032588496 -0.62545694550400865 0.030764248062958455
10 0 6.2831853071795862 0 0.72353551301904517
2 26.601726640991018 -15.749136679504492 0.040000000000000001 0.89442719099991597 0.44721359549995798 0 0.27971284942926894 -0.55942569885853788 -0.78025868102879548 -0.34894229016294248 0.69788458032588496 -0.62545694550400865 0.029999999999999995
9 1 1 1 0 6 6 6 7 2 2 27.257481632975566 -15.442772072227816 0.015995928383553359  1.6690784610682365 27.267862639164928 -15.437581569133135 0.015995928383553397  1.6690784610682405 27.27887584097796 -15.436129602112457 0.016351945017431598  1.6690784610682217 27.290173193463804 -15.437672650582209 0.016983413528788845  1.6690784610682554 27.300401516639319 -15.442672912107028 0.01787150921672203  1.6690784610682214 27.308701437883997 -15.449995624051953 0.018878865832384444  1.6690784610682423 27.314364408146645 -15.460063126741103 0.020011459884913776  1.6690784610682365 
27.239645055831602 -15.407098917939891 -0.0159750059892904  1.0367296232096121 27.260045884877044 -15.396898503417169 -0.015975005989290414  1.0367296232096144 27.282597686559175 -15.393590798648617 -0.015275359504874408  1.0367296232096046 27.304616918671805 -15.397347214707814 -0.013978829855708225  1.0367296232096215 27.324975910886852 -15.406472803523069 -0.012283749228341745  1.0367296232096057 27.341782616982396 -15.421744588832675 -0.010204956592084355  1.0367296232096144 27.352911527428098 -15.441529318513918 -0.0079791745029443653  1.0367296232096121 
27.219404320282685 -15.366617446842058 0.028752033856843433  1.0383466998475064 27.249323428615565 -15.351657892675618 0.028752033856843461  1.0383466998475077 27.282836264012328 -15.34658733935952 0.029778109753824396  1.0383466998475006 27.315040690637865 -15.352446332598436 0.031706410816899018  1.0383466998475128 27.345023259903314 -15.365490754896729 0.034168082644988405  1.0383466998475017 27.369910942600114 -15.388313721644186 0.037264680429014901  1.0383466998475084 27.38623219486443 -15.417329281225189 0.04052893088187768  1.0383466998475064 
27.225219898934199 -15.378248604145082 0.1059899994538723  0.85353433019614966 27.25034447619819 -15.365686315513086 0.10598999945387237  0.85353433019615044 27.27833603877821 -15.361503741197783 0.10685164689555396  0.85353433019614511 27.305409996958755 -15.36630362792086 0.10846171316209149  0.85353433019615621 27.330544994749506 -15.377374062240776 0.11053723900538628  0.85353433019614444 27.351362141983788 -15.396393361022916 0.11312114975263983  0.85353433019615144 27.365067916868437 -15.420759183040069 0.11586230472956964  0.85353433019614966 
27.260199532401167 -15.448207871079022 0.10187486672098015  1.0383466998475068 27.267201642954475 -15.444706815802368 0.1018748667209802  1.0383466998475082 27.274323785483936 -15.443880642697213 0.10211500412035734  1.0383466998475017 27.282005493980705 -15.444677296924636 0.10252219998652584  1.0383466998475119 27.288817541848793 -15.448286411063004 0.10313816332946896  1.0383466998475039 27.294248795790431 -15.452928527783001 0.10378420911695577  1.0383466998475079 27.298068535718897 -15.459719176544718 0.10454815710264874  1.0383466998475068 
27.275318210119526 -15.47844522651574 0.047966862756397208  1.0367296232096115 27.275679393452812 -15.478264634849097 0.047966862756397194  1.0367296232096133 27.275153995396742 -15.478668405576293 0.047979249539738152  1.0367296232096055 27.275729468255804 -15.477998086456607 0.047945656913285319  1.036729623209619 27.275827122391792 -15.478873020690987 0.048026767661786464  1.0367296232096059 27.275620258785601 -15.47824665927123 0.047962688256853084  1.0367296232096135 27.275817288865195 -15.478596934968287 0.048002094272772015  1.0367296232096115 

0 6
6.2831853071795862 6

0 7
1 7

9 1 1 1 0 6 6 6 7 2 2 27.257267862972203 -15.442344532221094 0.016592239569136143  1.6690784610682365 27.2677465617789 -15.437105182817746 0.016592239569136157  1.6690784610682405 27.278872264185779 -15.435635122475432 0.016951606571576315  1.6690784610682217 27.290274154296547 -15.437199751134383 0.01758955938551757  1.6690784610682554 27.300601250832425 -15.442240234330393 0.018485523123815985  1.6690784610682214 27.308984112672867 -15.449640449220581 0.019503326170583864  1.6690784610682423 27.314700375494709 -15.459802694237187 0.020646578734951872  1.6690784610682365 
27.23987438359238 -15.407557573461446 -0.014584470136964102  1.0367296232096121 27.260123991964853 -15.397432769275209 -0.014584470136964067  1.0367296232096144 27.282501651362999 -15.394153071579748 -0.013890009765915423  1.0367296232096046 27.304359067256325 -15.397876083162513 -0.012603517319428763  1.0367296232096215 27.324565165891137 -15.406939411918085 -0.010920615830094307  1.0367296232096057 27.341243486310766 -15.422091228617372 -0.0088579934673437694  1.0367296232096144 27.352289903965453 -15.441729304447922 -0.0066487099364070032  1.0367296232096121 
27.220136470114863 -15.368081746506414 0.029031456786977713  1.0383466998475064 27.2496679038724 -15.353316029627646 0.029031456786977737  1.0383466998475077 27.282734302054799 -15.348317276217962 0.030044237383403401  1.0383466998475006 27.314523890993993 -15.354090632579599 0.0319468067246821  1.0383466998475128 27.344114496960863 -15.366975442824019 0.0343772556910307  1.0383466998475017 27.368673045674761 -15.389490853870614 0.037432398799634573  1.0383466998475084 27.384782816551656 -15.418130446540646 0.040654352975013214  1.0383466998475064 
27.225807577667641 -15.379423961611968 0.10435067028340006  0.85353433019614966 27.250663586504267 -15.366995957193655 0.10435067028340014  0.85353433019615044 27.278345871798116 -15.362863123535019 0.10520310717017659  0.85353433019614511 27.305132443825123 -15.367603683794821 0.10679534733075927  0.85353433019615621 27.329995902099537 -15.378563544037867 0.10884924298365997  0.85353433019614444 27.350585035938558 -15.397369778161755 0.11140443527039698  0.85353433019615144 27.364144303346965 -15.421475142443366 0.11411628875207841  0.85353433019614966 
27.259918244109464 -15.447645294495617 0.10033776602732603  1.0383466998475068 27.267101986092442 -15.44405342350413 0.10033776602732609  1.0383466998475082 27.274433291240907 -15.443193611051745 0.10058413247704928  1.0383466998475017 27.282309357497621 -15.444030387457516 0.10100338404589951  1.0383466998475119 27.289305046127385 -15.447714282268592 0.10163397577403213  1.0383466998475039 27.294890504341549 -15.452500493508074 0.10229944370690153  1.0383466998475079 27.298809326513702 -15.45946728848079 0.10308320814133184  1.0383466998475068 
27.274661342352029 -15.477131490980742 0.047768949275236464  1.0367296232096115 27.275369131592946 -15.476777596360284 0.04776894927523645  1.0367296232096133 27.275242877008559 -15.477117173371118 0.047793222909068254  1.0367296232096055 27.276189241336759 -15.476523419106247 0.047782636090463744  1.036729623209619 27.276637335773714 -15.477541056742705 0.047891662077726591  1.0367296232096059 27.276724739034972 -15.477189669823792 0.04786464580851145  1.0367296232096135 27.27711084702397 -15.477876084026454 0.047941867406310838  1.0367296232096115 

0 6
6.2831853071795862 6

0 7
1 7

10 0 6.2831853071795862 0 6.398800652302989
2 27.327888528570224 -15.449579606347063 0.045577705714044479 0.48792135293449224 -0.86741573855020504 0.09758427058689817 -0.43960510251709628 -0.34076959633746512 -0.83103756596975475 0.75410881654540285 0.36258243025194065 -0.54758914715422247 0.030764248062958459
10 0 6.2831853071795862 0 6.398800652302989
2 27.327888528570224 -15.449579606347063 0.045577705714044479 0.48792135293449224 -0.86741573855020504 0.09758427058689817 -0.43960510251709628 -0.34076959633746512 -0.83103756596975475 0.75410881654540285 0.36258243025194065 -0.54758914715422247 0.029999999999999999
1 30.450000000000006 -21 0.66999999999999993 0.48792135293452393 -0.86741573855018717 0.097584270586898864 -0.43960510251708629 -0.34076959633748299 -0.83103756596975276 0.75410881654538819 0.36258243025196663 -0.54758914715422535 
1 30.45000000000001 -21 0.66999999999999993 0.48792135293451322 -0.86741573855019549 0.097584270586878574 -0.43960510251709822 -0.34076959633746184 -0.83103756596975509 0.75410881654538819 0.36258243025196663 -0.54758914715422535 
1 26.550000000000001 15.800000000000001 -0.082499999999998727 -0.37789699742662403 -2.4747650551476869e-16 0.92584764369519357 0.92584764369519357 0 0.37789699742662403 -9.3520628367664448e-17 1 2.2912553950076918e-16 
10 0 6.2831853071795862 0 0.018577344034677205
2 26.550000000000001 15.800000000000001 -0.082500000000000004 -0.37789699742666721 0 0.92584764369517603 0.92584764369517603 0 0.37789699742666721 0 1 -0 0.030764248062958459
10 0 6.2831853071795862 0 0.018577344034677205
2 26.550000000000001 15.800000000000001 -0.082500000000000004 -0.37789699742666721 0 0.92584764369517603 0.92584764369517603 0 0.37789699742666721 0 1 -0 0.029999999999999999
1 26.549999999999997 15.799999999999997 -0.082499999999998616 -0.37789699742660143 -2.5417612920366945e-16 0.92584764369520278 0.92584764369520278 1.2325951644078309e-32 0.37789699742660143 -9.6052396043582603e-17 1 2.3532837030678477e-16 
9 1 1 1 0 6 7 6 8 2 2 26.571462684048278 15.800000000000001 -0.05367449282829987  1.6690784610682365 26.565391299523732 15.800000000000001 -0.038799600743162695  1.6690784610682412 26.564627358222825 15.797476589201031 -0.024563231640990311  1.6690784610682121 26.567133244419718 15.793430129737988 -0.010875001454474958  1.6690784610682827 26.574536352192066 15.787020493891061 0.0023946001532181497  1.6690784610681924 26.584340773582213 15.780408647244984 0.010771816313144529  1.6690784610682607 26.595961712981623 15.773532032224788 0.015995928383553428  1.6690784610682294 26.610331796477258 15.76634699047697 0.015995928383553352  1.6690784610682365 
26.571462684048278 15.851116123344159 -0.053674492828299905  1.0367296232096121 26.562790791367188 15.851116123344159 -0.032428355759632412  1.0367296232096157 26.561210323542426 15.847511879937979 -0.01089541689867988  1.0367296232095955 26.565699999699966 15.841109185001272 0.0094780817052029891  1.0367296232096421 26.575614902034395 15.832524828893581 0.027249915913569081  1.0367296232095828 26.589886687240774 15.822683786875917 0.040505148044470488  1.0367296232096297 26.607643265816133 15.812282698667437 0.047966862756397624  1.0367296232096066 26.628168373621218 15.802020144764894 0.047966862756397229  1.0367296232096121 
26.512942974419726 15.858455528705667 -0.077560088595056295  1.0383466998475064 26.497943368939602 15.858455528705667 -0.0408110551687502  1.0383466998475093 26.494376079684272 15.85222133841582 -0.0015236640729445236  1.0383466998474931 26.50369283284714 15.84008530965866 0.035116831588087496  1.0383466998475308 26.519719584728744 15.826209293459947 0.063843768851917559  1.0383466998474833 26.544861628167858 15.808510779112519 0.088968482728451051  1.0383466998475197 26.577547812884326 15.789533730837443 0.10187486672098034  1.0383466998475026 26.613049695902859 15.771782789328176 0.10187486672098009  1.0383466998475064 
26.464676562121213 15.800000000000001 -0.097260665043429687  0.85353433019614966 26.447739792551435 15.800000000000001 -0.055765579597472831  0.85353433019615177 26.443564258382011 15.792960678563635 -0.011042845844197296  0.85353433019613978 26.454358771444824 15.779069448718229 0.030577623394398495  0.85353433019616898 26.472256603105176 15.763573445293712 0.062658352606675419  0.85353433019613001 26.500726464124288 15.743469446734837 0.091416786048347645  0.85353433019616165 26.537983193966259 15.721866956629052 0.10598999945387259  0.85353433019614589 26.578070062435891 15.701823522394236 0.10598999945387244  0.85353433019614966 
26.512942974419726 15.741544471294334 -0.077560088595056267  1.0383466998475068 26.503891162678599 15.741544471294334 -0.055383149829295583  1.038346699847509 26.502191405095537 15.737782324554088 -0.03278422472358463  1.0383466998474948 26.506970901385063 15.731035397370253 -0.011434047432176892  1.0383466998475293 26.517252762241291 15.722133327328375 0.0069955366753441956  1.038346699847486 26.532177203220979 15.711820518718797 0.020963418462000279  1.0383466998475184 26.550830162860397 15.700904525553202 0.028752033856843422  1.0383466998475033 26.572254483784377 15.690192365091212 0.028752033856843367  1.0383466998475068 
26.571462684048278 15.748883876655842 -0.053674492828299898  1.0367296232096115 26.567991807680276 15.748883876655842 -0.045170845726693346  1.0367296232096126 26.568044392903229 15.74744129846408 -0.038231046383299737  1.0367296232096024 26.568566489139464 15.745751074474704 -0.031228084614154359  1.0367296232096312 26.573457802349751 15.741516158888547 -0.022460715607131282  1.0367296232095913 26.578794859923651 15.738133507614048 -0.018961515418182195  1.0367296232096237 26.584280160147109 15.734781365782137 -0.015975005989290372  1.0367296232096075 26.592495219333294 15.730673836189045 -0.015975005989290417  1.0367296232096115 

0 6
6.2831853071795862 6

0 8
1 8

9 1 1 1 0 6 7 6 8 2 2 26.570755106779991 15.800000000000001 -0.053963299876580988  1.6690784610682365 26.564611726949966 15.800000000000001 -0.038912019293016839  1.6690784610682412 26.563825180037778 15.797446666251727 -0.024473643991624567  1.6690784610682121 26.566385987640636 15.793334974194707 -0.010600331539277946  1.6690784610682827 26.57385863467454 15.786865131019029 0.002793914788569358  1.6690784610681924 26.583786735439347 15.780163883804585 0.011306179265527225  1.6690784610682607 26.595577540568915 15.773189693422738 0.01659223956913624  1.6690784610682294 26.610118026473895 15.765919450470248 0.016592239569136125  1.6690784610682365 
26.570755106779991 15.849846292267133 -0.053963299876581002  1.0367296232096121 26.56207582083789 15.849846292267133 -0.032699049318429589  1.0367296232096157 26.560493031623093 15.846238976047067 -0.011145366263848834  1.0367296232095955 26.564988347707938 15.839829582318112 0.0092471386001123507  1.0367296232096421 26.574910391090079 15.831239043467074 0.027031772684023962  1.0367296232095828 26.589194877039834 15.821388820826693 0.040300873044953708  1.0367296232096297 26.606968899275888 15.810977712518813 0.047768949275236769  1.0367296232096066 26.627511505853722 15.800706409229896 0.047768949275236498  1.0367296232096121 
26.513689148747673 15.857003371497369 -0.077255527644873881  1.0383466998475064 26.498839343585253 15.857003371497369 -0.040873504996945934  1.0383466998475093 26.495319089726596 15.85083144175746 -0.0020064273176833847  1.0383466998474931 26.504521568159888 15.838831142173714 0.03424896848109784  1.0383466998475308 26.520403630003706 15.825080399101012 0.062716558020035049  1.0383466998474833 26.545288334308047 15.807567900125761 0.087560277453084437  1.0383466998475197 26.57762108014159 15.788793876479554 0.10033776602732616  1.0383466998475026 26.612768407611156 15.771220212744771 0.10033776602732594  1.0383466998475064 
26.466621774762384 15.800000000000001 -0.096466700700093527  0.85353433019614966 26.449882928705136 15.800000000000001 -0.055456527859833883  0.85353433019615177 26.445769540004193 15.79304294024989 -0.01128913276698113  0.85353433019613978 26.456413067700506 15.779331042432386 0.029822523682836923  0.85353433019616898 26.474119727800307 15.764000555994119 0.061560589985826537  0.85353433019613001 26.50224957975772 15.744142330050481 0.089947759813991571  0.85353433019616165 26.539039328846616 15.72280808602248 0.10435067028340049  0.85353433019614589 26.578657741169334 15.702998879861122 0.1043506702834002  0.85353433019614966 
26.513689148747673 15.742996628502633 -0.077255527644873867  1.0383466998475068 26.504639381727085 15.742996628502633 -0.055083598444434577  1.038346699847509 26.502940266160298 15.739235331596532 -0.032490410465913694  1.0383466998474948 26.507718202640799 15.732490257067173 -0.011145489649325676  1.0383466998475293 26.517998088529978 15.723589896958476 0.0072805544548890768  1.038346699847486 26.532919016922889 15.713279627391925 0.021244600768304363  1.0383466998475184 26.551567152248488 15.702366405439601 0.02903145678697773  1.0383466998475033 26.572986633616555 15.691656664755568 0.029031456786977643  1.0383466998475068 
26.570755106779991 15.750153707732869 -0.053963299876581002  1.0367296232096115 26.567147633062042 15.750153707732869 -0.045124989267604089  1.0367296232096126 26.567157328452467 15.74865435645639 -0.037801921719400153  1.0367296232096024 26.567783627573341 15.746840366071305 -0.030447801678668337  1.0367296232096312 26.572806878258994 15.742491218570985 -0.021443943106885115  1.0367296232095913 26.578378593838867 15.738938946782476 -0.017688514513899235  1.0367296232096237 26.584186181861945 15.735401674326663 -0.014584470136964116  1.0367296232096075 26.592724547094072 15.7311324917106 -0.014584470136964121  1.0367296232096115 

0 6
6.2831853071795862 6

0 8
1 8

10 0 6.2831853071795862 0 0.72353551301904517
2 26.601726640991018 15.749136679504492 0.040000000000000001 0.89442719099991597 -0.44721359549995798 0 0.27971284942926894 0.55942569885853788 -0.78025868102879548 0.34894229016294248 0.69788458032588496 0.62545694550400865 0.030764248062958455
10 0 6.2831853071795862 0 0.72353551301904517
2 26.601726640991018 15.749136679504492 0.040000000000000001 0.89442719099991597 -0.44721359549995798 0 0.27971284942926894 0.55942569885853788 -0.78025868102879548 0.34894229016294248 0.69788458032588496 0.62545694550400865 0.029999999999999995
9 1 1 1 0 6 6 6 7 2 2 27.257481632975566 15.442772072227816 0.015995928383553362  1.6690784610682365 27.267862639164928 15.437581569133135 0.015995928383553331  1.6690784610682405 27.27887584097796 15.436129602112457 0.016351945017431826  1.6690784610682217 27.290173193463804 15.437672650582209 0.016983413528788505  1.6690784610682554 27.300401516639319 15.442672912107028 0.01787150921672228  1.6690784610682214 27.308701437883997 15.449995624051953 0.018878865832384351  1.6690784610682423 27.314364408146645 15.460063126741103 0.020011459884913776  1.6690784610682365 
27.275318210119526 15.47844522651574 0.047966862756397236  1.0367296232096121 27.275679393452812 15.478264634849097 0.047966862756397208  1.0367296232096144 27.275153995396742 15.478668405576293 0.047979249539738207  1.0367296232096046 27.275729468255804 15.477998086456607 0.047945656913285312  1.0367296232096215 27.275827122391792 15.478873020690987 0.048026767661786526  1.0367296232096057 27.275620258785601 15.47824665927123 0.047962688256853112  1.0367296232096144 27.275817288865195 15.478596934968287 0.04800209427277205  1.0367296232096121 
27.260199532401167 15.448207871079022 0.10187486672098012  1.0383466998475064 27.267201642954475 15.444706815802368 0.10187486672098006  1.0383466998475077 27.274323785483936 15.443880642697213 0.10211500412035758  1.0383466998475006 27.282005493980705 15.444677296924636 0.10252219998652534  1.0383466998475128 27.288817541848793 15.448286411063004 0.10313816332946921  1.0383466998475017 27.294248795790431 15.452928527783001 0.1037842091169556  1.0383466998475084 27.298068535718897 15.459719176544718 0.1045481571026487  1.0383466998475064 
27.225219898934199 15.378248604145082 0.10598999945387244  0.85353433019614966 27.25034447619819 15.365686315513086 0.10598999945387239  0.85353433019615044 27.27833603877821 15.361503741197783 0.10685164689555418  0.85353433019614511 27.305409996958755 15.366303627920857 0.10846171316209158  0.85353433019615621 27.330544994749506 15.377374062240779 0.11053723900538642  0.85353433019614444 27.351362141983788 15.396393361022918 0.1131211497526399  0.85353433019615144 27.365067916868437 15.420759183040071 0.11586230472956971  0.85353433019614966 
27.219404320282685 15.366617446842058 0.02875203385684337  1.0383466998475068 27.249323428615565 15.351657892675618 0.028752033856843395  1.0383466998475082 27.282836264012328 15.34658733935952 0.02977810975382434  1.0383466998475017 27.315040690637865 15.352446332598436 0.031706410816898963  1.0383466998475119 27.345023259903314 15.365490754896729 0.034168082644988364  1.0383466998475039 27.369910942600114 15.388313721644186 0.037264680429014853  1.0383466998475079 27.38623219486443 15.417329281225189 0.040528930881877638  1.0383466998475068 
27.239645055831602 15.407098917939891 -0.015975005989290407  1.0367296232096115 27.260045884877044 15.396898503417169 -0.01597500598929031  1.0367296232096133 27.282597686559175 15.393590798648617 -0.015275359504874679  1.0367296232096055 27.304616918671805 15.397347214707814 -0.013978829855707926  1.036729623209619 27.324975910886852 15.406472803523069 -0.012283749228341974  1.0367296232096059 27.341782616982396 15.421744588832675 -0.010204956592084279  1.0367296232096135 27.352911527428098 15.441529318513918 -0.0079791745029443722  1.0367296232096115 

0 6
6.2831853071795862 6

0 7
1 7

9 1 1 1 0 6 6 6 7 2 2 27.257267862972203 15.442344532221094 0.016592239569136132  1.6690784610682365 27.2677465617789 15.437105182817746 0.016592239569136157  1.6690784610682405 27.278872264185779 15.435635122475432 0.016951606571576308  1.6690784610682217 27.290274154296547 15.437199751134383 0.01758955938551755  1.6690784610682554 27.300601250832425 15.442240234330393 0.018485523123816006  1.6690784610682214 27.308984112672867 15.449640449220581 0.01950332617058384  1.6690784610682423 27.314700375494709 15.459802694237187 0.020646578734951869  1.6690784610682365 
27.274661342352029 15.477131490980742 0.047768949275236498  1.0367296232096121 27.275369131592946 15.476777596360284 0.047768949275236477  1.0367296232096144 27.275242877008559 15.477117173371118 0.047793222909068303  1.0367296232096046 27.276189241336759 15.476523419106247 0.047782636090463758  1.0367296232096215 27.276637335773714 15.477541056742705 0.047891662077726611  1.0367296232096057 27.276724739034972 15.477189669823792 0.047864645808511498  1.0367296232096144 27.27711084702397 15.477876084026454 0.047941867406310873  1.0367296232096121 
27.259918244109464 15.447645294495617 0.10033776602732594  1.0383466998475064 27.267101986092442 15.44405342350413 0.100337766027326  1.0383466998475077 27.274433291240907 15.443193611051745 0.10058413247704931  1.0383466998475006 27.282309357497621 15.444030387457516 0.10100338404589934  1.0383466998475128 27.289305046127385 15.447714282268592 0.10163397577403219  1.0383466998475017 27.294890504341549 15.452500493508074 0.1022994437069014  1.0383466998475084 27.298809326513702 15.45946728848079 0.10308320814133179  1.0383466998475064 
27.225807577667641 15.379423961611968 0.1043506702834002  0.85353433019614966 27.250663586504267 15.366995957193655 0.10435067028340032  0.85353433019615044 27.278345871798116 15.362863123535019 0.1052031071701766  0.85353433019614511 27.305132443825123 15.367603683794822 0.1067953473307597  0.85353433019615621 27.329995902099537 15.378563544037867 0.10884924298365983  0.85353433019614444 27.350585035938558 15.397369778161755 0.11140443527039721  0.85353433019615144 27.364144303346965 15.421475142443366 0.11411628875207856  0.85353433019614966 
27.220136470114863 15.368081746506414 0.029031456786977654  1.0383466998475068 27.2496679038724 15.353316029627646 0.029031456786977682  1.0383466998475082 27.282734302054799 15.348317276217962 0.030044237383403359  1.0383466998475017 27.314523890993993 15.354090632579597 0.031946806724682024  1.0383466998475119 27.344114496960863 15.366975442824019 0.03437725569103068  1.0383466998475039 27.368673045674761 15.389490853870614 0.03743239879963451  1.0383466998475079 27.384782816551656 15.418130446540646 0.040654352975013165  1.0383466998475068 
27.23987438359238 15.407557573461446 -0.014584470136964109  1.0367296232096115 27.260123991964853 15.397432769275209 -0.014584470136964095  1.0367296232096133 27.282501651362999 15.394153071579748 -0.013890009765915284  1.0367296232096055 27.304359067256325 15.397876083162513 -0.012603517319429026  1.036729623209619 27.324565165891137 15.406939411918085 -0.010920615830094078  1.0367296232096059 27.341243486310766 15.422091228617372 -0.0088579934673438596  1.0367296232096135 27.352289903965453 15.441729304447922 -0.0066487099364070101  1.0367296232096115 

0 6
6.2831853071795862 6

0 7
1 7

10 0 6.2831853071795862 0 6.398800652302989
2 27.327888528570224 15.449579606347063 0.045577705714044479 0.48792135293449224 0.86741573855020504 0.09758427058689817 -0.43960510251709628 0.34076959633746512 -0.83103756596975475 -0.75410881654540285 0.36258243025194065 0.54758914715422247 0.030764248062958459
10 0 6.2831853071795862 0 6.398800652302989
2 27.327888528570224 15.449579606347063 0.045577705714044479 0.48792135293449224 0.86741573855020504 0.09758427058689817 -0.43960510251709628 0.34076959633746512 -0.83103756596975475 -0.75410881654540285 0.36258243025194065 0.54758914715422247 0.029999999999999999
1 30.450000000000006 21 0.66999999999999993 0.48792135293452432 0.86741573855018694 0.097584270586898642 -0.43960510251708629 0.34076959633748299 -0.83103756596975276 -0.75410881654538775 0.36258243025196701 0.54758914715422546 
1 30.45000000000001 21 0.66999999999999993 0.48792135293451355 0.86741573855019538 0.097584270586878297 -0.43960510251709822 0.34076959633746184 -0.83103756596975509 -0.75410881654538786 0.36258243025196707 0.54758914715422558 
2 19.800000000000001 3.7999999999999998 -1.6499999999999999 0 0 1 1 0 -0 -0 1 0 0.10000000000000001
1 19.800000000000001 3.7999999999999998 -1.45 0 0 1 1 0 -0 -0 1 0 
1 19.800000000000001 3.7999999999999998 -1.6499999999999999 0 0 1 1 0 -0 -0 1 0 
1 26.660000000000011 -15.620000000000001 0.040000000000000001 0.44721359549995798 -0.89442719099991597 1.1850334552973162e-29 -0.89442719099991597 -0.44721359549995798 0 5.2996307233125134e-30 -1.0599261446625027e-29 -1 
10 0 6.2831853071795862 0 0.089442719099992865
2 26.66 -15.619999999999999 0.040000000000000001 0.44721359549994161 -0.89442719099992407 0 -0.89442719099992407 -0.44721359549994161 0 0 -0 -1 0.030503008985286354
10 0 6.2831853071795862 0 0.089442719099992865
2 26.66 -15.619999999999999 0.040000000000000001 0.44721359549994161 -0.89442719099992407 0 -0.89442719099992407 -0.44721359549994161 0 0 -0 -1 0.029999999999999999
1 26.660000000000004 -15.619999999999996 0.039999999999999994 0.44721359549995798 -0.89442719099991597 -1.6334739157951007e-29 -0.89442719099991597 -0.44721359549995798 0 -7.3051174303812237e-30 1.4610234860762447e-29 -1 
1 26.70000000000001 -15.700000000000003 0.040000000000000001 0.44721359549995798 -0.89442719099991597 1.1850334552973162e-29 -0.89442719099991597 -0.44721359549995798 0 5.2996307233125134e-30 -1.0599261446625027e-29 -1 
1 26.700000000000003 -15.699999999999998 0.039999999999999994 0.44721359549995798 -0.89442719099991597 -1.6334739157951007e-29 -0.89442719099991597 -0.44721359549995798 0 -7.3051174303812237e-30 1.4610234860762447e-29 -1 
1 20.799999999999997 3.7999999999999994 -1.5699999999999998 1.0722700150527756e-18 -0.99819586028849994 -0.060041856257960276 0 0.060041856257960276 -0.99819586028849994 1 1.0703354901371681e-18 6.4381082113519653e-20 
10 0 6.2831853071795862 0 1.3306009606710849
2 20.800000000000001 3.7999999999999998 -1.5700000000000001 0 -0.99819586028850038 -0.060041856257954773 0 0.060041856257954773 -0.99819586028850038 1 0 0 0.030541509968091192
10 0 6.2831853071795862 0 1.3306009606710849
2 20.800000000000001 3.7999999999999998 -1.5700000000000001 0 -0.99819586028850038 -0.060041856257954773 0 0.060041856257954773 -0.99819586028850038 1 0 0 0.029999999999999999
1 20.800000000000001 3.7999999999999994 -1.5700000000000001 -0 -0.99819586028850038 -0.06004185625795417 0 0.06004185625795417 -0.99819586028850038 1 0 0 
9 1 1 1 0 6 3 6 4 2 2 20.800000000000001 2.4736333983485523 -1.6803781604317911  1.6690784610682365 20.800000000000001 2.4718233494056299 -1.6804870355568799  1.6690784610682354 20.800000000000001 2.4700104383780732 -1.6805415099682668  1.6690784610682372 20.800000000000001 2.4681971179517221 -1.6805415099675656  1.6690784610682365 
20.850746034404967 2.4736333983485523 -1.6803781604317911  1.0367296232096121 20.850746034404967 2.4718233494056299 -1.6804870355568802  1.0367296232096117 20.850746034404967 2.4700104383780732 -1.6805415099682663  1.0367296232096121 20.850746034404967 2.4681971179517221 -1.6805415099675654  1.0367296232096121 
20.858032301293388 2.4698658315958029 -1.6177423643656879  1.0383466998475064 20.858032301293388 2.4693102214070035 -1.6177757845266794  1.0383466998475059 20.858032301293388 2.4687537324225759 -1.6177925059263563  1.0383466998475064 20.858032301293388 2.4681971180236761 -1.6177925059270957  1.0383466998475064 
20.800000000000001 2.4667583840126786 -1.5660810492846382  0.85353433019614966 20.800000000000001 2.4672374210990284 -1.566052235021874  0.8535343301961491 20.800000000000001 2.4677172151846904 -1.5660378181530894  0.85353433019614977 20.800000000000001 2.4681971180830233 -1.566037818155017  0.85353433019614966 
20.74196769870661 2.4698658315958029 -1.6177423643656879  1.0383466998475068 20.74196769870661 2.4693102214070035 -1.6177757845266794  1.0383466998475062 20.74196769870661 2.4687537324225759 -1.6177925059263563  1.038346699847507 20.74196769870661 2.4681971180236761 -1.6177925059270957  1.0383466998475068 
20.749253965595035 2.4736333983485523 -1.6803781604317911  1.0367296232096115 20.749253965595035 2.4718233494056299 -1.6804870355568799  1.0367296232096113 20.749253965595035 2.4700104383780732 -1.6805415099682668  1.0367296232096113 20.749253965595035 2.4681971179517221 -1.6805415099675656  1.0367296232096115 

0 6
6.2831853071795862 6

0 4
1 4

9 1 1 1 0 6 3 6 4 2 2 20.800000000000001 2.4736008850842666 -1.6798376274233842  1.6690784610682365 20.800000000000001 2.4718016616691765 -1.6799458513888916  1.6690784610682354 20.800000000000001 2.4699995932847965 -1.6800000000001725  1.6690784610682372 20.800000000000001 2.468197117952343 -1.6799999999994837  1.6690784610682365 
20.849846292267131 2.4736008850842666 -1.6798376274233842  1.0367296232096121 20.849846292267131 2.4718016616691765 -1.6799458513888916  1.0367296232096117 20.849846292267131 2.4699995932847965 -1.6800000000001725  1.0367296232096121 20.849846292267131 2.468197117952343 -1.6799999999994837  1.0367296232096121 
20.85700337149737 2.4699001183998237 -1.618312382471635  1.0383466998475064 20.85700337149737 2.4693330921702366 -1.6183464893117847  1.0383466998475059 20.85700337149737 2.4687651690960672 -1.6183635542833739  1.0383466998475064 20.85700337149737 2.4681971180230216 -1.6183635542841002  1.0383466998475064 
20.800000000000001 2.4668477667776831 -1.5675670377244135  0.85353433019614966 20.800000000000001 2.46729704322229 -1.5675400135754727  0.8535343301961491 20.800000000000001 2.4677470296141277 -1.567526492369272  0.85353433019614977 20.800000000000001 2.4681971180813163 -1.5675264923711656  0.85353433019614966 
20.742996628502631 2.4699001183998237 -1.618312382471635  1.0383466998475068 20.742996628502631 2.4693330921702366 -1.6183464893117847  1.0383466998475062 20.742996628502631 2.4687651690960672 -1.6183635542833739  1.038346699847507 20.742996628502631 2.4681971180230216 -1.6183635542841002  1.0383466998475068 
20.750153707732871 2.4736008850842666 -1.6798376274233842  1.0367296232096115 20.750153707732871 2.4718016616691765 -1.6799458513888916  1.0367296232096113 20.750153707732871 2.4699995932847965 -1.6800000000001725  1.0367296232096113 20.750153707732871 2.468197117952343 -1.6799999999994837  1.0367296232096115 

0 6
6.2831853071795862 6

0 4
1 4

10 0 6.2831853071795862 0 4.9363942359734878
2 20.800000000000001 2.4681971179867439 -1.6499999999999999 0 -1 0 0 -0 -1 1 0 0 0.030541509968091188
10 0 6.2831853071795862 0 4.9363942359734878
2 20.800000000000001 2.4681971179867439 -1.6499999999999999 0 -1 0 0 -0 -1 1 0 0 0.029999999999999995
9 1 1 1 0 6 3 6 4 2 2 20.800000000000001 -2.4681971179517248 -1.6805415099675654  1.6690784610682365 20.800000000000001 -2.4700104383780759 -1.6805415099682668  1.6690784610682354 20.800000000000001 -2.4718233494056325 -1.6804870355568797  1.6690784610682372 20.800000000000001 -2.473633398348555 -1.6803781604317909  1.6690784610682365 
20.850746034404967 -2.4681971179517248 -1.6805415099675654  1.0367296232096121 20.850746034404967 -2.4700104383780759 -1.6805415099682663  1.0367296232096117 20.850746034404967 -2.4718233494056325 -1.6804870355568799  1.0367296232096121 20.850746034404967 -2.473633398348555 -1.6803781604317909  1.0367296232096121 
20.858032301293388 -2.4681971180236735 -1.6177925059270959  1.0383466998475064 20.858032301293388 -2.4687537324225732 -1.6177925059263565  1.0383466998475059 20.858032301293388 -2.469310221407 -1.6177757845266796  1.0383466998475064 20.858032301293388 -2.4698658315957998 -1.6177423643656881  1.0383466998475064 
20.800000000000001 -2.4681971180830162 -1.566037818155017  0.85353433019614966 20.800000000000001 -2.4677172151846833 -1.5660378181530894  0.8535343301961491 20.800000000000001 -2.4672374210990209 -1.5660522350218742  0.85353433019614977 20.800000000000001 -2.466758384012671 -1.5660810492846386  0.85353433019614966 
20.74196769870661 -2.4681971180236735 -1.6177925059270959  1.0383466998475068 20.74196769870661 -2.4687537324225732 -1.6177925059263565  1.0383466998475062 20.74196769870661 -2.469310221407 -1.6177757845266796  1.038346699847507 20.74196769870661 -2.4698658315957998 -1.6177423643656881  1.0383466998475068 
20.749253965595035 -2.4681971179517248 -1.6805415099675654  1.0367296232096115 20.749253965595035 -2.4700104383780759 -1.6805415099682668  1.0367296232096113 20.749253965595035 -2.4718233494056325 -1.6804870355568797  1.0367296232096113 20.749253965595035 -2.473633398348555 -1.6803781604317909  1.0367296232096115 

0 6
6.2831853071795862 6

0 4
1 4

9 1 1 1 0 6 3 6 4 2 2 20.800000000000001 -2.4681971179523456 -1.6799999999994837  1.6690784610682365 20.800000000000001 -2.4699995932847991 -1.6800000000001725  1.6690784610682354 20.800000000000001 -2.4718016616691791 -1.6799458513888914  1.6690784610682372 20.800000000000001 -2.4736008850842692 -1.6798376274233839  1.6690784610682365 
20.849846292267131 -2.4681971179523456 -1.6799999999994837  1.0367296232096121 20.849846292267131 -2.4699995932847991 -1.6800000000001725  1.0367296232096117 20.849846292267131 -2.4718016616691791 -1.6799458513888914  1.0367296232096121 20.849846292267131 -2.4736008850842692 -1.6798376274233839  1.0367296232096121 
20.85700337149737 -2.4681971180230189 -1.6183635542841002  1.0383466998475064 20.85700337149737 -2.4687651690960646 -1.6183635542833739  1.0383466998475059 20.85700337149737 -2.4693330921702339 -1.6183464893117849  1.0383466998475064 20.85700337149737 -2.469900118399821 -1.6183123824716352  1.0383466998475064 
20.800000000000001 -2.4681971180813091 -1.5675264923711656  0.85353433019614966 20.800000000000001 -2.4677470296141206 -1.567526492369272  0.8535343301961491 20.800000000000001 -2.4672970432222829 -1.5675400135754729  0.85353433019614977 20.800000000000001 -2.466847766777676 -1.567567037724414  0.85353433019614966 
20.742996628502631 -2.4681971180230189 -1.6183635542841002  1.0383466998475068 20.742996628502631 -2.4687651690960646 -1.6183635542833739  1.0383466998475062 20.742996628502631 -2.4693330921702339 -1.6183464893117849  1.038346699847507 20.742996628502631 -2.469900118399821 -1.6183123824716352  1.0383466998475068 
20.750153707732871 -2.4681971179523456 -1.6799999999994837  1.0367296232096115 20.750153707732871 -2.4699995932847991 -1.6800000000001722  1.0367296232096113 20.750153707732871 -2.4718016616691791 -1.6799458513888914  1.0367296232096113 20.750153707732871 -2.4736008850842692 -1.6798376274233839  1.0367296232096115 

0 6
6.2831853071795862 6

0 4
1 4

10 0 6.2831853071795862 0 1.3306009606710849
2 20.800000000000001 -2.4717996293622213 -1.6498917516173099 0 -0.99819586028850038 0.060041856257954773 0 -0.060041856257954773 -0.99819586028850038 1 0 0 0.030541509968091192
10 0 6.2831853071795862 0 1.3306009606710849
2 20.800000000000001 -2.4717996293622213 -1.6498917516173099 0 -0.99819586028850038 0.060041856257954773 0 -0.060041856257954773 -0.99819586028850038 1 0 0 0.029999999999999999
1 20.799999999999997 -3.7999999999999994 -1.5700000000000001 1.0722700150527754e-18 -0.99819586028849516 0.060041856258038109 0 -0.060041856258038109 -0.99819586028849516 1 1.0703354901371633e-18 -6.4381082113603118e-20 
1 20.800000000000001 -3.7999999999999994 -1.5700000000000005 -0 -0.99819586028849483 0.060041856258044229 0 -0.060041856258044229 -0.99819586028849483 1 0 0 
1 19.699999999999996 -3.1000000000000005 -1.71 0.99607740344274565 0.005312875280659205 0.088326551540349046 -0.088327798147791667 -1.0799645267708823e-19 0.99609146170136564 0.0052921097041488787 -0.99998588657853171 0.00046927457537445792 
10 0 6.2831853071795862 0 1.104331848306235
2 19.699999999999999 -3.1000000000000001 -1.71 0.99607740344274465 0.0053128752806235234 0.08832655154036248 -0.088327798147805087 -5.4210108624275222e-20 0.99609146170136442 0.0052921097041133324 -0.99998588657853205 0.00046927457537137781 0.030357748500443663
10 0 6.2831853071795862 0 1.104331848306235
2 19.699999999999999 -3.1000000000000001 -1.71 0.99607740344274465 0.0053128752806235234 0.08832655154036248 -0.088327798147805087 -5.4210108624275222e-20 0.99609146170136442 0.0052921097041133324 -0.99998588657853205 0.00046927457537137781 0.029999999999999999
1 19.699999999999996 -3.1000000000000001 -1.7099999999999997 0.99607740344274509 0.0053128752806090081 0.088326551540357484 -0.088327798147800091 -1.0799645267708813e-19 0.99609146170136476 0.0052921097040988753 -0.99998588657853205 0.00046927457537006907 
1 20.799999999999997 -3.0941328226215292 -1.6124581760829155 0.99607740344274565 0.005312875280659205 0.088326551540349046 -0.088327798147791667 -1.0799645267708823e-19 0.99609146170136564 0.0052921097041488787 -0.99998588657853171 0.00046927457537445792 
1 20.799999999999997 -3.0941328226215288 -1.6124581760829153 0.99607740344274509 0.0053128752806090081 0.088326551540357484 -0.088327798147800091 -1.0799645267708813e-19 0.99609146170136476 0.0052921097040988753 -0.99998588657853205 0.00046927457537006907 
1 19.799999999999997 -3.7999999999999994 -1.5699999999999996 1 3.3828240966163303e-27 3.1449692773229347e-27 -3.3828240966163303e-27 1 0 -3.1449692773229347e-27 -1.063887785444607e-53 1 
10 0 6.2831853071795862 0 1.2617150817689442
2 19.800000000000001 -3.7999999999999998 -1.5700000000000001 1 0 0 0 0 1 0 -1 0 0.030541509968091192
10 0 6.2831853071795862 0 1.2617150817689442
2 19.800000000000001 -3.7999999999999998 -1.5700000000000001 1 0 0 0 0 1 0 -1 0 0.029999999999999999
1 19.800000000000001 -3.8000000000000003 -1.5700000000000001 1 0 0 0 0 1 0 -1 0 
9 1 1 1 0 6 6 6 7 2 2 21.061715081768945 -3.7999999999999998 -1.5394584900319088  1.6690784610682365 21.072566522933649 -3.7999999999999998 -1.5394584900319088  1.6690784610682405 21.083005931167413 -3.8024935259926647 -1.5391075493366446  1.6690784610682217 21.092644613275667 -3.8071998950237602 -1.5384451714730096  1.6690784610682554 21.101015866458496 -3.8138731897011553 -1.5375059670369313  1.6690784610682214 21.10769783814893 -3.8221978894607584 -1.5363343426263207  1.6690784610682423 21.112269702179177 -3.8319431785778635 -1.5349627834172466  1.6690784610682365 
21.061715081768945 -3.850746034404966 -1.539458490031909  1.0367296232096121 21.06284918417246 -3.850746034404966 -1.539458490031909  1.0367296232096144 21.063713942843236 -3.8510066370086742 -1.539421812628424  1.0367296232096046 21.064804165352868 -3.8513911968767744 -1.5393676893877284  1.0367296232096215 21.065615691607292 -3.8522082660563752 -1.5392526944661546  1.0367296232096057 21.066218700176453 -3.8528750791997459 -1.5391588466904209  1.0367296232096144 21.066696513390987 -3.8538935757886215 -1.5390155027260606  1.0367296232096121 
21.061715081768945 -3.858032301293389 -1.6022074940734585  1.0383466998475064 21.063145049883691 -3.858032301293389 -1.6022074940734583  1.0383466998475077 21.064301329779809 -3.8583608901516504 -1.6021612482341476  1.0383466998475006 21.065651828908511 -3.8588770369874617 -1.6020886053461445  1.0383466998475128 21.066693527645267 -3.8598724118086185 -1.6019485155565001  1.0383466998475017 21.06748162359191 -3.8607723861215151 -1.6018218525050552  1.0383466998475084 21.068084089171272 -3.8620565890669951 -1.6016411128312469  1.0383466998475064 
21.061715081768945 -3.7999999999999998 -1.6539621818464281  0.85353433019614966 21.075652442168227 -3.7999999999999998 -1.6539621818464281  0.85353433019615044 21.089132456063368 -3.8032026317884662 -1.6535114410761995  0.85353433019614511 21.101485858379458 -3.8092814706234903 -1.6526559007957149  0.85353433019615621 21.112257841567676 -3.8178145171681197 -1.6514549535042486  0.85353433019614444 21.120870299544865 -3.8285711193431911 -1.6499410613462755  0.85353433019615144 21.126742304536545 -3.8410877615622998 -1.6481794598487713  0.85353433019614966 
21.061715081768945 -3.7419676987066106 -1.6022074940734585  1.0383466998475068 21.085370216337449 -3.7419676987066106 -1.6022074940734587  1.0383466998475082 21.108425308810084 -3.747403353935375 -1.6014424759301511  1.0383466998475017 21.129327553758468 -3.7578041955821355 -1.5999786537724598  1.0383466998475119 21.147659602606296 -3.7721937300264043 -1.5979534600358583  1.0383466998475039 21.162351296086882 -3.790608561947181 -1.5953617429507123  1.0383466998475079 21.172317535337772 -3.8118523877188162 -1.5923718711754451  1.0383466998475068 
21.061715081768945 -3.7492539655950337 -1.5394584900319088  1.0367296232096115 21.082283861694837 -3.7492539655950337 -1.5394584900319088  1.0367296232096133 21.102297919491587 -3.7539804149766551 -1.5387932860448661  1.0367296232096055 21.120485061198465 -3.7630085931707469 -1.5375226535582904  1.036729623209619 21.136416041309698 -3.7755381133459349 -1.5357592396077082  1.0367296232096059 21.149176976121403 -3.791520699721771 -1.5335098385622203  1.0367296232096135 21.157842890967363 -3.8099927813671051 -1.5309100641084326  1.0367296232096115 

0 6
6.2831853071795862 6

0 7
1 7

9 1 1 1 0 6 6 6 7 2 2 21.061715081768945 -3.7999999999999998 -1.54  1.6690784610682365 21.072581116838872 -3.7999999999999998 -1.54  1.6690784610682405 21.083034904681263 -3.8024968794902745 -1.5396485873309984  1.6690784610682217 21.092686425223196 -3.8072097391948847 -1.5389852959651644  1.6690784610682554 21.101069031919678 -3.8138918289963346 -1.5380448536968121  1.6690784610682214 21.107760133250835 -3.8222280296899123 -1.5368716106362348  1.6690784610682423 21.112338145897596 -3.8319864250685365 -1.5354982068422061  1.6690784610682365 
21.061715081768945 -3.8498462922671317 -1.54  1.0367296232096121 21.063036069356276 -3.8498462922671317 -1.54  1.0367296232096144 21.064084968992756 -3.8501498387578699 -1.5399572786420441  1.0367296232096046 21.065339596642801 -3.8506175162489815 -1.5398914573655174  1.0367296232096215 21.066296512596118 -3.8515472131557336 -1.5397606111341966  1.0367296232096057 21.067016432612771 -3.8523613038185047 -1.539646035411288  1.0367296232096144 21.067572983170734 -3.8535476352710032 -1.5394790702438992  1.0367296232096121 
21.061715081768945 -3.8570033714973682 -1.6016364457164443  1.0383466998475064 21.063326689281293 -3.8570033714973682 -1.6016364457164443  1.0383466998475077 21.064661941385921 -3.8573736988263398 -1.601584325573848  1.0383466998475006 21.06617223087391 -3.8579706302094663 -1.6015003130088152  1.0383466998475128 21.067355238283653 -3.8590754713462272 -1.6013448168488267  1.0383466998475017 21.068256964024066 -3.8601185891623073 -1.6011980076747117  1.0383466998475084 21.068935956823708 -3.8615659159194409 -1.6009943098348187  1.0383466998475064 
21.061715081768945 -3.7999999999999998 -1.6524735076302539  0.85353433019614966 21.075612321816429 -3.7999999999999998 -1.6524735076302541  0.85353433019615044 21.089052804486172 -3.8031934126314413 -1.652024064371014  0.85353433019614511 21.101370912447006 -3.8092544078460788 -1.6511710354148796  0.85353433019615621 21.112111683498721 -3.817763275566346 -1.6499734910690651  0.85353433019614444 21.120699043026121 -3.8284882603292205 -1.6484640487691045  0.85353433019615144 21.126554144752099 -3.8409688719030157 -1.6467075182513111  0.85353433019614966 
21.061715081768945 -3.7429966285026315 -1.6016364457164443  1.0383466998475068 21.085157796987147 -3.7429966285026315 -1.6016364457164443  1.0383466998475082 21.108003589270758 -3.7483834724110112 -1.6008782973145244  1.0383466998475017 21.128718966365856 -3.7586898400544384 -1.5994277714980425  1.0383466998475119 21.146885760886125 -3.7729513584187861 -1.5974205948393563  1.0383466998475039 21.161444569280736 -3.7911987902581545 -1.5948524377656674  1.0383466998475079 21.171321313286501 -3.812251849849396 -1.5918894145639373  1.0383466998475068 
21.061715081768945 -3.7501537077328679 -1.54  1.0367296232096115 21.082126164321473 -3.7501537077328679 -1.54  1.0367296232096133 21.101984840369774 -3.75484392022268 -1.5393398960199525  1.0367296232096055 21.120033253803594 -3.7638019621407874 -1.5380791345648119  1.036729623209619 21.135841551243239 -3.7762364448369352 -1.536329096259428  1.0367296232096059 21.148503833888896 -3.7920947555613198 -1.5340971858611814  1.0367296232096135 21.157103308624457 -3.8104252148660698 -1.5315173434405129  1.0367296232096115 

0 6
6.2831853071795862 6

0 7
1 7

10 0 6.2831853071795862 0 4.377383931123128
2 21.116129971853955 -3.8343823084255333 -1.5651610084438139 0.42131399515095008 -0.89806404229544812 0.12639419854528536 -0.12639419854527614 0.079862778566549927 0.98876005338693163 -0.89806404229544934 -0.43255394176401862 -0.0798627785665353 0.030541509968091199
10 0 6.2831853071795862 0 4.377383931123128
2 21.116129971853955 -3.8343823084255333 -1.5651610084438139 0.42131399515095008 -0.89806404229544812 0.12639419854528536 -0.12639419854527614 0.079862778566549927 0.98876005338693163 -0.89806404229544934 -0.43255394176401862 -0.0798627785665353 0.030000000000000006
9 1 1 1 0 6 7 6 8 2 2 22.956522814510237 -7.7631142864414366 -0.98168684971792874  1.6690784610682365 22.963909150448249 -7.7788588446250957 -0.97947094893652498  1.6690784610682412 22.964883794872289 -7.7951905306616212 -0.97717241534619903  1.6690784610682121 22.960638258799136 -7.8109574782124414 -0.97495336346867689  1.6690784610682827 22.951519412171262 -7.8251090356980013 -0.97296166278552287  1.6690784610681924 22.938867912000052 -7.8355646346495327 -0.97149013404419682  1.6690784610682607 22.923499859373468 -7.8415701094298766 -0.97064491907511119  1.6690784610682294 22.905968194100002 -7.8415701094298766 -0.9706449190751113  1.6690784610682365 
22.910949625722047 -7.7850646836521946 -0.98573956902674276  1.0367296232096121 22.912058481006479 -7.7874282962321679 -0.98540691244141321  1.0367296232096157 22.91119452055111 -7.7877265657536379 -0.98536493376802115  1.0367296232095955 22.912585970651651 -7.7883263731092498 -0.98528051643649128  1.0367296232096421 22.909644836722503 -7.7928907251122812 -0.98463812615458213  1.0367296232095828 22.908509264042234 -7.7918938210436428 -0.98477843117165031  1.0367296232096297 22.908600091680416 -7.7927953779863 -0.98465154537972088  1.0367296232096066 22.905968194100002 -7.7927953779863 -0.98465154537972088  1.0367296232096121 
22.912337201502332 -7.7932276969305692 -1.0483651791319291  1.0383466998475064 22.913637188466328 -7.7959987217748736 -1.0479751830427306  1.0383466998475093 22.91282920837283 -7.7967851638605881 -1.0478644986010375  1.0383466998474931 22.914049028054343 -7.7978467680961323 -1.0477150876345533  1.0383466998475308 22.910919800100032 -7.8027030236170454 -1.0470316146353142  1.0383466998474833 22.909433599726189 -7.8020548161447367 -1.0471228438351203  1.0383466998475197 22.909053747817556 -7.8031117730706834 -1.0469740869344315  1.0383466998475026 22.905968194100002 -7.8031117730706834 -1.0469740869344315  1.0383466998475064 
22.970995416867606 -7.7722588694258734 -1.0949035261494535  0.85353433019614966 22.980375281977508 -7.7922527924233007 -1.0920895666164823  0.85353433019615177 22.981933809118992 -7.8136761840837403 -1.0890744226050131  0.85353433019613978 22.975898144648976 -7.8342597353171328 -1.0861774783573501  0.85353433019616898 22.964817451993969 -7.8514558858267156 -1.0837572793967423  0.85353433019613001 22.948508857733366 -7.8655484372631381 -1.081773883268653  0.85353433019616165 22.928231554011756 -7.8731747548085744 -1.0807005496881843  0.85353433019614589 22.905968194100002 -7.8731747548085744 -1.0807005496881843  0.85353433019614966 
23.016570647668832 -7.7430234955823893 -1.0390959374761273  1.0383466998475068 23.032228274709478 -7.7763989637479849 -1.0343986493639326  1.038346699847509 23.035625489113357 -7.8138564903381083 -1.0291268493253221  1.0383466998474948 23.023952585891323 -7.8496078613658078 -1.0240951748843881  1.0383466998475293 23.006693903730771 -7.8763916469350255 -1.0203256050635332  1.038346699847486 22.978868865981227 -7.9019372145477327 -1.0167303029550792  1.0383466998475184 22.943131989323653 -7.9146676786237995 -1.0149386080110394  1.0383466998475033 22.905968194100002 -7.9146676786237995 -1.0149386080110396  1.0383466998475068 
23.002096003298423 -7.7411638892306787 -0.97763413040911484  1.0367296232096115 23.015759819890015 -7.7702893930180226 -0.97353498543163663  1.0367296232096126 23.018573069193469 -7.8026544955696036 -0.9689798969243778  1.0367296232096024 23.008690546946639 -7.8335885833156302 -0.96462621050086117  1.0367296232096312 22.993393987620014 -7.8573273462837223 -0.96128519941646529  1.0367296232095913 22.969226559957871 -7.8792354482554225 -0.95820183691674266  1.0367296232096237 22.938399627066516 -7.8903448408734542 -0.95663829277050194  1.0367296232096075 22.905968194100002 -7.8903448408734533 -0.95663829277050183  1.0367296232096115 

0 6
6.2831853071795862 6

0 8
1 8

9 1 1 1 0 6 7 6 8 2 2 22.956591258228656 -7.7631575329321105 -0.98222227314288812  1.6690784610682365 22.963987021949311 -7.7789221871787717 -0.98000354402669143  1.6690784610682412 22.964964427666956 -7.7952779528699025 -0.97770162144793948  1.6690784610682121 22.960710425732533 -7.8110676790653653 -0.97547936368709687  1.6690784610682827 22.951582301157675 -7.825233635016561 -0.97348563655322451  1.6690784610681924 22.938913505885576 -7.8357064338154752 -0.97201168709263697  1.6690784610682607 22.923522236466919 -7.8417195738728074 -0.97116539330678986  1.6690784610682294 22.905968194100002 -7.8417195738728074 -0.97116539330678997  1.6690784610682365 
22.911826095501794 -7.7847187431345768 -0.98620313654458136  1.0367296232096121 22.913055680149963 -7.7873396998846189 -0.98583426115013106  1.0367296232096157 22.912227079994288 -7.7879463262583357 -0.98574888410494133  1.0367296232095955 22.913510118808258 -7.7888378301219081 -0.98562341319080837  1.0367296232096421 22.910450174266266 -7.7935865645678071 -0.98495507278731265  1.0367296232095828 22.909093125698544 -7.7928099165985625 -0.98506437879779818  1.0367296232096297 22.908886646043968 -7.7938096327848889 -0.98492367800120417  1.0367296232096066 22.905968194100002 -7.7938096327848889 -0.98492367800120417  1.0367296232096121 
22.913189069154768 -7.7927370237830145 -1.0477183761355009  1.0383466998475064 22.914606396661519 -7.7957581692579332 -1.0472931778834753  1.0383466998475093 22.913832784319418 -7.7968443127525333 -1.0471403132434944  1.0383466998474931 22.914947235772246 -7.7981894257013353 -1.0469510010507008  1.0383466998475308 22.911702532167556 -7.8032248881297486 -1.0462423063385526  1.0383466998474833 22.910001072638543 -7.8027907542634756 -1.0463034066604733  1.0383466998475197 22.909332258724167 -7.8039431151456133 -1.0461412225363205  1.0383466998475026 22.905968194100002 -7.8039431151456133 -1.0461412225363205  1.0383466998475064 
22.970807257083159 -7.7721399797665889 -1.0934315845519933  0.85353433019614966 22.980161204116271 -7.7920786563371705 -1.0906254004420595  0.85353433019615177 22.981712140138786 -7.8134358502116825 -1.0876195731560174  0.85353433019613978 22.975699749311264 -7.8339567802876413 -1.0847314422564378  0.85353433019616898 22.964644562817249 -7.8511133477317223 -1.0823168142457895  0.85353433019613001 22.948383514811184 -7.8651586147766626 -1.0803400729579826  0.85353433019616165 22.928170036765497 -7.8727638595794245 -1.0792697051709275  0.85353433019614589 22.905968194100002 -7.8727638595794245 -1.0792697051709275  0.85353433019614966 
23.015574425617562 -7.7434229577129701 -1.0386134808646195  1.0383466998475068 23.031094828013199 -7.7765059207141984 -1.033957360145928  1.038346699847509 23.034451850831339 -7.8136129595830504 -1.0287348880088303  1.0383466998474948 23.022902171155405 -7.8490327795405044 -1.0237498763111148  1.0383466998475293 23.005778532729551 -7.8756069904504615 -1.0200098021830462  1.038346699847486 22.978205231169916 -7.9009022083212637 -1.0164497344827113  1.0383466998475184 22.942806282970221 -7.9135211016331839 -1.0146737420906633  1.0383466998475033 22.905968194100002 -7.913521101633183 -1.0146737420906633  1.0383466998475068 
23.001356420955517 -7.7415963227296434 -0.97824140974119511  1.0367296232096115 23.014918363748659 -7.7705046744729236 -0.97417282690325213  1.0367296232096126 23.017701775339621 -7.8026095794814685 -0.96965435879093786  1.0367296232096024 23.007910732656807 -7.8332975280088233 -0.96533531418338514  1.0367296232096312 22.992714428049087 -7.8568807054653176 -0.96201620031913682  1.0367296232095913 22.968733886072609 -7.8786029510323869 -0.95895899538747587  1.0367296232096237 22.938157826889874 -7.889629514960725 -0.95740710861237566  1.0367296232096075 22.905968194100002 -7.889629514960725 -0.95740710861237588  1.0367296232096115 

0 6
6.2831853071795862 6

0 8
1 8

10 0 6.2831853071795862 0 4.9059681941000015
2 22.905968194100002 -7.8499999999999996 -1 -1 0 0 0 0.27601420423974526 0.96115355644033296 0 0.96115355644033296 -0.27601420423974526 0.030541509968091192
10 0 6.2831853071795862 0 4.9059681941000015
2 22.905968194100002 -7.8499999999999996 -1 -1 0 0 0 0.27601420423974526 0.96115355644033296 0 0.96115355644033296 -0.27601420423974526 0.029999999999999999
1 18.000000000000007 -7.8500000000000014 -1 -1 2.2647864997120013e-14 -8.582576597914022e-16 -2.2004967292762419e-14 -0.96115355644033296 0.27601420423974526 5.4262150328585962e-15 0.27601420423974526 0.96115355644033296 
1 18.000000000000004 -7.8499999999999996 -1.0000000000000004 -1 2.2647864997122396e-14 -8.5825765979535873e-16 5.426215032855451e-15 0.27601420423974526 0.96115355644033296 2.2004967292765801e-14 0.96115355644033296 -0.27601420423974526 
1 19.799999999999997 3.7999999999999994 -1.5699999999999996 1 -3.3828240966163303e-27 3.1449692773229347e-27 3.3828240966163303e-27 1 0 -3.1449692773229347e-27 1.063887785444607e-53 1 
10 0 6.2831853071795862 0 1.2617150817689442
2 19.800000000000001 3.7999999999999998 -1.5700000000000001 1 0 0 0 0 1 0 -1 0 0.030541509968091192
10 0 6.2831853071795862 0 1.2617150817689442
2 19.800000000000001 3.7999999999999998 -1.5700000000000001 1 0 0 0 0 1 0 -1 0 0.029999999999999999
1 19.800000000000001 3.8000000000000003 -1.5700000000000001 1 0 0 0 0 1 0 -1 0 
9 1 1 1 0 6 6 6 7 2 2 21.061715081768945 3.7999999999999998 -1.5394584900319088  1.6690784610682365 21.072566522933649 3.7999999999999998 -1.5394584900319088  1.6690784610682405 21.083005931167413 3.8024935259926647 -1.5391075493366446  1.6690784610682217 21.092644613275667 3.8071998950237602 -1.5384451714730096  1.6690784610682554 21.101015866458496 3.8138731897011553 -1.5375059670369313  1.6690784610682214 21.10769783814893 3.8221978894607584 -1.5363343426263207  1.6690784610682423 21.112269702179177 3.8319431785778635 -1.5349627834172466  1.6690784610682365 
21.061715081768945 3.7492539655950337 -1.539458490031909  1.0367296232096121 21.082283861694837 3.7492539655950337 -1.5394584900319093  1.0367296232096144 21.102297919491587 3.7539804149766551 -1.5387932860448661  1.0367296232096046 21.120485061198465 3.7630085931707464 -1.53752265355829  1.0367296232096215 21.136416041309698 3.7755381133459354 -1.5357592396077082  1.0367296232096057 21.149176976121403 3.7915206997217705 -1.5335098385622206  1.0367296232096144 21.157842890967363 3.8099927813671051 -1.5309100641084328  1.0367296232096121 
21.061715081768945 3.7419676987066106 -1.6022074940734585  1.0383466998475064 21.085370216337449 3.7419676987066106 -1.6022074940734587  1.0383466998475077 21.108425308810084 3.7474033539353746 -1.6014424759301511  1.0383466998475006 21.129327553758468 3.7578041955821355 -1.5999786537724596  1.0383466998475128 21.1476596026063 3.7721937300264043 -1.5979534600358585  1.0383466998475017 21.162351296086882 3.7906085619471814 -1.5953617429507121  1.0383466998475084 21.172317535337772 3.8118523877188162 -1.5923718711754451  1.0383466998475064 
21.061715081768945 3.7999999999999998 -1.6539621818464281  0.85353433019614966 21.075652442168227 3.7999999999999998 -1.6539621818464283  0.85353433019615044 21.089132456063368 3.8032026317884662 -1.6535114410761991  0.85353433019614511 21.101485858379462 3.8092814706234894 -1.6526559007957153  0.85353433019615621 21.112257841567676 3.8178145171681197 -1.6514549535042484  0.85353433019614444 21.120870299544865 3.8285711193431911 -1.6499410613462755  0.85353433019615144 21.126742304536545 3.8410877615622998 -1.6481794598487713  0.85353433019614966 
21.061715081768945 3.858032301293389 -1.6022074940734585  1.0383466998475068 21.063145049883691 3.858032301293389 -1.6022074940734585  1.0383466998475082 21.064301329779809 3.8583608901516504 -1.6021612482341474  1.0383466998475017 21.065651828908511 3.8588770369874625 -1.6020886053461447  1.0383466998475119 21.066693527645267 3.8598724118086185 -1.6019485155564999  1.0383466998475039 21.06748162359191 3.8607723861215155 -1.6018218525050552  1.0383466998475079 21.068084089171272 3.8620565890669951 -1.6016411128312469  1.0383466998475068 
21.061715081768945 3.850746034404966 -1.5394584900319088  1.0367296232096115 21.06284918417246 3.850746034404966 -1.5394584900319088  1.0367296232096133 21.063713942843236 3.8510066370086737 -1.5394218126284238  1.0367296232096055 21.064804165352868 3.8513911968767744 -1.5393676893877284  1.036729623209619 21.065615691607292 3.8522082660563748 -1.5392526944661546  1.0367296232096059 21.066218700176453 3.8528750791997459 -1.5391588466904209  1.0367296232096135 21.066696513390987 3.8538935757886215 -1.5390155027260606  1.0367296232096115 

0 6
6.2831853071795862 6

0 7
1 7

9 1 1 1 0 6 6 6 7 2 2 21.061715081768945 3.7999999999999998 -1.54  1.6690784610682365 21.072581116838872 3.7999999999999998 -1.54  1.6690784610682405 21.083034904681263 3.8024968794902745 -1.5396485873309984  1.6690784610682217 21.092686425223196 3.8072097391948847 -1.5389852959651644  1.6690784610682554 21.101069031919678 3.8138918289963346 -1.5380448536968123  1.6690784610682214 21.107760133250835 3.8222280296899123 -1.5368716106362348  1.6690784610682423 21.112338145897596 3.8319864250685365 -1.5354982068422061  1.6690784610682365 
21.061715081768945 3.7501537077328679 -1.54  1.0367296232096121 21.082126164321473 3.7501537077328679 -1.54  1.0367296232096144 21.101984840369774 3.7548439202226795 -1.5393398960199525  1.0367296232096046 21.120033253803594 3.7638019621407879 -1.5380791345648122  1.0367296232096215 21.135841551243239 3.7762364448369352 -1.5363290962594278  1.0367296232096057 21.148503833888896 3.7920947555613198 -1.5340971858611814  1.0367296232096144 21.157103308624457 3.8104252148660698 -1.5315173434405129  1.0367296232096121 
21.061715081768945 3.7429966285026315 -1.6016364457164443  1.0383466998475064 21.085157796987147 3.7429966285026315 -1.6016364457164443  1.0383466998475077 21.108003589270758 3.7483834724110112 -1.6008782973145244  1.0383466998475006 21.128718966365856 3.7586898400544384 -1.5994277714980425  1.0383466998475128 21.146885760886125 3.7729513584187866 -1.5974205948393563  1.0383466998475017 21.161444569280736 3.791198790258155 -1.5948524377656674  1.0383466998475084 21.171321313286501 3.8122518498493965 -1.5918894145639373  1.0383466998475064 
21.061715081768945 3.7999999999999998 -1.6524735076302539  0.85353433019614966 21.075612321816429 3.7999999999999998 -1.6524735076302539  0.85353433019615044 21.089052804486172 3.8031934126314413 -1.6520240643710142  0.85353433019614511 21.101370912447006 3.8092544078460784 -1.6511710354148796  0.85353433019615621 21.112111683498721 3.817763275566346 -1.6499734910690651  0.85353433019614444 21.120699043026121 3.8284882603292205 -1.6484640487691045  0.85353433019615144 21.126554144752099 3.8409688719030157 -1.6467075182513111  0.85353433019614966 
21.061715081768945 3.8570033714973682 -1.6016364457164443  1.0383466998475068 21.063326689281293 3.8570033714973682 -1.6016364457164443  1.0383466998475082 21.064661941385921 3.8573736988263398 -1.601584325573848  1.0383466998475017 21.06617223087391 3.8579706302094672 -1.6015003130088155  1.0383466998475119 21.067355238283653 3.8590754713462267 -1.6013448168488267  1.0383466998475039 21.068256964024066 3.8601185891623078 -1.6011980076747117  1.0383466998475079 21.068935956823708 3.8615659159194409 -1.6009943098348187  1.0383466998475068 
21.061715081768945 3.8498462922671317 -1.54  1.0367296232096115 21.063036069356276 3.8498462922671317 -1.54  1.0367296232096133 21.064084968992756 3.8501498387578694 -1.5399572786420441  1.0367296232096055 21.065339596642801 3.850617516248982 -1.5398914573655174  1.036729623209619 21.066296512596118 3.8515472131557336 -1.5397606111341964  1.0367296232096059 21.067016432612771 3.8523613038185047 -1.539646035411288  1.0367296232096135 21.067572983170734 3.8535476352710032 -1.5394790702438992  1.0367296232096115 

0 6
6.2831853071795862 6

0 7
1 7

10 0 6.2831853071795862 0 4.377383931123128
2 21.116129971853955 3.8343823084255333 -1.5651610084438139 0.42131399515095008 0.89806404229544812 0.12639419854528536 -0.12639419854527614 -0.079862778566549927 0.98876005338693163 0.89806404229544934 -0.43255394176401862 0.0798627785665353 0.030541509968091199
10 0 6.2831853071795862 0 4.377383931123128
2 21.116129971853955 3.8343823084255333 -1.5651610084438139 0.42131399515095008 0.89806404229544812 0.12639419854528536 -0.12639419854527614 -0.079862778566549927 0.98876005338693163 0.89806404229544934 -0.43255394176401862 0.0798627785665353 0.030000000000000006
9 1 1 1 0 6 7 6 8 2 2 22.956522814510237 7.7631142864414366 -0.98168684971792874  1.6690784610682365 22.963909150448249 7.7788588446250957 -0.97947094893652498  1.6690784610682412 22.964883794872289 7.7951905306616212 -0.97717241534619903  1.6690784610682121 22.960638258799136 7.8109574782124414 -0.97495336346867689  1.6690784610682827 22.951519412171262 7.8251090356980013 -0.97296166278552287  1.6690784610681924 22.938867912000052 7.8355646346495327 -0.97149013404419682  1.6690784610682607 22.923499859373468 7.8415701094298766 -0.97064491907511119  1.6690784610682294 22.905968194100002 7.8415701094298766 -0.9706449190751113  1.6690784610682365 
23.002096003298423 7.7411638892306787 -0.97763413040911484  1.0367296232096121 23.015759819890015 7.7702893930180226 -0.97353498543163686  1.0367296232096157 23.018573069193469 7.8026544955696036 -0.96897989692437714  1.0367296232095955 23.008690546946639 7.8335885833156302 -0.96462621050086217  1.0367296232096421 22.993393987620014 7.8573273462837223 -0.96128519941646451  1.0367296232095828 22.969226559957871 7.8792354482554225 -0.95820183691674299  1.0367296232096297 22.938399627066516 7.8903448408734542 -0.95663829277050183  1.0367296232096066 22.905968194100002 7.8903448408734533 -0.95663829277050183  1.0367296232096121 
23.016570647668832 7.7430234955823893 -1.0390959374761273  1.0383466998475064 23.032228274709478 7.7763989637479849 -1.0343986493639323  1.0383466998475093 23.035625489113354 7.8138564903381083 -1.0291268493253223  1.0383466998474931 23.023952585891323 7.8496078613658078 -1.0240951748843876  1.0383466998475308 23.006693903730771 7.8763916469350255 -1.0203256050635336  1.0383466998474833 22.978868865981227 7.9019372145477327 -1.0167303029550789  1.0383466998475197 22.943131989323653 7.9146676786238004 -1.0149386080110396  1.0383466998475026 22.905968194100002 7.9146676786237995 -1.0149386080110396  1.0383466998475064 
22.970995416867606 7.7722588694258734 -1.0949035261494535  0.85353433019614966 22.980375281977508 7.7922527924233007 -1.0920895666164823  0.85353433019615177 22.981933809118992 7.8136761840837403 -1.0890744226050131  0.85353433019613978 22.97589814464898 7.834259735317131 -1.0861774783573501  0.85353433019616898 22.964817451993969 7.8514558858267183 -1.0837572793967423  0.85353433019613001 22.948508857733366 7.8655484372631381 -1.081773883268653  0.85353433019616165 22.928231554011756 7.8731747548085744 -1.0807005496881843  0.85353433019614589 22.905968194100002 7.8731747548085744 -1.0807005496881843  0.85353433019614966 
22.912337201502332 7.7932276969305692 -1.0483651791319291  1.0383466998475068 22.913637188466328 7.7959987217748736 -1.0479751830427309  1.038346699847509 22.91282920837283 7.7967851638605881 -1.0478644986010373  1.0383466998474948 22.914049028054343 7.7978467680961323 -1.0477150876345536  1.0383466998475293 22.910919800100032 7.8027030236170454 -1.047031614635314  1.038346699847486 22.909433599726189 7.8020548161447367 -1.0471228438351206  1.0383466998475184 22.909053747817556 7.8031117730706834 -1.0469740869344315  1.0383466998475033 22.905968194100002 7.8031117730706834 -1.0469740869344315  1.0383466998475068 
22.910949625722047 7.7850646836521946 -0.98573956902674276  1.0367296232096115 22.912058481006479 7.7874282962321679 -0.98540691244141321  1.0367296232096126 22.91119452055111 7.7877265657536379 -0.98536493376802115  1.0367296232096024 22.912585970651648 7.7883263731092498 -0.98528051643649128  1.0367296232096312 22.909644836722503 7.7928907251122812 -0.98463812615458202  1.0367296232095913 22.908509264042234 7.7918938210436428 -0.98477843117165043  1.0367296232096237 22.908600091680416 7.7927953779863 -0.98465154537972088  1.0367296232096075 22.905968194100002 7.7927953779863 -0.98465154537972088  1.0367296232096115 

0 6
6.2831853071795862 6

0 8
1 8

9 1 1 1 0 6 7 6 8 2 2 22.956591258228656 7.7631575329321105 -0.98222227314288812  1.6690784610682365 22.963987021949311 7.7789221871787717 -0.98000354402669143  1.6690784610682412 22.964964427666956 7.7952779528699025 -0.97770162144793948  1.6690784610682121 22.960710425732533 7.8110676790653661 -0.97547936368709687  1.6690784610682827 22.951582301157675 7.825233635016561 -0.97348563655322451  1.6690784610681924 22.938913505885576 7.8357064338154752 -0.97201168709263697  1.6690784610682607 22.923522236466919 7.8417195738728074 -0.97116539330678986  1.6690784610682294 22.905968194100002 7.8417195738728074 -0.97116539330678997  1.6690784610682365 
23.001356420955517 7.7415963227296434 -0.97824140974119511  1.0367296232096121 23.014918363748659 7.7705046744729236 -0.97417282690325213  1.0367296232096157 23.017701775339624 7.8026095794814685 -0.96965435879093775  1.0367296232095955 23.007910732656807 7.8332975280088224 -0.9653353141833857  1.0367296232096421 22.992714428049087 7.8568807054653185 -0.96201620031913626  1.0367296232095828 22.968733886072609 7.8786029510323861 -0.95895899538747609  1.0367296232096297 22.938157826889874 7.8896295149607258 -0.95740710861237577  1.0367296232096066 22.905968194100002 7.889629514960725 -0.95740710861237599  1.0367296232096121 
23.015574425617562 7.7434229577129701 -1.0386134808646195  1.0383466998475064 23.031094828013199 7.7765059207141984 -1.033957360145928  1.0383466998475093 23.034451850831339 7.8136129595830504 -1.0287348880088305  1.0383466998474931 23.022902171155405 7.8490327795405035 -1.0237498763111148  1.0383466998475308 23.005778532729551 7.8756069904504624 -1.0200098021830462  1.0383466998474833 22.978205231169916 7.9009022083212628 -1.0164497344827113  1.0383466998475197 22.942806282970221 7.9135211016331839 -1.0146737420906633  1.0383466998475026 22.905968194100002 7.913521101633183 -1.0146737420906633  1.0383466998475064 
22.970807257083159 7.7721399797665889 -1.0934315845519933  0.85353433019614966 22.980161204116271 7.7920786563371705 -1.0906254004420599  0.85353433019615177 22.981712140138786 7.8134358502116825 -1.0876195731560161  0.85353433019613978 22.975699749311264 7.8339567802876413 -1.0847314422564398  0.85353433019616898 22.964644562817249 7.8511133477317232 -1.0823168142457873  0.85353433019613001 22.948383514811184 7.8651586147766626 -1.0803400729579837  0.85353433019616165 22.928170036765497 7.8727638595794245 -1.0792697051709272  0.85353433019614589 22.905968194100002 7.8727638595794245 -1.0792697051709275  0.85353433019614966 
22.913189069154768 7.7927370237830145 -1.0477183761355009  1.0383466998475068 22.914606396661519 7.7957581692579332 -1.0472931778834755  1.038346699847509 22.913832784319418 7.7968443127525333 -1.0471403132434942  1.0383466998474948 22.914947235772246 7.7981894257013353 -1.046951001050701  1.0383466998475293 22.911702532167556 7.8032248881297486 -1.0462423063385524  1.038346699847486 22.910001072638543 7.8027907542634756 -1.0463034066604737  1.0383466998475184 22.909332258724167 7.8039431151456133 -1.0461412225363202  1.0383466998475033 22.905968194100002 7.8039431151456133 -1.0461412225363205  1.0383466998475068 
22.911826095501794 7.7847187431345768 -0.98620313654458125  1.0367296232096115 22.913055680149963 7.7873396998846189 -0.98583426115013095  1.0367296232096126 22.912227079994288 7.7879463262583357 -0.98574888410494121  1.0367296232096024 22.913510118808258 7.7888378301219099 -0.98562341319080882  1.0367296232096312 22.910450174266266 7.7935865645678035 -0.98495507278731231  1.0367296232095913 22.90909312569854 7.7928099165985634 -0.98506437879779818  1.0367296232096237 22.908886646043968 7.7938096327848898 -0.98492367800120417  1.0367296232096075 22.905968194100002 7.7938096327848898 -0.98492367800120417  1.0367296232096115 

0 6
6.2831853071795862 6

0 8
1 8

10 0 6.2831853071795862 0 4.9059681941000015
2 22.905968194100002 7.8499999999999996 -1 -1 0 0 0 -0.27601420423974526 0.96115355644033296 0 0.96115355644033296 0.27601420423974526 0.030541509968091192
10 0 6.2831853071795862 0 4.9059681941000015
2 22.905968194100002 7.8499999999999996 -1 -1 0 0 0 -0.27601420423974526 0.96115355644033296 0 0.96115355644033296 0.27601420423974526 0.029999999999999999
1 18.000000000000007 7.8500000000000014 -1 -1 -2.2647864997120013e-14 -8.582576597914022e-16 2.2004967292762419e-14 -0.96115355644033296 -0.27601420423974526 5.4262150328585962e-15 -0.27601420423974526 0.96115355644033296 
1 18.000000000000004 7.8499999999999996 -1.0000000000000004 -1 -2.2647864997122396e-14 -8.5825765979535873e-16 5.426215032855451e-15 -0.27601420423974526 0.96115355644033296 -2.2004967292765801e-14 0.96115355644033296 0.27601420423974526 
1 27.140000000000008 15.380000000000001 0.040000000000000001 0.44721359549995798 0.89442719099991597 -1.737075323922108e-17 0.89442719099991597 -0.44721359549995798 0 -7.7684370126545999e-18 -1.55368740253092e-17 -1 
10 0 6.2831853071795862 0 0.089442719099991269
2 27.140000000000001 15.380000000000001 0.040000000000000001 0.44721359549995016 0.89442719099991985 0 0.89442719099991985 -0.44721359549995016 0 0 0 -1 0.030503008985286354
10 0 6.2831853071795862 0 0.089442719099991269
2 27.140000000000001 15.380000000000001 0.040000000000000001 0.44721359549995016 0.89442719099991985 0 0.89442719099991985 -0.44721359549995016 0 0 0 -1 0.029999999999999999
1 27.139999999999993 15.379999999999999 0.039999999999999994 0.44721359549995798 0.89442719099991597 -8.1673695789755033e-30 0.89442719099991597 -0.44721359549995798 0 -3.6525587151906118e-30 -7.3051174303812237e-30 -1 
1 27.180000000000007 15.460000000000001 0.040000000000000001 0.44721359549995798 0.89442719099991597 -1.737075323922108e-17 0.89442719099991597 -0.44721359549995798 0 -7.7684370126545999e-18 -1.55368740253092e-17 -1 
1 27.179999999999993 15.459999999999999 0.039999999999999994 0.44721359549995798 0.89442719099991597 -8.1673695789755033e-30 0.89442719099991597 -0.44721359549995798 0 -3.6525587151906118e-30 -7.3051174303812237e-30 -1 
1 26.5 15.699999999999999 -0.085000000000000006 0 0 1 1 0 0 0 1 0 
10 0 6.2831853071795862 0 0.024999999999999988
2 26.5 15.699999999999999 -0.085000000000000006 0 0 1 1 0 -0 -0 1 0 0.030764248062958459
10 0 6.2831853071795862 0 0.024999999999999988
2 26.5 15.699999999999999 -0.085000000000000006 0 0 1 1 0 -0 -0 1 0 0.029999999999999999
1 26.500000000000004 15.699999999999999 -0.085000000000000006 0 0 1 1 0 0 0 1 0 
9 1 1 1 0 6 7 6 8 2 2 26.530764248062958 15.699999999999999 -0.060000000000000005  1.6690784610682365 26.530764248062958 15.699999999999999 -0.042703920241499667  1.6690784610682412 26.534944575056361 15.697909836503296 -0.026892047542470071  1.6690784610682121 26.542393792487967 15.694185227787496 -0.01262263158365682  1.6690784610682827 26.553219962162981 15.688772142949984 -0.0005186059190075581  1.6690784610681924 26.565982915796233 15.682390666133358 0.0078098723591077772  1.6690784610682607 26.580125484678877 15.675319381692038 0.01248362002182234  1.6690784610682294 26.595595568712582 15.667584339675184 0.012483620021822088  1.6690784610682365 
26.530764248062958 15.751116123344158 -0.060000000000000019  1.0367296232096121 26.530764248062958 15.751116123344158 -0.03740919169531217  1.0367296232096157 26.536224269471134 15.74838611264007 -0.016310601526612182  1.0367296232095955 26.546261558486574 15.743367468132361 0.0024714109369660319  1.0367296232096421 26.56016588944809 15.736415302651585 0.018016925542784334  1.0367296232095828 26.576965032097217 15.728015731327028 0.02923895581693833  1.0367296232096297 26.595836184835868 15.718580154957703 0.035343445330579107  1.0367296232096066 26.616042018050248 15.708477238350513 0.03534344533057826  1.0367296232096121 
26.467557617871634 15.758455528705666 -0.060000000000000019  1.0383466998475064 26.467557617871634 15.758455528705666 -0.023554775297648371  1.0383466998475093 26.476366143198252 15.754051266042358 0.011377269138383619  1.0383466998474931 26.493175492589689 15.745646591346647 0.041967137371390961  1.0383466998475308 26.515134273903186 15.734667200689888 0.066517801231414792  1.0383466998474833 26.5424946838199 15.72098699573154 0.085311225179809352  1.0383466998475197 26.573738854200705 15.705364910541137 0.095159455885730354  1.0383466998475026 26.60633645415659 15.689066110563195 0.095159455885729688  1.0383466998475064 
26.415425485088019 15.699999999999999 -0.060000000000000032  0.85353433019614966 26.415425485088019 15.699999999999999 -0.01880979835382364  0.85353433019615177 26.425380834173446 15.695022325457288 0.020860043739497305  0.85353433019613978 26.444509535706768 15.685457974690634 0.055493965635522342  0.85353433019616898 26.469226872856765 15.673099306115629 0.083128788680637528  0.85353433019613001 26.500204394331551 15.657610545378242 0.10451532715552747  0.85353433019616165 26.535686179762489 15.639869652662773 0.11564574580290726  0.85353433019614589 26.572527816117599 15.621448834485218 0.11564574580290735  0.85353433019614966 
26.467557617871634 15.641544471294333 -0.060000000000000019  1.0383466998475068 26.467557617871634 15.641544471294333 -0.035664698205397326  1.038346699847509 26.473439269691294 15.638603645384503 -0.012824254015587226  1.0383466998474948 26.484329269849521 15.633158645305386 0.0074445570924368439  1.0383466998475293 26.499247785443629 15.625699387508336 0.02412396458834791  1.038346699847486 26.517376761227887 15.616634899616207 0.036299354902738147  1.0383466998475184 26.53780587556577 15.606420342447265 0.042875241547114792  1.0383466998475033 26.559572031192051 15.595537264634125 0.042875241547115445  1.0383466998475068 
26.530764248062958 15.648883876655841 -0.060000000000000019  1.0367296232096115 26.530764248062958 15.648883876655841 -0.047998648787687094  1.0367296232096126 26.533664880641592 15.647433560366524 -0.037473493558327957  1.0367296232096024 26.538526026489365 15.645002987442632 -0.027716674104279474  1.0367296232096312 26.546274034877865 15.641128983248384 -0.019054137380799516  1.0367296232095913 26.55500079949525 15.63676560093969 -0.013619211098722619  1.0367296232096237 26.564414784521883 15.632058608426371 -0.010376205286934307  1.0367296232096075 26.575149119374917 15.626691440999855 -0.010376205286933952  1.0367296232096115 

0 6
6.2831853071795862 6

0 8
1 8

9 1 1 1 0 6 7 6 8 2 2 26.530000000000001 15.699999999999999 -0.060000000000000039  1.6690784610682365 26.530000000000001 15.699999999999999 -0.042545595009827894  1.6690784610682412 26.5342185929617 15.697890703519148 -0.026575636629753756  1.6690784610682121 26.541745200013853 15.694127399993071 -0.012171283085222024  1.6690784610682827 26.552663414180767 15.688668292909613 3.5651449854654221e-05  1.6690784610681924 26.565547059659782 15.682226470170107 0.0084506539541187239  1.6690784610682607 26.579831024674057 15.675084487662968 0.013167184270001471  1.6690784610682294 26.595442719099992 15.66727864045 0.013167184270001195  1.6690784610682365 
26.530000000000001 15.749846292267131 -0.060000000000000026  1.0367296232096121 26.530000000000001 15.749846292267131 -0.037382398559826668  1.0367296232096157 26.535466497099147 15.747113043717558 -0.016257055794425112  1.0367296232095955 26.545516882641053 15.742087850946605 0.0025477919492787374  1.0367296232096421 26.5594367901504 15.735127897191928 0.018110721664988297  1.0367296232095828 26.576256357294987 15.726718113619638 0.029347394300877277  1.0367296232096297 26.595151438283558 15.717270573125353 0.035459123857123437  1.0367296232096066 26.615381236006847 15.707155674263708 0.035459123857122535  1.0367296232096121 
26.468363554283556 15.757003371497367 -0.060000000000000026  1.0383466998475064 26.468363554283556 15.757003371497367 -0.023872154750866188  1.0383466998475093 26.477095371482438 15.75263746289793 0.010742990436186622  1.0383466998474931 26.493749585301394 15.744310355988453 0.04106236219354141  1.0383466998475308 26.515523853823066 15.733423221727618 0.065406734480943862  1.0383466998474833 26.542642324336882 15.71986398647071 0.084026711586435626  1.0383466998475197 26.57360305141259 15.704383622932856 0.093789179998335373  1.0383466998475026 26.605916778555653 15.688226759361324 0.093789179998334637  1.0383466998475064 
26.417526492369745 15.699999999999999 -0.060000000000000039  0.85353433019614966 26.417526492369745 15.699999999999999 -0.019245052927235506  0.85353433019615177 26.427376643834229 15.695074924267759 0.019990193145358177  0.85353433019613978 26.446292592252188 15.68561695005879 0.054253155841201842  0.85353433019616898 26.470756888332019 15.673384802018862 0.081605070369306532  0.85353433019613001 26.5014026138114 15.658061939279181 0.10275374363001076  0.85353433019616165 26.536495684744299 15.640515403812731 0.11376654776164205  0.85353433019614589 26.572948017573943 15.62228923739791 0.11376654776164177  0.85353433019614966 
26.468363554283556 15.642996628502631 -0.060000000000000026  1.0383466998475068 26.468363554283556 15.642996628502631 -0.035681241925335047  1.038346699847509 26.474241207615698 15.64005780183656 -0.012857316424338728  1.0383466998474948 26.485123121177782 15.634616845055513 0.0073973947856233726  1.0383466998475293 26.500032018858928 15.627162396214949 0.024066049127956225  1.038346699847486 26.518148383310979 15.61810421398892 0.036232398353000878  1.0383466998475184 26.538562722884429 15.607897044202197 0.042803814552428474  1.0383466998475033 26.560314081357756 15.597021364965531 0.042803814552429154  1.0383466998475068 
26.530000000000001 15.650153707732867 -0.060000000000000012  1.0367296232096115 26.530000000000001 15.650153707732867 -0.047708791459829189  1.0367296232096126 26.532970688824257 15.648668363320738 -0.03689421746508198  1.0367296232096024 26.53797351738665 15.646166949039543 -0.026890358119723262  1.0367296232096312 26.545890038211137 15.642208688627292 -0.018039418765278366  1.0367296232095913 26.554837762024576 15.637734826720576 -0.012446086392640068  1.0367296232096237 26.564510611064559 15.632898402200585 -0.0091247553171202832  1.0367296232096075 26.575504202193137 15.627401606636294 -0.0091247553171200403  1.0367296232096115 

0 6
6.2831853071795862 6

0 8
1 8

10 0 6.2831853071795862 0 0.73221730003397389
2 26.589442719099992 15.655278640450003 0.040000000000000001 0.89442719099991663 -0.44721359549995654 0 0.19999999999995946 0.39999999999992053 -0.89442719099996049 0.40000000000001867 0.80000000000004057 0.44721359549986872 0.030764248062958455
10 0 6.2831853071795862 0 0.73221730003397389
2 26.589442719099992 15.655278640450003 0.040000000000000001 0.89442719099991663 -0.44721359549995654 0 0.19999999999995946 0.39999999999992053 -0.89442719099996049 0.40000000000001867 0.80000000000004057 0.44721359549986872 0.029999999999999995
9 1 1 1 0 6 7 6 8 2 2 27.250510631583513 15.34012680823972 0.01248362002182209  1.6690784610682365 27.265869844645543 15.332447201708705 0.01248362002182208  1.6690784610682412 27.278249144326828 15.320972566391264 0.012017483042938818  1.6690784610682121 27.287009246474067 15.306709169485435 0.011145769584555328  1.6690784610682827 27.291967552831707 15.291019275767839 0.0099805791198722404  1.6690784610681924 27.292982918225107 15.274349520163787 0.0085550804367444284  1.6690784610682607 27.289421267939314 15.257921889692282 0.0069490903110400841  1.6690784610682294 27.281228434231181 15.242924452432119 0.0052650078265908951  1.6690784610682365 
27.270957080921178 15.381019706915049 0.03534344533057826  1.0367296232096121 27.296440660251697 15.36827791724979 0.03534344533057817  1.0367296232096157 27.317555713454976 15.348951689666228 0.034570043813698069  1.0367296232095955 27.332049245507044 15.324737710790101 0.033073531595691819  1.0367296232096421 27.340108599415302 15.299234969101242 0.031179602167361764  1.0367296232095828 27.342142626077361 15.271149710913271 0.028792176518476709  1.0367296232096297 27.33592616752459 15.243331339162609 0.02606444293563797  1.0367296232096066 27.322332845594637 15.218448008185277 0.02327026009448091  1.0367296232096121 
27.261251517027521 15.361608579127731 0.095159455885729674  1.0383466998475064 27.283399877538756 15.350534398872112 0.095159455885729521  1.0383466998475093 27.301637155602879 15.333794681653037 0.094487274972929886  1.0383466998474931 27.314241952813603 15.312858672713009 0.093196587053066549  1.0383466998475308 27.321279744297541 15.290588527944948 0.091542722419060502  1.0383466998474833 27.322978198525355 15.266263821088264 0.089472179509685806  1.0383466998475197 27.317636300044672 15.24219784367739 0.087113976205526189  1.0383466998475026 27.305822033659833 15.220571172711812 0.084685488115309474  1.0383466998475064 
27.22744287898853 15.293991303049754 0.11564574580290737  0.85353433019614966 27.234063349997726 15.290681067545156 0.11564574580290748  0.85353433019615177 27.238902474359261 15.285983452902206 0.11544482103270252  0.85353433019613978 27.242713825771119 15.28030879792926 0.11511239616290705  0.85353433019616898 27.24499549500208 15.27308876246752 0.114576209199112  0.85353433019613001 27.245131613454983 15.26627217987587 0.11398098782959598  0.85353433019616165 27.243861433472578 15.259676349952606 0.11334321896943984  0.85353433019614589 27.240329975328933 15.253211819628548 0.11261730812880225  0.85353433019614966 
27.214487094062981 15.268079733198661 0.042875241547115445  1.0383466998475068 27.213479348660254 15.268583605900025 0.042875241547115542  1.038346699847509 27.211736508618305 15.269801783257865 0.042905825626886759  1.0383466998474948 27.211228000106416 15.27162440670028 0.043044156163000169  1.0383466998475293 27.211173181186648 15.271797873800296 0.04305703848167667  1.038346699847486 27.21054178803422 15.273582315890261 0.043186582186107783  1.0383466998475184 27.211271876656841 15.275568854212615 0.043393992334965083  1.0383466998475033 27.211809423109994 15.2765528628588 0.043504487994779552  1.0383466998475068 
27.230064182245847 15.299233909564393 -0.010376205286933948  1.0367296232096115 27.235299029039389 15.296616486167622 -0.010376205286933907  1.0367296232096126 27.238942575198685 15.292993443116304 -0.010535077727820225  1.0367296232096024 27.241969247441087 15.288680628180765 -0.010781992426581198  1.0367296232096312 27.243826506248109 15.282803582434438 -0.011218443927617033  1.0367296232095913 27.243823210372849 15.277549329414303 -0.011682015644987803  1.0367296232096237 27.242916368354035 15.272512440221956 -0.012166262313557615  1.0367296232096075 27.240124022867725 15.267400896678961 -0.012740244441298995  1.0367296232096115 

0 6
6.2831853071795862 6

0 8
1 8

9 1 1 1 0 6 7 6 8 2 2 27.250357781970923 15.339821109014537 0.013167184270001187  1.6690784610682365 27.265659091111374 15.332170454444311 0.013167184270001121  1.6690784610682412 27.277988428713702 15.320740724454357 0.012702804618069836  1.6690784610682121 27.286715739862778 15.306534237551864 0.0118346645486192  1.6690784610682827 27.291656310511407 15.290900466100524 0.010673641934317343  1.6690784610681924 27.292665849912275 15.274295998767252 0.0092536447652702032  1.6690784610682607 27.289119383175322 15.257933514950095 0.007654070186322956  1.6690784610682294 27.280957436284023 15.242992617724081 0.0059763366586672931  1.6690784610682365 
27.270296298877778 15.379698142828245 0.035459123857122535  1.0367296232096121 27.295470463920086 15.36711106030709 0.035459123857122458  1.0367296232096157 27.316318540713553 15.348024787972864 0.034695112758940667  1.0367296232095955 27.330636851414862 15.324114912302402 0.033217695233713929  1.0367296232096421 27.338601433127522 15.298912064482447 0.031346037050985508  1.0367296232095828 27.340604328127295 15.271175679449874 0.028988009187554661  1.0367296232096297 27.334469004095787 15.243705424115745 0.026294557597695882  1.0367296232096066 27.321040728369695 15.21912421938382 0.023534300920666416  1.0367296232096121 
27.260831841426583 15.360769227925861 0.093789179998334637  1.0383466998475064 27.282753641438752 15.349808327919774 0.093789179998334526  1.0383466998475093 27.30079543302746 15.333244311639909 0.093123874973390572  1.0383466998474931 27.313271928998788 15.312530974298024 0.091847168641613505  1.0383466998475308 27.320240326027559 15.290480418951628 0.090209611543201187  1.0383466998474833 27.321915984912028 15.266411165314823 0.08816059439135554  1.0383466998475197 27.316633495057026 15.242600087021632 0.085827493177611347  1.0383466998475026 27.304940079427119 15.221194640076884 0.083423846631463683  1.0383466998475064 
27.227863080444873 15.294831705962446 0.11376654776164177  0.85353433019614966 27.234642736104682 15.291441878132542 0.11376654776164177  0.85353433019615177 27.239619212062884 15.286620813493959 0.11356079189417867  0.85353433019613978 27.243520709762628 15.280789706267862 0.11321854336039974  0.85353433019616898 27.245851136531364 15.273415384134321 0.11267089848860132  0.85353433019613001 27.246003271318902 15.266419316452717 0.1120605528136312  0.85353433019616165 27.244691349985462 15.25964439075964 0.11140514686532993  0.85353433019614589 27.241074980371025 15.253024425270988 0.11066178200013985  0.85353433019614966 
27.215229144228687 15.269563833530068 0.042803814552429154  1.0383466998475068 27.214570084276485 15.269893363506171 0.042803814552429258  1.038346699847509 27.21312810554987 15.270841130261109 0.042823816372430261  1.0383466998474948 27.212817057652934 15.272321053423306 0.042940628698790319  1.0383466998475293 27.212869039508014 15.272156563832985 0.042928413083718024  1.038346699847486 27.212272729278702 15.273547853447443 0.043024827807180754  1.0383466998475184 27.212911385707738 15.275142092079189 0.043193604859175373  1.0383466998475033 27.213262938132349 15.275785628323133 0.043265868413123576  1.0383466998475068 
27.230419265064068 15.29994407520083 -0.0091247553171200438  1.0367296232096115 27.235847718302658 15.297229848581535 -0.0091247553171199883  1.0367296232096126 27.239658316713854 15.293456660935851 -0.0092895035228011472  1.0367296232096024 27.242794628310691 15.288953562801312 -0.0095483661364750075  1.0367296232096312 27.244711187895298 15.28288886771861 -0.0099987531823512374  1.0367296232095913 27.244727371697248 15.277416318084631 -0.010480719657013637  1.0367296232096237 27.243769762254853 15.272161605784445 -0.010986417225050081  1.0367296232096075 27.240874144198347 15.266861016064341 -0.011581627603331722  1.0367296232096115 

0 6
6.2831853071795862 6

0 8
1 8

10 0 6.2831853071795862 0 7.4802229503166604
2 27.27031960962956 15.245668396516333 0.03389903086829827 -0.47710082608391596 -0.8733595677480589 -0.098070725361693936 0.35459422181539879 -0.089192626408376968 -0.93075647365436431 0.80413788594069913 -0.47883999500595131 0.35224213203068677 0.030764248062958455
10 0 6.2831853071795862 0 7.4802229503166604
2 27.27031960962956 15.245668396516333 0.03389903086829827 -0.47710082608391596 -0.8733595677480589 -0.098070725361693936 0.35459422181539879 -0.089192626408376968 -0.93075647365436431 0.80413788594069913 -0.47883999500595131 0.35224213203068677 0.029999999999999995
9 1 1 1 0 6 5 6 6 2 2 23.712407885343229 8.710000169884454 -0.72832588277815447  1.6690784610682365 23.711984540994788 8.7092252145355236 -0.72841290356089139  1.6690784610682319 23.711581363300837 8.708440224089717 -0.72850555851400967  1.6690784610682436 23.711198613089451 8.70764574013584 -0.72860378066544162  1.6690784610682303 23.710836553488924 8.7068423088557108 -0.7287075024906603  1.6690784610682388 23.710495445471221 8.706030471773607 -0.72881665705632592  1.6690784610682365 
23.753512296706685 8.6855237256376121 -0.71032063051026451  1.0367296232096121 23.753507535513762 8.6855150100094587 -0.71032160919994169  1.036729623209609 23.753503002375229 8.6855061838043692 -0.71032265099851943  1.0367296232096168 23.753498696728922 8.6854972464692697 -0.71032375592240637  1.0367296232096084 23.753494625787582 8.6854882129758195 -0.71032492212065401  1.036729623209613 23.753490789475396 8.6854790825528241 -0.71032614974057395  1.0367296232096121 
23.737001484771881 8.6876468901641477 -0.64890540248943585  1.0383466998475064 23.736695492791686 8.6870867548448061 -0.64896830084093937  1.0383466998475042 23.736404077556521 8.6865193668289375 -0.64903527148139228  1.0383466998475097 23.7361274266121 8.6859451157125314 -0.64910626621935941  1.0383466998475037 23.735865731339203 8.6853643987493623 -0.64918123594230615  1.038346699847507 23.735619179523454 8.6847776054278292 -0.64926013252336701  1.0383466998475064 
23.671509426440981 8.7202875370808837 -0.62097358247594314  0.85353433019614966 23.67042672706344 8.7183055957202704 -0.6211961373479874  0.85353433019614733 23.669395601758662 8.7162979860915737 -0.62143310196429002  0.85353433019615388 23.66841672309841 8.7142661037691749 -0.62168430383208051  0.85353433019614622 23.667490757330896 8.7122113317007379 -0.62194957197736556  0.8535343301961511 23.666618376632314 8.7101350656380525 -0.6222287338009076  0.85353433019614966 
23.642988874222041 8.7436285803111353 -0.69008640260996579  1.0383466998475068 23.641725513096375 8.7413159275838623 -0.69034609350799669  1.0383466998475039 23.640522331603197 8.7389733231358662 -0.69062259863716646  1.0383466998475108 23.6393801151311 8.7366023965315946 -0.69091571659227791  1.0383466998475039 23.638299640382208 8.7342047599906145 -0.69122524805442243  1.0383466998475073 23.637281692201725 8.7317820433210684 -0.69155099147215282  1.0383466998475068 
23.671303473979773 8.7344766141312959 -0.74633113504604442  1.0367296232096115 23.670461546475817 8.7329354190615902 -0.74650419792184119  1.0367296232096086 23.669659724226445 8.7313742643750647 -0.7466884660294999  1.0367296232096157 23.668898529449983 8.7297942338024104 -0.74688380540847676  1.0367296232096084 23.668178481190267 8.7281964047356038 -0.74709008286066636  1.0367296232096119 23.667500101467049 8.7265818609943917 -0.74730716437207778  1.0367296232096115 

0 6
6.2831853071795862 6

0 6
1 6

9 1 1 1 0 6 5 6 6 2 2 23.712136887396071 8.7100683351764161 -0.7276145539460781  1.6690784610682365 23.711709174084493 8.7092853821977414 -0.72770247279346001  1.6690784610682319 23.711301835536613 8.7084922905349789 -0.7277960839591967  1.6690784610682436 23.710915135308763 8.7076896074355439 -0.72789531977202815  1.6690784610682303 23.710549339200366 8.7068778846257597 -0.72800011202195924  1.6690784610682388 23.710204710908066 8.7060576692901162 -0.72811039307549563  1.6690784610682365 
23.752220179481743 8.6861999368361555 -0.71005658968407892  1.0367296232096121 23.752200650847385 8.6861641885860443 -0.71006060390338377  1.036729623209609 23.752182053693023 8.6861279796260167 -0.71006487777634508  1.0367296232096168 23.752164396678236 8.6860913285295442 -0.71006940895604576  1.0367296232096084 23.752147696044347 8.6860542690091602 -0.71007419327460031  1.036729623209613 23.752131960925215 8.6860168194256318 -0.71007922851274263  1.0367296232096121 
23.736119530539167 8.6882703575292197 -0.65016704397328173  1.0383466998475064 23.735806254318337 8.6876968880027157 -0.65023143964091545  1.0383466998475042 23.735507901816749 8.6871159930718473 -0.65030000454586323  1.0383466998475097 23.735224665128865 8.6865280717670306 -0.65037268933094716  1.0383466998475037 23.734956740088947 8.6859335305862331 -0.65044944374077285  1.038346699847507 23.734704319025401 8.6853327684549484 -0.65053021848112758  1.0383466998475064 
23.672254431483072 8.7201001427233233 -0.6229291086046056  0.85353433019614966 23.671183742896023 8.7181401877819695 -0.62314919459193829  0.85353433019614733 23.670164056265186 8.7161548493458856 -0.62338353046795136  0.85353433019615388 23.669196036662029 8.7141455074332814 -0.62363194566203606  0.85353433019614622 23.66828034299153 8.7121135297493204 -0.6238942710846318  0.8535343301961511 23.667417639939409 8.7100602964852083 -0.6241703360613069  0.85353433019614966 
23.644442389244396 8.7428613457754683 -0.69032502219162184  1.0383466998475068 23.643195526923709 8.7405788950273084 -0.69058132166862995  1.0383466998475039 23.64200805833892 8.7382668837416766 -0.69085421578873174  1.0383466998475108 23.640880758575705 8.7359269201140428 -0.69114350578713646  1.0383466998475039 23.639814394249068 8.7335605954258799 -0.69144899493351508  1.0383466998475073 23.638809739914791 8.7311695181103062 -0.69177048432045996  1.0383466998475068 
23.672053595310395 8.7339367335166767 -0.74517251820807706  1.0367296232096115 23.671217697321598 8.7324065758094402 -0.74534434168353614  1.0367296232096086 23.670421617380196 8.730856601443941 -0.74552729014204799  1.0367296232096157 23.669665873939294 8.7292878863415417 -0.74572123058801054  1.0367296232096084 23.668950982356382 8.7277015002423592 -0.74592603076931796  1.0367296232096119 23.668277460890916 8.7260985191546006 -0.74614155763824852  1.0367296232096115 

0 6
6.2831853071795862 6

0 6
1 6

10 0 6.2831853071795862 0 6.487479679568164
2 23.698792137795476 8.7071252879532377 -0.7003865159054472 -0.3844220848281984 -0.91492456189111393 -0.12301506714502361 0.38041910375327737 -0.035587288770078593 -0.92412923900153077 0.84113076640668349 -0.40205297029912401 0.3617353215788543 0.030764248062958466
10 0 6.2831853071795862 0 6.487479679568164
2 23.698792137795476 8.7071252879532377 -0.7003865159054472 -0.3844220848281984 -0.91492456189111393 -0.12301506714502361 0.38041910375327737 -0.035587288770078593 -0.92412923900153077 0.84113076640668349 -0.40205297029912401 0.3617353215788543 0.030000000000000006
9 1 1 1 0 6 5 6 6 2 2 21.216564981771054 2.7704759681672027 -1.5268744054403802  1.6690784610682365 21.214728393058447 2.7661048870312022 -1.5274621138284141  1.6690784610682319 21.213335863738145 2.761556919141456 -1.5279077232109117  1.6690784610682436 21.212397372603149 2.7568820063400143 -1.5282080403741107  1.6690784610682303 21.21192309258354 2.7521308231183892 -1.5283598099803857  1.6690784610682388 21.21192309258354 2.7473532913763563 -1.5283598099803859  1.6690784610682365 
21.259560325775229 2.7499245789464193 -1.5083838981246283  1.0367296232096121 21.259355895894242 2.7494380358296446 -1.5084493156865484  1.036729623209609 21.259201779872452 2.7489339117391189 -1.5084986328135241  1.0367296232096168 21.259096930381112 2.7484116241957883 -1.5085321846507571  1.0367296232096084 21.259044138480952 2.7478850763310385 -1.5085490780588122  1.036729623209613 21.259044138480959 2.7473532913762631 -1.5085490780588131  1.0367296232096121 
21.241688715823287 2.7492231018214248 -1.4473178809074212  1.0383466998475064 21.241539996146241 2.7488691489900319 -1.4473654712040793  1.0383466998475042 21.241428150678086 2.7485030527423859 -1.4474012617538929  1.0383466998475097 21.241351755737298 2.7481225060612462 -1.4474257081349491  1.0383466998475037 21.241313350420501 2.7477401569673234 -1.4474379978363272  1.038346699847507 21.241313350420512 2.7473532913762915 -1.4474379978363279  1.0383466998475064 
21.172687912932147 2.7745805620316473 -1.4202864821849619  0.85353433019614966 21.170525343865904 2.7694336476539902 -1.4209785042861587  0.85353433019614733 21.16888547439881 2.7640780294264244 -1.4215032625156285  0.85353433019615388 21.167780485498682 2.7585737400815082 -1.421856858963668  0.85353433019614622 21.16722202442784 2.752978798212776 -1.4220355665063376  0.8535343301961511 21.16722202442784 2.7473532913764327 -1.4220355665063367  0.85353433019614966 
21.143351228501558 2.7962275397146636 -1.489608739856207  1.0383466998475068 21.139469490700606 2.7869890037484248 -1.4908508959525073  1.0383466998475039 21.136525188489458 2.7773739656084131 -1.4917930726600706  1.0383466998475108 21.134542116756972 2.7674956757848599 -1.4924276556144613  1.0383466998475039 21.133539698160078 2.7574508845017247 -1.4927484295654634  1.0383466998475073 21.133539698160067 2.7473532913765051 -1.4927484295654623  1.0383466998475068 
21.173569637766882 2.7910273573879856 -1.5453649127561322  1.0367296232096115 21.17010089022266 2.7827717382327593 -1.5464749119702801  1.0367296232096086 21.167469947603838 2.7741799265437925 -1.5473168136082993  1.0367296232096157 21.165697814825183 2.7653523884842404 -1.5478838960974644  1.0367296232096084 21.164802046686127 2.7563765699057403 -1.5481705419019589  1.0367296232096119 21.164802046686116 2.7473532913764496 -1.5481705419019585  1.0367296232096115 

0 6
6.2831853071795862 6

0 6
1 6

9 1 1 1 0 6 5 6 6 2 2 21.216274247207899 2.7705031656837114 -1.52616814145955  1.6690784610682365 21.214435498511541 2.7661269437863849 -1.5267565410423842  1.6690784610682319 21.213041330286647 2.7615736243115312 -1.5272026748743506  1.6690784610682436 21.212101735918086 2.7568932159646162 -1.5275033450722897  1.6690784610682303 21.211626898105038 2.7521364419000252 -1.5276552931724654  1.6690784610682388 21.211626898105038 2.7473532913763568 -1.5276552931724656  1.6690784610682365 
21.258201497225048 2.7504623158192274 -1.5081369768967969  1.0367296232096121 21.257954361132008 2.749874131917768 -1.5082160604465737  1.036729623209609 21.257767841437296 2.7492641987310611 -1.5082757467488843  1.0367296232096168 21.257641179315886 2.7486332557729436 -1.5083162786277395  1.0367296232096084 21.257577358978629 2.7479961683149252 -1.5083367011356656  1.036729623209613 21.257577358978637 2.7473532913762657 -1.5083367011356665  1.0367296232096121 
21.240773855325234 2.7497782648485432 -1.4485879668651818  1.0383466998475064 21.240581045478518 2.7493193774133364 -1.4486496660161343  1.0383466998475042 21.24043574624876 2.7488440431701147 -1.4486961617696612  1.0383466998475097 21.240336831807539 2.7483513199356522 -1.4487278143908551  1.0383466998475037 21.24028704066092 2.7478548490503507 -1.4487437475577767  1.038346699847507 21.240287040660931 2.7473532913762937 -1.4487437475577771  1.0383466998475064 
21.173487176239242 2.7745057928788031 -1.4222280844453612  0.85353433019614966 21.171330545220876 2.7693730110550949 -1.4229182063712371  0.85353433019614733 21.169695181294124 2.7640321049607017 -1.4234415228277981  0.85353433019615388 21.168593225312051 2.7585429235128376 -1.4237941487420589  0.85353433019614622 21.168036297680594 2.7529633515251053 -1.4239723655841259  0.8535343301961511 21.168036297680594 2.7473532913764314 -1.423972365584125  0.85353433019614966 
21.144879276214624 2.7956150145039014 -1.4898282327045143  1.0383466998475068 21.141046184197254 2.7864922555025857 -1.4910548221500686  1.0383466998475039 21.138138792355448 2.7769977423669321 -1.4919851875394416  1.0383466998475108 21.13618056694931 2.7672432197317729 -1.4926118196694012  1.0383466998475039 21.135190710622364 2.7573243418666826 -1.4929285736940201  1.0383466998475073 21.135190710622354 2.747353291376502 -1.492928573694019  1.0383466998475068 
21.174346997190749 2.7905440155481958 -1.5441993060223029  1.0367296232096115 21.170916635891079 2.7823797556550018 -1.5452970216381943  1.0367296232096086 21.168314819135997 2.7738830498920013 -1.5461296029998168  1.0367296232096157 21.16656229252029 2.7651531761562889 -1.5466904115168398  1.0367296232096084 21.165676437231447 2.7562767154851251 -1.5469738852092652  1.0367296232096119 21.16567643723144 2.7473532913764478 -1.5469738852092647  1.0367296232096115 

0 6
6.2831853071795862 6

0 6
1 6

10 0 6.2831853071795862 0 5.4947065827527535
2 21.199999999999999 2.7473532913763767 -1.5 0 -1 0 0.3875632701679918 0 -0.92184310574885375 0.92184310574885375 0 0.3875632701679918 0.030764248062958473
10 0 6.2831853071795862 0 5.4947065827527535
2 21.199999999999999 2.7473532913763767 -1.5 0 -1 0 0.3875632701679918 0 -0.92184310574885375 0.92184310574885375 0 0.3875632701679918 0.030000000000000013
9 1 1 1 0 6 5 6 6 2 2 21.21192309258354 -2.7473532913763972 -1.5283598099803859  1.6690784610682365 21.211923092583543 -2.75213082311843 -1.5283598099803846  1.6690784610682319 21.212397372603156 -2.7568820063400548 -1.5282080403741087  1.6690784610682436 21.213335863738155 -2.7615569191414955 -1.5279077232109086  1.6690784610682303 21.214728393058461 -2.7661048870312408 -1.5274621138284099  1.6690784610682388 21.216564981771072 -2.77047596816724 -1.5268744054403751  1.6690784610682365 
21.259044138480959 -2.7473532913764904 -1.5085490780588131  1.0367296232096121 21.25904413848097 -2.7478850763312659 -1.5085490780588064  1.036729623209609 21.259096930381148 -2.7484116241960139 -1.5085321846507456  1.0367296232096168 21.259201779872505 -2.7489339117393405 -1.508498632813507  1.0367296232096084 21.259355895894309 -2.7494380358298605 -1.5084493156865255  1.036729623209613 21.259560325775315 -2.7499245789466276 -1.5083838981246003  1.0367296232096121 
21.241313350420512 -2.747353291376462 -1.4474379978363279  1.0383466998475064 21.241313350420516 -2.747740156967494 -1.447437997836323  1.0383466998475042 21.241351755737323 -2.7481225060614154 -1.4474257081349404  1.0383466998475097 21.241428150678125 -2.748503052742552 -1.4474012617538803  1.0383466998475037 21.241539996146294 -2.7488691489901935 -1.4473654712040624  1.038346699847507 21.241688715823351 -2.7492231018215807 -1.4473178809074003  1.0383466998475064 
21.16722202442784 -2.7473532913763208 -1.4220355665063367  0.85353433019614966 21.167222024427829 -2.7529787982126641 -1.4220355665063402  0.85353433019614733 21.167780485498664 -2.7585737400813972 -1.4218568589636738  0.85353433019615388 21.168885474398785 -2.7640780294263152 -1.4215032625156367  0.85353433019614622 21.170525343865872 -2.7694336476538841 -1.42097850428617  0.8535343301961511 21.172687912932105 -2.7745805620315447 -1.4202864821849757  0.85353433019614966 
21.133539698160067 -2.7473532913762484 -1.4927484295654623  1.0383466998475068 21.133539698160057 -2.757450884501468 -1.4927484295654698  1.0383466998475039 21.134542116756933 -2.7674956757846054 -1.4924276556144742  1.0383466998475108 21.136525188489394 -2.7773739656081626 -1.4917930726600899  1.0383466998475039 21.139469490700524 -2.7869890037481815 -1.4908508959525328  1.0383466998475073 21.143351228501459 -2.7962275397144287 -1.4896087398562385  1.0383466998475068 
21.164802046686116 -2.7473532913763039 -1.5481705419019585  1.0367296232096115 21.164802046686113 -2.7563765699055947 -1.5481705419019627  1.0367296232096086 21.165697814825158 -2.765352388484096 -1.5478838960974717  1.0367296232096157 21.167469947603802 -2.77417992654365 -1.5473168136083102  1.0367296232096084 21.170100890222614 -2.7827717382326207 -1.5464749119702945  1.0367296232096119 21.173569637766825 -2.7910273573878519 -1.54536491275615  1.0367296232096115 

0 6
6.2831853071795862 6

0 6
1 6

9 1 1 1 0 6 5 6 6 2 2 21.211626898105038 -2.7473532913763967 -1.5276552931724656  1.6690784610682365 21.211626898105042 -2.7521364419000651 -1.5276552931724643  1.6690784610682319 21.212101735918093 -2.7568932159646558 -1.5275033450722877  1.6690784610682436 21.213041330286657 -2.7615736243115698 -1.5272026748743477  1.6690784610682303 21.214435498511556 -2.7661269437864227 -1.5267565410423802  1.6690784610682388 21.216274247207913 -2.7705031656837478 -1.5261681414595452  1.6690784610682365 
21.257577358978637 -2.7473532913764878 -1.5083367011356665  1.0367296232096121 21.257577358978647 -2.7479961683151473 -1.5083367011356599  1.036729623209609 21.257641179315922 -2.7486332557731634 -1.5083162786277282  1.0367296232096168 21.257767841437349 -2.7492641987312774 -1.5082757467488677  1.0367296232096084 21.257954361132075 -2.7498741319179785 -1.5082160604465515  1.036729623209613 21.258201497225134 -2.7504623158194303 -1.5081369768967696  1.0367296232096121 
21.240287040660931 -2.7473532913764598 -1.4487437475577771  1.0383466998475064 21.240287040660935 -2.7478548490505168 -1.4487437475577725  1.0383466998475042 21.240336831807564 -2.7483513199358169 -1.4487278143908464  1.0383466998475097 21.240435746248799 -2.7488440431702768 -1.448696161769649  1.0383466998475037 21.240581045478571 -2.7493193774134941 -1.4486496660161174  1.038346699847507 21.240773855325298 -2.7497782648486955 -1.4485879668651613  1.0383466998475064 
21.168036297680594 -2.7473532913763221 -1.423972365584125  0.85353433019614966 21.168036297680583 -2.752963351524996 -1.4239723655841283  0.85353433019614733 21.168593225312037 -2.7585429235127292 -1.4237941487420649  0.85353433019615388 21.169695181294095 -2.7640321049605951 -1.4234415228278057  0.85353433019614622 21.171330545220844 -2.7693730110549915 -1.422918206371248  0.8535343301961511 21.173487176239199 -2.7745057928787031 -1.4222280844453745  0.85353433019614966 
21.135190710622354 -2.7473532913762515 -1.492928573694019  1.0383466998475068 21.135190710622343 -2.7573243418664322 -1.4929285736940263  1.0383466998475039 21.136180566949271 -2.7672432197315247 -1.492611819669414  1.0383466998475108 21.138138792355388 -2.7769977423666883 -1.4919851875394607  1.0383466998475039 21.141046184197176 -2.7864922555023481 -1.4910548221500934  1.0383466998475073 21.144879276214528 -2.7956150145036722 -1.4898282327045451  1.0383466998475068 
21.16567643723144 -2.7473532913763057 -1.5469738852092647  1.0367296232096115 21.165676437231436 -2.756276715484983 -1.5469738852092687  1.0367296232096086 21.166562292520265 -2.7651531761561481 -1.5466904115168472  1.0367296232096157 21.168314819135965 -2.7738830498918623 -1.5461296029998275  1.0367296232096084 21.170916635891036 -2.7823797556548664 -1.5452970216382087  1.0367296232096119 21.174346997190696 -2.7905440155480652 -1.5441993060223205  1.0367296232096115 

0 6
6.2831853071795862 6

0 6
1 6

10 0 6.2831853071795862 0 6.487479679568164
2 21.204861674095309 -2.7715707843468325 -1.4984442642895015 0.38442208482819862 -0.91492456189111393 0.12301506714502367 0.38041910375327731 0.035587288770078579 -0.92412923900153088 0.84113076640668338 0.40205297029912418 0.36173532157885419 0.030764248062958466
10 0 6.2831853071795862 0 6.487479679568164
2 21.204861674095309 -2.7715707843468325 -1.4984442642895015 0.38442208482819862 -0.91492456189111393 0.12301506714502367 0.38041910375327731 0.035587288770078579 -0.92412923900153088 0.84113076640668338 0.40205297029912418 0.36173532157885419 0.030000000000000006
9 1 1 1 0 6 5 6 6 2 2 23.710495445471238 -8.7060304717736443 -0.72881665705632093  1.6690784610682365 23.710836553488942 -8.7068423088557481 -0.72870750249065552  1.6690784610682319 23.711198613089469 -8.7076457401358756 -0.72860378066543696  1.6690784610682436 23.711581363300855 -8.7084402240897525 -0.72850555851400534  1.6690784610682303 23.711984540994806 -8.7092252145355609 -0.72841290356088717  1.6690784610682388 23.712407885343247 -8.7100001698844896 -0.72832588277815047  1.6690784610682365 
23.753490789475482 -8.6854790825530319 -0.71032614974054586  1.0367296232096121 23.75349462578767 -8.6854882129760256 -0.71032492212062703  1.036729623209609 23.753498696729018 -8.685497246469474 -0.71032375592238051  1.0367296232096168 23.753503002375329 -8.6855061838045735 -0.71032265099849479  1.0367296232096084 23.753507535513862 -8.6855150100096612 -0.71032160919991805  1.036729623209613 23.753512296706791 -8.6855237256378111 -0.71032063051024208  1.0367296232096121 
23.735619179523518 -8.6847776054279855 -0.64926013252334591  1.0383466998475064 23.73586573133927 -8.6853643987495168 -0.64918123594228594  1.0383466998475042 23.736127426612168 -8.6859451157126841 -0.64910626621933987  1.0383466998475097 23.736404077556596 -8.6865193668290885 -0.64903527148137385  1.0383466998475037 23.736695492791764 -8.6870867548449571 -0.64896830084092172  1.038346699847507 23.737001484771962 -8.6876468901642969 -0.64890540248941908  1.0383466998475064 
23.666618376632272 -8.7101350656379495 -0.62222873380092136  0.85353433019614966 23.66749075733085 -8.7122113317006367 -0.62194957197737888  0.85353433019614733 23.668416723098364 -8.7142661037690736 -0.62168430383209305  0.85353433019615388 23.669395601758612 -8.7162979860914742 -0.62143310196430213  0.85353433019614622 23.67042672706339 -8.7183055957201727 -0.62119613734799894  0.8535343301961511 23.671509426440927 -8.720287537080786 -0.62097358247595413  0.85353433019614966 
23.637281692201626 -8.731782043320834 -0.69155099147218435  1.0383466998475068 23.638299640382105 -8.7342047599903818 -0.69122524805445273  1.0383466998475039 23.63938011513099 -8.7366023965313655 -0.69091571659230688  1.0383466998475108 23.640522331603087 -8.738973323135637 -0.69062259863719433  1.0383466998475039 23.641725513096258 -8.7413159275836367 -0.69034609350802323  1.0383466998475073 23.642988874221921 -8.7436285803109115 -0.69008640260999099  1.0383466998475068 
23.667500101466992 -8.7265818609942567 -0.74730716437209577  1.0367296232096115 23.668178481190207 -8.7281964047354688 -0.74709008286068368  1.0367296232096086 23.668898529449919 -8.7297942338022789 -0.7468838054084932  1.0367296232096157 23.669659724226381 -8.7313742643749332 -0.74668846602951566  1.0367296232096084 23.67046154647575 -8.7329354190614605 -0.74650419792185629  1.0367296232096119 23.671303473979702 -8.734476614131168 -0.74633113504605875  1.0367296232096115 

0 6
6.2831853071795862 6

0 6
1 6

9 1 1 1 0 6 5 6 6 2 2 23.71020471090808 -8.7060576692901535 -0.72811039307549075  1.6690784610682365 23.71054933920038 -8.706877884625797 -0.72800011202195458  1.6690784610682319 23.710915135308781 -8.7076896074355794 -0.7278953197720236  1.6690784610682436 23.711301835536627 -8.7084922905350162 -0.72779608395919249  1.6690784610682303 23.711709174084511 -8.7092853821977787 -0.7277024727934559  1.6690784610682388 23.712136887396088 -8.7100683351764516 -0.72761455394607422  1.6690784610682365 
23.752131960925301 -8.686016819425836 -0.71007922851271532  1.0367296232096121 23.752147696044439 -8.6860542690093645 -0.71007419327457411  1.036729623209609 23.752164396678328 -8.686091328529745 -0.71006940895602055  1.0367296232096168 23.752182053693122 -8.6861279796262156 -0.7100648777763211  1.0367296232096084 23.752200650847488 -8.6861641885862415 -0.71006060390336079  1.036729623209613 23.752220179481849 -8.6861999368363509 -0.71005658968405716  1.0367296232096121 
23.734704319025465 -8.6853327684551012 -0.65053021848110704  1.0383466998475064 23.734956740089014 -8.6859335305863841 -0.65044944374075309  1.0383466998475042 23.735224665128932 -8.6865280717671816 -0.65037268933092829  1.0383466998475097 23.73550790181682 -8.6871159930719948 -0.65030000454584513  1.0383466998475037 23.735806254318412 -8.6876968880028631 -0.65023143964089813  1.038346699847507 23.736119530539245 -8.6882703575293654 -0.6501670439732653  1.0383466998475064 
23.667417639939366 -8.7100602964851088 -0.62417033606132022  0.85353433019614966 23.668280342991487 -8.7121135297492209 -0.62389427108464446  0.85353433019614733 23.669196036661983 -8.7141455074331837 -0.6236319456620486  0.85353433019615388 23.670164056265136 -8.7161548493457879 -0.6233835304679628  0.85353433019614622 23.67118374289597 -8.7181401877818718 -0.62314919459194962  0.8535343301961511 23.672254431483019 -8.7201001427232274 -0.62292910860461626  0.85353433019614966 
23.638809739914695 -8.731169518110077 -0.69177048432049071  1.0383466998475068 23.639814394248965 -8.7335605954256526 -0.69144899493354461  1.0383466998475039 23.640880758575602 -8.7359269201138172 -0.69114350578716477  1.0383466998475108 23.64200805833881 -8.7382668837414528 -0.69085421578875883  1.0383466998475039 23.643195526923591 -8.7405788950270882 -0.69058132166865582  1.0383466998475073 23.644442389244276 -8.7428613457752498 -0.69032502219164638  1.0383466998475068 
23.668277460890863 -8.7260985191544709 -0.74614155763826606  1.0367296232096115 23.668950982356325 -8.7277015002422296 -0.74592603076933484  1.0367296232096086 23.669665873939238 -8.7292878863414138 -0.74572123058802653  1.0367296232096157 23.670421617380136 -8.7308566014438149 -0.74552729014206354  1.0367296232096084 23.671217697321534 -8.7324065758093141 -0.74534434168355079  1.0367296232096119 23.672053595310327 -8.7339367335165523 -0.74517251820809105  1.0367296232096115 

0 6
6.2831853071795862 6

0 6
1 6

10 0 6.2831853071795862 0 7.4802229503166604
2 23.701499060741607 -8.7127441139686681 -0.6996918597364471 0.47710082608391596 -0.8733595677480589 0.098070725361693908 0.35459422181539862 0.089192626408376913 -0.93075647365436442 0.80413788594069924 0.47883999500595137 0.35224213203068661 0.030764248062958466
10 0 6.2831853071795862 0 7.4802229503166604
2 23.701499060741607 -8.7127441139686681 -0.6996918597364471 0.47710082608391596 -0.8733595677480589 0.098070725361693908 0.35459422181539862 0.089192626408376913 -0.93075647365436442 0.80413788594069924 0.47883999500595137 0.35224213203068661 0.030000000000000006
9 1 1 1 0 6 7 6 8 2 2 27.281228434231199 -15.242924452432154 0.0052650078265948849  1.6690784610682365 27.289421267939321 -15.257921889692323 0.0069490903110442821  1.6690784610682412 27.292982918225107 -15.274349520163829 0.0085550804367478563  1.6690784610682121 27.291967552831704 -15.29101927576788 0.0099805791198759458  1.6690784610682827 27.287009246474046 -15.306709169485478 0.011145769584557767  1.6690784610681924 27.278249144326807 -15.320972566391298 0.012017483042940758  1.6690784610682607 27.265869844645511 -15.332447201708732 0.012483620021823003  1.6690784610682294 27.250510631583477 -15.340126808239738 0.01248362002182208  1.6690784610682365 
27.322332845594744 -15.218448008185476 0.023270260094503236  1.0367296232096121 27.335926167524651 -15.243331339162832 0.026064442935660591  1.0367296232096157 27.342142626077365 -15.271149710913507 0.02879217651849773  1.0367296232095955 27.34010859941527 -15.299234969101473 0.031179602167380378  1.0367296232096421 27.332049245506941 -15.324737710790323 0.033073531595706814  1.0367296232095828 27.317555713454833 -15.348951689666416 0.034570043813708665  1.0367296232096297 27.29644066025152 -15.368277917249939 0.035343445330583478  1.0367296232096066 27.270957080920976 -15.381019706915151 0.03534344533057826  1.0367296232096121 
27.305822033659915 -15.220571172711962 0.084685488115326224  1.0383466998475064 27.317636300044718 -15.242197843677559 0.08711397620554312  1.0383466998475093 27.322978198525359 -15.266263821088442 0.089472179509701627  1.0383466998474931 27.321279744297502 -15.290588527945122 0.091542722419074407  1.0383466998475308 27.314241952813539 -15.312858672713173 0.093196587053078039  1.0383466998474833 27.301637155602773 -15.333794681653179 0.094487274972937629  1.0383466998475197 27.283399877538621 -15.350534398872226 0.095159455885733657  1.0383466998475026 27.261251517027368 -15.361608579127807 0.095159455885729688  1.0383466998475064 
27.24032997532888 -15.253211819628451 0.11261730812879125  0.85353433019614966 27.243861433472546 -15.259676349952496 0.11334321896942888  0.85353433019615177 27.24513161345498 -15.266272179875752 0.11398098782958514  0.85353433019613978 27.244995495002094 -15.27308876246741 0.11457620919910348  0.85353433019616898 27.242713825771176 -15.280308797929147 0.11511239616289948  0.85353433019613001 27.238902474359328 -15.285983452902112 0.11544482103269714  0.85353433019616165 27.234063349997815 -15.290681067545082 0.11564574580290513  0.85353433019614589 27.227442878988629 -15.293991303049705 0.11564574580290737  0.85353433019614966 
27.211809423109873 -15.276552862858576 0.043504487994754384  1.0383466998475068 27.211271876656774 -15.275568854212363 0.0433939923349397  1.038346699847509 27.210541788034213 -15.273582315889994 0.043186582186083802  1.0383466998474948 27.211173181186687 -15.271797873800029 0.043057038481655943  1.0383466998475293 27.211228000106541 -15.271624406700036 0.043044156162983134  1.038346699847486 27.211736508618461 -15.269801783257648 0.042905825626874838  1.0383466998475184 27.213479348660453 -15.268583605899856 0.04287524154710956  1.0383466998475033 27.214487094063209 -15.268079733198546 0.042875241547115445  1.0383466998475068 
27.240124022867654 -15.267400896678833 -0.012740244441313345  1.0367296232096115 27.242916368353995 -15.272512440221812 -0.012166262313572061  1.0367296232096126 27.243823210372845 -15.27754932941415 -0.01168201564500141  1.0367296232096024 27.243826506248141 -15.282803582434289 -0.011218443927628996  1.0367296232096312 27.241969247441148 -15.288680628180627 -0.01078199242659067  1.0367296232095913 27.238942575198777 -15.292993443116181 -0.010535077727827226  1.0367296232096237 27.235299029039506 -15.296616486167526 -0.010376205286937265  1.0367296232096075 27.230064182245979 -15.299233909564327 -0.010376205286933969  1.0367296232096115 

0 6
6.2831853071795862 6

0 8
1 8

9 1 1 1 0 6 7 6 8 2 2 27.280957436284041 -15.242992617724116 0.0059763366586711719  1.6690784610682365 27.289119383175329 -15.257933514950135 0.0076540701863269042  1.6690784610682412 27.292665849912275 -15.274295998767295 0.0092536447652738114  1.6690784610682121 27.291656310511407 -15.290900466100561 0.010673641934320729  1.6690784610682827 27.286715739862753 -15.306534237551904 0.011834664548621681  1.6690784610681924 27.277988428713677 -15.320740724454389 0.012702804618071734  1.6690784610682607 27.265659091111342 -15.332170454444338 0.013167184270002005  1.6690784610682294 27.250357781970887 -15.339821109014554 0.013167184270001169  1.6690784610682365 
27.321040728369802 -15.219124219384016 0.023534300920688186  1.0367296232096121 27.334469004095844 -15.243705424115966 0.026294557597717955  1.0367296232096157 27.340604328127302 -15.271175679450106 0.028988009187575138  1.0367296232095955 27.338601433127465 -15.298912064482666 0.031346037051003674  1.0367296232096421 27.330636851414777 -15.324114912302626 0.033217695233728542  1.0367296232095828 27.316318540713414 -15.348024787973047 0.034695112758950999  1.0367296232096297 27.295470463919912 -15.367111060307234 0.035459123857127628  1.0367296232096066 27.270296298877579 -15.379698142828342 0.035459123857122535  1.0367296232096121 
27.304940079427197 -15.22119464007703 0.083423846631480031  1.0383466998475064 27.316633495057072 -15.242600087021797 0.085827493177627889  1.0383466998475093 27.321915984912035 -15.266411165314997 0.088160594391371  1.0383466998474931 27.320240326027527 -15.290480418951796 0.090209611543214691  1.0383466998475308 27.313271928998709 -15.312530974298186 0.091847168641624663  1.0383466998474833 27.300795433027353 -15.333244311640048 0.093123874973398149  1.0383466998475197 27.282753641438621 -15.349808327919886 0.093789179998338523  1.0383466998475026 27.260831841426434 -15.360769227925935 0.093789179998334651  1.0383466998475064 
27.241074980370971 -15.253024425270892 0.11066178200012908  0.85353433019614966 27.24469134998543 -15.259644390759531 0.11140514686531885  0.85353433019615177 27.246003271318898 -15.266419316452602 0.11206055281362148  0.85353433019613978 27.245851136531392 -15.273415384134205 0.11267089848859183  0.85353433019616898 27.243520709762667 -15.280789706267765 0.1132185433603933  0.85353433019613001 27.239619212062951 -15.286620813493867 0.11356079189417304  0.85353433019616165 27.234642736104771 -15.291441878132469 0.1137665477616395  0.85353433019614589 27.227863080444973 -15.294831705962396 0.11376654776164177  0.85353433019614966 
27.213262938132228 -15.275785628322915 0.043265868413099026  1.0383466998475068 27.212911385707667 -15.275142092078942 0.043193604859150636  1.038346699847509 27.212272729278691 -15.273547853447182 0.043024827807157308  1.0383466998474948 27.212869039508071 -15.272156563832729 0.042928413083697922  1.0383466998475293 27.212817057653037 -15.272321053423065 0.04294062869877361  1.038346699847486 27.213128105550027 -15.2708411302609 0.04282381637241868  1.0383466998475184 27.21457008427668 -15.269893363506005 0.042803814552423415  1.0383466998475033 27.21522914422891 -15.269563833529956 0.042803814552429154  1.0383466998475068 
27.24087414419828 -15.266861016064217 -0.011581627603345704  1.0367296232096115 27.243769762254814 -15.272161605784305 -0.010986417225064174  1.0367296232096126 27.244727371697245 -15.277416318084484 -0.010480719657026884  1.0367296232096024 27.24471118789533 -15.28288886771846 -0.0099987531823629294  1.0367296232096312 27.242794628310747 -15.288953562801179 -0.0095483661364842085  1.0367296232095913 27.239658316713943 -15.29345666093573 -0.009289503522807975  1.0367296232096237 27.235847718302772 -15.297229848581441 -0.0091247553171232912  1.0367296232096075 27.230419265064196 -15.299944075200766 -0.0091247553171200646  1.0367296232096115 

0 6
6.2831853071795862 6

0 8
1 8

10 0 6.2831853071795862 0 0.73221730003397389
2 27.244357781970923 -15.32782110901454 0.040000000000000001 -0.89442719099991663 -0.44721359549995654 0 0.19999999999995938 -0.39999999999992036 -0.89442719099996071 0.40000000000001867 -0.80000000000004057 0.44721359549986844 0.030764248062958466
10 0 6.2831853071795862 0 0.73221730003397389
2 27.244357781970923 -15.32782110901454 0.040000000000000001 -0.89442719099991663 -0.44721359549995654 0 0.19999999999995938 -0.39999999999992036 -0.89442719099996071 0.40000000000001867 -0.80000000000004057 0.44721359549986844 0.030000000000000006
9 1 1 1 0 6 7 6 8 2 2 26.595595568712547 -15.667584339675201 0.01248362002182208  1.6690784610682365 26.580125484678842 -15.675319381692056 0.012483620021812677  1.6690784610682412 26.565982915796202 -15.682390666133376 0.0078098723590894681  1.6690784610682121 26.553219962162949 -15.688772142950004 -0.00051860591903506973  1.6690784610682827 26.542393792487943 -15.694185227787505 -0.012622631583689991  1.6690784610681924 26.534944575056347 -15.697909836503305 -0.026892047542507812  1.6690784610682607 26.530764248062951 -15.700000000000003 -0.042703920241540745  1.6690784610682294 26.530764248062958 -15.699999999999999 -0.060000000000040812  1.6690784610682365 
26.616042018050045 -15.708477238350614 0.035343445330578274  1.0367296232096121 26.595836184835665 -15.718580154957804 0.035343445330526101  1.0367296232096157 26.576965032097029 -15.728015731327122 0.029238955816833705  1.0367296232095955 26.560165889447926 -15.736415302651672 0.018016925542633455  1.0367296232096421 26.546261558486435 -15.743367468132424 0.0024714109367810523  1.0367296232095828 26.536224269471042 -15.748386112640116 -0.016310601526824613  1.0367296232096297 26.530764248062912 -15.751116123344181 -0.037409191695540335  1.0367296232096066 26.530764248062958 -15.751116123344158 -0.060000000000227663  1.0367296232096121 
26.606336454156438 -15.689066110563271 0.09515945588572966  1.0383466998475064 26.573738854200553 -15.705364910541213 0.095159455885690483  1.0383466998475093 26.542494683819758 -15.720986995731611 0.085311225179730943  1.0383466998474931 26.515134273903055 -15.734667200689952 0.06651780123130227  1.0383466998475308 26.493175492589593 -15.745646591346697 0.041967137371251038  1.0383466998474833 26.476366143198181 -15.754051266042394 0.011377269138225482  1.0383466998475197 26.467557617871599 -15.758455528705683 -0.02355477529781996  1.0383466998475026 26.467557617871634 -15.758455528705666 -0.060000000000170715  1.0383466998475064 
26.572527816117699 -15.621448834485168 0.11564574580290736  0.85353433019614966 26.535686179762589 -15.639869652662723 0.11564574580293241  0.85353433019615177 26.500204394331643 -15.657610545378194 0.10451532715558134  0.85353433019613978 26.469226872856854 -15.673099306115587 0.083128788680709539  0.85353433019616898 26.444509535706825 -15.685457974690602 0.055493965635613679  0.85353433019613001 26.425380834173495 -15.695022325457265 0.020860043739603196  0.85353433019616165 26.41542548508804 -15.699999999999989 -0.018809798353712125  0.85353433019614589 26.415425485088019 -15.699999999999999 -0.059999999999887942  0.85353433019614966 
26.559572031192278 -15.595537264634009 0.042875241547115445  1.0383466998475068 26.537805875565997 -15.60642034244715 0.042875241547174002  1.038346699847509 26.5173767612281 -15.616634899616098 0.03629935490285751  1.0383466998474948 26.499247785443817 -15.625699387508245 0.024123964588517084  1.0383466998475293 26.48432926984967 -15.63315864530531 0.007444557092644459  1.038346699847486 26.473439269691401 -15.63860364538445 -0.012824254015345753  1.0383466998475184 26.467557617871687 -15.641544471294306 -0.035664698205141059  1.0383466998475033 26.467557617871634 -15.641544471294333 -0.059999999999743335  1.0383466998475068 
26.575149119375048 -15.626691440999791 -0.010376205286933973  1.0367296232096115 26.564414784522015 -15.632058608426307 -0.010376205286900576  1.0367296232096126 26.555000799495375 -15.636765600939629 -0.01361921109865475  1.0367296232096024 26.546274034877968 -15.641128983248327 -0.019054137380703339  1.0367296232096312 26.538526026489457 -15.645002987442593 -0.027716674104161163  1.0367296232095913 26.533664880641652 -15.647433560366492 -0.037473493558190692  1.0367296232096237 26.530764248062987 -15.648883876655825 -0.047998648787541266  1.0367296232096075 26.530764248062958 -15.648883876655841 -0.059999999999853948  1.0367296232096115 

0 6
6.2831853071795862 6

0 8
1 8

9 1 1 1 0 6 7 6 8 2 2 26.595442719099957 -15.667278640450018 0.013167184270001187  1.6690784610682365 26.579831024674021 -15.675084487662986 0.013167184269992043  1.6690784610682412 26.56554705965975 -15.682226470170123 0.0084506539541008788  1.6690784610682121 26.552663414180738 -15.688668292909627 3.5651449827854261e-05  1.6690784610682827 26.541745200013828 -15.694127399993086 -0.012171283085254421  1.6690784610681924 26.534218592961686 -15.697890703519157 -0.026575636629790535  1.6690784610682607 26.529999999999994 -15.700000000000003 -0.042545595009867931  1.6690784610682294 26.530000000000001 -15.699999999999999 -0.060000000000039799  1.6690784610682365 
26.615381236006648 -15.707155674263808 0.035459123857122535  1.0367296232096121 26.595151438283359 -15.717270573125454 0.035459123857071673  1.0367296232096157 26.576256357294803 -15.726718113619732 0.0293473943007754  1.0367296232095955 26.55943679015024 -15.735127897192008 0.01811072166484104  1.0367296232096421 26.545516882640925 -15.742087850946671 0.0025477919490983821  1.0367296232095828 26.535466497099055 -15.747113043717604 -0.016257055794632266  1.0367296232096297 26.529999999999955 -15.749846292267154 -0.037382398560049171  1.0367296232096066 26.530000000000001 -15.749846292267131 -0.060000000000222015  1.0367296232096121 
26.605916778555503 -15.688226759361399 0.093789179998334651  1.0383466998475064 26.573603051412441 -15.70438362293293 0.093789179998296335  1.0383466998475093 26.542642324336743 -15.719863986470779 0.084026711586359729  1.0383466998474931 26.515523853822945 -15.733423221727678 0.065406734480833187  1.0383466998475308 26.493749585301295 -15.744310355988503 0.041062362193406005  1.0383466998474833 26.47709537148237 -15.752637462897962 0.010742990436031611  1.0383466998475197 26.468363554283521 -15.757003371497385 -0.023872154751033176  1.0383466998475026 26.468363554283556 -15.757003371497367 -0.060000000000166469  1.0383466998475064 
26.572948017574042 -15.62228923739786 0.11376654776164183  0.85353433019614966 26.536495684744398 -15.640515403812682 0.11376654776166642  0.85353433019615177 26.501402613811493 -15.658061939279134 0.10275374363006397  0.85353433019613978 26.470756888332087 -15.673384802018832 0.081605070369375976  0.85353433019616898 26.446292592252259 -15.685616950058751 0.054253155841291451  0.85353433019613001 26.427376643834275 -15.695074924267736 0.019990193145461244  0.85353433019616165 26.417526492369767 -15.699999999999989 -0.019245052927126687  0.85353433019614589 26.417526492369745 -15.699999999999999 -0.05999999999989071  0.85353433019614966 
26.56031408135798 -15.597021364965419 0.042803814552429161  1.0383466998475068 26.538562722884652 -15.607897044202085 0.042803814552486281  1.038346699847509 26.518148383311189 -15.618104213988815 0.036232398353117201  1.0383466998474948 26.500032018859113 -15.627162396214855 0.024066049128121204  1.0383466998475293 26.485123121177931 -15.634616845055442 0.007397394785825886  1.038346699847486 26.474241207615805 -15.640057801836507 -0.012857316424103291  1.0383466998475184 26.468363554283606 -15.642996628502607 -0.03568124192508515  1.0383466998475033 26.468363554283556 -15.642996628502631 -0.059999999999749726  1.0383466998475068 
26.575504202193265 -15.62740160663623 -0.0091247553171200594  1.0367296232096115 26.564510611064687 -15.632898402200521 -0.0091247553170875524  1.0367296232096126 26.554837762024697 -15.637734826720516 -0.012446086392573304  1.0367296232096024 26.54589003821124 -15.642208688627241 -0.0180394187651856  1.0367296232096312 26.537973517386735 -15.6461669490395 -0.026890358119606772  1.0367296232095913 26.532970688824317 -15.648668363320709 -0.036894217464948899  1.0367296232096237 26.53000000000003 -15.650153707732853 -0.047708791459686685  1.0367296232096075 26.530000000000001 -15.650153707732867 -0.059999999999857591  1.0367296232096115 

0 6
6.2831853071795862 6

0 8
1 8

10 0 6.2831853071795862 0 0.024999999999999988
2 26.5 -15.699999999999999 -0.060000000000000019 0 0 -1 1 1.1102230246251564e-16 0 1.1102230246251564e-16 -1 0 0.030764248062958466
10 0 6.2831853071795862 0 0.024999999999999988
2 26.5 -15.699999999999999 -0.060000000000000019 0 0 -1 1 1.1102230246251564e-16 0 1.1102230246251564e-16 -1 0 0.030000000000000006
1 26.5 -15.699999999999999 -0.08500000000000002 -1.3255230246755902e-12 3.6554648197295592e-12 -1 1 1.1102230246251564e-16 -1.3255230246755898e-12 1.1102229761711286e-16 -1 -3.6554648197295592e-12 
1 26.500000000000004 -15.699999999999999 -0.08500000000000002 -1.3255230246755902e-12 3.6554648197295592e-12 -1 1 1.1102230246251564e-16 -1.3255230246755898e-12 1.1102229761711286e-16 -1 -3.6554648197295592e-12 
1 21.199999999999999 -2.8846679336036387e-18 -1.5 -0.93632917756904033 -4.589744086372998e-18 -0.35112344158840297 0.35112344158840297 0 -0.93632917756904033 4.2975113056459955e-18 -1 1.6115667396173073e-18 
10 0 6.2831853071795862 0 0.42720018726587516
2 21.199999999999999 0 -1.5 -0.93632917756904399 0 -0.35112344158839304 0.35112344158839304 0 -0.93632917756904399 0 -1 -0 0.030357748500443663
10 0 6.2831853071795862 0 0.42720018726587516
2 21.199999999999999 0 -1.5 -0.93632917756904399 0 -0.35112344158839304 0.35112344158839304 0 -0.93632917756904399 0 -1 -0 0.029999999999999999
1 21.199999999999992 -1.557417272588111e-18 -1.5 -0.93632917756903411 -4.6998617059276105e-18 -0.35112344158841935 0.35112344158841935 1.9259299443872359e-34 -0.93632917756903411 4.4006176457993974e-18 -1 1.650231617174922e-18 
1 20.800000000000001 -2.8846679336036387e-18 -1.6499999999999999 -0.93632917756904033 -4.589744086372998e-18 -0.35112344158840297 0.35112344158840297 0 -0.93632917756904033 4.2975113056459955e-18 -1 1.6115667396173073e-18 
1 20.799999999999994 -1.557417272588111e-18 -1.6499999999999999 -0.93632917756903411 -4.6998617059276105e-18 -0.35112344158841935 0.35112344158841935 1.9259299443872359e-34 -0.93632917756903411 4.4006176457993974e-18 -1 1.650231617174922e-18 
2 20.699999999999999 -1.5 -1.2 1 0 0 -0 0 1 0 -1 0 0.10000000000000001
1 20.899999999999999 -1.5 -1.2 1 0 0 -0 0 1 0 -1 0 
1 20.699999999999999 -1.5 -1.2 1 0 0 -0 0 1 0 -1 0 
2 19.699999999999999 3.1000000000000001 -1.78 0 0 1 1 0 -0 -0 1 0 0.10000000000000001
1 19.699999999999999 3.1000000000000001 -1.5800000000000001 0 0 1 1 0 -0 -0 1 0 
1 19.699999999999999 3.1000000000000001 -1.78 0 0 1 1 0 -0 -0 1 0 
2 19.699999999999999 -3.1000000000000001 -1.78 0 0 1 1 0 -0 -0 1 0 0.10000000000000001
1 19.699999999999999 -3.1000000000000001 -1.5800000000000001 0 0 1 1 0 -0 -0 1 0 
1 19.699999999999999 -3.1000000000000001 -1.78 0 0 1 1 0 -0 -0 1 0 
2 19.800000000000001 -3.7999999999999998 -1.6499999999999999 0 0 1 1 0 -0 -0 1 0 0.10000000000000001
1 19.800000000000001 -3.7999999999999998 -1.45 0 0 1 1 0 -0 -0 1 0 
1 19.800000000000001 -3.7999999999999998 -1.6499999999999999 0 0 1 1 0 -0 -0 1 0 
Triangulations 0

TShapes 782
Ve
1.00005e-07
19.6973185669182 3.1 -1.67976090592223
0 0

0101101
*
Ed
 1.00005e-07 1 1 0
1  1 0 0 6.28318530717959
2  1 2 0 0 6.28318530717959
2  2 1 0 0 6.28318530717959
0

0101000
+782 0 -782 0 *
Wi

0101100
+781 0 *
Ve
1.00005e-07
19.6973501660556 3.1 -1.68011725614896
0 0

0101101
*
Ed
 1.00005e-07 1 1 0
1  2 0 0 6.28318530717959
2  3 3 0 0 6.28318530717959
2  4 4 0 0 6.28318530717959
2  5 1 0 0 6.28318530717959
0

0101000
+779 0 -779 0 *
Wi

0101100
-778 0 *
Fa
0  1e-07 1 0

0101000
+780 0 +777 0 *
Ve
1.00005e-07
20.7973185669182 3.09413282262153 -1.58221908200515
0 0

0101101
*
Ed
 1e-07 1 1 0
1  3 0 0 1.10433184830623
3  6 7G1 2 0 0 1.10433184830623
0

0101000
+782 0 -775 0 *
Ed
 1.00005e-07 1 1 0
1  4 0 0 6.28318530717959
2  8 2 0 0 6.28318530717959
2  9 5 0 0 6.28318530717959
0

0101000
+775 0 -775 0 *
Wi

0101100
+774 0 +781 0 -774 0 -773 0 *
Fa
0  1e-07 2 0

0101000
+772 0 *
Ve
1.00005e-07
20.7973501660556 3.09413282262153 -1.58257543223187
0 0

0101101
*
Ed
 1e-07 1 1 0
1  5 0 0 1.10433184830623
3  10 11G1 3 0 0 1.10433184830623
0

0101000
+779 0 -770 0 *
Ed
 1.00005e-07 1 1 0
1  6 0 0 6.28318530717959
2  12 3 0 0 6.28318530717959
2  13 6 0 0 6.28318530717959
2  14 5 0 0 6.28318530717959
0

0101000
+770 0 -770 0 *
Wi

0101100
+769 0 +778 0 -769 0 -768 0 *
Fa
0  1e-07 3 0

0101000
+767 0 *
Wi

0101100
+773 0 *
Wi

0101100
-768 0 *
Fa
0  1e-07 5 0

0101000
+765 0 +764 0 *
Sh

0101100
-776 0 +771 0 -766 0 +763 0 *
So

0100000
+762 0 *
Co

0100000
+761 0 *
Ve
1.00005e-07
20.8305415099681 -1.5 -1.65
0 0

0101101
*
Ed
 1.00005e-07 1 1 0
1  7 0 0 6.28318530717959
2  15 8 0 0 6.28318530717959
2  16 7 0 0 6.28318530717959
0

0101000
+759 0 -759 0 *
Wi

0101100
+758 0 *
Ve
1.00005e-07
20.83 -1.5 -1.65
0 0

0101101
*
Ed
 1.00005e-07 1 1 0
1  8 0 0 6.28318530717959
2  17 9 0 0 6.28318530717959
2  18 10 0 0 6.28318530717959
2  19 7 0 0 6.28318530717959
0

0101000
+756 0 -756 0 *
Wi

0101100
-755 0 *
Fa
0  1e-07 7 0

0101000
+757 0 +754 0 *
Ve
0.00019289002016983
20.8305415099681 -1.5 -0.86
0 0

0101101
*
Ed
 1e-07 1 1 0
1  9 0 0 0.79
3  20 21G1 8 0 0 0.79
0

0101000
+759 0 -752 0 *
Ed
 0.00019289002016983 1 1 0
1  10 0 0 6.28318530717959
2  22 8 0 0 6.28318530717959
2  23 11 0 0 6.28318530717959
4 G1 11 0 8 0
0

0101000
+752 0 -752 0 *
Wi

0101100
+751 0 +758 0 -751 0 -750 0 *
Fa
0  1e-07 8 0

0101000
+749 0 *
Ve
0.000189470023251356
20.83 -1.5 -0.86
0 0

0101101
*
Ed
 1e-07 1 1 0
1  11 0 0 0.79
3  24 25G1 9 0 0 0.79
0

0101000
+756 0 -747 0 *
Ed
 0.000189470023251356 1 1 0
1  12 0 0 6.28318530717959
2  26 9 0 0 6.28318530717959
2  27 12 0 0 6.28318530717959
4 G1 12 0 9 0
0

0101000
+747 0 -747 0 *
Wi

0101100
+746 0 +755 0 -746 0 -745 0 *
Fa
0  1e-07 9 0

0101000
+744 0 *
Ve
0.000192890020130388
20.8305415099681 -1.56 -0.8
0 0

0101101
*
Ed
 1e-07 1 1 0
1  13 0 0 1
3  28 29G1 11 0 0 1
0

0101000
+752 0 -742 0 *
Ed
 0.000192890020130388 1 1 0
1  14 0 0 6.28318530717959
2  30 11 0 0 6.28318530717959
2  31 13 0 0 6.28318530717959
4 G1 13 0 11 0
0

0101000
+742 0 -742 0 *
Wi

0101100
+741 0 +750 0 -741 0 -740 0 *
Fa
0  1e-07 11 0

0101000
+739 0 *
Ve
0.000189470023255749
20.83 -1.56 -0.8
0 0

0101101
*
Ed
 1e-07 1 1 0
1  15 0 0 1
3  32 33G1 12 0 0 1
0

0101000
+747 0 -737 0 *
Ed
 0.000189470023255749 1 1 0
1  16 0 0 6.28318530717959
2  34 12 0 0 6.28318530717959
2  35 14 0 0 6.28318530717959
4 G1 14 0 12 0
0

0101000
+737 0 -737 0 *
Wi

0101100
+736 0 +745 0 -736 0 -735 0 *
Fa
0  1e-07 12 0

0101000
+734 0 *
Ve
0.000192890020168708
20.8305415099681 -2.24 -0.8
0 0

0101101
*
Ed
 1e-07 1 1 0
1  17 0 0 0.68
3  36 37G1 13 0 0 0.68
0

0101000
+742 0 -732 0 *
Ed
 0.000192890020168708 1 1 0
1  18 0 0 6.28318530717959
2  38 13 0 0 6.28318530717959
2  39 15 0 0 6.28318530717959
4 G1 15 0 13 0
0

0101000
+732 0 -732 0 *
Wi

0101100
+731 0 +740 0 -731 0 -730 0 *
Fa
0  1e-07 13 0

0101000
+729 0 *
Ve
0.000189470023247711
20.83 -2.24 -0.8
0 0

0101101
*
Ed
 1e-07 1 1 0
1  19 0 0 0.68
3  40 41G1 14 0 0 0.68
0

0101000
+737 0 -727 0 *
Ed
 0.000189470023247711 1 1 0
1  20 0 0 6.28318530717959
2  42 14 0 0 6.28318530717959
2  43 16 0 0 6.28318530717959
4 G1 16 0 14 0
0

0101000
+727 0 -727 0 *
Wi

0101100
+726 0 +735 0 -726 0 -725 0 *
Fa
0  1e-07 14 0

0101000
+724 0 *
Ve
0.000192890020129909
20.86 -2.26945849003191 -0.8
0 0

0101101
*
Ed
 1e-07 1 1 0
1  21 0 0 1
3  44 45G1 15 0 0 1
0

0101000
+732 0 -722 0 *
Ed
 0.000192890020129909 1 1 0
1  22 0 0 6.28318530717959
2  46 15 0 0 6.28318530717959
2  47 17 0 0 6.28318530717959
4 G1 17 0 15 0
0

0101000
+722 0 -722 0 *
Wi

0101100
+721 0 +730 0 -721 0 -720 0 *
Fa
0  1e-07 15 0

0101000
+719 0 *
Ve
0.00018947002325527
20.86 -2.27 -0.8
0 0

0101101
*
Ed
 1e-07 1 1 0
1  23 0 0 1
3  48 49G1 16 0 0 1
0

0101000
+727 0 -717 0 *
Ed
 0.00018947002325527 1 1 0
1  24 0 0 6.28318530717959
2  50 16 0 0 6.28318530717959
2  51 18 0 0 6.28318530717959
4 G1 18 0 16 0
0

0101000
+717 0 -717 0 *
Wi

0101100
+716 0 +725 0 -716 0 -715 0 *
Fa
0  1e-07 16 0

0101000
+714 0 *
Ve
0.000192890020131346
40.2040860276463 -2.26945849003191 -0.8
0 0

0101101
*
Ed
 1e-07 1 1 0
1  25 0 0 19.3440860276463
3  52 53G1 17 0 0 19.3440860276463
0

0101000
+722 0 -712 0 *
Ed
 0.000192890020131346 1 1 0
1  26 0 0 6.28318530717959
2  54 17 0 0 6.28318530717959
2  55 19 0 0 6.28318530717959
4 G1 19 0 17 0
0

0101000
+712 0 -712 0 *
Wi

0101100
+711 0 +720 0 -711 0 -710 0 *
Fa
0  1e-07 17 0

0101000
+709 0 *
Ve
0.00018947002325402
40.2040860276463 -2.27 -0.8
0 0

0101101
*
Ed
 1e-07 1 1 0
1  27 0 0 19.3440860276463
3  56 57G1 18 0 0 19.3440860276463
0

0101000
+717 0 -707 0 *
Ed
 0.00018947002325402 1 1 0
1  28 0 0 6.28318530717959
2  58 18 0 0 6.28318530717959
2  59 20 0 0 6.28318530717959
4 G1 20 0 18 0
0

0101000
+707 0 -707 0 *
Wi

0101100
+706 0 +715 0 -706 0 -705 0 *
Fa
0  1e-07 18 0

0101000
+704 0 *
Ve
0.000192890020170446
40.2118736405187 -2.26895302488859 -0.79942232555051
0 0

0101101
*
Ed
 1e-07 1 1 0
1  29 0 0 1
3  60 61G1 19 0 0 1
0

0101000
+712 0 -702 0 *
Ed
 0.000192890020170446 1 1 0
1  30 0 0 6.28318530717959
2  62 19 0 0 6.28318530717959
2  63 21 0 0 6.28318530717959
4 G1 21 0 19 0
0

0101000
+702 0 -702 0 *
Wi

0101100
+701 0 +710 0 -701 0 -700 0 *
Fa
0  1e-07 19 0

0101000
+699 0 *
Ve
0.000189470023255487
40.2119432589725 -2.26949001618038 -0.799417161349027
0 0

0101101
*
Ed
 1e-07 1 1 0
1  31 0 0 1
3  64 65G1 20 0 0 1
0

0101000
+707 0 -697 0 *
Ed
 0.000189470023255487 1 1 0
1  32 0 0 6.28318530717959
2  66 20 0 0 6.28318530717959
2  67 22 0 0 6.28318530717959
4 G1 22 0 20 0
0

0101000
+697 0 -697 0 *
Wi

0101100
+696 0 +705 0 -696 0 -695 0 *
Fa
0  1e-07 20 0

0101000
+694 0 *
Ve
0.000192890020130215
45.5431626791977 -1.57009491120408 -0.000727338482503321
0 0

0101101
*
Ed
 1e-07 1 1 0
1  33 0 0 5.43589543307894
3  68 69G1 21 0 0 5.43589543307894
0

0101000
+702 0 -692 0 *
Ed
 0.000192890020130215 1 1 0
1  34 0 0 6.28318530717959
2  70 21 0 0 6.28318530717959
2  71 23 0 0 6.28318530717959
4 G1 23 0 21 0
0

0101000
+692 0 -692 0 *
Wi

0101100
+691 0 +700 0 -691 0 -690 0 *
Fa
0  1e-07 21 0

0101000
+689 0 *
Ve
0.000189470023255512
45.5432322976514 -1.57063190249588 -0.000722174281019379
0 0

0101101
*
Ed
 1e-07 1 1 0
1  35 0 0 5.43589543307894
3  72 73G1 22 0 0 5.43589543307894
0

0101000
+697 0 -687 0 *
Ed
 0.000189470023255512 1 1 0
1  36 0 0 6.28318530717959
2  74 22 0 0 6.28318530717959
2  75 24 0 0 6.28318530717959
4 G1 24 0 22 0
0

0101000
+687 0 -687 0 *
Wi

0101100
+686 0 +695 0 -686 0 -685 0 *
Fa
0  1e-07 22 0

0101000
+684 0 *
Ve
0.000192890020142696
45.5463776239003 -1.56953090472116 -0.000323940110486339
0 0

0101101
*
Ed
 1e-07 1 1 0
1  37 0 0 1
3  76 77G1 23 0 0 1
0

0101000
+692 0 -682 0 *
Ed
 0.000192890020142696 1 1 0
1  38 0 0 6.28318530717959
2  78 23 0 0 6.28318530717959
2  79 25 0 0 6.28318530717959
4 G1 25 0 23 0
0

0101000
+682 0 -682 0 *
Wi

0101100
+681 0 +690 0 -681 0 -680 0 *
Fa
0  1e-07 23 0

0101000
+679 0 *
Ve
0.000189470023281421
45.5464929928115 -1.57005986988593 -0.000313035325029128
0 0

0101101
*
Ed
 1e-07 1 1 0
1  39 0 0 1
3  80 81G1 24 0 0 1
0

0101000
+687 0 -677 0 *
Ed
 0.000189470023281421 1 1 0
1  40 0 0 6.28318530717959
2  82 24 0 0 6.28318530717959
2  83 26 0 0 6.28318530717959
4 G1 26 0 24 0
0

0101000
+677 0 -677 0 *
Wi

0101100
+676 0 +685 0 -676 0 -675 0 *
Fa
0  1e-07 24 0

0101000
+674 0 *
Ve
1.00005e-07
50.9934931193196 -0.370166024995827 0.549384963096959
0 0

0101101
*
Ed
 1e-07 1 1 0
1  41 0 0 5.60461624140496
3  84 85G1 25 0 0 5.60461624140496
0

0101000
+682 0 -672 0 *
Ed
 1.00005e-07 1 1 0
1  42 0 0 6.28318530717959
2  86 25 0 0 6.28318530717959
2  87 27 0 0 6.28318530717959
0

0101000
+672 0 -672 0 *
Wi

0101100
+671 0 +680 0 -671 0 -670 0 *
Fa
0  1e-07 25 0

0101000
+669 0 *
Ve
1.00005e-07
50.9936084882307 -0.370694990160595 0.549395867882416
0 0

0101101
*
Ed
 1e-07 1 1 0
1  43 0 0 5.60461624140496
3  88 89G1 26 0 0 5.60461624140496
0

0101000
+677 0 -667 0 *
Ed
 1.00005e-07 1 1 0
1  44 0 0 6.28318530717959
2  90 26 0 0 6.28318530717959
2  91 28 0 0 6.28318530717959
2  92 27 0 0 6.28318530717959
0

0101000
+667 0 -667 0 *
Wi

0101100
+666 0 +675 0 -666 0 -665 0 *
Fa
0  1e-07 26 0

0101000
+664 0 *
Wi

0101100
+670 0 *
Wi

0101100
-665 0 *
Fa
0  1e-07 27 0

0101000
+662 0 +661 0 *
Sh

0101100
-753 0 +748 0 -743 0 +738 0 -733 0 +728 0 -723 0 +718 0 -713 0 +708 0 
-703 0 +698 0 -693 0 +688 0 -683 0 +678 0 -673 0 +668 0 -663 0 +660 0 
*
So

0100000
+659 0 *
Co

0100000
+658 0 *
Ve
1.00005e-07
26.5784830065791 -15.8 -0.0708742830289188
0 0

0101101
*
Ed
 1.00005e-07 1 1 0
1  45 0 0 6.28318530717959
2  93 30 0 0 6.28318530717959
2  94 29 0 0 6.28318530717959
0

0101000
+656 0 -656 0 *
Wi

0101100
+655 0 *
Ve
1.00005e-07
26.5777754293109 -15.8 -0.0711630900772
0 0

0101101
*
Ed
 1.00005e-07 1 1 0
1  46 0 0 6.28318530717959
2  95 31 0 0 6.28318530717959
2  96 32 0 0 6.28318530717959
2  97 29 0 0 6.28318530717959
0

0101000
+653 0 -653 0 *
Wi

0101100
-652 0 *
Fa
0  1e-07 29 0

0101000
+654 0 +651 0 *
Ve
0.000194296759880413
26.5714626840483 -15.8 -0.0536744928283014
0 0

0101101
*
Ed
 1e-07 1 1 0
1  47 0 0 0.0185773440346772
3  98 99G1 30 0 0 0.0185773440346772
0

0101000
+656 0 -649 0 *
Ed
 0.000194296759880413 1 1 0
1  48 0 0 6.28318530717959
2  100 30 0 0 6.28318530717959
2  101 33 0 0 6.28318530717959
4 G1 33 0 30 0
0

0101000
+649 0 -649 0 *
Wi

0101100
+648 0 +655 0 -648 0 -647 0 *
Fa
0  1e-07 30 0

0101000
+646 0 *
Ve
0.000189470023276412
26.57075510678 -15.8 -0.0539632998765807
0 0

0101101
*
Ed
 1e-07 1 1 0
1  49 0 0 0.0185773440346772
3  102 103G1 31 0 0 0.0185773440346772
0

0101000
+653 0 -644 0 *
Ed
 0.000189470023276412 1 1 0
1  50 0 0 6.28318530717959
2  104 31 0 0 6.28318530717959
2  105 34 0 0 6.28318530717959
4 G1 34 0 31 0
0

0101000
+644 0 -644 0 *
Wi

0101100
+643 0 +652 0 -643 0 -642 0 *
Fa
0  1e-07 31 0

0101000
+641 0 *
Ve
0.000194296759876832
26.6103317964773 -15.766346990477 0.0159959283835563
0 0

0101101
*
Ed
 1e-07 1 1 0
1  51 0 0 1
3  106 107G1 33 0 0 1
0

0101000
+649 0 -639 0 *
Ed
 0.000194296759876832 1 1 0
1  52 0 0 6.28318530717959
2  108 33 0 0 6.28318530717959
2  109 35 0 0 6.28318530717959
4 G1 35 0 33 0
0

0101000
+639 0 -639 0 *
Wi

0101100
+638 0 +647 0 -638 0 -637 0 *
Fa
0  1e-07 33 0

0101000
+636 0 *
Ve
0.000189470023283679
26.6101180264739 -15.7659194504702 0.0165922395691353
0 0

0101101
*
Ed
 1e-07 1 1 0
1  53 0 0 1
3  110 111G1 34 0 0 1
0

0101000
+644 0 -634 0 *
Ed
 0.000189470023283679 1 1 0
1  54 0 0 6.28318530717959
2  112 34 0 0 6.28318530717959
2  113 36 0 0 6.28318530717959
4 G1 36 0 34 0
0

0101000
+634 0 -634 0 *
Wi

0101100
+633 0 +642 0 -633 0 -632 0 *
Fa
0  1e-07 34 0

0101000
+631 0 *
Ve
0.000194296759865525
27.2574816329756 -15.4427720722278 0.0159959283835563
0 0

0101101
*
Ed
 1e-07 1 1 0
1  55 0 0 0.723535513019045
3  114 115G1 35 0 0 0.723535513019045
0

0101000
+639 0 -629 0 *
Ed
 0.000194296759865525 1 1 0
1  56 0 0 6.28318530717959
2  116 35 0 0 6.28318530717959
2  117 37 0 0 6.28318530717959
4 G1 37 0 35 0
0

0101000
+629 0 -629 0 *
Wi

0101100
+628 0 +637 0 -628 0 -627 0 *
Fa
0  1e-07 35 0

0101000
+626 0 *
Ve
0.000189470023244414
27.2572678629722 -15.4423445322211 0.0165922395691353
0 0

0101101
*
Ed
 1e-07 1 1 0
1  57 0 0 0.723535513019045
3  118 119G1 36 0 0 0.723535513019045
0

0101000
+634 0 -624 0 *
Ed
 0.000189470023244414 1 1 0
1  58 0 0 6.28318530717959
2  120 36 0 0 6.28318530717959
2  121 38 0 0 6.28318530717959
4 G1 38 0 36 0
0

0101000
+624 0 -624 0 *
Wi

0101100
+623 0 +632 0 -623 0 -622 0 *
Fa
0  1e-07 36 0

0101000
+621 0 *
Ve
0.000194296759862546
27.3143644081466 -15.4600631267411 0.0200114598849169
0 0

0101101
*
Ed
 1e-07 1 1 0
1  59 0 0 1
3  122 123G1 37 0 0 1
0

0101000
+629 0 -619 0 *
Ed
 0.000194296759862546 1 1 0
1  60 0 0 6.28318530717959
2  124 37 0 0 6.28318530717959
2  125 39 0 0 6.28318530717959
4 G1 39 0 37 0
0

0101000
+619 0 -619 0 *
Wi

0101100
+618 0 +627 0 -618 0 -617 0 *
Fa
0  1e-07 37 0

0101000
+616 0 *
Ve
0.000189470023253343
27.3147003754947 -15.4598026942372 0.0206465787349509
0 0

0101101
*
Ed
 1e-07 1 1 0
1  61 0 0 1
3  126 127G1 38 0 0 1
0

0101000
+624 0 -614 0 *
Ed
 0.000189470023253343 1 1 0
1  62 0 0 6.28318530717959
2  128 38 0 0 6.28318530717959
2  129 40 0 0 6.28318530717959
4 G1 40 0 38 0
0

0101000
+614 0 -614 0 *
Wi

0101100
+613 0 +622 0 -613 0 -612 0 *
Fa
0  1e-07 38 0

0101000
+611 0 *
Ve
1.00005e-07
30.4364758795764 -21.010483520394 0.644433754170869
0 0

0101101
*
Ed
 1e-07 1 1 0
1  63 0 0 6.39880065230299
3  130 131G1 39 0 0 6.39880065230299
0

0101000
+619 0 -609 0 *
Ed
 1.00005e-07 1 1 0
1  64 0 0 6.28318530717959
2  132 39 0 0 6.28318530717959
2  133 41 0 0 6.28318530717959
0

0101000
+609 0 -609 0 *
Wi

0101100
+608 0 +617 0 -608 0 -607 0 *
Fa
0  1e-07 39 0

0101000
+606 0 *
Ve
1.00005e-07
30.4368118469245 -21.0102230878901 0.645068873020907
0 0

0101101
*
Ed
 1e-07 1 1 0
1  65 0 0 6.39880065230299
3  134 135G1 40 0 0 6.39880065230299
0

0101000
+614 0 -604 0 *
Ed
 1.00005e-07 1 1 0
1  66 0 0 6.28318530717959
2  136 40 0 0 6.28318530717959
2  137 42 0 0 6.28318530717959
2  138 41 0 0 6.28318530717959
0

0101000
+604 0 -604 0 *
Wi

0101100
+603 0 +612 0 -603 0 -602 0 *
Fa
0  1e-07 40 0

0101000
+601 0 *
Wi

0101100
+607 0 *
Wi

0101100
-602 0 *
Fa
0  1e-07 41 0

0101000
+599 0 +598 0 *
Sh

0101100
-650 0 +645 0 -640 0 +635 0 -630 0 +625 0 -620 0 +615 0 -610 0 +605 0 
-600 0 +597 0 *
So

0100000
+596 0 *
Co

0100000
+595 0 *
Ve
1.00005e-07
26.5784830065791 15.8 -0.0708742830289188
0 0

0101101
*
Ed
 1.00005e-07 1 1 0
1  67 0 0 6.28318530717959
2  139 44 0 0 6.28318530717959
2  140 43 0 0 6.28318530717959
0

0101000
+593 0 -593 0 *
Wi

0101100
+592 0 *
Ve
1.00005e-07
26.5777754293109 15.8 -0.0711630900772
0 0

0101101
*
Ed
 1.00005e-07 1 1 0
1  68 0 0 6.28318530717959
2  141 45 0 0 6.28318530717959
2  142 46 0 0 6.28318530717959
2  143 43 0 0 6.28318530717959
0

0101000
+590 0 -590 0 *
Wi

0101100
-589 0 *
Fa
0  1e-07 43 0

0101000
+591 0 +588 0 *
Ve
0.000194296759914452
26.5714626840483 15.8 -0.0536744928283014
0 0

0101101
*
Ed
 1e-07 1 1 0
1  69 0 0 0.0185773440346772
3  144 145G1 44 0 0 0.0185773440346772
0

0101000
+593 0 -586 0 *
Ed
 0.000194296759914452 1 1 0
1  70 0 0 6.28318530717959
2  146 44 0 0 6.28318530717959
2  147 47 0 0 6.28318530717959
4 G1 47 0 44 0
0

0101000
+586 0 -586 0 *
Wi

0101100
+585 0 +592 0 -585 0 -584 0 *
Fa
0  1e-07 44 0

0101000
+583 0 *
Ve
0.000189470023282433
26.57075510678 15.8 -0.0539632998765807
0 0

0101101
*
Ed
 1e-07 1 1 0
1  71 0 0 0.0185773440346772
3  148 149G1 45 0 0 0.0185773440346772
0

0101000
+590 0 -581 0 *
Ed
 0.000189470023282433 1 1 0
1  72 0 0 6.28318530717959
2  150 45 0 0 6.28318530717959
2  151 48 0 0 6.28318530717959
4 G1 48 0 45 0
0

0101000
+581 0 -581 0 *
Wi

0101100
+580 0 +589 0 -580 0 -579 0 *
Fa
0  1e-07 45 0

0101000
+578 0 *
Ve
0.000194296759863736
26.6103317964773 15.766346990477 0.0159959283835563
0 0

0101101
*
Ed
 1e-07 1 1 0
1  73 0 0 1
3  152 153G1 47 0 0 1
0

0101000
+586 0 -576 0 *
Ed
 0.000194296759863736 1 1 0
1  74 0 0 6.28318530717959
2  154 47 0 0 6.28318530717959
2  155 49 0 0 6.28318530717959
4 G1 49 0 47 0
0

0101000
+576 0 -576 0 *
Wi

0101100
+575 0 +584 0 -575 0 -574 0 *
Fa
0  1e-07 47 0

0101000
+573 0 *
Ve
0.000189470023254247
26.6101180264739 15.7659194504702 0.0165922395691353
0 0

0101101
*
Ed
 1e-07 1 1 0
1  75 0 0 1
3  156 157G1 48 0 0 1
0

0101000
+581 0 -571 0 *
Ed
 0.000189470023254247 1 1 0
1  76 0 0 6.28318530717959
2  158 48 0 0 6.28318530717959
2  159 50 0 0 6.28318530717959
4 G1 50 0 48 0
0

0101000
+571 0 -571 0 *
Wi

0101100
+570 0 +579 0 -570 0 -569 0 *
Fa
0  1e-07 48 0

0101000
+568 0 *
Ve
0.000194296759904246
27.2574816329756 15.4427720722278 0.0159959283835563
0 0

0101101
*
Ed
 1e-07 1 1 0
1  77 0 0 0.723535513019045
3  160 161G1 49 0 0 0.723535513019045
0

0101000
+576 0 -566 0 *
Ed
 0.000194296759904246 1 1 0
1  78 0 0 6.28318530717959
2  162 49 0 0 6.28318530717959
2  163 51 0 0 6.28318530717959
4 G1 51 0 49 0
0

0101000
+566 0 -566 0 *
Wi

0101100
+565 0 +574 0 -565 0 -564 0 *
Fa
0  1e-07 49 0

0101000
+563 0 *
Ve
0.000189470023294981
27.2572678629722 15.4423445322211 0.0165922395691353
0 0

0101101
*
Ed
 1e-07 1 1 0
1  79 0 0 0.723535513019045
3  164 165G1 50 0 0 0.723535513019045
0

0101000
+571 0 -561 0 *
Ed
 0.000189470023294981 1 1 0
1  80 0 0 6.28318530717959
2  166 50 0 0 6.28318530717959
2  167 52 0 0 6.28318530717959
4 G1 52 0 50 0
0

0101000
+561 0 -561 0 *
Wi

0101100
+560 0 +569 0 -560 0 -559 0 *
Fa
0  1e-07 50 0

0101000
+558 0 *
Ve
0.000194296759979299
27.3143644081466 15.4600631267411 0.0200114598849169
0 0

0101101
*
Ed
 1e-07 1 1 0
1  81 0 0 1
3  168 169G1 51 0 0 1
0

0101000
+566 0 -556 0 *
Ed
 0.000194296759979299 1 1 0
1  82 0 0 6.28318530717959
2  170 51 0 0 6.28318530717959
2  171 53 0 0 6.28318530717959
4 G1 53 0 51 0
0

0101000
+556 0 -556 0 *
Wi

0101100
+555 0 +564 0 -555 0 -554 0 *
Fa
0  1e-07 51 0

0101000
+553 0 *
Ve
0.000189470023267405
27.3147003754947 15.4598026942372 0.0206465787349509
0 0

0101101
*
Ed
 1e-07 1 1 0
1  83 0 0 1
3  172 173G1 52 0 0 1
0

0101000
+561 0 -551 0 *
Ed
 0.000189470023267405 1 1 0
1  84 0 0 6.28318530717959
2  174 52 0 0 6.28318530717959
2  175 54 0 0 6.28318530717959
4 G1 54 0 52 0
0

0101000
+551 0 -551 0 *
Wi

0101100
+550 0 +559 0 -550 0 -549 0 *
Fa
0  1e-07 52 0

0101000
+548 0 *
Ve
1.00005e-07
30.4364758795764 21.010483520394 0.644433754170869
0 0

0101101
*
Ed
 1e-07 1 1 0
1  85 0 0 6.39880065230299
3  176 177G1 53 0 0 6.39880065230299
0

0101000
+556 0 -546 0 *
Ed
 1.00005e-07 1 1 0
1  86 0 0 6.28318530717959
2  178 53 0 0 6.28318530717959
2  179 55 0 0 6.28318530717959
0

0101000
+546 0 -546 0 *
Wi

0101100
+545 0 +554 0 -545 0 -544 0 *
Fa
0  1e-07 53 0

0101000
+543 0 *
Ve
1.00005e-07
30.4368118469245 21.0102230878901 0.645068873020907
0 0

0101101
*
Ed
 1e-07 1 1 0
1  87 0 0 6.39880065230299
3  180 181G1 54 0 0 6.39880065230299
0

0101000
+551 0 -541 0 *
Ed
 1.00005e-07 1 1 0
1  88 0 0 6.28318530717959
2  182 54 0 0 6.28318530717959
2  183 56 0 0 6.28318530717959
2  184 55 0 0 6.28318530717959
0

0101000
+541 0 -541 0 *
Wi

0101100
+540 0 +549 0 -540 0 -539 0 *
Fa
0  1e-07 54 0

0101000
+538 0 *
Wi

0101100
+544 0 *
Wi

0101100
-539 0 *
Fa
0  1e-07 55 0

0101000
+536 0 +535 0 *
Sh

0101100
-587 0 +582 0 -577 0 +572 0 -567 0 +562 0 -557 0 +552 0 -547 0 +542 0 
-537 0 +534 0 *
So

0100000
+533 0 *
Co

0100000
+532 0 *
Ve
1e-07
19.9 3.8 -1.45
0 0

0101101
*
Ed
 1e-07 1 1 0
1  89 0 0 6.28318530717959
2  185 57 0 0 6.28318530717959
2  186 58 0 0 6.28318530717959
0

0101000
+530 0 -530 0 *
Ve
1e-07
19.9 3.8 -1.65
0 0

0101101
*
Ed
 1e-07 1 1 0
1  90 0 0 0.2
3  187 188CN 57 0 0 0.2
0

0101000
-530 0 +528 0 *
Ed
 1e-07 1 1 0
1  91 0 0 6.28318530717959
2  189 57 0 0 6.28318530717959
2  190 59 0 0 6.28318530717959
0

0101000
+528 0 -528 0 *
Wi

0101100
-529 0 +527 0 +526 0 -527 0 *
Fa
0  1e-07 57 0

0111000
+525 0 *
Wi

0101100
+529 0 *
Fa
0  1e-07 58 0

0111000
+523 0 *
Wi

0101100
-526 0 *
Fa
0  1e-07 59 0

0111000
-521 0 *
Sh

0101100
+524 0 +522 0 -520 0 *
So

0100000
+519 0 *
Ve
1.00005e-07
26.6327172793562 -15.6336413603219 0.04
0 0

0101101
*
Ed
 1.00005e-07 1 1 0
1  92 0 0 6.28318530717959
2  191 61 0 0 6.28318530717959
2  192 60 0 0 6.28318530717959
0

0101000
+517 0 -517 0 *
Wi

0101100
+516 0 *
Ve
1.00005e-07
26.63316718427 -15.633416407865 0.04
0 0

0101101
*
Ed
 1.00005e-07 1 1 0
1  93 0 0 6.28318530717959
2  193 62 0 0 6.28318530717959
2  194 63 0 0 6.28318530717959
2  195 60 0 0 6.28318530717959
0

0101000
+514 0 -514 0 *
Wi

0101100
-513 0 *
Fa
0  1e-07 60 0

0101000
+515 0 +512 0 *
Ve
1.00005e-07
26.6727172793562 -15.7136413603219 0.04
0 0

0101101
*
Ed
 1e-07 1 1 0
1  94 0 0 0.0894427190999929
3  196 197G1 61 0 0 0.0894427190999929
0

0101000
+517 0 -510 0 *
Ed
 1.00005e-07 1 1 0
1  95 0 0 6.28318530717959
2  198 61 0 0 6.28318530717959
2  199 64 0 0 6.28318530717959
0

0101000
+510 0 -510 0 *
Wi

0101100
+509 0 +516 0 -509 0 -508 0 *
Fa
0  1e-07 61 0

0101000
+507 0 *
Ve
1.00005e-07
26.67316718427 -15.713416407865 0.04
0 0

0101101
*
Ed
 1e-07 1 1 0
1  96 0 0 0.0894427190999929
3  200 201G1 62 0 0 0.0894427190999929
0

0101000
+514 0 -505 0 *
Ed
 1.00005e-07 1 1 0
1  97 0 0 6.28318530717959
2  202 62 0 0 6.28318530717959
2  203 65 0 0 6.28318530717959
2  204 64 0 0 6.28318530717959
0

0101000
+505 0 -505 0 *
Wi

0101100
+504 0 +513 0 -504 0 -503 0 *
Fa
0  1e-07 62 0

0101000
+502 0 *
Wi

0101100
+508 0 *
Wi

0101100
-503 0 *
Fa
0  1e-07 64 0

0101000
+500 0 +499 0 *
Sh

0101100
-511 0 +506 0 -501 0 +498 0 *
So

0100000
+497 0 *
Co

0100000
+496 0 *
Ve
1.00005e-07
20.8 3.80183376895141 -1.60048640881711
0 0

0101101
*
Ed
 1.00005e-07 1 1 0
1  98 0 0 6.28318530717959
2  205 67 0 0 6.28318530717959
2  206 66 0 0 6.28318530717959
0

0101000
+494 0 -494 0 *
Wi

0101100
+493 0 *
Ve
1.00005e-07
20.8 3.80180125568774 -1.59994587580866
0 0

0101101
*
Ed
 1.00005e-07 1 1 0
1  99 0 0 6.28318530717959
2  207 68 0 0 6.28318530717959
2  208 69 0 0 6.28318530717959
2  209 66 0 0 6.28318530717959
0

0101000
+491 0 -491 0 *
Wi

0101100
-490 0 *
Fa
0  1e-07 66 0

0101000
+492 0 +489 0 *
Ve
0.000192890019656344
20.8 2.47363339831363 -1.68037816043442
0 0

0101101
*
Ed
 1e-07 1 1 0
1  100 0 0 1.33060096067108
3  210 211G1 67 0 0 1.33060096067108
0

0101000
+494 0 -487 0 *
Ed
 0.000192890019656344 1 1 0
1  101 0 0 6.28318530717959
2  212 67 0 0 6.28318530717959
2  213 70 0 0 6.28318530717959
4 G1 70 0 67 0
0

0101000
+487 0 -487 0 *
Wi

0101100
+486 0 +493 0 -486 0 -485 0 *
Fa
0  1e-07 67 0

0101000
+484 0 *
Ve
0.000189470022791785
20.8 2.47360088504996 -1.67983762742596
0 0

0101101
*
Ed
 1e-07 1 1 0
1  102 0 0 1.33060096067108
3  214 215G1 68 0 0 1.33060096067108
0

0101000
+491 0 -482 0 *
Ed
 0.000189470022791785 1 1 0
1  103 0 0 6.28318530717959
2  216 68 0 0 6.28318530717959
2  217 71 0 0 6.28318530717959
4 G1 71 0 68 0
0

0101000
+482 0 -482 0 *
Wi

0101100
+481 0 +490 0 -481 0 -480 0 *
Fa
0  1e-07 68 0

0101000
+479 0 *
Ve
0.000192890019656119
20.8 2.46819711798674 -1.68054150996809
0 0

0101101
*
Ed
 1e-07 1 1 0
1  104 0 0 1
3  218 219G1 70 0 0 1
0

0101000
+487 0 -477 0 *
Ed
 0.000192890019656119 1 1 0
1  105 0 0 6.28318530717959
2  220 70 0 0 6.28318530717959
2  221 72 0 0 6.28318530717959
4 G1 72 0 70 0
0

0101000
+477 0 -477 0 *
Wi

0101100
+476 0 +485 0 -476 0 -475 0 *
Fa
0  1e-07 70 0

0101000
+474 0 *
Ve
0.000189470022785427
20.8 2.46819711798674 -1.68
0 0

0101101
*
Ed
 1e-07 1 1 0
1  106 0 0 1
3  222 223G1 71 0 0 1
0

0101000
+482 0 -472 0 *
Ed
 0.000189470022785427 1 1 0
1  107 0 0 6.28318530717959
2  224 71 0 0 6.28318530717959
2  225 73 0 0 6.28318530717959
4 G1 73 0 71 0
0

0101000
+472 0 -472 0 *
Wi

0101100
+471 0 +480 0 -471 0 -470 0 *
Fa
0  1e-07 71 0

0101000
+469 0 *
Ve
0.000192890019656358
20.8 -2.46819711798674 -1.68054150996809
0 0

0101101
*
Ed
 1e-07 1 1 0
1  108 0 0 4.93639423597349
3  226 227G1 72 0 0 4.93639423597349
0

0101000
+477 0 -467 0 *
Ed
 0.000192890019656358 1 1 0
1  109 0 0 6.28318530717959
2  228 72 0 0 6.28318530717959
2  229 74 0 0 6.28318530717959
4 G1 74 0 72 0
0

0101000
+467 0 -467 0 *
Wi

0101100
+466 0 +475 0 -466 0 -465 0 *
Fa
0  1e-07 72 0

0101000
+464 0 *
Ve
0.00018947002279165
20.8 -2.46819711798675 -1.68
0 0

0101101
*
Ed
 1e-07 1 1 0
1  110 0 0 4.93639423597349
3  230 231G1 73 0 0 4.93639423597349
0

0101000
+472 0 -462 0 *
Ed
 0.00018947002279165 1 1 0
1  111 0 0 6.28318530717959
2  232 73 0 0 6.28318530717959
2  233 75 0 0 6.28318530717959
4 G1 75 0 73 0
0

0101000
+462 0 -462 0 *
Wi

0101100
+461 0 +470 0 -461 0 -460 0 *
Fa
0  1e-07 73 0

0101000
+459 0 *
Ve
0.000192890019655952
20.8 -2.47363339831363 -1.68037816043442
0 0

0101101
*
Ed
 1e-07 1 1 0
1  112 0 0 1
3  234 235G1 74 0 0 1
0

0101000
+467 0 -457 0 *
Ed
 0.000192890019655952 1 1 0
1  113 0 0 6.28318530717959
2  236 74 0 0 6.28318530717959
2  237 76 0 0 6.28318530717959
4 G1 76 0 74 0
0

0101000
+457 0 -457 0 *
Wi

0101100
+456 0 +465 0 -456 0 -455 0 *
Fa
0  1e-07 74 0

0101000
+454 0 *
Ve
0.000189470022785142
20.8 -2.47360088504996 -1.67983762742596
0 0

0101101
*
Ed
 1e-07 1 1 0
1  114 0 0 1
3  238 239G1 75 0 0 1
0

0101000
+462 0 -452 0 *
Ed
 0.000189470022785142 1 1 0
1  115 0 0 6.28318530717959
2  240 75 0 0 6.28318530717959
2  241 77 0 0 6.28318530717959
4 G1 77 0 75 0
0

0101000
+452 0 -452 0 *
Wi

0101100
+451 0 +460 0 -451 0 -450 0 *
Fa
0  1e-07 75 0

0101000
+449 0 *
Ve
1.00005e-07
20.8 -3.80183376895141 -1.60048640881711
0 0

0101101
*
Ed
 1e-07 1 1 0
1  116 0 0 1.33060096067108
3  242 243G1 76 0 0 1.33060096067108
0

0101000
+457 0 -447 0 *
Ed
 1.00005e-07 1 1 0
1  117 0 0 6.28318530717959
2  244 76 0 0 6.28318530717959
2  245 78 0 0 6.28318530717959
0

0101000
+447 0 -447 0 *
Wi

0101100
+446 0 +455 0 -446 0 -445 0 *
Fa
0  1e-07 76 0

0101000
+444 0 *
Ve
1.00005e-07
20.8 -3.80180125568774 -1.59994587580866
0 0

0101101
*
Ed
 1e-07 1 1 0
1  118 0 0 1.33060096067108
3  246 247G1 77 0 0 1.33060096067108
0

0101000
+452 0 -442 0 *
Ed
 1.00005e-07 1 1 0
1  119 0 0 6.28318530717959
2  248 77 0 0 6.28318530717959
2  249 79 0 0 6.28318530717959
2  250 78 0 0 6.28318530717959
0

0101000
+442 0 -442 0 *
Wi

0101100
+441 0 +450 0 -441 0 -440 0 *
Fa
0  1e-07 77 0

0101000
+439 0 *
Wi

0101100
+445 0 *
Wi

0101100
-440 0 *
Fa
0  1e-07 78 0

0101000
+437 0 +436 0 *
Sh

0101100
-488 0 +483 0 -478 0 +473 0 -468 0 +463 0 -458 0 +453 0 -448 0 +443 0 
-438 0 +435 0 *
So

0100000
+434 0 *
Co

0100000
+433 0 *
Ve
1.00005e-07
19.6973185669182 -3.1 -1.67976090592223
0 0

0101101
*
Ed
 1.00005e-07 1 1 0
1  120 0 0 6.28318530717959
2  251 81 0 0 6.28318530717959
2  252 80 0 0 6.28318530717959
0

0101000
+431 0 -431 0 *
Wi

0101100
+430 0 *
Ve
1.00005e-07
19.6973501660556 -3.1 -1.68011725614896
0 0

0101101
*
Ed
 1.00005e-07 1 1 0
1  121 0 0 6.28318530717959
2  253 82 0 0 6.28318530717959
2  254 83 0 0 6.28318530717959
2  255 80 0 0 6.28318530717959
0

0101000
+428 0 -428 0 *
Wi

0101100
-427 0 *
Fa
0  1e-07 80 0

0101000
+429 0 +426 0 *
Ve
1.00005e-07
20.7973185669182 -3.09413282262153 -1.58221908200515
0 0

0101101
*
Ed
 1e-07 1 1 0
1  122 0 0 1.10433184830623
3  256 257G1 81 0 0 1.10433184830623
0

0101000
+431 0 -424 0 *
Ed
 1.00005e-07 1 1 0
1  123 0 0 6.28318530717959
2  258 81 0 0 6.28318530717959
2  259 84 0 0 6.28318530717959
0

0101000
+424 0 -424 0 *
Wi

0101100
+423 0 +430 0 -423 0 -422 0 *
Fa
0  1e-07 81 0

0101000
+421 0 *
Ve
1.00005e-07
20.7973501660556 -3.09413282262153 -1.58257543223187
0 0

0101101
*
Ed
 1e-07 1 1 0
1  124 0 0 1.10433184830623
3  260 261G1 82 0 0 1.10433184830623
0

0101000
+428 0 -419 0 *
Ed
 1.00005e-07 1 1 0
1  125 0 0 6.28318530717959
2  262 82 0 0 6.28318530717959
2  263 85 0 0 6.28318530717959
2  264 84 0 0 6.28318530717959
0

0101000
+419 0 -419 0 *
Wi

0101100
+418 0 +427 0 -418 0 -417 0 *
Fa
0  1e-07 82 0

0101000
+416 0 *
Wi

0101100
+422 0 *
Wi

0101100
-417 0 *
Fa
0  1e-07 84 0

0101000
+414 0 +413 0 *
Sh

0101100
-425 0 +420 0 -415 0 +412 0 *
So

0100000
+411 0 *
Co

0100000
+410 0 *
Ve
1.00005e-07
19.8 -3.8 -1.53945849003191
0 0

0101101
*
Ed
 1.00005e-07 1 1 0
1  126 0 0 6.28318530717959
2  265 87 0 0 6.28318530717959
2  266 86 0 0 6.28318530717959
0

0101000
+408 0 -408 0 *
Wi

0101100
+407 0 *
Ve
1.00005e-07
19.8 -3.8 -1.54
0 0

0101101
*
Ed
 1.00005e-07 1 1 0
1  127 0 0 6.28318530717959
2  267 88 0 0 6.28318530717959
2  268 89 0 0 6.28318530717959
2  269 86 0 0 6.28318530717959
0

0101000
+405 0 -405 0 *
Wi

0101100
-404 0 *
Fa
0  1e-07 86 0

0101000
+406 0 +403 0 *
Ve
0.000192890020135174
21.0617150817689 -3.8 -1.53945849003191
0 0

0101101
*
Ed
 1e-07 1 1 0
1  128 0 0 1.26171508176894
3  270 271G1 87 0 0 1.26171508176894
0

0101000
+408 0 -401 0 *
Ed
 0.000192890020135174 1 1 0
1  129 0 0 6.28318530717959
2  272 87 0 0 6.28318530717959
2  273 90 0 0 6.28318530717959
4 G1 90 0 87 0
0

0101000
+401 0 -401 0 *
Wi

0101100
+400 0 +407 0 -400 0 -399 0 *
Fa
0  1e-07 87 0

0101000
+398 0 *
Ve
0.000189470023264747
21.0617150817689 -3.8 -1.54
0 0

0101101
*
Ed
 1e-07 1 1 0
1  130 0 0 1.26171508176894
3  274 275G1 88 0 0 1.26171508176894
0

0101000
+405 0 -396 0 *
Ed
 0.000189470023264747 1 1 0
1  131 0 0 6.28318530717959
2  276 88 0 0 6.28318530717959
2  277 91 0 0 6.28318530717959
4 G1 91 0 88 0
0

0101000
+396 0 -396 0 *
Wi

0101100
+395 0 +404 0 -395 0 -394 0 *
Fa
0  1e-07 88 0

0101000
+393 0 *
Ve
0.000192890020171069
21.1122697021792 -3.83194317857786 -1.53496278341725
0 0

0101101
*
Ed
 1e-07 1 1 0
1  132 0 0 1
3  278 279G1 90 0 0 1
0

0101000
+401 0 -391 0 *
Ed
 0.000192890020171069 1 1 0
1  133 0 0 6.28318530717959
2  280 90 0 0 6.28318530717959
2  281 92 0 0 6.28318530717959
4 G1 92 0 90 0
0

0101000
+391 0 -391 0 *
Wi

0101100
+390 0 +399 0 -390 0 -389 0 *
Fa
0  1e-07 90 0

0101000
+388 0 *
Ve
0.000189470023265673
21.1123381458976 -3.83198642506854 -1.53549820684221
0 0

0101101
*
Ed
 1e-07 1 1 0
1  134 0 0 1
3  282 283G1 91 0 0 1
0

0101000
+396 0 -386 0 *
Ed
 0.000189470023265673 1 1 0
1  135 0 0 6.28318530717959
2  284 91 0 0 6.28318530717959
2  285 93 0 0 6.28318530717959
4 G1 93 0 91 0
0

0101000
+386 0 -386 0 *
Wi

0101100
+385 0 +394 0 -385 0 -384 0 *
Fa
0  1e-07 91 0

0101000
+383 0 *
Ve
0.000192890020137353
22.9565228145102 -7.76311428644144 -0.981686849717929
0 0

0101101
*
Ed
 1e-07 1 1 0
1  136 0 0 4.37738393112313
3  286 287G1 92 0 0 4.37738393112313
0

0101000
+391 0 -381 0 *
Ed
 0.000192890020137353 1 1 0
1  137 0 0 6.28318530717959
2  288 92 0 0 6.28318530717959
2  289 94 0 0 6.28318530717959
4 G1 94 0 92 0
0

0101000
+381 0 -381 0 *
Wi

0101100
+380 0 +389 0 -380 0 -379 0 *
Fa
0  1e-07 92 0

0101000
+378 0 *
Ve
0.000189470023247777
22.9565912582287 -7.76315753293211 -0.982222273142888
0 0

0101101
*
Ed
 1e-07 1 1 0
1  138 0 0 4.37738393112313
3  290 291G1 93 0 0 4.37738393112313
0

0101000
+386 0 -376 0 *
Ed
 0.000189470023247777 1 1 0
1  139 0 0 6.28318530717959
2  292 93 0 0 6.28318530717959
2  293 95 0 0 6.28318530717959
4 G1 95 0 93 0
0

0101000
+376 0 -376 0 *
Wi

0101100
+375 0 +384 0 -375 0 -374 0 *
Fa
0  1e-07 93 0

0101000
+373 0 *
Ve
0.000192890020168313
22.9059681941 -7.84157010942988 -0.970644919075111
0 0

0101101
*
Ed
 1e-07 1 1 0
1  140 0 0 1
3  294 295G1 94 0 0 1
0

0101000
+381 0 -371 0 *
Ed
 0.000192890020168313 1 1 0
1  141 0 0 6.28318530717959
2  296 94 0 0 6.28318530717959
2  297 96 0 0 6.28318530717959
4 G1 96 0 94 0
0

0101000
+371 0 -371 0 *
Wi

0101100
+370 0 +379 0 -370 0 -369 0 *
Fa
0  1e-07 94 0

0101000
+368 0 *
Ve
0.000189470023303269
22.9059681941 -7.84171957387281 -0.97116539330679
0 0

0101101
*
Ed
 1e-07 1 1 0
1  142 0 0 1
3  298 299G1 95 0 0 1
0

0101000
+376 0 -366 0 *
Ed
 0.000189470023303269 1 1 0
1  143 0 0 6.28318530717959
2  300 95 0 0 6.28318530717959
2  301 97 0 0 6.28318530717959
4 G1 97 0 95 0
0

0101000
+366 0 -366 0 *
Wi

0101100
+365 0 +374 0 -365 0 -364 0 *
Fa
0  1e-07 95 0

0101000
+363 0 *
Ve
1.00005e-07
18 -7.84157010942988 -0.970644919075111
0 0

0101101
*
Ed
 1e-07 1 1 0
1  144 0 0 4.9059681941
3  302 303G1 96 0 0 4.9059681941
0

0101000
+371 0 -361 0 *
Ed
 1.00005e-07 1 1 0
1  145 0 0 6.28318530717959
2  304 96 0 0 6.28318530717959
2  305 98 0 0 6.28318530717959
0

0101000
+361 0 -361 0 *
Wi

0101100
+360 0 +369 0 -360 0 -359 0 *
Fa
0  1e-07 96 0

0101000
+358 0 *
Ve
1.00005e-07
18 -7.84171957387281 -0.97116539330679
0 0

0101101
*
Ed
 1e-07 1 1 0
1  146 0 0 4.9059681941
3  306 307G1 97 0 0 4.9059681941
0

0101000
+366 0 -356 0 *
Ed
 1.00005e-07 1 1 0
1  147 0 0 6.28318530717959
2  308 97 0 0 6.28318530717959
2  309 99 0 0 6.28318530717959
2  310 98 0 0 6.28318530717959
0

0101000
+356 0 -356 0 *
Wi

0101100
+355 0 +364 0 -355 0 -354 0 *
Fa
0  1e-07 97 0

0101000
+353 0 *
Wi

0101100
+359 0 *
Wi

0101100
-354 0 *
Fa
0  1e-07 98 0

0101000
+351 0 +350 0 *
Sh

0101100
-402 0 +397 0 -392 0 +387 0 -382 0 +377 0 -372 0 +367 0 -362 0 +357 0 
-352 0 +349 0 *
So

0100000
+348 0 *
Co

0100000
+347 0 *
Ve
1.00005e-07
19.8 3.8 -1.53945849003191
0 0

0101101
*
Ed
 1.00005e-07 1 1 0
1  148 0 0 6.28318530717959
2  311 101 0 0 6.28318530717959
2  312 100 0 0 6.28318530717959
0

0101000
+345 0 -345 0 *
Wi

0101100
+344 0 *
Ve
1.00005e-07
19.8 3.8 -1.54
0 0

0101101
*
Ed
 1.00005e-07 1 1 0
1  149 0 0 6.28318530717959
2  313 102 0 0 6.28318530717959
2  314 103 0 0 6.28318530717959
2  315 100 0 0 6.28318530717959
0

0101000
+342 0 -342 0 *
Wi

0101100
-341 0 *
Fa
0  1e-07 100 0

0101000
+343 0 +340 0 *
Ve
0.000192890020130657
21.0617150817689 3.8 -1.53945849003191
0 0

0101101
*
Ed
 1e-07 1 1 0
1  150 0 0 1.26171508176894
3  316 317G1 101 0 0 1.26171508176894
0

0101000
+345 0 -338 0 *
Ed
 0.000192890020130657 1 1 0
1  151 0 0 6.28318530717959
2  318 101 0 0 6.28318530717959
2  319 104 0 0 6.28318530717959
4 G1 104 0 101 0
0

0101000
+338 0 -338 0 *
Wi

0101100
+337 0 +344 0 -337 0 -336 0 *
Fa
0  1e-07 101 0

0101000
+335 0 *
Ve
0.000189470023255801
21.0617150817689 3.8 -1.54
0 0

0101101
*
Ed
 1e-07 1 1 0
1  152 0 0 1.26171508176894
3  320 321G1 102 0 0 1.26171508176894
0

0101000
+342 0 -333 0 *
Ed
 0.000189470023255801 1 1 0
1  153 0 0 6.28318530717959
2  322 102 0 0 6.28318530717959
2  323 105 0 0 6.28318530717959
4 G1 105 0 102 0
0

0101000
+333 0 -333 0 *
Wi

0101100
+332 0 +341 0 -332 0 -331 0 *
Fa
0  1e-07 102 0

0101000
+330 0 *
Ve
0.000192890020129962
21.1122697021792 3.83194317857786 -1.53496278341725
0 0

0101101
*
Ed
 1e-07 1 1 0
1  154 0 0 1
3  324 325G1 104 0 0 1
0

0101000
+338 0 -328 0 *
Ed
 0.000192890020129962 1 1 0
1  155 0 0 6.28318530717959
2  326 104 0 0 6.28318530717959
2  327 106 0 0 6.28318530717959
4 G1 106 0 104 0
0

0101000
+328 0 -328 0 *
Wi

0101100
+327 0 +336 0 -327 0 -326 0 *
Fa
0  1e-07 104 0

0101000
+325 0 *
Ve
0.000189470023257778
21.1123381458976 3.83198642506854 -1.53549820684221
0 0

0101101
*
Ed
 1e-07 1 1 0
1  156 0 0 1
3  328 329G1 105 0 0 1
0

0101000
+333 0 -323 0 *
Ed
 0.000189470023257778 1 1 0
1  157 0 0 6.28318530717959
2  330 105 0 0 6.28318530717959
2  331 107 0 0 6.28318530717959
4 G1 107 0 105 0
0

0101000
+323 0 -323 0 *
Wi

0101100
+322 0 +331 0 -322 0 -321 0 *
Fa
0  1e-07 105 0

0101000
+320 0 *
Ve
0.00019289002015172
22.9565228145102 7.76311428644144 -0.981686849717929
0 0

0101101
*
Ed
 1e-07 1 1 0
1  158 0 0 4.37738393112313
3  332 333G1 106 0 0 4.37738393112313
0

0101000
+328 0 -318 0 *
Ed
 0.00019289002015172 1 1 0
1  159 0 0 6.28318530717959
2  334 106 0 0 6.28318530717959
2  335 108 0 0 6.28318530717959
4 G1 108 0 106 0
0

0101000
+318 0 -318 0 *
Wi

0101100
+317 0 +326 0 -317 0 -316 0 *
Fa
0  1e-07 106 0

0101000
+315 0 *
Ve
0.000189470023262106
22.9565912582287 7.76315753293211 -0.982222273142888
0 0

0101101
*
Ed
 1e-07 1 1 0
1  160 0 0 4.37738393112313
3  336 337G1 107 0 0 4.37738393112313
0

0101000
+323 0 -313 0 *
Ed
 0.000189470023262106 1 1 0
1  161 0 0 6.28318530717959
2  338 107 0 0 6.28318530717959
2  339 109 0 0 6.28318530717959
4 G1 109 0 107 0
0

0101000
+313 0 -313 0 *
Wi

0101100
+312 0 +321 0 -312 0 -311 0 *
Fa
0  1e-07 107 0

0101000
+310 0 *
Ve
0.000192890020132122
22.9059681941 7.84157010942988 -0.970644919075111
0 0

0101101
*
Ed
 1e-07 1 1 0
1  162 0 0 1
3  340 341G1 108 0 0 1
0

0101000
+318 0 -308 0 *
Ed
 0.000192890020132122 1 1 0
1  163 0 0 6.28318530717959
2  342 108 0 0 6.28318530717959
2  343 110 0 0 6.28318530717959
4 G1 110 0 108 0
0

0101000
+308 0 -308 0 *
Wi

0101100
+307 0 +316 0 -307 0 -306 0 *
Fa
0  1e-07 108 0

0101000
+305 0 *
Ve
0.000189470023255849
22.9059681941 7.84171957387281 -0.97116539330679
0 0

0101101
*
Ed
 1e-07 1 1 0
1  164 0 0 1
3  344 345G1 109 0 0 1
0

0101000
+313 0 -303 0 *
Ed
 0.000189470023255849 1 1 0
1  165 0 0 6.28318530717959
2  346 109 0 0 6.28318530717959
2  347 111 0 0 6.28318530717959
4 G1 111 0 109 0
0

0101000
+303 0 -303 0 *
Wi

0101100
+302 0 +311 0 -302 0 -301 0 *
Fa
0  1e-07 109 0

0101000
+300 0 *
Ve
1.00005e-07
18 7.84157010942988 -0.970644919075111
0 0

0101101
*
Ed
 1e-07 1 1 0
1  166 0 0 4.9059681941
3  348 349G1 110 0 0 4.9059681941
0

0101000
+308 0 -298 0 *
Ed
 1.00005e-07 1 1 0
1  167 0 0 6.28318530717959
2  350 110 0 0 6.28318530717959
2  351 112 0 0 6.28318530717959
0

0101000
+298 0 -298 0 *
Wi

0101100
+297 0 +306 0 -297 0 -296 0 *
Fa
0  1e-07 110 0

0101000
+295 0 *
Ve
1.00005e-07
18 7.84171957387281 -0.97116539330679
0 0

0101101
*
Ed
 1e-07 1 1 0
1  168 0 0 4.9059681941
3  352 353G1 111 0 0 4.9059681941
0

0101000
+303 0 -293 0 *
Ed
 1.00005e-07 1 1 0
1  169 0 0 6.28318530717959
2  354 111 0 0 6.28318530717959
2  355 113 0 0 6.28318530717959
2  356 112 0 0 6.28318530717959
0

0101000
+293 0 -293 0 *
Wi

0101100
+292 0 +301 0 -292 0 -291 0 *
Fa
0  1e-07 111 0

0101000
+290 0 *
Wi

0101100
+296 0 *
Wi

0101100
-291 0 *
Fa
0  1e-07 112 0

0101000
+288 0 +287 0 *
Sh

0101100
-339 0 +334 0 -329 0 +324 0 -319 0 +314 0 -309 0 +304 0 -299 0 +294 0 
-289 0 +286 0 *
So

0100000
+285 0 *
Co

0100000
+284 0 *
Ve
1.00005e-07
27.1672827206438 15.3663586396781 0.04
0 0

0101101
*
Ed
 1.00005e-07 1 1 0
1  170 0 0 6.28318530717959
2  357 115 0 0 6.28318530717959
2  358 114 0 0 6.28318530717959
0

0101000
+282 0 -282 0 *
Wi

0101100
+281 0 *
Ve
1.00005e-07
27.16683281573 15.366583592135 0.04
0 0

0101101
*
Ed
 1.00005e-07 1 1 0
1  171 0 0 6.28318530717959
2  359 116 0 0 6.28318530717959
2  360 117 0 0 6.28318530717959
2  361 114 0 0 6.28318530717959
0

0101000
+279 0 -279 0 *
Wi

0101100
-278 0 *
Fa
0  1e-07 114 0

0101000
+280 0 +277 0 *
Ve
1.00005e-07
27.2072827206438 15.4463586396781 0.04
0 0

0101101
*
Ed
 1e-07 1 1 0
1  172 0 0 0.0894427190999913
3  362 363G1 115 0 0 0.0894427190999913
0

0101000
+282 0 -275 0 *
Ed
 1.00005e-07 1 1 0
1  173 0 0 6.28318530717959
2  364 115 0 0 6.28318530717959
2  365 118 0 0 6.28318530717959
0

0101000
+275 0 -275 0 *
Wi

0101100
+274 0 +281 0 -274 0 -273 0 *
Fa
0  1e-07 115 0

0101000
+272 0 *
Ve
1.00005e-07
27.20683281573 15.446583592135 0.04
0 0

0101101
*
Ed
 1e-07 1 1 0
1  174 0 0 0.0894427190999913
3  366 367G1 116 0 0 0.0894427190999913
0

0101000
+279 0 -270 0 *
Ed
 1.00005e-07 1 1 0
1  175 0 0 6.28318530717959
2  368 116 0 0 6.28318530717959
2  369 119 0 0 6.28318530717959
2  370 118 0 0 6.28318530717959
0

0101000
+270 0 -270 0 *
Wi

0101100
+269 0 +278 0 -269 0 -268 0 *
Fa
0  1e-07 116 0

0101000
+267 0 *
Wi

0101100
+273 0 *
Wi

0101100
-268 0 *
Fa
0  1e-07 118 0

0101000
+265 0 +264 0 *
Sh

0101100
-276 0 +271 0 -266 0 +263 0 *
So

0100000
+262 0 *
Co

0100000
+261 0 *
Ve
1.00005e-07
26.530764248063 15.7 -0.085
0 0

0101101
*
Ed
 1.00005e-07 1 1 0
1  176 0 0 6.28318530717959
2  371 121 0 0 6.28318530717959
2  372 120 0 0 6.28318530717959
0

0101000
+259 0 -259 0 *
Wi

0101100
+258 0 *
Ve
1.00005e-07
26.53 15.7 -0.085
0 0

0101101
*
Ed
 1.00005e-07 1 1 0
1  177 0 0 6.28318530717959
2  373 122 0 0 6.28318530717959
2  374 123 0 0 6.28318530717959
2  375 120 0 0 6.28318530717959
0

0101000
+256 0 -256 0 *
Wi

0101100
-255 0 *
Fa
0  1e-07 120 0

0101000
+257 0 +254 0 *
Ve
0.000194296759870598
26.530764248063 15.7 -0.06
0 0

0101101
*
Ed
 1e-07 1 1 0
1  178 0 0 0.025
3  376 377G1 121 0 0 0.025
0

0101000
+259 0 -252 0 *
Ed
 0.000194296759870598 1 1 0
1  179 0 0 6.28318530717959
2  378 121 0 0 6.28318530717959
2  379 124 0 0 6.28318530717959
4 G1 124 0 121 0
0

0101000
+252 0 -252 0 *
Wi

0101100
+251 0 +258 0 -251 0 -250 0 *
Fa
0  1e-07 121 0

0101000
+249 0 *
Ve
0.000189470023254722
26.53 15.7 -0.06
0 0

0101101
*
Ed
 1e-07 1 1 0
1  180 0 0 0.025
3  380 381G1 122 0 0 0.025
0

0101000
+256 0 -247 0 *
Ed
 0.000189470023254722 1 1 0
1  181 0 0 6.28318530717959
2  382 122 0 0 6.28318530717959
2  383 125 0 0 6.28318530717959
4 G1 125 0 122 0
0

0101000
+247 0 -247 0 *
Wi

0101100
+246 0 +255 0 -246 0 -245 0 *
Fa
0  1e-07 122 0

0101000
+244 0 *
Ve
0.00019429675986382
26.5955955687126 15.6675843396752 0.0124836200218223
0 0

0101101
*
Ed
 1e-07 1 1 0
1  182 0 0 1
3  384 385G1 124 0 0 1
0

0101000
+252 0 -242 0 *
Ed
 0.00019429675986382 1 1 0
1  183 0 0 6.28318530717959
2  386 124 0 0 6.28318530717959
2  387 126 0 0 6.28318530717959
4 G1 126 0 124 0
0

0101000
+242 0 -242 0 *
Wi

0101100
+241 0 +250 0 -241 0 -240 0 *
Fa
0  1e-07 124 0

0101000
+239 0 *
Ve
0.000189470023299611
26.5954427191 15.66727864045 0.0131671842700002
0 0

0101101
*
Ed
 1e-07 1 1 0
1  184 0 0 1
3  388 389G1 125 0 0 1
0

0101000
+247 0 -237 0 *
Ed
 0.000189470023299611 1 1 0
1  185 0 0 6.28318530717959
2  390 125 0 0 6.28318530717959
2  391 127 0 0 6.28318530717959
4 G1 127 0 125 0
0

0101000
+237 0 -237 0 *
Wi

0101100
+236 0 +245 0 -236 0 -235 0 *
Fa
0  1e-07 125 0

0101000
+234 0 *
Ve
0.000194296759882317
27.2505106315835 15.3401268082397 0.0124836200218223
0 0

0101101
*
Ed
 1e-07 1 1 0
1  186 0 0 0.732217300033974
3  392 393G1 126 0 0 0.732217300033974
0

0101000
+242 0 -232 0 *
Ed
 0.000194296759882317 1 1 0
1  187 0 0 6.28318530717959
2  394 126 0 0 6.28318530717959
2  395 128 0 0 6.28318530717959
4 G1 128 0 126 0
0

0101000
+232 0 -232 0 *
Wi

0101100
+231 0 +240 0 -231 0 -230 0 *
Fa
0  1e-07 126 0

0101000
+229 0 *
Ve
0.000189470023260943
27.2503577819709 15.3398211090145 0.0131671842700002
0 0

0101101
*
Ed
 1e-07 1 1 0
1  188 0 0 0.732217300033974
3  396 397G1 127 0 0 0.732217300033974
0

0101000
+237 0 -227 0 *
Ed
 0.000189470023260943 1 1 0
1  189 0 0 6.28318530717959
2  398 127 0 0 6.28318530717959
2  399 129 0 0 6.28318530717959
4 G1 129 0 127 0
0

0101000
+227 0 -227 0 *
Wi

0101100
+226 0 +235 0 -226 0 -225 0 *
Fa
0  1e-07 127 0

0101000
+224 0 *
Ve
0.00019429675991407
27.2812284342312 15.2429244524321 0.00526500782659115
0 0

0101101
*
Ed
 1e-07 1 1 0
1  190 0 0 1
3  400 401G1 128 0 0 1
0

0101000
+232 0 -222 0 *
Ed
 0.00019429675991407 1 1 0
1  191 0 0 6.28318530717959
2  402 128 0 0 6.28318530717959
2  403 130 0 0 6.28318530717959
4 G1 130 0 128 0
0

0101000
+222 0 -222 0 *
Wi

0101100
+221 0 +230 0 -221 0 -220 0 *
Fa
0  1e-07 128 0

0101000
+219 0 *
Ve
0.000189470023255922
27.280957436284 15.2429926177241 0.00597633665866623
0 0

0101101
*
Ed
 1e-07 1 1 0
1  192 0 0 1
3  404 405G1 129 0 0 1
0

0101000
+227 0 -217 0 *
Ed
 0.000189470023255922 1 1 0
1  193 0 0 6.28318530717959
2  406 129 0 0 6.28318530717959
2  407 131 0 0 6.28318530717959
4 G1 131 0 129 0
0

0101000
+217 0 -217 0 *
Wi

0101100
+216 0 +225 0 -216 0 -215 0 *
Fa
0  1e-07 129 0

0101000
+214 0 *
Ve
0.000194296759869156
23.7124078853432 8.71000016988445 -0.728325882778154
0 0

0101101
*
Ed
 1e-07 1 1 0
1  194 0 0 7.48022295031666
3  408 409G1 130 0 0 7.48022295031666
0

0101000
+222 0 -212 0 *
Ed
 0.000194296759869156 1 1 0
1  195 0 0 6.28318530717959
2  410 130 0 0 6.28318530717959
2  411 132 0 0 6.28318530717959
4 G1 132 0 130 0
0

0101000
+212 0 -212 0 *
Wi

0101100
+211 0 +220 0 -211 0 -210 0 *
Fa
0  1e-07 130 0

0101000
+209 0 *
Ve
0.000189470023260422
23.7121368873961 8.71006833517642 -0.727614553946079
0 0

0101101
*
Ed
 1e-07 1 1 0
1  196 0 0 7.48022295031666
3  412 413G1 131 0 0 7.48022295031666
0

0101000
+217 0 -207 0 *
Ed
 0.000189470023260422 1 1 0
1  197 0 0 6.28318530717959
2  414 131 0 0 6.28318530717959
2  415 133 0 0 6.28318530717959
4 G1 133 0 131 0
0

0101000
+207 0 -207 0 *
Wi

0101100
+206 0 +215 0 -206 0 -205 0 *
Fa
0  1e-07 131 0

0101000
+204 0 *
Ve
0.000194296759866968
23.7104954454712 8.70603047177361 -0.728816657056326
0 0

0101101
*
Ed
 1e-07 1 1 0
1  198 0 0 1
3  416 417G1 132 0 0 1
0

0101000
+212 0 -202 0 *
Ed
 0.000194296759866968 1 1 0
1  199 0 0 6.28318530717959
2  418 132 0 0 6.28318530717959
2  419 134 0 0 6.28318530717959
4 G1 134 0 132 0
0

0101000
+202 0 -202 0 *
Wi

0101100
+201 0 +210 0 -201 0 -200 0 *
Fa
0  1e-07 132 0

0101000
+199 0 *
Ve
0.000189470023255742
23.7102047109081 8.70605766929012 -0.728110393075497
0 0

0101101
*
Ed
 1e-07 1 1 0
1  200 0 0 1
3  420 421G1 133 0 0 1
0

0101000
+207 0 -197 0 *
Ed
 0.000189470023255742 1 1 0
1  201 0 0 6.28318530717959
2  422 133 0 0 6.28318530717959
2  423 135 0 0 6.28318530717959
4 G1 135 0 133 0
0

0101000
+197 0 -197 0 *
Wi

0101100
+196 0 +205 0 -196 0 -195 0 *
Fa
0  1e-07 133 0

0101000
+194 0 *
Ve
0.000194296759889432
21.2165649817711 2.7704759681672 -1.52687440544038
0 0

0101101
*
Ed
 1e-07 1 1 0
1  202 0 0 6.48747967956816
3  424 425G1 134 0 0 6.48747967956816
0

0101000
+202 0 -192 0 *
Ed
 0.000194296759889432 1 1 0
1  203 0 0 6.28318530717959
2  426 134 0 0 6.28318530717959
2  427 136 0 0 6.28318530717959
4 G1 136 0 134 0
0

0101000
+192 0 -192 0 *
Wi

0101100
+191 0 +200 0 -191 0 -190 0 *
Fa
0  1e-07 134 0

0101000
+189 0 *
Ve
0.000189470023273235
21.2162742472079 2.77050316568371 -1.52616814145955
0 0

0101101
*
Ed
 1e-07 1 1 0
1  204 0 0 6.48747967956816
3  428 429G1 135 0 0 6.48747967956816
0

0101000
+197 0 -187 0 *
Ed
 0.000189470023273235 1 1 0
1  205 0 0 6.28318530717959
2  430 135 0 0 6.28318530717959
2  431 137 0 0 6.28318530717959
4 G1 137 0 135 0
0

0101000
+187 0 -187 0 *
Wi

0101100
+186 0 +195 0 -186 0 -185 0 *
Fa
0  1e-07 135 0

0101000
+184 0 *
Ve
0.000194296759866817
21.2119230925835 2.74735329137636 -1.52835980998039
0 0

0101101
*
Ed
 1e-07 1 1 0
1  206 0 0 1
3  432 433G1 136 0 0 1
0

0101000
+192 0 -182 0 *
Ed
 0.000194296759866817 1 1 0
1  207 0 0 6.28318530717959
2  434 136 0 0 6.28318530717959
2  435 138 0 0 6.28318530717959
4 G1 138 0 136 0
0

0101000
+182 0 -182 0 *
Wi

0101100
+181 0 +190 0 -181 0 -180 0 *
Fa
0  1e-07 136 0

0101000
+179 0 *
Ve
0.000189470023254826
21.211626898105 2.74735329137636 -1.52765529317247
0 0

0101101
*
Ed
 1e-07 1 1 0
1  208 0 0 1
3  436 437G1 137 0 0 1
0

0101000
+187 0 -177 0 *
Ed
 0.000189470023254826 1 1 0
1  209 0 0 6.28318530717959
2  438 137 0 0 6.28318530717959
2  439 139 0 0 6.28318530717959
4 G1 139 0 137 0
0

0101000
+177 0 -177 0 *
Wi

0101100
+176 0 +185 0 -176 0 -175 0 *
Fa
0  1e-07 137 0

0101000
+174 0 *
Ve
0.0001942967598822
21.2119230925835 -2.7473532913764 -1.52835980998039
0 0

0101101
*
Ed
 1e-07 1 1 0
1  210 0 0 5.49470658275275
3  440 441G1 138 0 0 5.49470658275275
0

0101000
+182 0 -172 0 *
Ed
 0.0001942967598822 1 1 0
1  211 0 0 6.28318530717959
2  442 138 0 0 6.28318530717959
2  443 140 0 0 6.28318530717959
4 G1 140 0 138 0
0

0101000
+172 0 -172 0 *
Wi

0101100
+171 0 +180 0 -171 0 -170 0 *
Fa
0  1e-07 138 0

0101000
+169 0 *
Ve
0.000189470023309343
21.211626898105 -2.7473532913764 -1.52765529317247
0 0

0101101
*
Ed
 1e-07 1 1 0
1  212 0 0 5.49470658275275
3  444 445G1 139 0 0 5.49470658275275
0

0101000
+177 0 -167 0 *
Ed
 0.000189470023309343 1 1 0
1  213 0 0 6.28318530717959
2  446 139 0 0 6.28318530717959
2  447 141 0 0 6.28318530717959
4 G1 141 0 139 0
0

0101000
+167 0 -167 0 *
Wi

0101100
+166 0 +175 0 -166 0 -165 0 *
Fa
0  1e-07 139 0

0101000
+164 0 *
Ve
0.000194296759883266
21.2165649817711 -2.77047596816724 -1.52687440544037
0 0

0101101
*
Ed
 1e-07 1 1 0
1  214 0 0 1
3  448 449G1 140 0 0 1
0

0101000
+172 0 -162 0 *
Ed
 0.000194296759883266 1 1 0
1  215 0 0 6.28318530717959
2  450 140 0 0 6.28318530717959
2  451 142 0 0 6.28318530717959
4 G1 142 0 140 0
0

0101000
+162 0 -162 0 *
Wi

0101100
+161 0 +170 0 -161 0 -160 0 *
Fa
0  1e-07 140 0

0101000
+159 0 *
Ve
0.000189470023256729
21.2162742472079 -2.77050316568375 -1.52616814145955
0 0

0101101
*
Ed
 1e-07 1 1 0
1  216 0 0 1
3  452 453G1 141 0 0 1
0

0101000
+167 0 -157 0 *
Ed
 0.000189470023256729 1 1 0
1  217 0 0 6.28318530717959
2  454 141 0 0 6.28318530717959
2  455 143 0 0 6.28318530717959
4 G1 143 0 141 0
0

0101000
+157 0 -157 0 *
Wi

0101100
+156 0 +165 0 -156 0 -155 0 *
Fa
0  1e-07 141 0

0101000
+154 0 *
Ve
0.000194296759936241
23.7104954454712 -8.70603047177364 -0.728816657056321
0 0

0101101
*
Ed
 1e-07 1 1 0
1  218 0 0 6.48747967956816
3  456 457G1 142 0 0 6.48747967956816
0

0101000
+162 0 -152 0 *
Ed
 0.000194296759936241 1 1 0
1  219 0 0 6.28318530717959
2  458 142 0 0 6.28318530717959
2  459 144 0 0 6.28318530717959
4 G1 144 0 142 0
0

0101000
+152 0 -152 0 *
Wi

0101100
+151 0 +160 0 -151 0 -150 0 *
Fa
0  1e-07 142 0

0101000
+149 0 *
Ve
0.00018947002332116
23.7102047109081 -8.70605766929015 -0.728110393075492
0 0

0101101
*
Ed
 1e-07 1 1 0
1  220 0 0 6.48747967956816
3  460 461G1 143 0 0 6.48747967956816
0

0101000
+157 0 -147 0 *
Ed
 0.00018947002332116 1 1 0
1  221 0 0 6.28318530717959
2  462 143 0 0 6.28318530717959
2  463 145 0 0 6.28318530717959
4 G1 145 0 143 0
0

0101000
+147 0 -147 0 *
Wi

0101100
+146 0 +155 0 -146 0 -145 0 *
Fa
0  1e-07 143 0

0101000
+144 0 *
Ve
0.00019429675986274
23.7124078853432 -8.71000016988449 -0.72832588277815
0 0

0101101
*
Ed
 1e-07 1 1 0
1  222 0 0 1
3  464 465G1 144 0 0 1
0

0101000
+152 0 -142 0 *
Ed
 0.00019429675986274 1 1 0
1  223 0 0 6.28318530717959
2  466 144 0 0 6.28318530717959
2  467 146 0 0 6.28318530717959
4 G1 146 0 144 0
0

0101000
+142 0 -142 0 *
Wi

0101100
+141 0 +150 0 -141 0 -140 0 *
Fa
0  1e-07 144 0

0101000
+139 0 *
Ve
0.000189470023285913
23.7121368873961 -8.71006833517645 -0.727614553946075
0 0

0101101
*
Ed
 1e-07 1 1 0
1  224 0 0 1
3  468 469G1 145 0 0 1
0

0101000
+147 0 -137 0 *
Ed
 0.000189470023285913 1 1 0
1  225 0 0 6.28318530717959
2  470 145 0 0 6.28318530717959
2  471 147 0 0 6.28318530717959
4 G1 147 0 145 0
0

0101000
+137 0 -137 0 *
Wi

0101100
+136 0 +145 0 -136 0 -135 0 *
Fa
0  1e-07 145 0

0101000
+134 0 *
Ve
0.000194296759864534
27.2812284342312 -15.2429244524322 0.00526500782659513
0 0

0101101
*
Ed
 1e-07 1 1 0
1  226 0 0 7.48022295031666
3  472 473G1 146 0 0 7.48022295031666
0

0101000
+142 0 -132 0 *
Ed
 0.000194296759864534 1 1 0
1  227 0 0 6.28318530717959
2  474 146 0 0 6.28318530717959
2  475 148 0 0 6.28318530717959
4 G1 148 0 146 0
0

0101000
+132 0 -132 0 *
Wi

0101100
+131 0 +140 0 -131 0 -130 0 *
Fa
0  1e-07 146 0

0101000
+129 0 *
Ve
0.000189470023289697
27.280957436284 -15.2429926177241 0.00597633665867012
0 0

0101101
*
Ed
 1e-07 1 1 0
1  228 0 0 7.48022295031666
3  476 477G1 147 0 0 7.48022295031666
0

0101000
+137 0 -127 0 *
Ed
 0.000189470023289697 1 1 0
1  229 0 0 6.28318530717959
2  478 147 0 0 6.28318530717959
2  479 149 0 0 6.28318530717959
4 G1 149 0 147 0
0

0101000
+127 0 -127 0 *
Wi

0101100
+126 0 +135 0 -126 0 -125 0 *
Fa
0  1e-07 147 0

0101000
+124 0 *
Ve
0.000194296759901243
27.2505106315835 -15.3401268082397 0.0124836200218223
0 0

0101101
*
Ed
 1e-07 1 1 0
1  230 0 0 1
3  480 481G1 148 0 0 1
0

0101000
+132 0 -122 0 *
Ed
 0.000194296759901243 1 1 0
1  231 0 0 6.28318530717959
2  482 148 0 0 6.28318530717959
2  483 150 0 0 6.28318530717959
4 G1 150 0 148 0
0

0101000
+122 0 -122 0 *
Wi

0101100
+121 0 +130 0 -121 0 -120 0 *
Fa
0  1e-07 148 0

0101000
+119 0 *
Ve
0.000189470023254429
27.2503577819709 -15.3398211090146 0.0131671842700002
0 0

0101101
*
Ed
 1e-07 1 1 0
1  232 0 0 1
3  484 485G1 149 0 0 1
0

0101000
+127 0 -117 0 *
Ed
 0.000189470023254429 1 1 0
1  233 0 0 6.28318530717959
2  486 149 0 0 6.28318530717959
2  487 151 0 0 6.28318530717959
4 G1 151 0 149 0
0

0101000
+117 0 -117 0 *
Wi

0101100
+116 0 +125 0 -116 0 -115 0 *
Fa
0  1e-07 149 0

0101000
+114 0 *
Ve
0.000194296759926539
26.5955955687125 -15.6675843396752 0.0124836200218223
0 0

0101101
*
Ed
 1e-07 1 1 0
1  234 0 0 0.732217300033974
3  488 489G1 150 0 0 0.732217300033974
0

0101000
+122 0 -112 0 *
Ed
 0.000194296759926539 1 1 0
1  235 0 0 6.28318530717959
2  490 150 0 0 6.28318530717959
2  491 152 0 0 6.28318530717959
4 G1 152 0 150 0
0

0101000
+112 0 -112 0 *
Wi

0101100
+111 0 +120 0 -111 0 -110 0 *
Fa
0  1e-07 150 0

0101000
+109 0 *
Ve
0.000189470023321744
26.5954427191 -15.66727864045 0.0131671842700002
0 0

0101101
*
Ed
 1e-07 1 1 0
1  236 0 0 0.732217300033974
3  492 493G1 151 0 0 0.732217300033974
0

0101000
+117 0 -107 0 *
Ed
 0.000189470023321744 1 1 0
1  237 0 0 6.28318530717959
2  494 151 0 0 6.28318530717959
2  495 153 0 0 6.28318530717959
4 G1 153 0 151 0
0

0101000
+107 0 -107 0 *
Wi

0101100
+106 0 +115 0 -106 0 -105 0 *
Fa
0  1e-07 151 0

0101000
+104 0 *
Ve
0.000194296759867136
26.530764248063 -15.7 -0.0600000000000408
0 0

0101101
*
Ed
 1e-07 1 1 0
1  238 0 0 1
3  496 497G1 152 0 0 1
0

0101000
+112 0 -102 0 *
Ed
 0.000194296759867136 1 1 0
1  239 0 0 6.28318530717959
2  498 152 0 0 6.28318530717959
2  499 154 0 0 6.28318530717959
4 G1 154 0 152 0
0

0101000
+102 0 -102 0 *
Wi

0101100
+101 0 +110 0 -101 0 -100 0 *
Fa
0  1e-07 152 0

0101000
+99 0 *
Ve
0.000189470023255562
26.53 -15.7 -0.0600000000000398
0 0

0101101
*
Ed
 1e-07 1 1 0
1  240 0 0 1
3  500 501G1 153 0 0 1
0

0101000
+107 0 -97 0 *
Ed
 0.000189470023255562 1 1 0
1  241 0 0 6.28318530717959
2  502 153 0 0 6.28318530717959
2  503 155 0 0 6.28318530717959
4 G1 155 0 153 0
0

0101000
+97 0 -97 0 *
Wi

0101100
+96 0 +105 0 -96 0 -95 0 *
Fa
0  1e-07 153 0

0101000
+94 0 *
Ve
1.00005e-07
26.530764248063 -15.7 -0.085
0 0

0101101
*
Ed
 1e-07 1 1 0
1  242 0 0 0.025
3  504 505G1 154 0 0 0.025
0

0101000
+102 0 -92 0 *
Ed
 1.00005e-07 1 1 0
1  243 0 0 6.28318530717959
2  506 154 0 0 6.28318530717959
2  507 156 0 0 6.28318530717959
0

0101000
+92 0 -92 0 *
Wi

0101100
+91 0 +100 0 -91 0 -90 0 *
Fa
0  1e-07 154 0

0101000
+89 0 *
Ve
1.00005e-07
26.53 -15.7 -0.085
0 0

0101101
*
Ed
 1e-07 1 1 0
1  244 0 0 0.025
3  508 509G1 155 0 0 0.025
0

0101000
+97 0 -87 0 *
Ed
 1.00005e-07 1 1 0
1  245 0 0 6.28318530717959
2  510 155 0 0 6.28318530717959
2  511 157 0 0 6.28318530717959
2  512 156 0 0 6.28318530717959
0

0101000
+87 0 -87 0 *
Wi

0101100
+86 0 +95 0 -86 0 -85 0 *
Fa
0  1e-07 155 0

0101000
+84 0 *
Wi

0101100
+90 0 *
Wi

0101100
-85 0 *
Fa
0  1e-07 156 0

0101000
+82 0 +81 0 *
Sh

0101100
-253 0 +248 0 -243 0 +238 0 -233 0 +228 0 -223 0 +218 0 -213 0 +208 0 
-203 0 +198 0 -193 0 +188 0 -183 0 +178 0 -173 0 +168 0 -163 0 +158 0 
-153 0 +148 0 -143 0 +138 0 -133 0 +128 0 -123 0 +118 0 -113 0 +108 0 
-103 0 +98 0 -93 0 +88 0 -83 0 +80 0 *
So

0100000
+79 0 *
Co

0100000
+78 0 *
Ve
1.00005e-07
21.2106593171324 7.43550390607774e-18 -1.52842484568627
0 0

0101101
*
Ed
 1.00005e-07 1 1 0
1  246 0 0 6.28318530717959
2  513 159 0 0 6.28318530717959
2  514 158 0 0 6.28318530717959
0

0101000
+76 0 -76 0 *
Wi

0101100
+75 0 *
Ve
1.00005e-07
21.2105337032477 7.34788079488412e-18 -1.52808987532707
0 0

0101101
*
Ed
 1.00005e-07 1 1 0
1  247 0 0 6.28318530717959
2  515 160 0 0 6.28318530717959
2  516 161 0 0 6.28318530717959
2  517 158 0 0 6.28318530717959
0

0101000
+73 0 -73 0 *
Wi

0101100
-72 0 *
Fa
0  1e-07 158 0

0101000
+74 0 +71 0 *
Ve
1.00005e-07
20.8106593171324 7.43550390607774e-18 -1.67842484568627
0 0

0101101
*
Ed
 1e-07 1 1 0
1  248 0 0 0.427200187265875
3  518 519G1 159 0 0 0.427200187265875
0

0101000
+76 0 -69 0 *
Ed
 1.00005e-07 1 1 0
1  249 0 0 6.28318530717959
2  520 159 0 0 6.28318530717959
2  521 162 0 0 6.28318530717959
0

0101000
+69 0 -69 0 *
Wi

0101100
+68 0 +75 0 -68 0 -67 0 *
Fa
0  1e-07 159 0

0101000
+66 0 *
Ve
1.00005e-07
20.8105337032477 7.34788079488412e-18 -1.67808987532707
0 0

0101101
*
Ed
 1e-07 1 1 0
1  250 0 0 0.427200187265875
3  522 523G1 160 0 0 0.427200187265875
0

0101000
+73 0 -64 0 *
Ed
 1.00005e-07 1 1 0
1  251 0 0 6.28318530717959
2  524 160 0 0 6.28318530717959
2  525 163 0 0 6.28318530717959
2  526 162 0 0 6.28318530717959
0

0101000
+64 0 -64 0 *
Wi

0101100
+63 0 +72 0 -63 0 -62 0 *
Fa
0  1e-07 160 0

0101000
+61 0 *
Wi

0101100
+67 0 *
Wi

0101100
-62 0 *
Fa
0  1e-07 162 0

0101000
+59 0 +58 0 *
Sh

0101100
-70 0 +65 0 -60 0 +57 0 *
So

0100000
+56 0 *
Co

0100000
+55 0 *
Ve
1e-07
20.9 -1.5 -1.1
0 0

0101101
*
Ed
 1e-07 1 1 0
1  252 0 0 6.28318530717959
2  527 164 0 0 6.28318530717959
2  528 165 0 0 6.28318530717959
0

0101000
+53 0 -53 0 *
Ve
1e-07
20.7 -1.5 -1.1
0 0

0101101
*
Ed
 1e-07 1 1 0
1  253 0 0 0.2
3  529 530CN 164 0 0 0.2
0

0101000
-53 0 +51 0 *
Ed
 1e-07 1 1 0
1  254 0 0 6.28318530717959
2  531 164 0 0 6.28318530717959
2  532 166 0 0 6.28318530717959
0

0101000
+51 0 -51 0 *
Wi

0101100
-52 0 +50 0 +49 0 -50 0 *
Fa
0  1e-07 164 0

0111000
+48 0 *
Wi

0101100
+52 0 *
Fa
0  1e-07 165 0

0111000
+46 0 *
Wi

0101100
-49 0 *
Fa
0  1e-07 166 0

0111000
-44 0 *
Sh

0101100
+47 0 +45 0 -43 0 *
So

0100000
+42 0 *
Ve
1e-07
19.8 3.1 -1.58
0 0

0101101
*
Ed
 1e-07 1 1 0
1  255 0 0 6.28318530717959
2  533 167 0 0 6.28318530717959
2  534 168 0 0 6.28318530717959
0

0101000
+40 0 -40 0 *
Ve
1e-07
19.8 3.1 -1.78
0 0

0101101
*
Ed
 1e-07 1 1 0
1  256 0 0 0.2
3  535 536CN 167 0 0 0.2
0

0101000
-40 0 +38 0 *
Ed
 1e-07 1 1 0
1  257 0 0 6.28318530717959
2  537 167 0 0 6.28318530717959
2  538 169 0 0 6.28318530717959
0

0101000
+38 0 -38 0 *
Wi

0101100
-39 0 +37 0 +36 0 -37 0 *
Fa
0  1e-07 167 0

0111000
+35 0 *
Wi

0101100
+39 0 *
Fa
0  1e-07 168 0

0111000
+33 0 *
Wi

0101100
-36 0 *
Fa
0  1e-07 169 0

0111000
-31 0 *
Sh

0101100
+34 0 +32 0 -30 0 *
So

0100000
+29 0 *
Ve
1e-07
19.8 -3.1 -1.58
0 0

0101101
*
Ed
 1e-07 1 1 0
1  258 0 0 6.28318530717959
2  539 170 0 0 6.28318530717959
2  540 171 0 0 6.28318530717959
0

0101000
+27 0 -27 0 *
Ve
1e-07
19.8 -3.1 -1.78
0 0

0101101
*
Ed
 1e-07 1 1 0
1  259 0 0 0.2
3  541 542CN 170 0 0 0.2
0

0101000
-27 0 +25 0 *
Ed
 1e-07 1 1 0
1  260 0 0 6.28318530717959
2  543 170 0 0 6.28318530717959
2  544 172 0 0 6.28318530717959
0

0101000
+25 0 -25 0 *
Wi

0101100
-26 0 +24 0 +23 0 -24 0 *
Fa
0  1e-07 170 0

0111000
+22 0 *
Wi

0101100
+26 0 *
Fa
0  1e-07 171 0

0111000
+20 0 *
Wi

0101100
-23 0 *
Fa
0  1e-07 172 0

0111000
-18 0 *
Sh

0101100
+21 0 +19 0 -17 0 *
So

0100000
+16 0 *
Ve
1e-07
19.9 -3.8 -1.45
0 0

0101101
*
Ed
 1e-07 1 1 0
1  261 0 0 6.28318530717959
2  545 173 0 0 6.28318530717959
2  546 174 0 0 6.28318530717959
0

0101000
+14 0 -14 0 *
Ve
1e-07
19.9 -3.8 -1.65
0 0

0101101
*
Ed
 1e-07 1 1 0
1  262 0 0 0.2
3  547 548CN 173 0 0 0.2
0

0101000
-14 0 +12 0 *
Ed
 1e-07 1 1 0
1  263 0 0 6.28318530717959
2  549 173 0 0 6.28318530717959
2  550 175 0 0 6.28318530717959
0

0101000
+12 0 -12 0 *
Wi

0101100
-13 0 +11 0 +10 0 -11 0 *
Fa
0  1e-07 173 0

0111000
+9 0 *
Wi

0101100
+13 0 *
Fa
0  1e-07 174 0

0111000
+7 0 *
Wi

0101100
-10 0 *
Fa
0  1e-07 175 0

0111000
-5 0 *
Sh

0101100
+8 0 +6 0 -4 0 *
So

0100000
+3 0 *
Co

1100000
+760 0 +657 0 +594 0 +531 0 +518 0 +495 0 +432 0 +409 0 +346 0 +283 0 
+260 0 +77 0 +54 0 +41 0 +28 0 +15 0 +2 0 *

+1 0 