DBRep_DrawableShape

CASCADE Topology V3, (c) Open Cascade
Locations 0
Curve2ds 36
1 0 0 0 1 
1 1 0 0 1 
1 0 0 1 0 
7 0 0  3 139 137  0 0  0.011728670363346794 0.0028217216268306977  0.13967793106263571 0.014490398641424429  0.27690468954819281 0.034895094182451736  0.40226552042835451 0.053863924080930214  0.52524128503150536 0.074920614036716904  0.64848371057370713 0.097562336395212501  0.77130758484218731 0.12149933036695981  0.8939833575781897 0.14635764050484235  1.0165141846010819 0.17188083359393191  1.1389562699900004 0.19775077444792033  1.2613866946956378 0.22373908211815774  1.3838221374059252 0.24964913566391145  1.5063210590717944 0.27531138056498095  1.6288932426275018 0.30060598469737987  1.7515683040196386 0.32543429694604509  1.8743512015215558 0.34974362486842669  1.9972448698838718 0.37352317594475148  2.1202292252772175 0.39683415591030835  2.2432956873076257 0.41972701374649191  2.3664382086731344 0.44224773437692466  2.4896344706154423 0.4644428785682746  2.6129020448415901 0.48632716915411245  2.7362043852968476 0.50792924505824644  2.8595786005210684 0.52924181434128315  2.982988966738688 0.5502575049205245  3.1064683371823811 0.57093878206393134  3.2300121944924634 0.59125339322587322  3.353621719463419 0.61113251635256893  3.4773240666260925 0.63050412756142649  3.6011154908829432 0.6492905071125985  3.7250153419398018 0.66738865560049354  3.8490395136889397 0.68466943345710862  3.973197127614938 0.70100773822294049  4.0974945737297688 0.71629078393659085  4.2219439019316631 0.73037506337667013  4.3465340653876225 0.74313020235583327  4.4712748052693456 0.75448042896956014  4.5961468860931625 0.7643106418940433  4.7211462937299835 0.77246476046385459  4.8462538079410962 0.77886993561660689  4.9714423935702996 0.78355029127398179  5.0966924319354057 0.78627832808777698  5.2219659225371657 0.78701182642829393  5.3472422938055573 0.78590402406635929  5.4724735396702044 0.78260282198819309  5.5976428488459469 0.77739113981769159  5.7226932334357343 0.77000045707078946  5.8475956788466696 0.7604967986829112  5.9723151183330287 0.74896747820867171  6.0968278333424593 0.73536596360710216  6.2210803810319462 0.71972669348624585  6.3450609930536146 0.70212820852166491  6.4687469543492888 0.68266671757615116  6.5921430055343002 0.6615008272339844  6.7152475903809545 0.63880976693581459  6.8380811799801826 0.61471099919614369  6.9606262024603858 0.58928656981321459  7.0828788233507822 0.56255821328503308  7.2048057177002214 0.53439391441739947  7.3263113619869564 0.50456903382097873  7.4472600544264118 0.47261656671167596  7.5673687730402825 0.4377777180318243  7.6863137256542728 0.39926127457616722  7.8036244352489099 0.35622699795317692  7.9186707353206671 0.30756338387429505  8.0304890143247327 0.25251158919522898  8.1375037543955919 0.18783009669486983  8.2352271502039365 0.1154414638329766  8.3094999526457372 0.00036708903829907324  8.2364576862824315 -0.11433998247356691  8.1349583936312833 -0.18037720245887856  8.0234614531865063 -0.23347125276642589  7.9071765619587957 -0.27434594441726268  7.7882504246718618 -0.30743665791839425  7.6677030934191528 -0.33415991505379627  7.546092428865947 -0.35576563081191093  7.4237724495043196 -0.37307087664460559  7.3009607040353721 -0.38664464541476251  7.1778366692314108 -0.39706685200147329  7.0545009123945839 -0.40473675484259386  6.9310365761081663 -0.41001742345860248  6.807501689004944 -0.41329359961240486  6.683926830613288 -0.41477262091073963  6.5603462565570467 -0.41480521266030124  6.436773892862373 -0.41357496295974305  6.3132192431733714 -0.41132835853742211  6.1896810427769395 -0.40826152692522777  6.0661619361278909 -0.40455869931915178  5.9426504556214077 -0.4004290064600462  5.8191555037449945 -0.39605275536572138  5.6956667468808071 -0.39150933451874226  5.5721804088094764 -0.38690398061737263  5.4486850792567267 -0.38229092401590914  5.325198236075888 -0.37771806709230249  5.2017089809839376 -0.37321953781830686  5.0782142761048554 -0.36881583861127254  4.9547086538619283 -0.36450338654856851  4.8312145345834168 -0.3602758927569143  4.7077005764012476 -0.35612161024567313  4.5841969977736987 -0.35202838172674566  4.460692501347971 -0.34796669886257581  4.3371785872123034 -0.3439218310153731  4.2136758261921585 -0.33986637543183706  4.0901625520021518 -0.33577244845873844  3.9666589368526139 -0.33161549838786009  3.8431617161074811 -0.32736464331233861  3.719665540478033 -0.32300274285090091  3.5961698435526408 -0.31851829084966954  3.472682459200545 -0.31388214327373443  3.3492022109542532 -0.3090709841212127  3.2257312802720683 -0.30405186674018592  3.1022674545788576 -0.2987856817336576  2.9788221585476578 -0.29325303471102693  2.8553832072290568 -0.28742399747743286  2.7319693139561636 -0.2812738476808343  2.6085730260913422 -0.27478834276698461  2.4851835863722727 -0.26795326530137853  2.3618307006427344 -0.26075876961123168  2.2384891881920232 -0.25319644529741492  2.1151852147092107 -0.24525944045184844  1.9918947568970466 -0.23693711696129616  1.8686398840871092 -0.22823847207806747  1.7454140782414811 -0.21908680306171502  1.6222410103474481 -0.20936814668434378  1.4991090093991133 -0.1990932194185191  1.3760261069192588 -0.18823378645220545  1.2530110436443209 -0.17676499925498423  1.1300499344264132 -0.16465129531809874  1.0071748303766377 -0.15184038831454405  0.88437354687850345 -0.13827096828940078  0.76166576768317995 -0.12391557888278526  0.63908834630310452 -0.10875082929695945  0.51650933602156002 -0.092605360427671091  0.39458472153929236 -0.075547100394247169  0.27100096082012826 -0.05639373060729147  0.13528698335351308 -0.03450285680641918  0.011738618616188745 -0.0047205897518323159  0 0 
 0 4 0.010927159923939113 1 0.018247843268420178 1 0.025573783590153044 1 0.032899782599950564 1 0.040225734895285796 1 0.047551707401635585 1 0.054877684687770378 1 0.062203667201386974 1 0.069529715167540085 1 0.07685567385193097 1 0.084181710882601193 1 0.091507676791023188 1 0.098833663703968733 1 0.10615962502170075 1 0.11348562142016531 1 0.12081160851959671 1 0.12813758665924757 1 0.13546356640889756 1 0.14278953106193173 1 0.1501155585259033 1 0.15744150755165709 1 0.16476755782702934 1 0.17209350206845456 1 0.17941952655188989 1 0.18674551437402243 1 0.19407151313914262 1 0.20139751709301038 1 0.20872347316614567 1 0.21604945717287305 1 0.22337542750181985 1 0.2307014164049789 1 0.23802742324494533 1 0.24535343904185405 1 0.25267939332640377 1 0.26000535146331133 1 0.26733127187901551 1 0.27465722439709944 1 0.28198316682198055 1 0.28930913737328073 1 0.29663513121628587 1 0.30396109083292272 1 0.31128703601037616 1 0.3186129493322743 1 0.32593891429729849 1 0.33326486172970854 1 0.34059081774719746 1 0.34791671671407509 1 0.35524269375655287 1 0.36256867946938592 1 0.36989469512009848 1 0.37722063972229353 1 0.38454660598138862 1 0.39187254616933159 1 0.39919853865782273 1 0.40652448359484356 1 0.41385040702810838 1 0.42117633387464676 1 0.42850228381992422 1 0.43582829649275706 1 0.44315419971882625 1 0.45048007843772986 1 0.45780585897369747 1 0.46513154422815806 1 0.47245701960420833 1 0.47978207447322463 1 0.48710509221626069 1 0.49439909506935747 1 0.50164623556356946 1 0.50887547618272866 1 0.51611652486986348 1 0.52338800196649815 1 0.53066278607417028 1 0.53793830958691802 1 0.54521410274590132 1 0.55249003420239806 1 0.55976607832058756 1 0.56704215665595015 1 0.57431826569523758 1 0.58159436040775681 1 0.5888704789618564 1 0.59614665021241153 1 0.60342285411257934 1 0.61069906793207551 1 0.6179752245537421 1 0.62525135740796844 1 0.63252750261802115 1 0.63980373596312423 1 0.64707997075247736 1 0.65435617246021893 1 0.66163230976015153 1 0.66890853727233068 1 0.67618478038705254 1 0.68346098526705157 1 0.69073711497818613 1 0.69801331366643471 1 0.70528949732439583 1 0.71256575535374633 1 0.71984193810577768 1 0.72711814518991302 1 0.73439431583417825 1 0.74167047357778204 1 0.74894672411052643 1 0.75622293178905775 1 0.76349912506478723 1 0.7707752492131702 1 0.77805140970143061 1 0.78532763167236819 1 0.79260386381302028 1 0.79988006415349366 1 0.80715627983584237 1 0.81443248064786999 1 0.82170872081272373 1 0.82898489257555674 1 0.83626105171371889 1 0.84353725183822814 1 0.85081346216055997 1 0.85808973213537332 1 0.86536586667283022 1 0.8726420772555924 1 0.87991825254395328 1 0.88719449239902282 1 0.8944706428302851 1 0.90174681449430183 1 0.90902301751478587 1 0.91629922894891636 1 0.9235754550675801 1 0.93085158365851062 1 0.938127794223376 1 0.94540395959532741 1 0.95268022084393456 1 0.95995641324622827 1 0.96723262051459968 1 0.97450874939367882 1 0.98178487479804633 1 0.98906065002066301 1 1 4
1 0.50166434587376163 0 0 1 
1 0.50166434587376163 0 0 1 
1 0 0.1511779934862732 1 0 
1 0 0.1511779934862732 1 0 
1 0 0 1 0 
7 0 0  3 139 137  0 0  0.011728670363346794 0.0028217216268306977  0.13967793106263571 0.014490398641424429  0.27690468954819281 0.034895094182451736  0.40226552042835451 0.053863924080930214  0.52524128503150536 0.074920614036716904  0.64848371057370713 0.097562336395212501  0.77130758484218731 0.12149933036695981  0.8939833575781897 0.14635764050484235  1.0165141846010819 0.17188083359393191  1.1389562699900004 0.19775077444792033  1.2613866946956378 0.22373908211815774  1.3838221374059252 0.24964913566391145  1.5063210590717944 0.27531138056498095  1.6288932426275018 0.30060598469737987  1.7515683040196386 0.32543429694604509  1.8743512015215558 0.34974362486842669  1.9972448698838718 0.37352317594475148  2.1202292252772175 0.39683415591030835  2.2432956873076257 0.41972701374649191  2.3664382086731344 0.44224773437692466  2.4896344706154423 0.4644428785682746  2.6129020448415901 0.48632716915411245  2.7362043852968476 0.50792924505824644  2.8595786005210684 0.52924181434128315  2.982988966738688 0.5502575049205245  3.1064683371823811 0.57093878206393134  3.2300121944924634 0.59125339322587322  3.353621719463419 0.61113251635256893  3.4773240666260925 0.63050412756142649  3.6011154908829432 0.6492905071125985  3.7250153419398018 0.66738865560049354  3.8490395136889397 0.68466943345710862  3.973197127614938 0.70100773822294049  4.0974945737297688 0.71629078393659085  4.2219439019316631 0.73037506337667013  4.3465340653876225 0.74313020235583327  4.4712748052693456 0.75448042896956014  4.5961468860931625 0.7643106418940433  4.7211462937299835 0.77246476046385459  4.8462538079410962 0.77886993561660689  4.9714423935702996 0.78355029127398179  5.0966924319354057 0.78627832808777698  5.2219659225371657 0.78701182642829393  5.3472422938055573 0.78590402406635929  5.4724735396702044 0.78260282198819309  5.5976428488459469 0.77739113981769159  5.7226932334357343 0.77000045707078946  5.8475956788466696 0.7604967986829112  5.9723151183330287 0.74896747820867171  6.0968278333424593 0.73536596360710216  6.2210803810319462 0.71972669348624585  6.3450609930536146 0.70212820852166491  6.4687469543492888 0.68266671757615116  6.5921430055343002 0.6615008272339844  6.7152475903809545 0.63880976693581459  6.8380811799801826 0.61471099919614369  6.9606262024603858 0.58928656981321459  7.0828788233507822 0.56255821328503308  7.2048057177002214 0.53439391441739947  7.3263113619869564 0.50456903382097873  7.4472600544264118 0.47261656671167596  7.5673687730402825 0.4377777180318243  7.6863137256542728 0.39926127457616722  7.8036244352489099 0.35622699795317692  7.9186707353206671 0.30756338387429505  8.0304890143247327 0.25251158919522898  8.1375037543955919 0.18783009669486983  8.2352271502039365 0.1154414638329766  8.3094999526457372 0.00036708903829907324  8.2364576862824315 -0.11433998247356691  8.1349583936312833 -0.18037720245887856  8.0234614531865063 -0.23347125276642589  7.9071765619587957 -0.27434594441726268  7.7882504246718618 -0.30743665791839425  7.6677030934191528 -0.33415991505379627  7.546092428865947 -0.35576563081191093  7.4237724495043196 -0.37307087664460559  7.3009607040353721 -0.38664464541476251  7.1778366692314108 -0.39706685200147329  7.0545009123945839 -0.40473675484259386  6.9310365761081663 -0.41001742345860248  6.807501689004944 -0.41329359961240486  6.683926830613288 -0.41477262091073963  6.5603462565570467 -0.41480521266030124  6.436773892862373 -0.41357496295974305  6.3132192431733714 -0.41132835853742211  6.1896810427769395 -0.40826152692522777  6.0661619361278909 -0.40455869931915178  5.9426504556214077 -0.4004290064600462  5.8191555037449945 -0.39605275536572138  5.6956667468808071 -0.39150933451874226  5.5721804088094764 -0.38690398061737263  5.4486850792567267 -0.38229092401590914  5.325198236075888 -0.37771806709230249  5.2017089809839376 -0.37321953781830686  5.0782142761048554 -0.36881583861127254  4.9547086538619283 -0.36450338654856851  4.8312145345834168 -0.3602758927569143  4.7077005764012476 -0.35612161024567313  4.5841969977736987 -0.35202838172674566  4.460692501347971 -0.34796669886257581  4.3371785872123034 -0.3439218310153731  4.2136758261921585 -0.33986637543183706  4.0901625520021518 -0.33577244845873844  3.9666589368526139 -0.33161549838786009  3.8431617161074811 -0.32736464331233861  3.719665540478033 -0.32300274285090091  3.5961698435526408 -0.31851829084966954  3.472682459200545 -0.31388214327373443  3.3492022109542532 -0.3090709841212127  3.2257312802720683 -0.30405186674018592  3.1022674545788576 -0.2987856817336576  2.9788221585476578 -0.29325303471102693  2.8553832072290568 -0.28742399747743286  2.7319693139561636 -0.2812738476808343  2.6085730260913422 -0.27478834276698461  2.4851835863722727 -0.26795326530137853  2.3618307006427344 -0.26075876961123168  2.2384891881920232 -0.25319644529741492  2.1151852147092107 -0.24525944045184844  1.9918947568970466 -0.23693711696129616  1.8686398840871092 -0.22823847207806747  1.7454140782414811 -0.21908680306171502  1.6222410103474481 -0.20936814668434378  1.4991090093991133 -0.1990932194185191  1.3760261069192588 -0.18823378645220545  1.2530110436443209 -0.17676499925498423  1.1300499344264132 -0.16465129531809874  1.0071748303766377 -0.15184038831454405  0.88437354687850345 -0.13827096828940078  0.76166576768317995 -0.12391557888278526  0.63908834630310452 -0.10875082929695945  0.51650933602156002 -0.092605360427671091  0.39458472153929236 -0.075547100394247169  0.27100096082012826 -0.05639373060729147  0.13528698335351308 -0.03450285680641918  0.011738618616188745 -0.0047205897518323159  0 0 
 0 4 0.010927159923939113 1 0.018247843268420178 1 0.025573783590153044 1 0.032899782599950564 1 0.040225734895285796 1 0.047551707401635585 1 0.054877684687770378 1 0.062203667201386974 1 0.069529715167540085 1 0.07685567385193097 1 0.084181710882601193 1 0.091507676791023188 1 0.098833663703968733 1 0.10615962502170075 1 0.11348562142016531 1 0.12081160851959671 1 0.12813758665924757 1 0.13546356640889756 1 0.14278953106193173 1 0.1501155585259033 1 0.15744150755165709 1 0.16476755782702934 1 0.17209350206845456 1 0.17941952655188989 1 0.18674551437402243 1 0.19407151313914262 1 0.20139751709301038 1 0.20872347316614567 1 0.21604945717287305 1 0.22337542750181985 1 0.2307014164049789 1 0.23802742324494533 1 0.24535343904185405 1 0.25267939332640377 1 0.26000535146331133 1 0.26733127187901551 1 0.27465722439709944 1 0.28198316682198055 1 0.28930913737328073 1 0.29663513121628587 1 0.30396109083292272 1 0.31128703601037616 1 0.3186129493322743 1 0.32593891429729849 1 0.33326486172970854 1 0.34059081774719746 1 0.34791671671407509 1 0.35524269375655287 1 0.36256867946938592 1 0.36989469512009848 1 0.37722063972229353 1 0.38454660598138862 1 0.39187254616933159 1 0.39919853865782273 1 0.40652448359484356 1 0.41385040702810838 1 0.42117633387464676 1 0.42850228381992422 1 0.43582829649275706 1 0.44315419971882625 1 0.45048007843772986 1 0.45780585897369747 1 0.46513154422815806 1 0.47245701960420833 1 0.47978207447322463 1 0.48710509221626069 1 0.49439909506935747 1 0.50164623556356946 1 0.50887547618272866 1 0.51611652486986348 1 0.52338800196649815 1 0.53066278607417028 1 0.53793830958691802 1 0.54521410274590132 1 0.55249003420239806 1 0.55976607832058756 1 0.56704215665595015 1 0.57431826569523758 1 0.58159436040775681 1 0.5888704789618564 1 0.59614665021241153 1 0.60342285411257934 1 0.61069906793207551 1 0.6179752245537421 1 0.62525135740796844 1 0.63252750261802115 1 0.63980373596312423 1 0.64707997075247736 1 0.65435617246021893 1 0.66163230976015153 1 0.66890853727233068 1 0.67618478038705254 1 0.68346098526705157 1 0.69073711497818613 1 0.69801331366643471 1 0.70528949732439583 1 0.71256575535374633 1 0.71984193810577768 1 0.72711814518991302 1 0.73439431583417825 1 0.74167047357778204 1 0.74894672411052643 1 0.75622293178905775 1 0.76349912506478723 1 0.7707752492131702 1 0.77805140970143061 1 0.78532763167236819 1 0.79260386381302028 1 0.79988006415349366 1 0.80715627983584237 1 0.81443248064786999 1 0.82170872081272373 1 0.82898489257555674 1 0.83626105171371889 1 0.84353725183822814 1 0.85081346216055997 1 0.85808973213537332 1 0.86536586667283022 1 0.8726420772555924 1 0.87991825254395328 1 0.88719449239902282 1 0.8944706428302851 1 0.90174681449430183 1 0.90902301751478587 1 0.91629922894891636 1 0.9235754550675801 1 0.93085158365851062 1 0.938127794223376 1 0.94540395959532741 1 0.95268022084393456 1 0.95995641324622827 1 0.96723262051459968 1 0.97450874939367882 1 0.98178487479804633 1 0.98906065002066301 1 1 4
1 0 0.1511779934862732 1 0 
1 0 0.1511779934862732 1 0 
1 0 0 0 1 
1 1 0 0 1 
1 0.50166434587376163 0 0 1 
1 0.50166434587376163 0 0 1 
1 0 0.38941880679683821 1 0 
1 0 0.38941880679683821 1 0 
1 0 0.38941880679683821 1 0 
1 0 0.38941880679683821 1 0 
1 0 0 0 1 
1 1 0 0 1 
1 0.50166434587376163 0 0 1 
1 0.50166434587376163 0 0 1 
1 0 0.74663060255248248 1 0 
1 0 0.74663060255248248 1 0 
1 0 0.74663060255248248 1 0 
1 0 0.74663060255248248 1 0 
1 0 0 0 1 
1 1 0 0 1 
1 0.50166434587376163 0 0 1 
1 0.50166434587376163 0 0 1 
1 0 0.999999999999997 1 0 
7 0 0  3 73 71  0 0  0.013619593587129941 0.00093535686441792443  0.035186032367072073 0.0027245368147181814  0.062548001199189684 0.0042750425142130677  0.083623844633876843 0.0049902581196918927  0.10454361195033357 0.0062314735982740288  0.12551603554923929 0.0076733949151519543  0.14645986990620941 0.0093647361201634194  0.16739119998501906 0.011277003712249822  0.18830394760755098 0.013400646317985432  0.20919957578393422 0.015727320834226122  0.23007671928512252 0.018235792775735948  0.2509390967436218 0.020911756503704249  0.27177834908836473 0.023731389895242927  0.29261045794087437 0.02666575364752255  0.31342772983488487 0.02969672207204499  0.33423844392610391 0.032794600004566909  0.35504359446935752 0.035935830301718985  0.37584241141007624 0.039104321923714602  0.39664332891152299 0.042273998686206404  0.41744418689888363 0.045428560987392563  0.43824789400076725 0.048557356111748939  0.45906022365050347 0.05163696536986695  0.47988020706657863 0.054662824318070458  0.50070514368344732 0.057620319139302323  0.52154562492490442 0.060498130667518302  0.54239087600407032 0.06328785263883896  0.56324786427136075 0.065978766850375958  0.58411531336059852 0.068565089833102499  0.60499772686432607 0.071036076844493978  0.62589009281082753 0.073382361447901445  0.6467954689839317 0.075600051370475763  0.66771450363126661 0.077679988424091073  0.68864146084982281 0.079614683331221681  0.7095849915884429 0.081393529855131597  0.7305370545532881 0.083019146747196793  0.75149627863714841 0.084479199726529508  0.77247049847274241 0.085762046820166749  0.79344983083348097 0.086871320224092052  0.81443613488156075 0.087800881086964155  0.83542975507041461 0.088539337082170766  0.85643354369155134 0.089077583775418079  0.87743236904540112 0.089433365861214753  0.89844246928406335 0.089576497949736877  0.91944458316125122 0.089520765738908548  0.94045001668534667 0.08926412957458818  0.96145097056347595 0.088788637885272026  0.98244825303626016 0.088115407659698164  1.0034372220301364 0.087232617556627146  1.0244168263156723 0.086138810598494819  1.045391006163662 0.084843254805628154  1.0663498550914881 0.083346956553157048  1.0872970915195239 0.081647658522511435  1.108227193270892 0.079752045869383448  1.1291463242677509 0.077662486004694609  1.1500455792382738 0.075380373429686953  1.1709271399789074 0.072905647396597661  1.1917862108041675 0.070245168723134688  1.212627142305422 0.067394484584262671  1.2334425698554767 0.064358593661229646  1.2542369822483721 0.061136038125027881  1.275004853705731 0.05772472022498909  1.2957451432052807 0.05412207410884351  1.3164559808425693 0.050314521870120421  1.3371254539052089 0.04627661739722666  1.3577463078049234 0.041967717097806778  1.3783184096322785 0.037231564810504603  1.3986592162071503 0.032074702748078332  1.4191424100727161 0.025302618040563774  1.4373071913240949 0.018840397721486157  1.4518613217696372 0.0055354245464566175  1.4512711380793635 1.0837573810474482e-05  1.451269949734715 -2.7584474960283545e-16 
 0 4 0.014318580212740876 1 0.021479854339147897 1 0.028625295209091378 1 0.035794936636593382 1 0.042964583976029098 1 0.050134267461766448 1 0.05730384576958103 1 0.064473497047564998 1 0.071643231045636135 1 0.078813139672958221 1 0.085982850694081459 1 0.093152612562360695 1 0.10032224828249185 1 0.1074921556597159 1 0.11466204402675867 1 0.12183185715787898 1 0.12900162651828981 1 0.13617125339890634 1 0.14334084006359774 1 0.15051044469290711 1 0.15768018964064473 1 0.16484997155447742 1 0.17201991582448461 1 0.17918975109031415 1 0.18635957307804185 1 0.19352910794157394 1 0.20069875781888166 1 0.20786845453036687 1 0.21503824146964798 1 0.22220802726809316 1 0.22937774380261852 1 0.23654758090370059 1 0.24371736226837637 1 0.25088709322424174 1 0.2580567982201224 1 0.26522644133267786 1 0.27239610527915764 1 0.2795656471213166 1 0.28673542773274868 1 0.29390518082933709 1 0.30107515592072398 1 0.30824479597755478 1 0.3154146194118414 1 0.32258426316585603 1 0.32975410024240853 1 0.33692385306539074 1 0.34409349002171019 1 0.35126322040308977 1 0.35843299034383569 1 0.36560282008315231 1 0.37277239134071033 1 0.37994211577843207 1 0.38711189590992623 1 0.39428180406844349 1 0.40145148602525099 1 0.40862117368667167 1 0.41579075662667414 1 0.42296047791620162 1 0.43013017793736019 1 0.43729999913596723 1 0.44446988005474919 1 0.45163955535203554 1 0.45880934283161878 1 0.46597881364174254 1 0.47314852671353841 1 0.48031776729869824 1 0.48748569113485174 1 0.49460109078335818 1 0.50165048445985572 1 0.50166434587376163 4
7 0 0  3 141 139  0 0  0.013619593587129941 0.00093535686441792443  0.035186032367072073 0.0027245368147181814  0.062548001199189684 0.0042750425142130677  0.083623844633876843 0.0049902581196918927  0.10454361195033357 0.0062314735982740288  0.12551603554923929 0.0076733949151519543  0.14645986990620941 0.0093647361201634194  0.16739119998501906 0.011277003712249822  0.18830394760755098 0.013400646317985432  0.20919957578393422 0.015727320834226122  0.23007671928512252 0.018235792775735948  0.2509390967436218 0.020911756503704249  0.27177834908836473 0.023731389895242927  0.29261045794087437 0.02666575364752255  0.31342772983488487 0.02969672207204499  0.33423844392610391 0.032794600004566909  0.35504359446935752 0.035935830301718985  0.37584241141007624 0.039104321923714602  0.39664332891152299 0.042273998686206404  0.41744418689888363 0.045428560987392563  0.43824789400076725 0.048557356111748939  0.45906022365050347 0.05163696536986695  0.47988020706657863 0.054662824318070458  0.50070514368344732 0.057620319139302323  0.52154562492490442 0.060498130667518302  0.54239087600407032 0.06328785263883896  0.56324786427136075 0.065978766850375958  0.58411531336059852 0.068565089833102499  0.60499772686432607 0.071036076844493978  0.62589009281082753 0.073382361447901445  0.6467954689839317 0.075600051370475763  0.66771450363126661 0.077679988424091073  0.68864146084982281 0.079614683331221681  0.7095849915884429 0.081393529855131597  0.7305370545532881 0.083019146747196793  0.75149627863714841 0.084479199726529508  0.77247049847274241 0.085762046820166749  0.79344983083348097 0.086871320224092052  0.81443613488156075 0.087800881086964155  0.83542975507041461 0.088539337082170766  0.85643354369155134 0.089077583775418079  0.87743236904540112 0.089433365861214753  0.89844246928406335 0.089576497949736877  0.91944458316125122 0.089520765738908548  0.94045001668534667 0.08926412957458818  0.96145097056347595 0.088788637885272026  0.98244825303626016 0.088115407659698164  1.0034372220301364 0.087232617556627146  1.0244168263156723 0.086138810598494819  1.045391006163662 0.084843254805628154  1.0663498550914881 0.083346956553157048  1.0872970915195239 0.081647658522511435  1.108227193270892 0.079752045869383448  1.1291463242677509 0.077662486004694609  1.1500455792382738 0.075380373429686953  1.1709271399789074 0.072905647396597661  1.1917862108041675 0.070245168723134688  1.212627142305422 0.067394484584262671  1.2334425698554767 0.064358593661229646  1.2542369822483721 0.061136038125027881  1.275004853705731 0.05772472022498909  1.2957451432052807 0.05412207410884351  1.3164559808425693 0.050314521870120421  1.3371254539052089 0.04627661739722666  1.3577463078049234 0.041967717097806778  1.3783184096322785 0.037231564810504603  1.3986592162071503 0.032074702748078332  1.4191424100727161 0.025302618040563774  1.4373071913240949 0.018840397721486157  1.4590757032134292 -0.0010597583085576456  1.433914363639353 -0.014332162154450989  1.4154697175240827 -0.018536135958949318  1.3945592902626629 -0.022974162894910055  1.3740577807929171 -0.026294080619185811  1.3533439065404025 -0.029264330962045726  1.3326286855070393 -0.031866421525901245  1.3118795141705846 -0.034220002752025414  1.2911148636830276 -0.036361353357907467  1.2703290600122443 -0.038322409581513783  1.2495365380793615 -0.040130741481512411  1.228734798615676 -0.04179859934249408  1.2079205673970463 -0.043342604371869653  1.1871006262047317 -0.044770367782931864  1.1662766769067687 -0.046094663492369792  1.1454440697498356 -0.047319834895459545  1.1246132949317769 -0.048454634568971144  1.1037706443408482 -0.049499476957875377  1.0829302105936947 -0.050460212282006145  1.0620830045329299 -0.051339886921942579  1.0412391995647639 -0.052137673102742754  1.0203860479573237 -0.052854467617596157  0.99953701245591731 -0.053490342412326086  0.97867823629529482 -0.05404215744763996  0.95782545660617302 -0.054511262212263212  0.93696595740135535 -0.054897201430253562  0.91610428887149453 -0.055193123674152078  0.89524516971635393 -0.055400738517910497  0.87438427294612353 -0.055518354735953457  0.85352257141532561 -0.055541411478872371  0.83266184250685171 -0.055468212820612539  0.81180368822358417 -0.055297871199302406  0.79094476165724359 -0.055026128133190966  0.77008390648795455 -0.054653101577953445  0.74922957407673607 -0.054178909371057404  0.72837315768500588 -0.053598799579127387  0.70752112237891396 -0.052919005260336549  0.68667529046863507 -0.05213875112736055  0.66582733733864075 -0.051260362280144189  0.64498736657968436 -0.050289384155799866  0.62415004502027926 -0.04922853245372405  0.60331378007310121 -0.048087402693300918  0.58248578333382994 -0.04686851620890975  0.56165648112497024 -0.045580441539446959  0.54083429447946685 -0.044228122177750739  0.5200127724124215 -0.042818924121990731  0.49919566431067608 -0.041355993739832453  0.47838332794362515 -0.039844259467548104  0.45756991771802547 -0.038288117849682335  0.43676404051786477 -0.036687594435894422  0.41595481120010902 -0.035045386535403233  0.39515452383756156 -0.033363602853531127  0.37435185077050193 -0.031644190288614871  0.35355348952156618 -0.029887824737519386  0.33276179880388668 -0.02810072303540645  0.31196410644476202 -0.026287019571825443  0.29117601643672941 -0.024455616157974314  0.2703813633854466 -0.022616404510878763  0.24959114993241371 -0.020781174601073538  0.2287975458048308 -0.018961479718990093  0.20800054947998348 -0.017169391380215115  0.1872059754134483 -0.015411789532388864  0.16640269328076585 -0.013692094946460731  0.14560197506355621 -0.012009738136079084  0.12479638944744664 -0.010357863640060083  0.10398769234564043 -0.0087291931691098057  0.083183395229639245 -0.0070980107788880531  0.062372656653735703 -0.0055037323538735805  0.034653150383554987 -0.0030643257477487307  0.013861720336073802 -0.0012102850954380795  0 0 
 0 4 0.014295113055181491 1 0.021444650351137906 1 0.028578380340237419 1 0.035736271223864004 1 0.042894168009735056 1 0.050052100882666463 1 0.057209928750054408 1 0.064367829468018709 1 0.071525812770497701 1 0.078683970416022445 1 0.085841930779211165 1 0.09299994190622092 1 0.10015782709183065 1 0.10731598348930617 1 0.11447412090775679 1 0.12163218321359139 1 0.12879020182045367 1 0.13594807818103613 1 0.14310591439160456 1 0.15026376853734819 1 0.15742176277154793 1 0.16457979391125788 1 0.17173798714105185 1 0.17889607154531842 1 0.18605414269324505 1 0.19321192718755265 1 0.20036982650713631 1 0.20752777258413949 1 0.2146858087410615 1 0.22184384375901733 1 0.2290018096265721 1 0.23615989586308336 1 0.24331792645453643 1 0.25047590671979564 1 0.25763386106761671 1 0.26479175363353508 1 0.2719496669992324 1 0.27910745846072937 1 0.28626548830017323 1 0.29342349066986834 1 0.30058171467052791 1 0.30773960418572971 1 0.31489767677784447 1 0.32205556998417068 1 0.32921365619619258 1 0.33637165829272991 1 0.34352954471250191 1 0.35068752440421685 1 0.35784554359046311 1 0.36500362247727436 1 0.37216144330596063 1 0.37931941706375899 1 0.38647744642405152 1 0.39363560360153976 1 0.40079353494804715 1 0.40795147198981824 1 0.41510930448180222 1 0.42226727509656597 1 0.42942522447781822 1 0.43658329483791752 1 0.44374142482031448 1 0.4508993495182152 1 0.45805738621455383 1 0.46521510676043221 1 0.47237306917093264 1 0.47953055986916976 1 0.48668673597646067 1 0.49379047397959663 1 0.50082831418992313 1 0.50785889479730995 1 0.51493363314342699 1 0.52206632271621345 1 0.52919948652628201 1 0.53633278172171128 1 0.54346607593508578 1 0.55059938160381039 1 0.55773276277852657 1 0.56486612439772232 1 0.57199942674442028 1 0.57913265671024039 1 0.58626601651331034 1 0.5933994894770902 1 0.60053292289792404 1 0.60766613413351445 1 0.61479956481319764 1 0.62193289649317152 1 0.62906645482275192 1 0.63619964514995442 1 0.64333293576551853 1 0.65046604285740306 1 0.65759950699969327 1 0.66473271103891607 1 0.67186611315259592 1 0.67899951025762162 1 0.68613303175401885 1 0.69326647919160178 1 0.70039982491351471 1 0.70753320948791087 1 0.71466644683647729 1 0.7217996042719067 1 0.72893291770171731 1 0.73606629473042595 1 0.74319981135014446 1 0.75033320871333364 1 0.75746655618920256 1 0.76459991456718124 1 0.77173317102052597 1 0.7788665309744075 1 0.78599984947645984 1 0.79313313714362721 1 0.80026655331859331 1 0.80739983740669719 1 0.81453329456539747 1 0.82166665178991705 1 0.82879996492642982 1 0.83593329281215567 1 0.8430665355558209 1 0.85020001242136745 1 0.85733330197134183 1 0.8644668061574623 1 0.871600182289057 1 0.87873348798154327 1 0.88586684677681404 1 0.8930000215026288 1 0.90013349440128643 1 0.90726672635767347 1 0.91440015485931703 1 0.92153355220135247 1 0.92866687731405217 1 0.93580029361163064 1 0.94293352141027731 1 0.95006691356344408 1 0.95720029604234602 1 0.96433369886081755 1 0.97146713272085661 1 0.97860029851375308 1 0.98573351580610291 1 1 4
7 0 0  1 2 2  0.50166434587376163 0.999999999999997  1 0.999999999999997 
 0.50084215288593525 2 1 2
Curves 18
7 0 0  1 2 2  25.283999999999999 0 -1.5800018890345835  25.283999999999999 2.4710000000000001 -1.5800018890345837 
 0 2 0.1511779934862732 2
7 0 0  3 312 310  25.283999999999999 0 -1.5800018890345835  25.273745293459598 0 -1.5817229666528638  25.205801573068445 0 -1.5833999407247925  25.134854420932847 0 -1.586715322427577  25.10652849830921 0 -1.5882217198523518  25.087007772951374 0 -1.5894597139570696  25.048648567816961 0 -1.5921305811138386  25.023214886123316 0 -1.5941292046205207  24.997964484372936 0 -1.596133449178085  24.979850598339354 0 -1.5975739609452178  24.952791917591792 0 -1.5997453090693927  24.914317098908107 0 -1.6029552996192229  24.888026411790271 0 -1.6052563071111894  24.861211093676577 0 -1.6076939988937524  24.843880675147666 0 -1.609329982635276  24.805222667311078 0 -1.6130935048370691  24.778609896005559 0 -1.6158255056209465  24.751599181329738 0 -1.6186962212427312  24.735218867866461 0 -1.6204439701675319  24.708556807956519 0 -1.6233514949191883  24.669908203658743 0 -1.6276978931685289  24.642032928075103 0 -1.6309285833427221  24.615374119410475 0 -1.634078998863034  24.599883899274754 0 -1.6359339426584993  24.563850081110406 0 -1.6403039321217177  24.534618158571902 0 -1.6439401599500394  24.50595574590481 0 -1.6475753824857757  24.488772132090766 0 -1.6497631624344087  24.464730660710742 0 -1.6528555829227023  24.42610828693763 0 -1.6578916248787012  24.396617626246297 0 -1.6617979548163988  24.369986586062289 0 -1.6653611945519677  24.356292877675237 0 -1.6672016771600364  24.323062418319061 0 -1.6716897900270704  24.29102762039841 0 -1.6760645749186729  24.26071470050676 0 -1.6802372033601305  24.242507693153918 0 -1.6827486091996717  24.221277862963333 0 -1.6856861337556877  24.182628870602187 0 -1.6910539421834963  24.151480502855556 0 -1.6954005598181412  24.124843612249631 0 -1.6991246747633129  24.112924312842726 0 -1.7007919305224868  24.082365570039155 0 -1.7050688860084096  24.047597770841936 0 -1.7099405720623668  24.015605927853912 0 -1.7144196644831915  23.996443750967547 0 -1.7171009382417266  23.977914304702271 0 -1.7196918865532409  23.939194605072345 0 -1.7250983996198765  23.906357414556609 0 -1.7296680971849423  23.879692560885687 0 -1.7333618147224441  23.869532870020791 0 -1.7347681540199849  23.841544681647115 0 -1.7386367841025372  23.804089987322545 0 -1.743785872552388  23.7703941139522 0 -1.7483826662097681  23.750330918212313 0 -1.7511098399685558  23.734424625489353 0 -1.7532664311884565  23.69560442562652 0 -1.7585093699192202  23.662279293536603 0 -1.7629666120245071  23.634346920285964 0 -1.7666675607821807  23.625943123839996 0 -1.7677800523040299  23.599232755119406 0 -1.7713069475046943  23.560352790658857 0 -1.7763932248679111  23.524930982207749 0 -1.7809682854520155  23.504006265644307 0 -1.7836536582087317  23.490675685311199 0 -1.7853592127836424  23.453063031499926 0 -1.7901501319590343  23.41919590615143 0 -1.7944062973306945  23.38871132658446 0 -1.7981920274582093  23.380739564153775 0 -1.7991804210853257  23.355313178439221 0 -1.802324058045996  23.316315831141633 0 -1.8070989128146278  23.279163928576832 0 -1.8115843595816989  23.257405142251386 0 -1.8141926952863379  23.246630973819045 0 -1.8154813656813553  23.211471382463415 0 -1.8196731451824903  23.175803931458141 0 -1.8238740731732919  23.142793034467832 0 -1.8277194923260778  23.134012456917993 0 -1.828740057213265  23.111129235485226 0 -1.8313951429957118  23.072022230818579 0 -1.8358996409755  23.033144762383074 0 -1.8403221214009606  23.010568184353048 0 -1.8428728383581277  23.002354451131897 0 -1.8437996214951391  22.969664855382533 0 -1.84748103755217  22.932200076380653 0 -1.8516583326152676  22.896668408651642 0 -1.8555811816043124  22.887078266979223 0 -1.8566372786210772  22.866757944401741 0 -1.8588729816207561  22.827550820530483 0 -1.8631639725747102  22.786951662194745 0 -1.8675580950282349  22.76355165498282 0 -1.8700737349971606  22.757920811872641 0 -1.8706786957943162  22.727734286533487 0 -1.8739186846131364  22.688474689479719 0 -1.8780962960913374  22.651255091043012 0 -1.8820189592597687  22.639985116589393 0 -1.8832034833243767  22.622262738624695 0 -1.8850651049108882  22.582112733874538 0 -1.889264397995404  22.542338319821631 0 -1.8933803397690534  22.516390942398143 0 -1.8960472234930486  22.513380361053827 0 -1.8963564641224568  22.484045701899433 0 -1.8993675001491881  22.445107857449127 0 -1.9033331120825441  22.406597542159794 0 -1.9072126511540053  22.392758055932148 0 -1.9086021400619435  22.377262158192895 0 -1.9101567895759182  22.337040508299818 0 -1.9141743588026552  22.297638720071742 0 -1.9180642294650458  22.270845898685693 0 -1.9206859145037276  22.267454334106812 0 -1.9210175952108051  22.240324355431859 0 -1.9236689138890695  22.201317053010833 0 -1.927446193878644  22.161862341357256 0 -1.9312152298096472  22.145402172862131 0 -1.9327791135026087  22.130830838928823 0 -1.9341613073489765  22.092357964400293 0 -1.937793375845521  22.055236614353603 0 -1.9412463913251032  22.026064108155815 0 -1.9439270321154172  22.020971629400481 0 -1.944394313590927  21.994185144045346 0 -1.9468471930946323  21.956586361307682 0 -1.9502506916941245  21.91703244451967 0 -1.953765098581127  21.897893475976701 0 -1.9554494451135391  21.884298045779715 0 -1.9566418911554666  21.847881785083665 0 -1.9598183066534396  21.813130234095844 0 -1.9627877475307196  21.781173673260597 0 -1.9654695741049117  21.774068464710457 0 -1.9660637823986522  21.747587037841804 0 -1.9682681217118798  21.711731937242654 0 -1.971207994208878  21.672071068900081 0 -1.9743758997579055  21.650191400265271 0 -1.9760947415888372  21.637626373474674 0 -1.9770753695176584  21.604013567224307 0 -1.9796831005080464  21.570932757833464 0 -1.9821768671876088  21.536129595812344 0 -1.9847246557225224  21.52625693345308 0 -1.9854412497603748  21.50082777895711 0 -1.9872697537960939  21.466713916156767 0 -1.9896712930681004  21.426939032987228 0 -1.9923622119436162  21.40225767578827 0 -1.9939815410022474  21.390773395918618 0 -1.9947251681976872  21.360012299055548 0 -1.9967057893373266  21.32859931077164 0 -1.998644212008754  21.290888142369006 0 -2.0008613286921988  21.278192041420393 0 -2.0015939009847679  21.253861551146457 0 -2.0029723543115709  21.22148914203694 0 -2.0047534259601449  21.181597928400123 0 -2.0068170152154496  21.15477848002859 0 -2.0081263413168795  21.143705824318609 0 -2.0086536127089678  21.115845507351757 0 -2.0099745980282746  21.085386015538422 0 -2.0113237035743081  21.045434376072603 0 -2.0129457868946625  21.029866491749026 0 -2.0135508982841324  21.006679559461382 0 -2.0144167221881553  20.976055961653614 0 -2.0155092055932706  20.937970050864514 0 -2.01672446221913  20.909223408893883 0 -2.0175388713213134  20.896435645244853 0 -2.0178820041649645  20.869606548784319 0 -2.0185888306360971  20.839859355613029 0 -2.0192719982897493  20.799803662138594 0 -2.020032731440629  20.781326127167855 0 -2.020339247425964  20.759324323550025 0 -2.0206604155217502  20.730461465060138 0 -2.0210394219053645  20.695271499697569 0 -2.0213583979797116  20.663527863561704 0 -2.0215131380128124  20.649027166673431 0 -2.0215541198762574  20.622194649006943 0 -2.0216018254226085  20.594219431500363 0 -2.0215528437586485  20.55407998249024 0 -2.0213087397344491  20.532673844083558 0 -2.0211084062151397  20.511895533778375 0 -2.0208604973912294  20.484811726714774 0 -2.0205056086225159  20.4525616385924 0 -2.0199455290461255  20.417814520677936 0 -2.0191873506243052  20.401610643941432 0 -2.01879441980837  20.374790108563374 0 -2.0181021242747996  20.348604006006454 0 -2.0173440435701098  20.308407492680992 0 -2.0160068969171907  20.284069556715295 0 -2.0150978169934528  20.264548859401092 0 -2.0143063942790751  20.239262211850583 0 -2.0132623881686933  20.20999003467535 0 -2.0119232259430948  20.172256536323211 0 -2.0100051098272944  20.154367434965973 0 -2.0090397994794502  20.127582186365103 0 -2.0075308338894726  20.103208031075475 0 -2.0060838849955234  20.062996779293421 0 -2.0035253217021798  20.036231394371779 0 -2.0016956007517215  20.01751001242949 0 -2.0003552402166394  19.994042971901123 0 -1.9986691586072491  19.967291099585836 0 -1.9966394628813  19.927092908724056 0 -1.9933818498168221  19.907541124266093 0 -1.9917261962311592  19.880815860444809 0 -1.9893762741551559  19.858271963709871 0 -1.9873330831255411  19.820162994118618 0 -1.9837147455572324  19.79139192736919 0 -1.980831011982414  19.771026300804344 0 -1.9787173392987008  19.747322790977599 0 -1.9762421822483218  19.722722273416743 0 -1.9735740569292455  19.682574684678865 0 -1.9690332458258506  19.661392335243267 0 -1.9665524049343281  19.634755347848373 0 -1.9633294431022343  19.614056301472068 0 -1.9607819599288767  19.579003451459229 0 -1.956323815250244  19.547345089580624 0 -1.9521198387150696  19.525371802018512 0 -1.9491069288423515  19.500541502412201 0 -1.9456695719796866  19.479028637317668 0 -1.9426028875778496  19.438983810508308 0 -1.9367283724370754  19.41621063745605 0 -1.9332869979221918  19.389693500184272 0 -1.9291676310966559  19.370851662267405 0 -1.9262150108801637  19.33885124622293 0 -1.921086183113347  19.304384690220182 0 -1.9153754149215549  19.280840527774789 0 -1.9113655520331108  19.254941808188786 0 -1.9069052894157545  19.236483673840247 0 -1.9036576188144534  19.196577650973776 0 -1.8964933441084026  19.172252321124713 0 -1.8920090351348473  19.14587802723911 0 -1.8870173931101872  19.128892483757284 0 -1.8837894332394285  19.099913909166585 0 -1.8781874642312939  19.062733588229548 0 -1.8707994748967831  19.037664100279251 0 -1.8656960795186368  19.011367698373054 0 -1.8602797209275705  18.995318617083878 0 -1.8569240984289757  18.955591439739919 0 -1.848500005103028  18.92935056304308 0 -1.8428033241442312  18.903544638973155 0 -1.837072983476618  18.888409282931509 0 -1.8337089741186225  18.862208784975873 0 -1.8278132533465685  18.822599177194252 0 -1.818705936363616  18.796035241806983 0 -1.8124729798466326  18.769901275877857 0 -1.8062722825710404  18.75568986106812 0 -1.8028684821595251  18.718085751461345 0 -1.7937754283646443  18.69006995686992 0 -1.7868736937484335  18.662779874399487 0 -1.7800333487986806  18.647540844966962 0 -1.7762064003061124  18.623423220599424 0 -1.7700975691332004  18.583995355126032 0 -1.7599655847140729  18.555952630142304 0 -1.7526404368419897  18.529968041574932 0 -1.7457849476805496  18.517565484743976 0 -1.7424945559032881  18.482854995675968 0 -1.7332262093290274  18.452260129459177 0 -1.7249377805279451  18.423494084016099 0 -1.7170280558123014  18.40733936397314 0 -1.7125730316174277  18.386074361895155 0 -1.70667323986187  18.346812871321227 0 -1.6956648539642944  18.3173013526633 0 -1.6872679293714103  18.291456860657725 0 -1.6798408403320064  18.280840882432674 0 -1.6767793850341159  18.248920817442951 0 -1.6675285243386426  18.215844995968187 0 -1.6578158133095933  18.185627679175823 0 -1.6488027535032239  18.168640431673268 0 -1.6437138512031777  18.150130181052415 0 -1.6381396877083643  18.111054079201999 0 -1.6262568478720238  18.080117313014508 0 -1.6166870993499134  18.054437600796071 0 -1.6086362267419534  18.04559645527258 0 -1.6058571618029136  18.016394886764232 0 -1.5966323192275889  17.981003989277863 0 -1.5852691349045367  17.949432991563999 0 -1.5749068194796467  17.931748584446353 0 -1.5690567640583406  17.915923396843397 0 -1.5637905075913749  17.877157804708393 0 -1.5507352334876112  17.844953869973608 0 -1.5396001634911907  17.819565226971545 0 -1.5306099305253154  17.812508886156024 0 -1.528106834480675  17.786037564845081 0 -1.5186580424407379  17.748695438620008 0 -1.5049843308081192  17.716055668936551 0 -1.4925940436189395  17.697936595104476 0 -1.4856118255766575  17.684764744489101 0 -1.4804989041994894  17.647201905015223 0 -1.4656948210450738  17.61475333122273 0 -1.4523849292396074  17.588786102649912 0 -1.4413473135462747  17.583003989093037 0 -1.4388855990223117  17.558747128551019 0 -1.4284824740042352  17.521298969890466 0 -1.4118740553540721  17.488152938808142 0 -1.396399145454926  17.47004848354814 0 -1.387741278823992  17.459480536464035 0 -1.3826508737803582  17.425269887508694 0 -1.3658931706718072  17.392561248982563 0 -1.349019438440058  17.365766907149709 0 -1.3344987800445658  17.359788279597172 0 -1.3312401166966448  17.338631653871328 0 -1.3196337062922006  17.303074655310208 0 -1.2993330433545085  17.270533837813243 0 -1.2792747142032153  17.253288306867553 0 -1.2681941530206953  17.245178558300019 0 -1.2629472761849134  17.214855825662443 0 -1.2429204475576974  17.183460653476885 0 -1.2205439815771186  17.157907082805309 0 -1.2009303930360495  17.152545723845989 0 -1.1967645441881085  17.134780421271831 0 -1.182887752686016  17.10381445618469 0 -1.1571878304981  17.076616541010132 0 -1.1283220706920098  17.063987464064915 0 -1.1123827645567235  17.057314847928236 0 -1.1038726986298348  17.032593651113419 0 -1.0692089450237006  17.017289681125202 0 -1.0307895915022709  17.019188430087649 0 -1.0022393092041908  17.019194933134486 0 -1.0021438390249158  17.019200000000001 0 -1.0020707736838586 
 0 4 0.0094187985986435158 1 0.010927159923939113 1 0.011447641272615324 1 0.014127056845544142 1 0.014318580212740876 1 0.018247843268420178 1 0.018761511778204204 1 0.018833995480635066 1 0.021479854339147897 1 0.023540858682621922 1 0.025573783590153044 1 0.026080608511525216 1 0.028248129419371725 1 0.028625295209091378 1 0.032899782599950564 1 0.032956521309560505 1 0.033399815669753113 1 0.035794936636593382 1 0.037666522781397344 1 0.040225734895285796 1 0.040719098578200469 1 0.042378376625890737 1 0.042964583976029098 1 0.04709229997361182 1 0.047551707401635585 1 0.048038390655982428 1 0.050134267461766448 1 0.051808213881211054 1 0.054877684687770378 1 0.055357765685647098 1 0.056526113801663558 1 0.05730384576958103 1 0.061245892721259181 1 0.062203667201386974 1 0.062677225258833694 1 0.064473497047564998 1 0.065967418998909802 1 0.069529715167540085 1 0.069996630963867934 1 0.070690630091039111 1 0.071643231045636135 1 0.075415285813167615 1 0.07685567385193097 1 0.077316052507404309 1 0.078813139672958221 1 0.080141321124955978 1 0.084181710882601193 1 0.084635375339321112 1 0.084868626873739389 1 0.085982850694081459 1 0.089597033957511271 1 0.091507676791023188 1 0.091954769097756711 1 0.093152612562360695 1 0.094326447807013561 1 0.098833663703968733 1 0.099056747364885983 1 0.099274259841919316 1 0.10032224828249185 1 0.10378778832412001 1 0.10615962502170075 1 0.10659377113332706 1 0.1074921556597159 1 0.10851945532337283 1 0.11325160124460676 1 0.11348562142016531 1 0.11391323162814733 1 0.11466204402675867 1 0.11798409726646468 1 0.12081160851959671 1 0.12123255574975121 1 0.12183185715787898 1 0.12271681936319365 1 0.12744958433440584 1 0.12813758665924757 1 0.12855196442049227 1 0.12900162651828981 1 0.13218229070760512 1 0.13546356640889756 1 0.13587141668488217 1 0.13617125339890634 1 0.13691478975261162 1 0.14164693969054679 1 0.14278953106193173 1 0.14319088984478273 1 0.14334084006359774 1 0.14637866139452982 1 0.1501155585259033 1 0.15051030521285927 1 0.15051044469290711 1 0.15110979693432702 1 0.15584025972135415 1 0.15744150755165709 1 0.15768018964064473 1 0.15782972242122961 1 0.16056998715037887 1 0.16476755782702934 1 0.16484997155447742 1 0.16514919301856559 1 0.16529886106464647 1 0.17002684898423148 1 0.17201991582448461 1 0.17209350206845456 1 0.1724686007478079 1 0.17475390384286849 1 0.17918975109031415 1 0.17941952655188989 1 0.17947992896395032 1 0.17978798985036773 1 0.18420494535680748 1 0.18635957307804185 1 0.18674551437402243 1 0.18710740682428126 1 0.18892893086627929 1 0.19352910794157394 1 0.19365182760123176 1 0.19407151313914262 1 0.19442680986143007 1 0.19837367727079153 1 0.20069875781888166 1 0.20139751709301038 1 0.20174628800733865 1 0.20309442445661005 1 0.20781413022940687 1 0.20786845453036687 1 0.20872347316614567 1 0.20906565991620474 1 0.21253281377658365 1 0.21503824146964798 1 0.21604945717287305 1 0.21638512547585548 1 0.21725044417664482 1 0.22196710453926033 1 0.22220802726809316 1 0.22337542750181985 1 0.22370449930029737 1 0.2266828145339998 1 0.22937774380261852 1 0.2307014164049789 1 0.23102394574877166 1 0.23139755807142223 1 0.23611143068012944 1 0.23654758090370059 1 0.23802742324494533 1 0.23834333186677908 1 0.24082446346674441 1 0.24371736226837637 1 0.24535343904185405 1 0.24553667293658329 1 0.24566270961385545 1 0.25024814327804346 1 0.25088709322424174 1 0.25267939332640377 1 0.25298212917095558 1 0.25495888903791286 1 0.2580567982201224 1 0.25966897558223212 1 0.26000535146331133 1 0.26030156133667109 1 0.26437846845347601 1 0.26522644133267786 1 0.26733127187901551 1 0.26762107491408854 1 0.26908739225198314 1 0.27239610527915764 1 0.27379584026038428 1 0.27465722439709944 1 0.27494040399363523 1 0.27850385691313856 1 0.2795656471213166 1 0.28198316682198055 1 0.28225976762322136 1 0.28321147644293904 1 0.28673542773274868 1 0.28791878699569995 1 0.28930913737328073 1 0.28957913306769834 1 0.29262583517714774 1 0.29390518082933709 1 0.29663513121628587 1 0.29689863269757844 1 0.29733267616273079 1 0.30107515592072398 1 0.30203938762874116 1 0.30396109083292272 1 0.30421814358033039 1 0.30674600995221979 1 0.30824479597755478 1 0.31128703601037616 1 0.31145261658000772 1 0.31153761509466293 1 0.3154146194118414 1 0.31615926877692468 1 0.3186129493322743 1 0.31885699937893452 1 0.32086602039982809 1 0.32258426316585603 1 0.3255729436081658 1 0.32593891429729849 1 0.32617640535880338 1 0.32975410024240853 1 0.33028009157856941 1 0.33326486172970854 1 0.33349578142162828 1 0.33498753215340082 1 0.33692385306539074 1 0.33969533038795113 1 0.34059081774719746 1 0.34081524625545101 1 0.34409349002171019 1 0.34440353896765979 1 0.34791671671407509 1 0.34813467872355291 1 0.34911224593201245 1 0.35126322040308977 1 0.35382150443841875 1 0.35524269375655287 1 0.35545412795226206 1 0.35843299034383569 1 0.35853136771464272 1 0.36256867946938592 1 0.36277349059255903 1 0.36324192136114342 1 0.36560282008315231 1 0.36795322422757387 1 0.36989469512009848 1 0.37009291937883609 1 0.37266535841910492 1 0.37277239134071033 1 0.37722063972229353 1 0.37737836263114927 1 0.37741232340856035 1 0.37994211577843207 1 0.38209230787435594 1 0.38454660598138862 1 0.38473177748375315 1 0.38680728871150299 1 0.38711189590992623 1 0.39152333064809686 1 0.39187254616933159 1 0.39205119339376132 1 0.39428180406844349 1 0.39624051160515783 1 0.39919853865782273 1 0.39937064302301134 1 0.40095893250356635 1 0.40145148602525099 1 0.40567861610178296 1 0.40652448359484356 1 0.40669003846754215 1 0.40862117368667167 1 0.41039961785861401 1 0.41385040702810838 1 0.41400946412434786 1 0.41512207182073263 1 0.41579075662667414 1 0.41984599879082291 1 0.42117633387464676 1 0.42132887566820559 1 0.42296047791620162 1 0.42457151944145033 1 0.42850228381992422 1 0.42864827125563698 1 0.42929868844997443 1 0.43013017793736019 1 0.43402759609371006 1 0.43582829649275706 1 0.43596763977538516 1 0.43729999913596723 1 0.43875842045636304 1 0.44315419971882625 1 0.44328702260806979 1 0.44349125986649207 1 0.44446988005474919 1 0.44822626690871298 1 0.45048007843772986 1 0.4506064885074022 1 0.45163955535203554 1 0.45296380571245076 1 0.45770415444817414 1 0.45780585897369747 1 0.4579258909919508 1 0.45880934283161878 1 0.46244770033886917 1 0.46513154422815806 1 0.46524530262807018 1 0.46597881364174254 1 0.46719554996065049 1 0.47194883945061272 1 0.47245701960420833 1 0.47256464669280585 1 0.47314852671353841 1 0.47670910289110474 1 0.47978207447322463 1 0.47988385033135045 1 0.48031776729869824 1 0.48148223945484686 1 0.48627828521657024 1 0.48710509221626069 1 0.4872018835055581 1 0.48748569113485174 1 0.4911163293880757 1 0.49439909506935747 1 0.494462013386683 1 0.49460109078335818 1 0.49624908570500859 1 0.50164623556356946 1 0.50165048445985572 1 0.50166434587376163 4
7 0 0  1 2 2  17.019200000000001 0 -1.0020707736838586  17.019200000000001 2.4710000000000001 -1.0020707736838588 
 0 2 0.1511779934862732 2
7 0 0  3 312 310  25.283999999999999 2.4710000000000001 -1.5800018890345837  25.273745293459598 2.4710000000000001 -1.5817229666528638  25.205801573068442 2.4710000000000001 -1.5833999407247923  25.134854420932847 2.4710000000000001 -1.5867153224275774  25.10652849830921 2.4710000000000001 -1.5882217198523523  25.087007772951374 2.4710000000000001 -1.5894597139570701  25.048648567816961 2.4710000000000001 -1.5921305811138389  25.023214886123316 2.4710000000000001 -1.5941292046205209  24.997964484372936 2.4710000000000001 -1.5961334491780854  24.979850598339354 2.4710000000000001 -1.5975739609452184  24.952791917591792 2.4710000000000001 -1.5997453090693938  24.914317098908104 2.4710000000000001 -1.6029552996192233  24.888026411790271 2.4710000000000001 -1.6052563071111901  24.861211093676577 2.4710000000000001 -1.6076939988937529  24.843880675147659 2.4710000000000001 -1.6093299826352765  24.805222667311071 2.4710000000000001 -1.6130935048370696  24.778609896005555 2.4710000000000001 -1.615825505620947  24.751599181329738 2.4710000000000001 -1.6186962212427314  24.735218867866458 2.4710000000000001 -1.6204439701675322  24.708556807956523 2.4710000000000001 -1.6233514949191883  24.669908203658743 2.4710000000000001 -1.6276978931685293  24.642032928075107 2.4710000000000001 -1.6309285833427225  24.615374119410482 2.4710000000000001 -1.6340789988630346  24.599883899274758 2.4710000000000001 -1.6359339426585002  24.563850081110409 2.4710000000000001 -1.6403039321217188  24.534618158571902 2.4710000000000001 -1.6439401599500403  24.50595574590481 2.4710000000000001 -1.6475753824857764  24.488772132090766 2.4710000000000001 -1.6497631624344096  24.464730660710742 2.4710000000000001 -1.6528555829227027  24.426108286937634 2.4710000000000001 -1.6578916248787012  24.3966176262463 2.4710000000000001 -1.6617979548163988  24.369986586062289 2.4710000000000001 -1.6653611945519677  24.356292877675237 2.4710000000000001 -1.6672016771600364  24.323062418319061 2.4710000000000001 -1.6716897900270704  24.29102762039841 2.4710000000000001 -1.6760645749186736  24.26071470050676 2.4710000000000001 -1.6802372033601312  24.242507693153918 2.4710000000000001 -1.6827486091996726  24.221277862963333 2.4710000000000001 -1.6856861337556883  24.182628870602191 2.4710000000000001 -1.6910539421834965  24.151480502855556 2.4710000000000001 -1.6954005598181414  24.124843612249631 2.4710000000000001 -1.6991246747633131  24.112924312842726 2.4710000000000001 -1.7007919305224868  24.082365570039158 2.4710000000000001 -1.70506888600841  24.047597770841936 2.4710000000000001 -1.7099405720623673  24.015605927853912 2.4710000000000001 -1.7144196644831915  23.996443750967543 2.4710000000000001 -1.7171009382417268  23.977914304702267 2.4710000000000001 -1.7196918865532411  23.939194605072341 2.4710000000000001 -1.7250983996198765  23.906357414556609 2.4710000000000001 -1.7296680971849423  23.879692560885687 2.4710000000000001 -1.7333618147224441  23.869532870020794 2.4710000000000001 -1.7347681540199849  23.841544681647115 2.4710000000000001 -1.7386367841025372  23.804089987322548 2.4710000000000001 -1.7437858725523885  23.7703941139522 2.4710000000000001 -1.7483826662097686  23.750330918212317 2.4710000000000001 -1.7511098399685565  23.734424625489357 2.4710000000000001 -1.7532664311884569  23.69560442562652 2.4710000000000001 -1.7585093699192205  23.662279293536599 2.4710000000000001 -1.7629666120245076  23.63434692028596 2.4710000000000001 -1.7666675607821809  23.625943123839996 2.4710000000000001 -1.7677800523040301  23.599232755119402 2.4710000000000001 -1.7713069475046948  23.560352790658854 2.4710000000000001 -1.7763932248679111  23.524930982207749 2.4710000000000001 -1.7809682854520155  23.504006265644307 2.4710000000000001 -1.7836536582087319  23.490675685311203 2.4710000000000001 -1.7853592127836426  23.45306303149993 2.4710000000000001 -1.7901501319590349  23.41919590615143 2.4710000000000001 -1.7944062973306951  23.38871132658446 2.4710000000000001 -1.7981920274582097  23.380739564153775 2.4710000000000001 -1.7991804210853264  23.355313178439218 2.4710000000000001 -1.8023240580459965  23.316315831141633 2.4710000000000001 -1.8070989128146282  23.279163928576828 2.4710000000000001 -1.8115843595816992  23.257405142251379 2.4710000000000001 -1.8141926952863376  23.246630973819045 2.4710000000000001 -1.8154813656813551  23.211471382463415 2.4710000000000001 -1.8196731451824901  23.175803931458137 2.4710000000000001 -1.8238740731732919  23.142793034467829 2.4710000000000001 -1.8277194923260778  23.134012456917993 2.4710000000000001 -1.828740057213265  23.111129235485222 2.4710000000000001 -1.8313951429957123  23.072022230818579 2.4710000000000001 -1.8358996409755004  23.033144762383074 2.4710000000000001 -1.8403221214009609  23.010568184353044 2.4710000000000001 -1.8428728383581277  23.0023544511319 2.4710000000000001 -1.8437996214951393  22.969664855382526 2.4710000000000001 -1.84748103755217  22.932200076380653 2.4710000000000001 -1.8516583326152678  22.896668408651642 2.4710000000000001 -1.8555811816043128  22.887078266979223 2.4710000000000001 -1.8566372786210774  22.866757944401741 2.4710000000000001 -1.8588729816207561  22.82755082053048 2.4710000000000001 -1.8631639725747107  22.786951662194745 2.4710000000000001 -1.8675580950282353  22.76355165498282 2.4710000000000001 -1.870073734997161  22.757920811872644 2.4710000000000001 -1.8706786957943167  22.727734286533487 2.4710000000000001 -1.8739186846131366  22.688474689479726 2.4710000000000001 -1.8780962960913377  22.651255091043019 2.4710000000000001 -1.8820189592597689  22.639985116589397 2.4710000000000001 -1.8832034833243767  22.622262738624698 2.4710000000000001 -1.8850651049108884  22.582112733874542 2.4710000000000001 -1.8892643979954045  22.542338319821635 2.4710000000000001 -1.8933803397690538  22.516390942398139 2.4710000000000001 -1.896047223493049  22.513380361053827 2.4710000000000001 -1.8963564641224573  22.484045701899433 2.4710000000000001 -1.8993675001491885  22.445107857449131 2.4710000000000001 -1.9033331120825441  22.406597542159794 2.4710000000000001 -1.9072126511540055  22.392758055932148 2.4710000000000001 -1.908602140061944  22.377262158192899 2.4710000000000001 -1.9101567895759186  22.337040508299818 2.4710000000000001 -1.9141743588026554  22.297638720071738 2.4710000000000001 -1.9180642294650458  22.270845898685693 2.4710000000000001 -1.9206859145037278  22.267454334106816 2.4710000000000001 -1.9210175952108053  22.240324355431863 2.4710000000000001 -1.9236689138890695  22.201317053010829 2.4710000000000001 -1.927446193878644  22.161862341357256 2.4710000000000001 -1.9312152298096474  22.145402172862127 2.4710000000000001 -1.9327791135026087  22.130830838928819 2.4710000000000001 -1.9341613073489765  22.092357964400296 2.4710000000000001 -1.937793375845521  22.0552366143536 2.4710000000000001 -1.9412463913251037  22.026064108155815 2.4710000000000001 -1.9439270321154176  22.020971629400481 2.4710000000000001 -1.9443943135909272  21.994185144045353 2.4710000000000001 -1.9468471930946323  21.956586361307686 2.4710000000000001 -1.9502506916941245  21.91703244451967 2.4710000000000001 -1.953765098581127  21.897893475976701 2.4710000000000001 -1.9554494451135396  21.884298045779715 2.4710000000000001 -1.9566418911554671  21.847881785083665 2.4710000000000001 -1.9598183066534396  21.813130234095848 2.4710000000000001 -1.9627877475307196  21.7811736732606 2.4710000000000001 -1.9654695741049117  21.77406846471046 2.4710000000000001 -1.9660637823986522  21.747587037841811 2.4710000000000001 -1.96826812171188  21.711731937242654 2.4710000000000001 -1.9712079942088785  21.672071068900081 2.4710000000000001 -1.9743758997579057  21.650191400265271 2.4710000000000001 -1.9760947415888375  21.637626373474674 2.4710000000000001 -1.9770753695176588  21.604013567224303 2.4710000000000001 -1.9796831005080469  21.570932757833464 2.4710000000000001 -1.982176867187609  21.536129595812344 2.4710000000000001 -1.9847246557225229  21.52625693345308 2.4710000000000001 -1.9854412497603753  21.500827778957106 2.4710000000000001 -1.9872697537960944  21.466713916156763 2.4710000000000001 -1.9896712930681004  21.426939032987228 2.4710000000000001 -1.9923622119436162  21.40225767578827 2.4710000000000001 -1.9939815410022472  21.390773395918618 2.4710000000000001 -1.9947251681976872  21.360012299055548 2.4710000000000001 -1.9967057893373268  21.32859931077164 2.4710000000000001 -1.9986442120087546  21.290888142369006 2.4710000000000001 -2.0008613286921992  21.278192041420397 2.4710000000000001 -2.0015939009847683  21.253861551146457 2.4710000000000001 -2.0029723543115718  21.221489142036937 2.4710000000000001 -2.0047534259601458  21.181597928400123 2.4710000000000001 -2.0068170152154501  21.15477848002859 2.4710000000000001 -2.0081263413168795  21.143705824318609 2.4710000000000001 -2.0086536127089678  21.115845507351757 2.4710000000000001 -2.0099745980282742  21.085386015538422 2.4710000000000001 -2.0113237035743077  21.045434376072603 2.4710000000000001 -2.0129457868946625  21.029866491749029 2.4710000000000001 -2.0135508982841324  21.006679559461382 2.4710000000000001 -2.0144167221881553  20.976055961653614 2.4710000000000001 -2.0155092055932706  20.937970050864518 2.4710000000000001 -2.0167244622191305  20.909223408893883 2.4710000000000001 -2.0175388713213134  20.896435645244857 2.4710000000000001 -2.0178820041649645  20.869606548784319 2.4710000000000001 -2.0185888306360971  20.839859355613029 2.4710000000000001 -2.0192719982897489  20.799803662138597 2.4710000000000001 -2.020032731440629  20.781326127167855 2.4710000000000001 -2.020339247425964  20.759324323550025 2.4710000000000001 -2.0206604155217502  20.730461465060138 2.4710000000000001 -2.0210394219053649  20.695271499697572 2.4710000000000001 -2.0213583979797107  20.663527863561708 2.4710000000000001 -2.0215131380128124  20.649027166673431 2.4710000000000001 -2.0215541198762574  20.622194649006946 2.4710000000000001 -2.0216018254226085  20.594219431500367 2.4710000000000001 -2.0215528437586485  20.554079982490236 2.4710000000000001 -2.02130873973445  20.532673844083558 2.4710000000000001 -2.0211084062151401  20.511895533778372 2.4710000000000001 -2.0208604973912299  20.484811726714767 2.4710000000000001 -2.0205056086225168  20.4525616385924 2.4710000000000001 -2.0199455290461259  20.417814520677936 2.4710000000000001 -2.0191873506243057  20.401610643941432 2.4710000000000001 -2.0187944198083705  20.374790108563371 2.4710000000000001 -2.0181021242748001  20.348604006006447 2.4710000000000001 -2.0173440435701102  20.308407492680985 2.4710000000000001 -2.0160068969171911  20.284069556715291 2.4710000000000001 -2.0150978169934533  20.264548859401089 2.4710000000000001 -2.0143063942790755  20.239262211850583 2.4710000000000001 -2.0132623881686929  20.20999003467535 2.4710000000000001 -2.0119232259430948  20.172256536323211 2.4710000000000001 -2.0100051098272944  20.154367434965973 2.4710000000000001 -2.0090397994794507  20.127582186365103 2.4710000000000001 -2.0075308338894731  20.103208031075475 2.4710000000000001 -2.0060838849955234  20.062996779293421 2.4710000000000001 -2.0035253217021798  20.036231394371779 2.4710000000000001 -2.0016956007517219  20.01751001242949 2.4710000000000001 -2.0003552402166398  19.994042971901123 2.4710000000000001 -1.9986691586072498  19.967291099585836 2.4710000000000001 -1.9966394628813  19.927092908724056 2.4710000000000001 -1.9933818498168225  19.907541124266096 2.4710000000000001 -1.9917261962311594  19.880815860444812 2.4710000000000001 -1.9893762741551564  19.858271963709875 2.4710000000000001 -1.9873330831255416  19.820162994118622 2.4710000000000001 -1.9837147455572326  19.791391927369194 2.4710000000000001 -1.9808310119824142  19.771026300804344 2.4710000000000001 -1.9787173392987012  19.747322790977599 2.4710000000000001 -1.9762421822483223  19.722722273416743 2.4710000000000001 -1.9735740569292457  19.682574684678869 2.4710000000000001 -1.9690332458258513  19.661392335243271 2.4710000000000001 -1.9665524049343286  19.634755347848376 2.4710000000000001 -1.9633294431022348  19.614056301472068 2.4710000000000001 -1.9607819599288772  19.579003451459222 2.4710000000000001 -1.9563238152502442  19.54734508958062 2.4710000000000001 -1.9521198387150698  19.525371802018512 2.4710000000000001 -1.9491069288423517  19.500541502412204 2.4710000000000001 -1.9456695719796868  19.479028637317668 2.4710000000000001 -1.9426028875778498  19.438983810508311 2.4710000000000001 -1.9367283724370754  19.416210637456054 2.4710000000000001 -1.9332869979221921  19.389693500184276 2.4710000000000001 -1.9291676310966561  19.370851662267405 2.4710000000000001 -1.9262150108801639  19.338851246222934 2.4710000000000001 -1.9210861831133472  19.304384690220182 2.4710000000000001 -1.9153754149215549  19.280840527774789 2.4710000000000001 -1.9113655520331108  19.254941808188789 2.4710000000000001 -1.9069052894157541  19.236483673840251 2.4710000000000001 -1.9036576188144534  19.196577650973779 2.4710000000000001 -1.8964933441084026  19.172252321124716 2.4710000000000001 -1.8920090351348471  19.14587802723911 2.4710000000000001 -1.8870173931101868  19.128892483757284 2.4710000000000001 -1.8837894332394285  19.099913909166581 2.4710000000000001 -1.8781874642312939  19.062733588229548 2.4710000000000001 -1.8707994748967827  19.037664100279251 2.4710000000000001 -1.8656960795186364  19.011367698373057 2.4710000000000001 -1.8602797209275703  18.995318617083882 2.4710000000000001 -1.8569240984289754  18.955591439739923 2.4710000000000001 -1.8485000051030283  18.929350563043084 2.4710000000000001 -1.8428033241442314  18.903544638973155 2.4710000000000001 -1.837072983476618  18.888409282931505 2.4710000000000001 -1.8337089741186225  18.86220878497587 2.4710000000000001 -1.8278132533465685  18.822599177194256 2.4710000000000001 -1.8187059363636164  18.796035241806987 2.4710000000000001 -1.8124729798466328  18.76990127587786 2.4710000000000001 -1.8062722825710407  18.75568986106812 2.4710000000000001 -1.8028684821595253  18.718085751461341 2.4710000000000001 -1.7937754283646445  18.690069956869916 2.4710000000000001 -1.7868736937484337  18.662779874399487 2.4710000000000001 -1.7800333487986806  18.647540844966962 2.4710000000000001 -1.7762064003061124  18.62342322059942 2.4710000000000001 -1.7700975691332004  18.583995355126032 2.4710000000000001 -1.7599655847140729  18.555952630142304 2.4710000000000001 -1.7526404368419894  18.529968041574932 2.4710000000000001 -1.7457849476805494  18.517565484743976 2.4710000000000001 -1.7424945559032881  18.482854995675972 2.4710000000000001 -1.7332262093290276  18.452260129459177 2.4710000000000001 -1.7249377805279449  18.423494084016099 2.4710000000000001 -1.7170280558123014  18.40733936397314 2.4710000000000001 -1.7125730316174281  18.386074361895147 2.4710000000000001 -1.7066732398618705  18.346812871321223 2.4710000000000001 -1.6956648539642951  18.317301352663296 2.4710000000000001 -1.6872679293714108  18.291456860657725 2.4710000000000001 -1.6798408403320069  18.280840882432674 2.4710000000000001 -1.6767793850341166  18.248920817442947 2.4710000000000001 -1.6675285243386431  18.215844995968183 2.4710000000000001 -1.6578158133095937  18.185627679175827 2.4710000000000001 -1.6488027535032244  18.168640431673268 2.4710000000000001 -1.6437138512031781  18.150130181052418 2.4710000000000001 -1.6381396877083647  18.111054079201995 2.4710000000000001 -1.6262568478720243  18.080117313014505 2.4710000000000001 -1.6166870993499138  18.054437600796071 2.4710000000000001 -1.6086362267419536  18.045596455272577 2.4710000000000001 -1.605857161802914  18.016394886764232 2.4710000000000001 -1.5966323192275891  17.981003989277863 2.4710000000000001 -1.5852691349045371  17.949432991564002 2.4710000000000001 -1.5749068194796472  17.931748584446357 2.4710000000000001 -1.569056764058341  17.9159233968434 2.4710000000000001 -1.5637905075913752  17.877157804708396 2.4710000000000001 -1.5507352334876117  17.844953869973612 2.4710000000000001 -1.5396001634911913  17.819565226971548 2.4710000000000001 -1.530609930525316  17.812508886156028 2.4710000000000001 -1.5281068344806759  17.786037564845081 2.4710000000000001 -1.5186580424407383  17.748695438620004 2.4710000000000001 -1.5049843308081197  17.716055668936548 2.4710000000000001 -1.49259404361894  17.697936595104476 2.4710000000000001 -1.4856118255766582  17.684764744489101 2.4710000000000001 -1.4804989041994896  17.647201905015219 2.4710000000000001 -1.4656948210450738  17.61475333122273 2.4710000000000001 -1.4523849292396078  17.588786102649912 2.4710000000000001 -1.4413473135462751  17.583003989093037 2.4710000000000001 -1.4388855990223119  17.558747128551019 2.4710000000000001 -1.4284824740042352  17.52129896989047 2.4710000000000001 -1.4118740553540721  17.488152938808142 2.4710000000000001 -1.3963991454549265  17.47004848354814 2.4710000000000001 -1.3877412788239922  17.459480536464035 2.4710000000000001 -1.3826508737803584  17.425269887508694 2.4710000000000001 -1.3658931706718074  17.39256124898256 2.4710000000000001 -1.3490194384400582  17.365766907149709 2.4710000000000001 -1.334498780044566  17.359788279597172 2.4710000000000001 -1.331240116696645  17.338631653871328 2.4710000000000001 -1.3196337062922008  17.303074655310208 2.4710000000000001 -1.2993330433545087  17.270533837813247 2.4710000000000001 -1.2792747142032155  17.253288306867553 2.4710000000000001 -1.2681941530206953  17.245178558300022 2.4710000000000001 -1.2629472761849136  17.214855825662447 2.4710000000000005 -1.2429204475576983  17.183460653476889 2.4710000000000001 -1.2205439815771193  17.157907082805309 2.4710000000000001 -1.20093039303605  17.152545723845989 2.4710000000000001 -1.196764544188109  17.134780421271831 2.4710000000000001 -1.1828877526860162  17.103814456184693 2.4710000000000001 -1.1571878304981003  17.076616541010129 2.4710000000000001 -1.1283220706920098  17.063987464064912 2.4710000000000001 -1.1123827645567235  17.057314847928236 2.4710000000000001 -1.1038726986298351  17.032593651113419 2.4710000000000001 -1.0692089450237008  17.017289681125202 2.4709999999999996 -1.0307895915022711  17.019188430087649 2.4710000000000001 -1.002239309204191  17.019194933134486 2.4710000000000001 -1.0021438390249158  17.019200000000001 2.4710000000000001 -1.0020707736838588 
 0 4 0.0094187985986435158 1 0.010927159923939113 1 0.011447641272615324 1 0.014127056845544142 1 0.014318580212740876 1 0.018247843268420178 1 0.018761511778204204 1 0.018833995480635066 1 0.021479854339147897 1 0.023540858682621922 1 0.025573783590153044 1 0.026080608511525216 1 0.028248129419371725 1 0.028625295209091378 1 0.032899782599950564 1 0.032956521309560505 1 0.033399815669753113 1 0.035794936636593382 1 0.037666522781397344 1 0.040225734895285796 1 0.040719098578200469 1 0.042378376625890737 1 0.042964583976029098 1 0.04709229997361182 1 0.047551707401635585 1 0.048038390655982428 1 0.050134267461766448 1 0.051808213881211054 1 0.054877684687770378 1 0.055357765685647098 1 0.056526113801663558 1 0.05730384576958103 1 0.061245892721259181 1 0.062203667201386974 1 0.062677225258833694 1 0.064473497047564998 1 0.065967418998909802 1 0.069529715167540085 1 0.069996630963867934 1 0.070690630091039111 1 0.071643231045636135 1 0.075415285813167615 1 0.07685567385193097 1 0.077316052507404309 1 0.078813139672958221 1 0.080141321124955978 1 0.084181710882601193 1 0.084635375339321112 1 0.084868626873739389 1 0.085982850694081459 1 0.089597033957511271 1 0.091507676791023188 1 0.091954769097756711 1 0.093152612562360695 1 0.094326447807013561 1 0.098833663703968733 1 0.099056747364885983 1 0.099274259841919316 1 0.10032224828249185 1 0.10378778832412001 1 0.10615962502170075 1 0.10659377113332706 1 0.1074921556597159 1 0.10851945532337283 1 0.11325160124460676 1 0.11348562142016531 1 0.11391323162814733 1 0.11466204402675867 1 0.11798409726646468 1 0.12081160851959671 1 0.12123255574975121 1 0.12183185715787898 1 0.12271681936319365 1 0.12744958433440584 1 0.12813758665924757 1 0.12855196442049227 1 0.12900162651828981 1 0.13218229070760512 1 0.13546356640889756 1 0.13587141668488217 1 0.13617125339890634 1 0.13691478975261162 1 0.14164693969054679 1 0.14278953106193173 1 0.14319088984478273 1 0.14334084006359774 1 0.14637866139452982 1 0.1501155585259033 1 0.15051030521285927 1 0.15051044469290711 1 0.15110979693432702 1 0.15584025972135415 1 0.15744150755165709 1 0.15768018964064473 1 0.15782972242122961 1 0.16056998715037887 1 0.16476755782702934 1 0.16484997155447742 1 0.16514919301856559 1 0.16529886106464647 1 0.17002684898423148 1 0.17201991582448461 1 0.17209350206845456 1 0.1724686007478079 1 0.17475390384286849 1 0.17918975109031415 1 0.17941952655188989 1 0.17947992896395032 1 0.17978798985036773 1 0.18420494535680748 1 0.18635957307804185 1 0.18674551437402243 1 0.18710740682428126 1 0.18892893086627929 1 0.19352910794157394 1 0.19365182760123176 1 0.19407151313914262 1 0.19442680986143007 1 0.19837367727079153 1 0.20069875781888166 1 0.20139751709301038 1 0.20174628800733865 1 0.20309442445661005 1 0.20781413022940687 1 0.20786845453036687 1 0.20872347316614567 1 0.20906565991620474 1 0.21253281377658365 1 0.21503824146964798 1 0.21604945717287305 1 0.21638512547585548 1 0.21725044417664482 1 0.22196710453926033 1 0.22220802726809316 1 0.22337542750181985 1 0.22370449930029737 1 0.2266828145339998 1 0.22937774380261852 1 0.2307014164049789 1 0.23102394574877166 1 0.23139755807142223 1 0.23611143068012944 1 0.23654758090370059 1 0.23802742324494533 1 0.23834333186677908 1 0.24082446346674441 1 0.24371736226837637 1 0.24535343904185405 1 0.24553667293658329 1 0.24566270961385545 1 0.25024814327804346 1 0.25088709322424174 1 0.25267939332640377 1 0.25298212917095558 1 0.25495888903791286 1 0.2580567982201224 1 0.25966897558223212 1 0.26000535146331133 1 0.26030156133667109 1 0.26437846845347601 1 0.26522644133267786 1 0.26733127187901551 1 0.26762107491408854 1 0.26908739225198314 1 0.27239610527915764 1 0.27379584026038428 1 0.27465722439709944 1 0.27494040399363523 1 0.27850385691313856 1 0.2795656471213166 1 0.28198316682198055 1 0.28225976762322136 1 0.28321147644293904 1 0.28673542773274868 1 0.28791878699569995 1 0.28930913737328073 1 0.28957913306769834 1 0.29262583517714774 1 0.29390518082933709 1 0.29663513121628587 1 0.29689863269757844 1 0.29733267616273079 1 0.30107515592072398 1 0.30203938762874116 1 0.30396109083292272 1 0.30421814358033039 1 0.30674600995221979 1 0.30824479597755478 1 0.31128703601037616 1 0.31145261658000772 1 0.31153761509466293 1 0.3154146194118414 1 0.31615926877692468 1 0.3186129493322743 1 0.31885699937893452 1 0.32086602039982809 1 0.32258426316585603 1 0.3255729436081658 1 0.32593891429729849 1 0.32617640535880338 1 0.32975410024240853 1 0.33028009157856941 1 0.33326486172970854 1 0.33349578142162828 1 0.33498753215340082 1 0.33692385306539074 1 0.33969533038795113 1 0.34059081774719746 1 0.34081524625545101 1 0.34409349002171019 1 0.34440353896765979 1 0.34791671671407509 1 0.34813467872355291 1 0.34911224593201245 1 0.35126322040308977 1 0.35382150443841875 1 0.35524269375655287 1 0.35545412795226206 1 0.35843299034383569 1 0.35853136771464272 1 0.36256867946938592 1 0.36277349059255903 1 0.36324192136114342 1 0.36560282008315231 1 0.36795322422757387 1 0.36989469512009848 1 0.37009291937883609 1 0.37266535841910492 1 0.37277239134071033 1 0.37722063972229353 1 0.37737836263114927 1 0.37741232340856035 1 0.37994211577843207 1 0.38209230787435594 1 0.38454660598138862 1 0.38473177748375315 1 0.38680728871150299 1 0.38711189590992623 1 0.39152333064809686 1 0.39187254616933159 1 0.39205119339376132 1 0.39428180406844349 1 0.39624051160515783 1 0.39919853865782273 1 0.39937064302301134 1 0.40095893250356635 1 0.40145148602525099 1 0.40567861610178296 1 0.40652448359484356 1 0.40669003846754215 1 0.40862117368667167 1 0.41039961785861401 1 0.41385040702810838 1 0.41400946412434786 1 0.41512207182073263 1 0.41579075662667414 1 0.41984599879082291 1 0.42117633387464676 1 0.42132887566820559 1 0.42296047791620162 1 0.42457151944145033 1 0.42850228381992422 1 0.42864827125563698 1 0.42929868844997443 1 0.43013017793736019 1 0.43402759609371006 1 0.43582829649275706 1 0.43596763977538516 1 0.43729999913596723 1 0.43875842045636304 1 0.44315419971882625 1 0.44328702260806979 1 0.44349125986649207 1 0.44446988005474919 1 0.44822626690871298 1 0.45048007843772986 1 0.4506064885074022 1 0.45163955535203554 1 0.45296380571245076 1 0.45770415444817414 1 0.45780585897369747 1 0.4579258909919508 1 0.45880934283161878 1 0.46244770033886917 1 0.46513154422815806 1 0.46524530262807018 1 0.46597881364174254 1 0.46719554996065049 1 0.47194883945061272 1 0.47245701960420833 1 0.47256464669280585 1 0.47314852671353841 1 0.47670910289110474 1 0.47978207447322463 1 0.47988385033135045 1 0.48031776729869824 1 0.48148223945484686 1 0.48627828521657024 1 0.48710509221626069 1 0.4872018835055581 1 0.48748569113485174 1 0.4911163293880757 1 0.49439909506935747 1 0.494462013386683 1 0.49460109078335818 1 0.49624908570500859 1 0.50164623556356946 1 0.50165048445985572 1 0.50166434587376163 4
7 0 0  3 312 310  17.019200000000001 0 -1.0020707736838586  17.01920299961948 0 -1.0020275184958434  17.019207171040321 0 -1.0019679913424475  17.021232521365793 0 -0.97347334393735341  17.041427395378722 0 -0.93785913877854254  17.070894851053385 0 -0.90788531129359173  17.078611063115947 0 -0.90082905977195837  17.093703387885334 0 -0.88719752511465377  17.125146980671275 0 -0.86417400832216928  17.160594203047875 0 -0.8455057430553452  17.180480194267293 0 -0.83603307232256308  17.186885960897726 0 -0.83300985086702095  17.215958201050874 0 -0.81959455287488203  17.251279961784398 0 -0.80538438223633801  17.284986061426885 0 -0.793553954581393  17.293725343544871 0 -0.79059996268774158  17.313220568161711 0 -0.78409537631444426  17.349160699107269 0 -0.77302589006529687  17.388451192575992 0 -0.76264876618096211  17.411350791524839 0 -0.75708371054559676  17.418146284994609 0 -0.75545507968856374  17.4475101644259 0 -0.74850692390171747  17.483092722444049 0 -0.74097391228831677  17.519990188877969 0 -0.73404563302417136  17.531192465835392 0 -0.73202616087072281  17.550880211970423 0 -0.72853974103944341  17.586389651612549 0 -0.72262342524757295  17.626590730496421 0 -0.71679947612645589  17.652285599619056 0 -0.713430900459467  17.658555328052717 0 -0.71262747817505101  17.68613422118235 0 -0.70911099385116017  17.720569569626903 0 -0.70520880222425064  17.760285987348613 0 -0.70133213042418741  17.774117357135992 0 -0.70006420580218154  17.793239274786231 0 -0.69836522668320311  17.827483656497115 0 -0.69551870385260683  17.866648866040251 0 -0.69280946171352498  17.89446869224156 0 -0.69116738172092196  17.901841473280463 0 -0.69075085037744444  17.928360807964381 0 -0.68927153197700664  17.961866175198622 0 -0.68771643061982046  18.002361144775882 0 -0.68628393121764708  18.018890803462668 0 -0.68578402753406609  18.037162073047426 0 -0.68527860004088814  18.069864891962823 0 -0.6844827376650201  18.106429180349178 0 -0.68394630630951991  18.136888748995784 0 -0.68372594967380151  18.146023990784759 0 -0.68368108782363457  18.172567536960777 0 -0.68358406602808364  18.204452477419977 0 -0.68366323070445112  18.244888514509338 0 -0.68408125804269493  18.26414916190252 0 -0.68436732000956901  18.28143486121553 0 -0.68466484922554183  18.31248441861452 0 -0.68525789705815487  18.346285499287387 0 -0.68613748996613255  18.379387752640895 0 -0.68718092562562094  18.390267847442246 0 -0.68754628563489506  18.416782505554693 0 -0.68847539765217758  18.446985695440844 0 -0.68965262380175929  18.48729880040905 0 -0.69144675958261415  18.509312582868233 0 -0.69251179440188071  18.525540815504904 0 -0.6933307830068689  18.554898101447396 0 -0.69484003767637004  18.585861526576764 0 -0.6965851017757092  18.621618093010223 0 -0.69874556304534119  18.634229673028223 0 -0.69952997514270199  18.660697120070267 0 -0.70121482506311694  18.68919993570778 0 -0.70309927898100555  18.729366845454614 0 -0.70590560276756698  18.75415412457734 0 -0.70771486445411647  18.769288157578021 0 -0.70884510755340324  18.796944912123088 0 -0.71091951934969255  18.825037947481931 0 -0.71311987454534154  18.863466342652167 0 -0.71624077952773302  18.877803642653145 0 -0.71742597211636627  18.904222451937439 0 -0.71964464520577365  18.931028311262576 0 -0.72193483367093614  18.970882341614843 0 -0.72543719604391799  18.997450480971995 0 -0.72783426986738786  19.012648132115363 0 -0.72922316631338513  19.038779759438896 0 -0.73161383539820002  19.065005424114155 0 -0.73406868348075149  19.104954620893025 0 -0.73787914102859853  19.121014828367702 0 -0.73942797639947189  19.147394922190905 0 -0.74199866000735315  19.172516144754386 0 -0.74446521149531764  19.209473167219734 0 -0.74814547977348622  19.238773494582883 0 -0.75110282833934106  19.255697477892699 0 -0.75282295727003656  19.282063097087264 0 -0.75550730597342541  19.306347171466193 0 -0.75800396403185144  19.34617617161711 0 -0.76212910375230958  19.364818232897331 0 -0.76407047037361908  19.390323609069668 0 -0.7667379916547592  19.413774563994856 0 -0.76919577165450381  19.447841872154015 0 -0.77278380225438059  19.479900585654875 0 -0.77617746214580041  19.498558615151705 0 -0.77815844075166629  19.524906902967636 0 -0.78095899576275896  19.547527780467377 0 -0.78337116816439401  19.587251993267827 0 -0.78761712692109032  19.608758243926665 0 -0.78992072966303262  19.63312180710119 0 -0.79253348522636746  19.654914436753856 0 -0.79487135263679221  19.686095759954782 0 -0.798219976717362  19.72093540268807 0 -0.80196464500850984  19.741331585994217 0 -0.80415768223344442  19.767674040814576 0 -0.80699030738249589  19.788641669408641 0 -0.80924524846744572  19.828276429489684 0 -0.81350681067624908  19.852665171982714 0 -0.81612824623465752  19.875885371504648 0 -0.81862218886622906  19.896027531172663 0 -0.8207852748752773  19.924321847888528 0 -0.82382162048476992  19.961958305048213 0 -0.82785497888404558  19.98409506734324 0 -0.83022436632922503  20.010435855815864 0 -0.83304128766443797  20.029753311007489 0 -0.83510496412870072  20.069300824873153 0 -0.83932404709848374  20.095642451794394 0 -0.84212859689287078  20.118650120340885 0 -0.84457340419596494  20.137143295750356 0 -0.84653825281487716  20.163485811787123 0 -0.84933256866975282  20.20299396224021 0 -0.85351406647317785  20.226873566392914 0 -0.85603648992602888  20.253218231086443 0 -0.85881554641676727  20.270887595585293 0 -0.86067748130233701  20.308020133212857 0 -0.86458498225438585  20.336701507778059 0 -0.86759645893803783  20.361453284311974 0 -0.87019044245060684  20.380632333739985 0 -0.87219978237779072  20.404642387252984 0 -0.87471184160377113  20.444066518371855 0 -0.87882946824218866  20.469689608087222 0 -0.88150080934878106  20.496037215553713 0 -0.88424408074797167  20.512055806299607 0 -0.88591079722865074  20.54629583097033 0 -0.88946990589183228  20.577790314074576 0 -0.89273789618491128  20.604287821242497 0 -0.89548324139288971  20.624624397200453 0 -0.89758943077510145  20.645830031192311 0 -0.89978367461579212  20.685170525466795 0 -0.90385048624163034  20.712539184382145 0 -0.90667642750402533  20.738889499889872 0 -0.90939538249225049  20.753255362783591 0 -0.91087742290658513  20.784601465342014 0 -0.91411002635383654  20.818903745266596 0 -0.9176450470011589  20.847144434947282 0 -0.92055385517054622  20.868635701651471 0 -0.92276710308858634  20.887037649312106 0 -0.9246617762698186  20.926293017210636 0 -0.92870293841318408  20.955404884269406 0 -0.93169942274727935  20.981758386791554 0 -0.93441261164067868  20.994473034685591 0 -0.93572168398874056  21.022930851195042 0 -0.93865202391582003  21.060036007438079 0 -0.94247457163287285  21.090016154321077 0 -0.94556562228305197  21.112656417168321 0 -0.94790095157296195  21.12825932578523 0 -0.94951108744117452  21.167424268325611 0 -0.95355509558892682  21.197494785226102 0 -0.95666411397574946  21.224630656307298 0 -0.95947415603696995  21.235693013987721 0 -0.96061983870181789  21.26204888839564 0 -0.96335107863855063  21.301166483785373 0 -0.96741182202765097  21.332884460745753 0 -0.97071222336750962  21.356661835264401 0 -0.97318975557396203  21.369473879707698 0 -0.97452596427888227  21.406787334759812 0 -0.978421484549301  21.437475418789937 0 -0.98163405809641635  21.467482959434498 0 -0.98478461289556163  21.478646858625304 0 -0.98595718317383563  21.503244880886808 0 -0.98854333599271205  21.542267867566714 0 -0.99265608803375205  21.575721119128861 0 -0.9961941868982318  21.600623398979927 0 -0.9988334533571972  21.610655594588295 0 -0.99989776813642617  21.64510194074154 0 -1.0035557209772239  21.677437853946191 0 -1.007001085141221  21.710305600304864 0 -1.0105180458233181  21.72258845366575 0 -1.0118335560336784  21.744412700589685 0 -1.0141735307139932  21.783338663678514 0 -1.0183591096224593  21.818524321813719 0 -1.0221615312255978  21.844536161006516 0 -1.024982115792566  21.851801679687775 0 -1.0257708308546631  21.883390017047013 0 -1.0292028933351516  21.917368472675946 0 -1.0329109063838142  21.953078154536271 0 -1.0368319432444708  21.966464792062304 0 -1.0383044265780836  21.985527226696583 0 -1.0404036485234804  22.024351434869857 0 -1.0446930928874216  22.061264458665221 0 -1.0488002115780661  22.087611005079449 0 -1.0517471326656331  22.092883503055361 0 -1.0523374622125257  22.121627683132633 0 -1.0555580270665901  22.158002410468789 0 -1.0596573907903049  22.19577575862521 0 -1.0639495429095345  22.210249461405763 0 -1.0655988757205725  22.226565695312274 0 -1.0674601120672085  22.265283399196186 0 -1.0718914911086077  22.303491673170086 0 -1.0763032174864102  22.330255707381291 0 -1.0794143587674123  22.333876224873219 0 -1.0798354568194255  22.360216670826325 0 -1.0829005226325163  22.398879846575845 0 -1.0874293588292459  22.438370788457654 0 -1.0921012564398986  22.453911748311846 0 -1.0939472921098012  22.46749957730573 0 -1.0955625508846827  22.505174263585122 0 -1.1000549519979068  22.543230693772255 0 -1.104639070838811  22.572460331291197 0 -1.1081867322425381  22.575684929161245 0 -1.1085784231166074  22.601081403392143 0 -1.1116652863423033  22.63995354026487 0 -1.1164207913047726  22.679639754168015 0 -1.1213286882115967  22.697417313409026 0 -1.1235375278828821  22.708299383124583 0 -1.1248905029010268  22.744365183844181 0 -1.1293869263930243  22.782855848557144 0 -1.134233145465112  22.813114406956974 0 -1.1380756281211986  22.819113626274792 0 -1.1388383155021755  22.841812930695593 0 -1.141726060566524  22.881799804058094 0 -1.1468455900471151  22.920225768581254 0 -1.1518187447993342  22.940757889066955 0 -1.1544898078752956  22.949465451951014 0 -1.1556235349974946  22.983981956553279 0 -1.1601280863326933  23.021026346702111 0 -1.1650067518479474  23.053612927416935 0 -1.1693367968664292  23.062357952963964 0 -1.1705008998108231  23.083712546858241 0 -1.1733466076727126  23.122340951309621 0 -1.1785235870187964  23.160647625599921 0 -1.1837106071105161  23.183903604267151 0 -1.1868783738002693  23.191604351862505 0 -1.1879287096965707  23.223456194421097 0 -1.1922799926401908  23.258736518526074 0 -1.1971398841561611  23.29393962181895 0 -1.2020327181462653  23.305400952039744 0 -1.2036296257373733  23.325755545206526 0 -1.2064699325133001  23.362707335470951 0 -1.2116507824512546  23.400893132229417 0 -1.2170585460807277  23.426842833778281 0 -1.2207605923331437  23.43356253748729 0 -1.2217211929746719  23.462774310744315 0 -1.2259010307735725  23.496288004195115 0 -1.2307375222537327  23.53407227325873 0 -1.2362575709998018  23.548219709037653 0 -1.2383334892199622  23.567591840078229 0 -1.2411840557681562  23.602857869304245 0 -1.2464034472570875  23.640909594262137 0 -1.2521064624311271  23.667163992589547 0 -1.2560800965175618  23.675272114084045 0 -1.2573099203888434  23.701852204476925 0 -1.2613455777219593  23.735942189589419 0 -1.266572227892784  23.773921386674857 0 -1.2724656628281514  23.790728459925731 0 -1.2750876971896641  23.809126525780037 0 -1.2779677654470776  23.842701954266964 0 -1.2832481091983969  23.87835443597616 0 -1.2889215767045761  23.906831870350775 0 -1.2934994853412385  23.916656221132939 0 -1.2950831248842203  23.942871296938904 0 -1.2993170872536952  23.975594880330682 0 -1.3046513206716577  24.013425526039466 0 -1.3108911536276369  24.03287426583195 0 -1.314120194967529  24.050298266726628 0 -1.3170253543743127  24.082179963511898 0 -1.3223612649483407  24.115104062182567 0 -1.3279360092704433  24.146111536585142 0 -1.333243388742638  24.157643087019451 0 -1.3352242943925183  24.183809557237325 0 -1.3397336137095288  24.214837411570695 0 -1.345128450910386  24.252508931746185 0 -1.3517580589216878  24.274585287523482 0 -1.3556755948641359  24.291029608856284 0 -1.3586095918208234  24.321212198469187 0 -1.3640112404087648  24.351402014147048 0 -1.369479163142358  24.384921359963876 0 -1.3756207757774901  24.398149435918214 0 -1.3780555376429198  24.424258717840988 0 -1.3828832088860747  24.45358531740958 0 -1.3883506666701626  24.491084569833234 0 -1.3954239716790067  24.515769991913672 0 -1.4001252487693203  24.531233781598409 0 -1.4030887281106874  24.559710920941633 0 -1.408556643799691  24.587169992301515 0 -1.4138890531302664  24.623173923384478 0 -1.4209702285257131  24.638085676151285 0 -1.4239201049986994  24.664140179903214 0 -1.4291080414425497  24.691771491791947 0 -1.4346550380404921  24.729088034893589 0 -1.4422400373685704  24.755098558777107 0 -1.4475917075105  24.770820534671479 0 -1.4508501689441533  24.797556454696366 0 -1.4563997893455096  24.823496586899722 0 -1.4618517080866267  24.860669281279588 0 -1.4698091182706081  24.877252281084274 0 -1.4733945856130699  24.903325887430132 0 -1.4791072285340281  24.929374435579351 0 -1.4848822151773162  24.965999141013505 0 -1.4931362424160655  24.992476176281663 0 -1.4991903552967638  25.00962770255336 0 -1.5031340909967885  25.03488716601856 0 -1.5089505431849755  25.059360097239612 0 -1.5146361069384529  25.095914977447052 0 -1.5236042776960597  25.114225113374516 0 -1.5282534416856948  25.141424395487871 0 -1.5355662886442396  25.209624778854714 0 -1.5545477688658098  25.274148130457206 0 -1.5752165645029161  25.283999999999999 0 -1.5800018890345835 
 0.50166434587376163 4 0.50167255192680926 1 0.50167563950773675 1 0.50707080535134863 1 0.50866953008644389 1 0.50883369854911686 1 0.50887547618272866 1 0.51218554491661905 1 0.5157326152044438 1 0.51605083893958703 1 0.51611652486986348 1 0.51699615247064967 1 0.52175556871066142 1 0.5228535560941534 1 0.52331611358801544 1 0.52338800196649815 1 0.52649078113382586 1 0.5299749704400003 1 0.5305838358556183 1 0.53066278607417028 1 0.53121200128245527 1 0.53592516874550855 1 0.53709651595479513 1 0.53785197903198323 1 0.53793830958691802 1 0.5406325820460709 1 0.54421806048915278 1 0.54512019230631947 1 0.54521410274590132 1 0.54533554203577972 1 0.55003528466108298 1 0.55133961645999174 1 0.55238848863034873 1 0.55249003420239806 1 0.55473242200286199 1 0.55846124781245177 1 0.55942730325748768 1 0.55965673768529889 1 0.55976607832058756 1 0.56412047426429679 1 0.56558285964160249 1 0.5669250540488564 1 0.56704215665595015 1 0.56881213313972312 1 0.57270441229588664 1 0.57350242588339995 1 0.57419331329425649 1 0.57431826569523758 1 0.5781916284236579 1 0.57982589268851592 1 0.58146168143624699 1 0.58159436040775681 1 0.58287982860679222 1 0.58694750270453222 1 0.58756710702450077 1 0.58873003298516791 1 0.5888704789618564 1 0.59225361274283561 1 0.59406922569486464 1 0.59599845782579797 1 0.59614665021241153 1 0.59693939943676178 1 0.60119090920738461 1 0.6016245197727742 1 0.60326676806067703 1 0.60342285411257934 1 0.60630906380938765 1 0.60831237090063583 1 0.61053509810503104 1 0.61069906793207551 1 0.61099305816616523 1 0.61543405167652032 1 0.61567655770840368 1 0.61780337104576477 1 0.6179752245537421 1 0.62035961317081045 1 0.62255563361576383 1 0.62504223465925823 1 0.62507171457175825 1 0.62525135740796844 1 0.6296774418312856 1 0.62972448821047555 1 0.632340066972499 1 0.63252750261802115 1 0.63440639756447226 1 0.63679888265058837 1 0.63908797352088176 1 0.63960834172404646 1 0.63980373596312423 1 0.64376926125803413 1 0.64392042359306179 1 0.6468766771530543 1 0.64707997075247736 1 0.64845027965891022 1 0.65104178131414858 1 0.65313104193619509 1 0.65414495163572783 1 0.65435617246021893 1 0.65781158033459719 1 0.65816349549752173 1 0.66141327239142944 1 0.66163230976015153 1 0.6624919068576437 1 0.66528495000625898 1 0.66717204101043437 1 0.66868157260699423 1 0.66890853727233068 1 0.67185200879699269 1 0.67240660226319282 1 0.67594986139662383 1 0.67618478038705254 1 0.67653181769865667 1 0.67952824951972257 1 0.68121149545831317 1 0.68321822515430808 1 0.68346098526705157 1 0.68589105941200057 1 0.68665002096273142 1 0.69048658688081943 1 0.6905705228371356 1 0.69073711497818613 1 0.69377171846891261 1 0.69524991099741784 1 0.69775495049064817 1 0.69801331366643471 1 0.69992924213610064 1 0.7008933144269659 1 0.70460853677389867 1 0.7050233240919902 1 0.70528949732439583 1 0.70801494917350616 1 0.70928781546402164 1 0.71229163347485502 1 0.71256575535374633 1 0.71396709748934706 1 0.71513643693672113 1 0.71864640839963112 1 0.71955996708661218 1 0.71984193810577768 1 0.72225784491842893 1 0.72332576563426976 1 0.72682824863933826 1 0.72711814518991302 1 0.72800519320626556 1 0.72937940863757011 1 0.7326847099835867 1 0.73409664076657488 1 0.73439431583417825 1 0.7365010358508518 1 0.73736433342607721 1 0.74136497254938893 1 0.74167047357778204 1 0.74204408964927171 1 0.7436228024252145 1 0.74672399016994229 1 0.74863331111522124 1 0.74894672411052643 1 0.75074444993948253 1 0.75140405206774252 1 0.75590155221403466 1 0.75608430079781874 1 0.75622293178905775 1 0.75786604764860266 1 0.76076473903735364 1 0.76316990725058353 1 0.76349912506478723 1 0.76498765624187504 1 0.76544538552934505 1 0.77012625289774284 1 0.7704382550904868 1 0.7707752492131702 1 0.77210916307839972 1 0.77480734476138702 1 0.77770663641667825 1 0.77805140970143061 1 0.77923077324497925 1 0.77948868466520194 1 0.78417026984239324 1 0.78497493016506548 1 0.78532763167236819 1 0.78635234202800741 1 0.78885210604640077 1 0.79224326525795097 1 0.79260386381302028 1 0.79347388002694053 1 0.79353421707626848 1 0.79821660031895869 1 0.79951161975329232 1 0.79988006415349366 1 0.80059554632199947 1 0.80289926301044201 1 0.80677990870264882 1 0.80715627983584237 1 0.80758223772265425 1 0.80771708074776438 1 0.81226551946436909 1 0.81404822889935535 1 0.81443248064786999 1 0.81483878795905074 1 0.81694912685331755 1 0.82131653525889892 1 0.82163308680374969 1 0.82170872081272373 1 0.82196039540076404 1 0.82631740237421136 1 0.82858496567293372 1 0.82898489257555674 1 0.82908195882709046 1 0.83100211453984052 1 0.83568722670223516 1 0.83585334520069909 1 0.83620353697833572 1 0.83626105171371889 1 0.84037275193145333 1 0.8431216584053528 1 0.84332503012776294 1 0.84353725183822814 1 0.84505873906179674 1 0.84974518068970317 1 0.85038996287321134 1 0.8504467570134352 1 0.85081346216055997 1 0.85443208713250574 1 0.85756829689207403 1 0.85765828306425007 1 0.85808973213537332 1 0.85911950208220855 1 0.86380739797544093 1 0.86469005105331886 1 0.86492660148241507 1 0.86536586667283022 1 0.86849578515158155 1 0.87181167737096421 1 0.87219492033616386 1 0.8726420772555924 1 0.8731846653262576 1 0.87787400415930716 1 0.87893323336552565 1 0.87946317927292739 1 0.87991825254395328 1 0.88256380916150312 1 0.88605484237540277 1 0.88673147925932816 1 0.88719449239902282 1 0.88725400943155208 1 0.8919445690894674 1 0.89317626761901581 1 0.89399984863869708 1 0.8944706428302851 1 0.89663545514423182 1 0.90029799054433324 1 0.9012682500734327 1 0.9013265813056659 1 0.90174681449430183 1 0.90601789636322072 1 0.90741947292425063 1 0.90853668629569562 1 0.90902301751478587 1 0.91070933054974013 1 0.91454115152568305 1 0.91540080757233422 1 0.91580500658419917 1 0.91629922894891636 1 0.92009227912428015 1 0.92166279901883219 1 0.92307335826725456 1 0.9235754550675801 1 0.92478368901035524 1 0.92878437440161887 1 0.92947501197304261 1 0.93034163733421682 1 0.93085158365851062 1 0.93416623724018244 1 0.93590604081908824 1 0.9376099601738539 1 0.938127794223376 1 0.93885741402659384 1 0.94302751904811377 1 0.94354859167539362 1 0.94487830738114509 1 0.94540395959532741 1 0.94823987832122403 1 0.95014916136094119 1 0.95214663257264309 1 0.95268022084393456 1 0.95293147654792498 1 0.9572707940154388 1 0.95762353842383863 1 0.95941498906728662 1 0.95995641324622827 1 0.96231644244710024 1 0.96439244697600346 1 0.96668323847094451 1 0.96701057927264811 1 0.96723262051459968 1 0.97151413092700523 1 0.97170629552937304 1 0.97395148439960033 1 0.97450874939367882 1 0.97640472601826522 1 0.97863554725241397 1 0.9811068229710822 1 0.98121961528572943 1 0.98178487479804633 1 0.98575701499244817 1 0.98581351559269403 1 0.98848696378873691 1 0.98906065002066301 1 0.99053021838637656 1 1 4
7 0 0  3 312 310  17.019200000000001 2.4710000000000001 -1.0020707736838588  17.019202999619484 2.4710000000000001 -1.0020275184958434  17.019207171040321 2.4710000000000001 -1.0019679913424477  17.021232521365793 2.4710000000000001 -0.97347334393735352  17.041427395378722 2.4710000000000005 -0.93785913877854254  17.070894851053385 2.4710000000000001 -0.90788531129359196  17.07861106311595 2.4710000000000001 -0.90082905977195848  17.093703387885338 2.4710000000000001 -0.887197525114654  17.125146980671282 2.4710000000000005 -0.8641740083221694  17.160594203047875 2.4710000000000005 -0.84550574305534554  17.18048019426729 2.4710000000000001 -0.8360330723225633  17.186885960897726 2.4710000000000001 -0.83300985086702128  17.215958201050874 2.4710000000000001 -0.81959455287488225  17.251279961784402 2.4710000000000005 -0.80538438223633824  17.284986061426885 2.4710000000000001 -0.79355395458139311  17.293725343544871 2.4710000000000001 -0.7905999626877418  17.313220568161711 2.4710000000000001 -0.78409537631444448  17.349160699107266 2.4710000000000001 -0.77302589006529709  17.388451192575989 2.4709999999999996 -0.76264876618096233  17.411350791524839 2.4710000000000001 -0.75708371054559698  17.418146284994613 2.4710000000000001 -0.75545507968856396  17.447510164425907 2.4710000000000001 -0.74850692390171747  17.483092722444052 2.4710000000000001 -0.74097391228831677  17.519990188877966 2.4710000000000001 -0.73404563302417136  17.531192465835392 2.4710000000000001 -0.73202616087072292  17.550880211970419 2.4710000000000001 -0.72853974103944352  17.586389651612542 2.4710000000000001 -0.72262342524757317  17.626590730496417 2.4710000000000001 -0.71679947612645623  17.652285599619056 2.4710000000000001 -0.71343090045946733  17.658555328052717 2.4710000000000001 -0.71262747817505134  17.68613422118235 2.4710000000000001 -0.7091109938511605  17.720569569626903 2.4710000000000001 -0.70520880222425086  17.760285987348613 2.4710000000000005 -0.70133213042418774  17.774117357135992 2.4710000000000001 -0.70006420580218187  17.793239274786231 2.4710000000000001 -0.69836522668320344  17.827483656497112 2.4710000000000001 -0.69551870385260717  17.866648866040254 2.4710000000000001 -0.69280946171352531  17.894468692241567 2.4710000000000001 -0.69116738172092207  17.901841473280463 2.4710000000000001 -0.69075085037744466  17.928360807964381 2.4710000000000001 -0.68927153197700686  17.961866175198619 2.4710000000000001 -0.68771643061982068  18.002361144775882 2.4710000000000001 -0.6862839312176473  18.018890803462668 2.4710000000000001 -0.68578402753406642  18.037162073047426 2.4710000000000001 -0.68527860004088836  18.069864891962823 2.4710000000000001 -0.68448273766502021  18.106429180349181 2.4710000000000001 -0.68394630630952014  18.136888748995791 2.4710000000000001 -0.68372594967380174  18.146023990784766 2.4710000000000001 -0.68368108782363479  18.172567536960781 2.4710000000000001 -0.68358406602808386  18.204452477419981 2.4710000000000001 -0.68366323070445145  18.244888514509334 2.4710000000000001 -0.68408125804269504  18.26414916190252 2.4710000000000001 -0.68436732000956912  18.28143486121553 2.4710000000000001 -0.68466484922554194  18.31248441861452 2.4710000000000001 -0.68525789705815487  18.34628549928739 2.4710000000000001 -0.68613748996613266  18.379387752640898 2.4710000000000001 -0.68718092562562116  18.390267847442246 2.4710000000000001 -0.68754628563489528  18.416782505554693 2.4710000000000001 -0.6884753976521778  18.446985695440844 2.4710000000000001 -0.68965262380175951  18.487298800409057 2.4710000000000001 -0.69144675958261448  18.509312582868233 2.4710000000000001 -0.69251179440188104  18.525540815504907 2.4710000000000001 -0.69333078300686923  18.554898101447396 2.4710000000000001 -0.69484003767637048  18.585861526576764 2.4710000000000001 -0.69658510177570943  18.621618093010223 2.4710000000000001 -0.69874556304534141  18.634229673028223 2.4710000000000001 -0.69952997514270221  18.660697120070271 2.4710000000000001 -0.70121482506311716  18.68919993570778 2.4710000000000001 -0.70309927898100577  18.729366845454617 2.4710000000000001 -0.7059056027675672  18.75415412457734 2.4710000000000001 -0.70771486445411669  18.769288157578025 2.4710000000000001 -0.70884510755340346  18.796944912123095 2.4710000000000001 -0.71091951934969289  18.825037947481935 2.4710000000000001 -0.71311987454534176  18.86346634265217 2.4710000000000005 -0.71624077952773324  18.877803642653145 2.4710000000000001 -0.71742597211636649  18.904222451937436 2.4710000000000001 -0.71964464520577387  18.931028311262573 2.4710000000000001 -0.72193483367093636  18.970882341614836 2.4710000000000001 -0.7254371960439181  18.997450480971985 2.4710000000000001 -0.72783426986738808  19.012648132115359 2.4710000000000001 -0.72922316631338535  19.038779759438892 2.4710000000000001 -0.73161383539820024  19.065005424114155 2.4710000000000001 -0.73406868348075149  19.104954620893025 2.4710000000000001 -0.73787914102859875  19.121014828367706 2.4710000000000001 -0.73942797639947211  19.147394922190912 2.4710000000000001 -0.74199866000735337  19.172516144754393 2.4710000000000001 -0.74446521149531786  19.209473167219734 2.4710000000000001 -0.74814547977348633  19.238773494582887 2.4710000000000001 -0.75110282833934117  19.255697477892703 2.4710000000000001 -0.75282295727003667  19.282063097087264 2.4710000000000001 -0.75550730597342541  19.306347171466196 2.4710000000000001 -0.75800396403185166  19.346176171617106 2.4710000000000001 -0.76212910375230969  19.364818232897328 2.4710000000000001 -0.76407047037361919  19.390323609069668 2.4710000000000001 -0.76673799165475931  19.413774563994849 2.4710000000000001 -0.76919577165450392  19.447841872154012 2.4710000000000001 -0.7727838022543807  19.479900585654871 2.4710000000000001 -0.77617746214580063  19.498558615151698 2.4710000000000001 -0.7781584407516664  19.524906902967629 2.4710000000000001 -0.78095899576275907  19.547527780467377 2.4710000000000001 -0.78337116816439423  19.587251993267827 2.4709999999999996 -0.78761712692109043  19.608758243926665 2.4710000000000001 -0.78992072966303284  19.633121807101187 2.4710000000000001 -0.79253348522636768  19.654914436753849 2.4710000000000001 -0.79487135263679232  19.686095759954775 2.4710000000000001 -0.79821997671736211  19.720935402688067 2.4710000000000001 -0.80196464500851017  19.741331585994214 2.4710000000000001 -0.80415768223344464  19.767674040814576 2.4710000000000001 -0.80699030738249611  19.788641669408641 2.4710000000000001 -0.80924524846744594  19.828276429489687 2.4710000000000001 -0.8135068106762493  19.852665171982718 2.4710000000000001 -0.81612824623465763  19.875885371504648 2.4710000000000001 -0.81862218886622917  19.896027531172667 2.4710000000000001 -0.82078527487527753  19.924321847888528 2.4710000000000001 -0.82382162048477015  19.961958305048217 2.4710000000000001 -0.82785497888404591  19.98409506734324 2.4710000000000001 -0.83022436632922536  20.010435855815867 2.4710000000000001 -0.83304128766443819  20.029753311007493 2.4710000000000001 -0.83510496412870083  20.069300824873153 2.4710000000000001 -0.83932404709848396  20.095642451794394 2.4710000000000001 -0.8421285968928709  20.118650120340885 2.4710000000000001 -0.84457340419596516  20.137143295750356 2.4710000000000001 -0.84653825281487727  20.163485811787119 2.4710000000000001 -0.84933256866975304  20.202993962240207 2.4710000000000001 -0.85351406647317818  20.226873566392911 2.4710000000000001 -0.8560364899260291  20.253218231086439 2.4710000000000001 -0.85881554641676749  20.27088759558529 2.4710000000000001 -0.86067748130233723  20.308020133212853 2.4710000000000001 -0.86458498225438607  20.336701507778059 2.4710000000000001 -0.86759645893803805  20.36145328431197 2.4710000000000001 -0.87019044245060717  20.380632333739985 2.4710000000000001 -0.87219978237779117  20.404642387252984 2.4710000000000001 -0.87471184160377158  20.444066518371855 2.4710000000000001 -0.8788294682421891  20.469689608087222 2.4710000000000001 -0.8815008093487815  20.496037215553713 2.4710000000000001 -0.88424408074797212  20.512055806299603 2.4710000000000001 -0.88591079722865129  20.54629583097033 2.4710000000000001 -0.88946990589183272  20.577790314074576 2.4710000000000001 -0.89273789618491151  20.604287821242497 2.4710000000000001 -0.89548324139289015  20.624624397200449 2.4710000000000001 -0.897589430775102  20.645830031192308 2.4710000000000001 -0.89978367461579256  20.685170525466788 2.4710000000000001 -0.90385048624163045  20.712539184382141 2.4710000000000001 -0.90667642750402555  20.738889499889865 2.4710000000000001 -0.90939538249225071  20.753255362783584 2.4710000000000001 -0.91087742290658535  20.784601465342007 2.4710000000000001 -0.91411002635383665  20.818903745266592 2.4710000000000005 -0.91764504700115912  20.847144434947282 2.4710000000000001 -0.92055385517054655  20.868635701651471 2.4710000000000001 -0.92276710308858667  20.887037649312106 2.4710000000000001 -0.92466177626981882  20.926293017210643 2.4710000000000001 -0.9287029384131843  20.955404884269413 2.4710000000000001 -0.93169942274727946  20.981758386791562 2.4710000000000001 -0.9344126116406789  20.994473034685598 2.4710000000000001 -0.93572168398874078  21.022930851195039 2.4710000000000001 -0.93865202391582048  21.060036007438079 2.4710000000000001 -0.9424745716328734  21.090016154321077 2.4710000000000001 -0.94556562228305241  21.112656417168324 2.4710000000000001 -0.94790095157296239  21.12825932578523 2.4710000000000001 -0.94951108744117496  21.167424268325608 2.4710000000000001 -0.95355509558892726  21.197494785226102 2.4710000000000001 -0.95666411397574991  21.224630656307298 2.4710000000000001 -0.95947415603697017  21.235693013987721 2.4710000000000001 -0.96061983870181811  21.262048888395636 2.4710000000000001 -0.96335107863855074  21.301166483785376 2.4710000000000001 -0.96741182202765108  21.332884460745753 2.4710000000000001 -0.97071222336750973  21.356661835264397 2.4710000000000001 -0.97318975557396215  21.369473879707698 2.4710000000000001 -0.97452596427888249  21.406787334759812 2.4709999999999996 -0.97842148454930122  21.437475418789937 2.4710000000000001 -0.98163405809641657  21.467482959434498 2.4710000000000001 -0.98478461289556196  21.478646858625307 2.4710000000000001 -0.98595718317383596  21.503244880886811 2.4710000000000001 -0.98854333599271249  21.542267867566714 2.4709999999999996 -0.99265608803375227  21.575721119128865 2.4710000000000001 -0.99619418689823191  21.600623398979931 2.4710000000000001 -0.99883345335719731  21.610655594588302 2.4710000000000001 -0.99989776813642628  21.645101940741544 2.4710000000000001 -1.0035557209772241  21.677437853946191 2.4710000000000001 -1.0070010851412214  21.710305600304864 2.4710000000000001 -1.0105180458233185  21.72258845366575 2.4710000000000001 -1.0118335560336789  21.744412700589685 2.4710000000000001 -1.0141735307139936  21.783338663678517 2.4710000000000001 -1.01835910962246  21.818524321813719 2.4710000000000001 -1.0221615312255983  21.844536161006516 2.4710000000000001 -1.024982115792566  21.851801679687778 2.4710000000000001 -1.0257708308546634  21.883390017047017 2.4710000000000001 -1.0292028933351518  21.917368472675946 2.4710000000000001 -1.0329109063838142  21.953078154536271 2.4710000000000001 -1.036831943244471  21.9664647920623 2.4710000000000001 -1.0383044265780836  21.985527226696579 2.4710000000000001 -1.0404036485234804  22.024351434869853 2.4710000000000001 -1.0446930928874216  22.061264458665221 2.4710000000000001 -1.0488002115780664  22.087611005079452 2.4710000000000001 -1.0517471326656334  22.092883503055369 2.4710000000000001 -1.0523374622125259  22.12162768313264 2.4710000000000001 -1.0555580270665903  22.158002410468793 2.4710000000000001 -1.0596573907903051  22.19577575862521 2.4710000000000001 -1.0639495429095347  22.210249461405763 2.4710000000000001 -1.0655988757205725  22.226565695312274 2.4710000000000001 -1.0674601120672087  22.265283399196189 2.4710000000000001 -1.0718914911086079  22.303491673170083 2.4710000000000001 -1.0763032174864104  22.330255707381291 2.4710000000000001 -1.0794143587674125  22.333876224873215 2.4710000000000001 -1.0798354568194257  22.360216670826318 2.4710000000000001 -1.0829005226325163  22.398879846575845 2.4710000000000001 -1.0874293588292456  22.438370788457654 2.4710000000000001 -1.0921012564398986  22.453911748311846 2.4710000000000001 -1.0939472921098015  22.46749957730573 2.4710000000000001 -1.0955625508846829  22.505174263585118 2.4710000000000001 -1.100054951997907  22.543230693772252 2.4710000000000001 -1.1046390708388112  22.572460331291197 2.4710000000000001 -1.1081867322425381  22.575684929161248 2.4710000000000001 -1.1085784231166071  22.601081403392147 2.4710000000000001 -1.1116652863423033  22.639953540264862 2.4709999999999996 -1.1164207913047726  22.679639754168011 2.4710000000000001 -1.1213286882115967  22.697417313409019 2.4710000000000001 -1.1235375278828821  22.708299383124579 2.4710000000000001 -1.1248905029010268  22.744365183844181 2.4709999999999996 -1.1293869263930241  22.782855848557144 2.4710000000000001 -1.1342331454651118  22.813114406956981 2.4710000000000001 -1.1380756281211983  22.819113626274795 2.4710000000000001 -1.1388383155021753  22.841812930695596 2.4710000000000001 -1.141726060566524  22.881799804058097 2.4710000000000001 -1.1468455900471155  22.920225768581261 2.4710000000000001 -1.1518187447993347  22.940757889066965 2.4710000000000001 -1.1544898078752959  22.949465451951021 2.4710000000000001 -1.1556235349974948  22.983981956553283 2.4710000000000001 -1.1601280863326933  23.021026346702115 2.4710000000000001 -1.1650067518479479  23.053612927416932 2.4710000000000001 -1.1693367968664297  23.062357952963964 2.4710000000000001 -1.1705008998108233  23.083712546858241 2.4710000000000001 -1.1733466076727126  23.122340951309617 2.4710000000000001 -1.1785235870187962  23.160647625599921 2.4710000000000001 -1.1837106071105166  23.183903604267147 2.4710000000000001 -1.1868783738002693  23.191604351862505 2.4710000000000001 -1.1879287096965707  23.223456194421097 2.4710000000000001 -1.192279992640191  23.258736518526078 2.4710000000000001 -1.1971398841561613  23.293939621818954 2.4710000000000001 -1.2020327181462656  23.305400952039747 2.4710000000000001 -1.2036296257373735  23.325755545206526 2.4710000000000001 -1.2064699325133001  23.362707335470951 2.4710000000000001 -1.2116507824512543  23.40089313222942 2.4710000000000005 -1.2170585460807279  23.426842833778284 2.4710000000000001 -1.2207605923331435  23.433562537487294 2.4710000000000001 -1.2217211929746719  23.462774310744315 2.4710000000000001 -1.2259010307735723  23.496288004195115 2.4710000000000001 -1.2307375222537327  23.534072273258719 2.4709999999999996 -1.2362575709998018  23.548219709037646 2.4710000000000001 -1.2383334892199624  23.567591840078222 2.4710000000000001 -1.2411840557681562  23.602857869304238 2.4710000000000005 -1.2464034472570877  23.64090959426213 2.4709999999999996 -1.2521064624311271  23.667163992589543 2.4710000000000001 -1.2560800965175618  23.675272114084045 2.4710000000000001 -1.2573099203888434  23.701852204476928 2.4710000000000001 -1.2613455777219593  23.735942189589423 2.4710000000000001 -1.266572227892784  23.773921386674854 2.4710000000000001 -1.2724656628281512  23.790728459925731 2.4710000000000001 -1.2750876971896643  23.809126525780037 2.4710000000000001 -1.2779677654470778  23.842701954266964 2.4710000000000001 -1.2832481091983969  23.878354435976163 2.4710000000000001 -1.2889215767045763  23.906831870350782 2.4710000000000005 -1.2934994853412389  23.916656221132939 2.4710000000000001 -1.2950831248842207  23.942871296938904 2.4710000000000001 -1.2993170872536957  23.975594880330679 2.4710000000000001 -1.3046513206716579  24.013425526039462 2.4710000000000001 -1.3108911536276371  24.032874265831946 2.4710000000000001 -1.3141201949675294  24.050298266726628 2.4710000000000001 -1.3170253543743129  24.082179963511891 2.4710000000000001 -1.3223612649483409  24.115104062182564 2.4709999999999996 -1.3279360092704435  24.146111536585149 2.4710000000000001 -1.3332433887426385  24.157643087019459 2.4710000000000001 -1.3352242943925186  24.183809557237328 2.4710000000000001 -1.3397336137095288  24.214837411570699 2.4710000000000001 -1.345128450910386  24.252508931746185 2.4710000000000001 -1.351758058921688  24.274585287523479 2.4710000000000001 -1.3556755948641359  24.291029608856281 2.4710000000000001 -1.3586095918208236  24.321212198469176 2.4710000000000001 -1.3640112404087645  24.351402014147041 2.4710000000000001 -1.369479163142358  24.384921359963862 2.4710000000000001 -1.3756207757774903  24.398149435918203 2.4710000000000001 -1.37805553764292  24.424258717840981 2.4710000000000001 -1.3828832088860752  24.453585317409573 2.4710000000000001 -1.388350666670163  24.49108456983323 2.4710000000000001 -1.3954239716790069  24.515769991913672 2.4710000000000001 -1.4001252487693205  24.531233781598409 2.4710000000000001 -1.4030887281106876  24.55971092094164 2.4710000000000001 -1.408556643799691  24.587169992301519 2.4710000000000001 -1.4138890531302666  24.623173923384478 2.4710000000000001 -1.4209702285257135  24.638085676151285 2.4710000000000001 -1.4239201049986998  24.664140179903217 2.4710000000000001 -1.4291080414425499  24.69177149179195 2.4710000000000001 -1.4346550380404925  24.729088034893593 2.4710000000000001 -1.4422400373685709  24.75509855877711 2.4710000000000005 -1.4475917075105007  24.770820534671483 2.4710000000000001 -1.4508501689441538  24.79755645469637 2.4710000000000001 -1.4563997893455096  24.823496586899722 2.4710000000000001 -1.4618517080866267  24.860669281279591 2.4710000000000001 -1.4698091182706083  24.877252281084274 2.4710000000000001 -1.4733945856130704  24.903325887430135 2.4710000000000001 -1.4791072285340285  24.929374435579348 2.4710000000000001 -1.4848822151773167  24.965999141013501 2.4710000000000001 -1.4931362424160657  24.992476176281663 2.4710000000000001 -1.499190355296764  25.009627702553356 2.4710000000000001 -1.5031340909967887  25.03488716601856 2.4710000000000001 -1.5089505431849757  25.059360097239612 2.4710000000000001 -1.5146361069384531  25.095914977447048 2.4710000000000001 -1.5236042776960599  25.114225113374513 2.4710000000000001 -1.528253441685695  25.141424395487867 2.4710000000000001 -1.5355662886442398  25.20962477885471 2.4710000000000001 -1.55454776886581  25.274148130457206 2.4710000000000001 -1.5752165645029164  25.283999999999999 2.4710000000000001 -1.5800018890345837 
 0.50166434587376163 4 0.50167255192680926 1 0.50167563950773675 1 0.50707080535134863 1 0.50866953008644389 1 0.50883369854911686 1 0.50887547618272866 1 0.51218554491661905 1 0.5157326152044438 1 0.51605083893958703 1 0.51611652486986348 1 0.51699615247064967 1 0.52175556871066142 1 0.5228535560941534 1 0.52331611358801544 1 0.52338800196649815 1 0.52649078113382586 1 0.5299749704400003 1 0.5305838358556183 1 0.53066278607417028 1 0.53121200128245527 1 0.53592516874550855 1 0.53709651595479513 1 0.53785197903198323 1 0.53793830958691802 1 0.5406325820460709 1 0.54421806048915278 1 0.54512019230631947 1 0.54521410274590132 1 0.54533554203577972 1 0.55003528466108298 1 0.55133961645999174 1 0.55238848863034873 1 0.55249003420239806 1 0.55473242200286199 1 0.55846124781245177 1 0.55942730325748768 1 0.55965673768529889 1 0.55976607832058756 1 0.56412047426429679 1 0.56558285964160249 1 0.5669250540488564 1 0.56704215665595015 1 0.56881213313972312 1 0.57270441229588664 1 0.57350242588339995 1 0.57419331329425649 1 0.57431826569523758 1 0.5781916284236579 1 0.57982589268851592 1 0.58146168143624699 1 0.58159436040775681 1 0.58287982860679222 1 0.58694750270453222 1 0.58756710702450077 1 0.58873003298516791 1 0.5888704789618564 1 0.59225361274283561 1 0.59406922569486464 1 0.59599845782579797 1 0.59614665021241153 1 0.59693939943676178 1 0.60119090920738461 1 0.6016245197727742 1 0.60326676806067703 1 0.60342285411257934 1 0.60630906380938765 1 0.60831237090063583 1 0.61053509810503104 1 0.61069906793207551 1 0.61099305816616523 1 0.61543405167652032 1 0.61567655770840368 1 0.61780337104576477 1 0.6179752245537421 1 0.62035961317081045 1 0.62255563361576383 1 0.62504223465925823 1 0.62507171457175825 1 0.62525135740796844 1 0.6296774418312856 1 0.62972448821047555 1 0.632340066972499 1 0.63252750261802115 1 0.63440639756447226 1 0.63679888265058837 1 0.63908797352088176 1 0.63960834172404646 1 0.63980373596312423 1 0.64376926125803413 1 0.64392042359306179 1 0.6468766771530543 1 0.64707997075247736 1 0.64845027965891022 1 0.65104178131414858 1 0.65313104193619509 1 0.65414495163572783 1 0.65435617246021893 1 0.65781158033459719 1 0.65816349549752173 1 0.66141327239142944 1 0.66163230976015153 1 0.6624919068576437 1 0.66528495000625898 1 0.66717204101043437 1 0.66868157260699423 1 0.66890853727233068 1 0.67185200879699269 1 0.67240660226319282 1 0.67594986139662383 1 0.67618478038705254 1 0.67653181769865667 1 0.67952824951972257 1 0.68121149545831317 1 0.68321822515430808 1 0.68346098526705157 1 0.68589105941200057 1 0.68665002096273142 1 0.69048658688081943 1 0.6905705228371356 1 0.69073711497818613 1 0.69377171846891261 1 0.69524991099741784 1 0.69775495049064817 1 0.69801331366643471 1 0.69992924213610064 1 0.7008933144269659 1 0.70460853677389867 1 0.7050233240919902 1 0.70528949732439583 1 0.70801494917350616 1 0.70928781546402164 1 0.71229163347485502 1 0.71256575535374633 1 0.71396709748934706 1 0.71513643693672113 1 0.71864640839963112 1 0.71955996708661218 1 0.71984193810577768 1 0.72225784491842893 1 0.72332576563426976 1 0.72682824863933826 1 0.72711814518991302 1 0.72800519320626556 1 0.72937940863757011 1 0.7326847099835867 1 0.73409664076657488 1 0.73439431583417825 1 0.7365010358508518 1 0.73736433342607721 1 0.74136497254938893 1 0.74167047357778204 1 0.74204408964927171 1 0.7436228024252145 1 0.74672399016994229 1 0.74863331111522124 1 0.74894672411052643 1 0.75074444993948253 1 0.75140405206774252 1 0.75590155221403466 1 0.75608430079781874 1 0.75622293178905775 1 0.75786604764860266 1 0.76076473903735364 1 0.76316990725058353 1 0.76349912506478723 1 0.76498765624187504 1 0.76544538552934505 1 0.77012625289774284 1 0.7704382550904868 1 0.7707752492131702 1 0.77210916307839972 1 0.77480734476138702 1 0.77770663641667825 1 0.77805140970143061 1 0.77923077324497925 1 0.77948868466520194 1 0.78417026984239324 1 0.78497493016506548 1 0.78532763167236819 1 0.78635234202800741 1 0.78885210604640077 1 0.79224326525795097 1 0.79260386381302028 1 0.79347388002694053 1 0.79353421707626848 1 0.79821660031895869 1 0.79951161975329232 1 0.79988006415349366 1 0.80059554632199947 1 0.80289926301044201 1 0.80677990870264882 1 0.80715627983584237 1 0.80758223772265425 1 0.80771708074776438 1 0.81226551946436909 1 0.81404822889935535 1 0.81443248064786999 1 0.81483878795905074 1 0.81694912685331755 1 0.82131653525889892 1 0.82163308680374969 1 0.82170872081272373 1 0.82196039540076404 1 0.82631740237421136 1 0.82858496567293372 1 0.82898489257555674 1 0.82908195882709046 1 0.83100211453984052 1 0.83568722670223516 1 0.83585334520069909 1 0.83620353697833572 1 0.83626105171371889 1 0.84037275193145333 1 0.8431216584053528 1 0.84332503012776294 1 0.84353725183822814 1 0.84505873906179674 1 0.84974518068970317 1 0.85038996287321134 1 0.8504467570134352 1 0.85081346216055997 1 0.85443208713250574 1 0.85756829689207403 1 0.85765828306425007 1 0.85808973213537332 1 0.85911950208220855 1 0.86380739797544093 1 0.86469005105331886 1 0.86492660148241507 1 0.86536586667283022 1 0.86849578515158155 1 0.87181167737096421 1 0.87219492033616386 1 0.8726420772555924 1 0.8731846653262576 1 0.87787400415930716 1 0.87893323336552565 1 0.87946317927292739 1 0.87991825254395328 1 0.88256380916150312 1 0.88605484237540277 1 0.88673147925932816 1 0.88719449239902282 1 0.88725400943155208 1 0.8919445690894674 1 0.89317626761901581 1 0.89399984863869708 1 0.8944706428302851 1 0.89663545514423182 1 0.90029799054433324 1 0.9012682500734327 1 0.9013265813056659 1 0.90174681449430183 1 0.90601789636322072 1 0.90741947292425063 1 0.90853668629569562 1 0.90902301751478587 1 0.91070933054974013 1 0.91454115152568305 1 0.91540080757233422 1 0.91580500658419917 1 0.91629922894891636 1 0.92009227912428015 1 0.92166279901883219 1 0.92307335826725456 1 0.9235754550675801 1 0.92478368901035524 1 0.92878437440161887 1 0.92947501197304261 1 0.93034163733421682 1 0.93085158365851062 1 0.93416623724018244 1 0.93590604081908824 1 0.9376099601738539 1 0.938127794223376 1 0.93885741402659384 1 0.94302751904811377 1 0.94354859167539362 1 0.94487830738114509 1 0.94540395959532741 1 0.94823987832122403 1 0.95014916136094119 1 0.95214663257264309 1 0.95268022084393456 1 0.95293147654792498 1 0.9572707940154388 1 0.95762353842383863 1 0.95941498906728662 1 0.95995641324622827 1 0.96231644244710024 1 0.96439244697600346 1 0.96668323847094451 1 0.96701057927264811 1 0.96723262051459968 1 0.97151413092700523 1 0.97170629552937304 1 0.97395148439960033 1 0.97450874939367882 1 0.97640472601826522 1 0.97863554725241397 1 0.9811068229710822 1 0.98121961528572943 1 0.98178487479804633 1 0.98575701499244817 1 0.98581351559269403 1 0.98848696378873691 1 0.98906065002066301 1 0.99053021838637656 1 1 4
7 0 0  1 2 2  25.283999999999999 2.4710000000000001 -1.5800018890345837  25.284000000000002 8.1361932741432526 -0.8844036540993746 
 0.1511779934862732 2 0.38941880679683821 2
7 0 0  1 2 2  17.019200000000001 2.4710000000000001 -1.0020707736838588  20.759389865876347 8.1361932741432526 -0.81332539826238437 
 0.1511779934862732 2 0.38941880679683821 2
7 0 0  3 312 310  25.284000000000002 8.1361932741432526 -0.8844036540993746  25.275791511720019 8.1361932741432526 -0.88436187560599533  25.241972632378182 8.1361932741432526 -0.87793887870468401  25.20484566342704 8.1361932741432526 -0.87224788953372889  25.189786603852092 8.1361932741432526 -0.87009396454283583  25.179312228316945 8.1361932741432526 -0.86879668996028259  25.15866021343825 8.1361932741432526 -0.8665574083257388  25.144905827994965 8.1361932741432526 -0.8653786491679466  25.13135837548225 8.1361932741432526 -0.86445122989699674  25.12164169691297 8.1361932741432526 -0.8638065082295161  25.107139128113939 8.1361932741432526 -0.86298406587518572  25.086508619875517 8.1361932741432526 -0.86214027532124782  25.07238782493377 8.1361932741432526 -0.8617501866878694  25.057958939091826 8.1361932741432526 -0.86146798912164013  25.048625494414459 8.1361932741432526 -0.86136468216582551  25.027795578104573 8.1361932741432526 -0.86128944890533954  25.013444487626973 8.1361932741432526 -0.8614309196854858  24.998885027219465 8.1361932741432526 -0.86172481892651986  24.990056011094154 8.1361932741432526 -0.86191353410994087  24.975685317801421 8.1361932741432526 -0.86231537071971109  24.9548527348758 8.1361932741432526 -0.8630933695324815  24.939825375608756 8.1361932741432526 -0.86379477369375579  24.92545169616649 8.1361932741432526 -0.86455256806001102  24.917099501013908 8.1361932741432526 -0.86502810429423427  24.897670251396132 8.1361932741432526 -0.86621405909527394  24.881908715088858 8.1361932741432526 -0.86730861234033518  24.866456911950635 8.1361932741432526 -0.8684849488456643  24.857193651175912 8.1361932741432526 -0.86920261360601514  24.844234700442165 8.1361932741432526 -0.87025289460111255  24.823419387452123 8.1361932741432526 -0.87204285188787956  24.807528749925449 8.1361932741432526 -0.87350394093282913  24.793181388363326 8.1361932741432526 -0.87488172600401404  24.785804566667874 8.1361932741432526 -0.87560392387428965  24.767904932422656 8.1361932741432526 -0.87739384487651895  24.750653124288664 8.1361932741432526 -0.87920363811962754  24.734331758176481 8.1361932741432526 -0.88098344923319183  24.724529100206894 8.1361932741432526 -0.88206361451697191  24.713099934743667 8.1361932741432526 -0.88334312290485995  24.692296324463623 8.1361932741432526 -0.88572268893306338  24.675534743963368 8.1361932741432526 -0.88769998372635883  24.661205136962952 8.1361932741432526 -0.88942711842210964  24.654793571143355 8.1361932741432526 -0.89020456439039986  24.638357509788143 8.1361932741432526 -0.89221408781444045  24.619663591478115 8.1361932741432526 -0.89455174238680479  24.602467022249524 8.1361932741432526 -0.89674731331635849  24.592167715195622 8.1361932741432526 -0.89807149817124832  24.582209412979601 8.1361932741432526 -0.89936081843310922  24.561403332715138 8.1361932741432526 -0.90208037902974447  24.543763649629785 8.1361932741432526 -0.90442568037468485  24.529444252012404 8.1361932741432526 -0.9063525539477103  24.523988624281937 8.1361932741432526 -0.90708799988439837  24.508960754564619 8.1361932741432526 -0.90912089940670504  24.488856579519812 8.1361932741432526 -0.91187274824609099  24.470776398312772 8.1361932741432526 -0.91437826543903333  24.460012654613031 8.1361932741432526 -0.91587726066010111  24.45147991752215 8.1361932741432526 -0.91706958290224283  24.430658306213374 8.1361932741432526 -0.91999260589472565  24.412790185830083 8.1361932741432526 -0.92252748984824284  24.397817723988222 8.1361932741432526 -0.92466656805245651  24.393313192205881 8.1361932741432526 -0.92531053452571754  24.378997184191508 8.1361932741432526 -0.92736089441104796  24.358164189253994 8.1361932741432526 -0.93036321152214019  24.339191072756932 8.1361932741432526 -0.93311600338524481  24.327985111530076 8.1361932741432526 -0.93474646367360603  24.320846707557038 8.1361932741432526 -0.93578645154430995  24.300707921915862 8.1361932741432526 -0.93872571097456481  24.282580979273028 8.1361932741432526 -0.94138467827563765  24.266268754352243 8.1361932741432526 -0.94378487583317461  24.262003230470967 8.1361932741432526 -0.94441276301086963  24.248398913245143 8.1361932741432526 -0.94641671102928715  24.227537642187542 8.1361932741432526 -0.94949631660809231  24.207668555421854 8.1361932741432526 -0.95243484575503423  24.196033089809092 8.1361932741432526 -0.95415622066838446  24.190271820550343 8.1361932741432526 -0.95500861501305034  24.171471823075457 8.1361932741432526 -0.95779024011634717  24.152403440050588 8.1361932741432526 -0.96061107621519937  24.134757037019217 8.1361932741432526 -0.96321656390689914  24.130063351232007 8.1361932741432526 -0.96390927992507203  24.117831217423305 8.1361932741432526 -0.96571388684006354  24.096927913203633 8.1361932741432526 -0.9687926659317696  24.076149407446891 8.1361932741432526 -0.97184047465599321  24.064083799179304 8.1361932741432526 -0.97360486694758541  24.059694178424614 8.1361932741432526 -0.97424638756420334  24.042224315802038 8.1361932741432526 -0.97679719276090826  24.022203805813053 8.1361932741432526 -0.97970566510913182  24.003215849114923 8.1361932741432526 -0.98244413425752031  23.998090858769643 8.1361932741432526 -0.98318176360397125  23.987231589253049 8.1361932741432526 -0.98474355558422155  23.96627857906023 8.1361932741432526 -0.98774399544184077  23.944580543157098 8.1361932741432526 -0.99081797100234137  23.93207418023735 8.1361932741432526 -0.99257618334206743  23.929064711623376 8.1361932741432526 -0.99299895398289151  23.912931100856444 8.1361932741432526 -0.99526282814815215  23.891947187475804 8.1361932741432526 -0.99817705006619772  23.872050750595847 8.1361932741432526 -1.0009022489364718  23.866025869838342 8.1361932741432526 -1.0017240123186137  23.856551462681516 8.1361932741432526 -1.003015120104902  23.835085572997279 8.1361932741432526 -1.0059208306007095  23.81381707066155 8.1361932741432526 -1.0087506281519445  23.79994120025134 8.1361932741432526 -1.0105753186184396  23.798331221337275 8.1361932741432526 -1.0107868095795642  23.782643686547811 8.1361932741432526 -1.0128449960626238  23.761818553283238 8.1361932741432526 -1.0155400815965492  23.741218117926145 8.1361932741432526 -1.0181507523257192  23.733814428033916 8.1361932741432526 -1.0190826807783939  23.725524489700618 8.1361932741432526 -1.0201246230686969  23.704005071755752 8.1361932741432526 -1.0228054703906102  23.68292024816591 8.1361932741432526 -1.0253716907340324  23.668581212475878 8.1361932741432526 -1.0270870572714954  23.666766095973461 8.1361932741432526 -1.0273039627940603  23.652246397887652 8.1361932741432526 -1.0290366680797831  23.631367734316804 8.1361932741432526 -1.0314840007543358  23.610245551227099 8.1361932741432526 -1.0338955143504509  23.60143284552143 8.1361932741432526 -1.0348911099939557  23.593631225832329 8.1361932741432526 -1.0357697241729007  23.573031045206587 8.1361932741432526 -1.0380684016079953  23.553150852691179 8.1361932741432526 -1.0402254119976071  23.537526206457784 8.1361932741432526 -1.0418839668230546  23.534798672483323 8.1361932741432526 -1.0421727574657302  23.520451616236571 8.1361932741432526 -1.0436862649493859  23.500311952894897 8.1361932741432526 -1.0457674485356714  23.47912233872384 8.1361932741432526 -1.0478884755477353  23.468868621601032 8.1361932741432526 -1.0488985465506608  23.461584684818217 8.1361932741432526 -1.0496120391756896  23.442073383081876 8.1361932741432526 -1.0515057152770402  23.423451607156821 8.1361932741432526 -1.0532532090840572  23.406326584293382 8.1361932741432526 -1.0548169194269537  23.402518973715789 8.1361932741432526 -1.0551627632753324  23.38832767337027 8.1361932741432526 -1.0564427508164558  23.369112425047575 8.1361932741432526 -1.0581370908089425  23.347856336464258 8.1361932741432526 -1.0599435177102727  23.336129555429988 8.1361932741432526 -1.0609179223042899  23.329395010901152 8.1361932741432526 -1.0614726193578012  23.311379120862647 8.1361932741432526 -1.062944838252218  23.293647409229319 8.1361932741432526 -1.0643401505757208  23.274992625530736 8.1361932741432526 -1.0657565077718052  23.269700811247173 8.1361932741432526 -1.066154124179707  23.256070707537621 8.1361932741432526 -1.0671667923062751  23.237785896555113 8.1361932741432526 -1.0684912178371382  23.216467088681256 8.1361932741432526 -1.0699672663467239  23.203238182298215 8.1361932741432526 -1.0708532479589707  23.197082729310669 8.1361932741432526 -1.0712597904525187  23.180595079788894 8.1361932741432526 -1.0723422676819387  23.163757895794692 8.1361932741432526 -1.0733995231669662  23.143545769104342 8.1361932741432526 -1.0746111756090111  23.13674113327594 8.1361932741432526 -1.0750118996018696  23.123701181153635 8.1361932741432526 -1.0757669736863917  23.106351772749541 8.1361932741432526 -1.0767449962225168  23.084974323062596 8.1361932741432526 -1.0778865863216582  23.07060285533537 8.1361932741432526 -1.0786177026051618  23.064669616790674 8.1361932741432526 -1.0789134813870171  23.049740841351209 8.1361932741432526 -1.07965510386463  23.033420377333943 8.1361932741432526 -1.0804226431195181  23.012014317199231 8.1361932741432526 -1.0813658881799708  23.003673095293266 8.1361932741432526 -1.0817219169121044  22.991249556906038 8.1361932741432526 -1.082237348496718  22.974841374353645 8.1361932741432526 -1.0828967557217326  22.954435286112712 8.1361932741432526 -1.0836582216422126  22.939034100789481 8.1361932741432526 -1.084192387740806  22.932183233699554 8.1361932741432526 -1.0844225885177359  22.917810099774385 8.1361932741432526 -1.0849005096955917  22.901875072969389 8.1361932741432526 -1.0853917810782703  22.880418637257598 8.1361932741432526 -1.085995841224098  22.870520966150416 8.1361932741432526 -1.0862586673472749  22.858735377397135 8.1361932741432526 -1.0865564965446055  22.843274439092578 8.1361932741432526 -1.0869326695222756  22.824424042167042 8.1361932741432526 -1.0873427012125365  22.807419941955661 8.1361932741432526 -1.0876684781405068  22.799652435375585 8.1361932741432526 -1.0878075409228349  22.78527930312471 8.1361932741432526 -1.0880556838354418  22.770294403649139 8.1361932741432526 -1.0882821652505557  22.748793116189415 8.1361932741432526 -1.0885520441412035  22.737326206775855 8.1361932741432526 -1.0886739337306071  22.726195070854939 8.1361932741432526 -1.0887757917361676  22.711685681051332 8.1361932741432526 -1.0888987871681479  22.694407108040739 8.1361932741432526 -1.0890031700935805  22.675788940117297 8.1361932741432526 -1.0890693395714088  22.667106137637113 8.1361932741432526 -1.0890885102160346  22.652733932582002 8.1361932741432526 -1.0891079102460481  22.638700719544239 8.1361932741432526 -1.0891028553202762  22.617156667015553 8.1361932741432526 -1.0890459778842154  22.60411068362091 8.1361932741432526 -1.0889837195740815  22.593645737657198 8.1361932741432526 -1.0889167982669219  22.580089335086107 8.1361932741432526 -1.0888249726031021  22.564393688988599 8.1361932741432526 -1.0886831551598419  22.544156534279868 8.1361932741432526 -1.0884499340533083  22.534560892806876 8.1361932741432526 -1.0883247965753073  22.520191674222701 8.1361932741432526 -1.0881211582020498  22.50711390890455 8.1361932741432526 -1.0879169510813123  22.485534015301312 8.1361932741432526 -1.0875350501673269  22.47116633975757 8.1361932741432526 -1.0872470839699671  22.461114834927095 8.1361932741432526 -1.0870290101846465  22.448515203001673 8.1361932741432526 -1.0867540264087205  22.434148572922176 8.1361932741432526 -1.0864111505498297  22.412553277425555 8.1361932741432526 -1.0858428078246234  22.402047003543316 8.1361932741432526 -1.085548378510143  22.387682541515055 8.1361932741432526 -1.0851247783978202  22.37556306642815 8.1361932741432526 -1.0847525225283792  22.355068935549195 8.1361932741432526 -1.0840823363098075  22.339589769694683 8.1361932741432526 -1.083538035162084  22.328629329348878 8.1361932741432526 -1.0831340192349814  22.315871760814005 8.1361932741432526 -1.0826598783454995  22.302626504297791 8.1361932741432526 -1.0821422083995131  22.281000838796324 8.1361932741432526 -1.0812513373691217  22.269586448434325 8.1361932741432526 -1.0807604271452049  22.25522719767369 8.1361932741432526 -1.0801185603233976  22.244066611390501 8.1361932741432526 -1.0796095400000776  22.225158615536365 8.1361932741432526 -1.0787128091261673  22.208071183734475 8.1361932741432526 -1.0778594688584451  22.196205207914858 8.1361932741432526 -1.0772434188621536  22.182794279061262 8.1361932741432526 -1.0765390322204789  22.171169345073963 8.1361932741432526 -1.0759063998399054  22.14951910018754 8.1361932741432526 -1.0746863975639669  22.137199991571787 8.1361932741432526 -1.0739668859629112  22.122847743476989 8.1361932741432526 -1.0731000419515198  22.112647917072444 8.1361932741432526 -1.0724774878702708  22.095316777777327 8.1361932741432526 -1.071390679425821  22.076636571115703 8.1361932741432526 -1.0701720444565335  22.063868089404572 8.1361932741432526 -1.0693116573679708  22.049819008887766 8.1361932741432526 -1.0683525701614374  22.039801020010302 8.1361932741432526 -1.0676513733610786  22.018131125484981 8.1361932741432526 -1.0660979112924731  22.004912660700967 8.1361932741432526 -1.0651201966457462  21.99056984734176 8.1361932741432526 -1.0640250445555901  21.981331686690353 8.1361932741432526 -1.0633161524361689  21.965562658168267 8.1361932741432526 -1.06208095452121  21.945312974578417 8.1361932741432526 -1.0604410902586483  21.931648237059861 8.1361932741432526 -1.0593015437173385  21.91730887203023 8.1361932741432526 -1.0580885296648492  21.908552693019352 8.1361932741432526 -1.0573342092547127  21.886867132661543 8.1361932741432526 -1.0554334006134192  21.872530976031008 8.1361932741432526 -1.0541400718949732  21.858420709990938 8.1361932741432526 -1.0528304384701503  21.850144653877123 8.1361932741432526 -1.0520614069695027  21.835811529967348 8.1361932741432526 -1.0507087850143968  21.814124655818958 8.1361932741432526 -1.0486044509989532  21.799568475886822 8.1361932741432526 -1.0471536600644182  21.785241142909875 8.1361932741432526 -1.0457038803302932  21.777446915295222 8.1361932741432526 -1.0449050202594266  21.756814390773606 8.1361932741432526 -1.0427619885890207  21.741430065349114 8.1361932741432526 -1.0411222071517729  21.726432308472894 8.1361932741432526 -1.0394824340792332  21.718056687566609 8.1361932741432526 -1.0385641377597696  21.704795932022698 8.1361932741432526 -1.0370917984995902  21.683102540898979 8.1361932741432526 -1.0346308937964703  21.667661632946547 8.1361932741432526 -1.032835701550773  21.653347487579239 8.1361932741432526 -1.0311459022423906  21.646513539910426 8.1361932741432526 -1.0303322720022761  21.627381907101068 8.1361932741432526 -1.0280316259765552  21.610507176362901 8.1361932741432526 -1.0259564884758341  21.594629506695881 8.1361932741432526 -1.0239568159879093  21.585711464981827 8.1361932741432526 -1.0228283584108693  21.573968791467458 8.1361932741432526 -1.0213280098615172  21.552276539955287 8.1361932741432526 -1.0185091770778265  21.535958522132205 8.1361932741432526 -1.0163386649870954  21.521660252874849 8.1361932741432526 -1.014406612926797  21.515785895901601 8.1361932741432526 -1.0136084704577468  21.498118051372156 8.1361932741432526 -1.0111894594208257  21.479797077400203 8.1361932741432526 -1.0086299880717702  21.463045196355132 8.1361932741432526 -1.0062356046139662  21.453625580051714 8.1361932741432526 -1.0048808100421862  21.443358508059504 8.1361932741432526 -1.0033930662929176  21.42167200944235 8.1361932741432526 -1.0002077355483114  21.404484963141055 8.1361932741432526 -0.99762468565078699  21.390205830588101 8.1361932741432526 -0.99544206865068108  21.385288876109684 8.1361932741432526 -0.99468802948218282  21.369043087669667 8.1361932741432526 -0.99218145266890911  21.349331647554454 8.1361932741432526 -0.98908101556971617  21.331718487804935 8.1361932741432526 -0.98624568522883671  21.321846470056897 8.1361932741432526 -0.98464400256232643  21.313008165975688 8.1361932741432526 -0.98320153314944825  21.291336547900563 8.1361932741432526 -0.97962441060020655  21.27329262907481 8.1361932741432526 -0.97657465463683424  21.259036050412501 8.1361932741432526 -0.97411910932644219  21.255073023658678 8.1361932741432526 -0.97343556777445861  21.240197315151004 8.1361932741432526 -0.97085722751262371  21.219160425308928 8.1361932741432526 -0.96713861928360367  21.200701941264505 8.1361932741432526 -0.96379038004612139  21.190437950186059 8.1361932741432526 -0.9619091172036266  21.182970255403255 8.1361932741432526 -0.96053347331295624  21.161636565499947 8.1361932741432526 -0.95656266741318741  21.143118082276889 8.1361932741432526 -0.95302237559470349  21.128229112668095 8.1361932741432526 -0.95011100768051648  21.124913076687061 8.1361932741432526 -0.94946193060052064  21.110988128685118 8.1361932741432526 -0.94672362944913213  21.089389438745517 8.1361932741432526 -0.94238354520359491  21.070117072312605 8.1361932741432526 -0.93837299527351203  21.0595474284227 8.1361932741432526 -0.93613601637264998  21.053370004230263 8.1361932741432526 -0.93482195281166347  21.033314188301073 8.1361932741432526 -0.93050563300297029  21.013963490764699 8.1361932741432526 -0.92619182939180145  20.997974281260561 8.1361932741432526 -0.92251473687593066  20.994402945322161 8.1361932741432526 -0.9216904593063433  20.981750365355065 8.1361932741432526 -0.91875838156849921  20.960321631449332 8.1361932741432526 -0.91365332922231313  20.940328334031747 8.1361932741432526 -0.90850958460738107  20.929602496925327 8.1361932741432526 -0.9056146415886156  20.92454805359651 8.1361932741432526 -0.90423957392633059  20.905535722522764 8.1361932741432526 -0.8989502324405696  20.885458057417761 8.1361932741432526 -0.89295142506443292  20.868986036426371 8.1361932741432526 -0.88785610702056561  20.865526520394731 8.1361932741432526 -0.88678068981187141  20.854057912147177 8.1361932741432526 -0.8832084656582182  20.833888650562447 8.1361932741432526 -0.87669113458990966  20.814049839662992 8.1361932741432526 -0.8676173986401966  20.803854448084657 8.1361932741432526 -0.8618564924159875  20.798432628739192 8.1361932741432526 -0.85875842188034179  20.777165710307802 8.1361932741432526 -0.84538070752423022  20.760391911011236 8.1361932741432526 -0.82786583488142806  20.759395435273063 8.1361932741432526 -0.81341076736988138  20.759392236144905 8.1361932741432526 -0.81336241393609454  20.759389865876347 8.1361932741432526 -0.81332539826238437 
 0 4 0.0094187985986435158 1 0.010927159923939113 1 0.011447641272615324 1 0.014127056845544142 1 0.014318580212740876 1 0.018247843268420178 1 0.018761511778204204 1 0.018833995480635066 1 0.021479854339147897 1 0.023540858682621922 1 0.025573783590153044 1 0.026080608511525216 1 0.028248129419371725 1 0.028625295209091378 1 0.032899782599950564 1 0.032956521309560505 1 0.033399815669753113 1 0.035794936636593382 1 0.037666522781397344 1 0.040225734895285796 1 0.040719098578200469 1 0.042378376625890737 1 0.042964583976029098 1 0.04709229997361182 1 0.047551707401635585 1 0.048038390655982428 1 0.050134267461766448 1 0.051808213881211054 1 0.054877684687770378 1 0.055357765685647098 1 0.056526113801663558 1 0.05730384576958103 1 0.061245892721259181 1 0.062203667201386974 1 0.062677225258833694 1 0.064473497047564998 1 0.065967418998909802 1 0.069529715167540085 1 0.069996630963867934 1 0.070690630091039111 1 0.071643231045636135 1 0.075415285813167615 1 0.07685567385193097 1 0.077316052507404309 1 0.078813139672958221 1 0.080141321124955978 1 0.084181710882601193 1 0.084635375339321112 1 0.084868626873739389 1 0.085982850694081459 1 0.089597033957511271 1 0.091507676791023188 1 0.091954769097756711 1 0.093152612562360695 1 0.094326447807013561 1 0.098833663703968733 1 0.099056747364885983 1 0.099274259841919316 1 0.10032224828249185 1 0.10378778832412001 1 0.10615962502170075 1 0.10659377113332706 1 0.1074921556597159 1 0.10851945532337283 1 0.11325160124460676 1 0.11348562142016531 1 0.11391323162814733 1 0.11466204402675867 1 0.11798409726646468 1 0.12081160851959671 1 0.12123255574975121 1 0.12183185715787898 1 0.12271681936319365 1 0.12744958433440584 1 0.12813758665924757 1 0.12855196442049227 1 0.12900162651828981 1 0.13218229070760512 1 0.13546356640889756 1 0.13587141668488217 1 0.13617125339890634 1 0.13691478975261162 1 0.14164693969054679 1 0.14278953106193173 1 0.14319088984478273 1 0.14334084006359774 1 0.14637866139452982 1 0.1501155585259033 1 0.15051030521285927 1 0.15051044469290711 1 0.15110979693432702 1 0.15584025972135415 1 0.15744150755165709 1 0.15768018964064473 1 0.15782972242122961 1 0.16056998715037887 1 0.16476755782702934 1 0.16484997155447742 1 0.16514919301856559 1 0.16529886106464647 1 0.17002684898423148 1 0.17201991582448461 1 0.17209350206845456 1 0.1724686007478079 1 0.17475390384286849 1 0.17918975109031415 1 0.17941952655188989 1 0.17947992896395032 1 0.17978798985036773 1 0.18420494535680748 1 0.18635957307804185 1 0.18674551437402243 1 0.18710740682428126 1 0.18892893086627929 1 0.19352910794157394 1 0.19365182760123176 1 0.19407151313914262 1 0.19442680986143007 1 0.19837367727079153 1 0.20069875781888166 1 0.20139751709301038 1 0.20174628800733865 1 0.20309442445661005 1 0.20781413022940687 1 0.20786845453036687 1 0.20872347316614567 1 0.20906565991620474 1 0.21253281377658365 1 0.21503824146964798 1 0.21604945717287305 1 0.21638512547585548 1 0.21725044417664482 1 0.22196710453926033 1 0.22220802726809316 1 0.22337542750181985 1 0.22370449930029737 1 0.2266828145339998 1 0.22937774380261852 1 0.2307014164049789 1 0.23102394574877166 1 0.23139755807142223 1 0.23611143068012944 1 0.23654758090370059 1 0.23802742324494533 1 0.23834333186677908 1 0.24082446346674441 1 0.24371736226837637 1 0.24535343904185405 1 0.24553667293658329 1 0.24566270961385545 1 0.25024814327804346 1 0.25088709322424174 1 0.25267939332640377 1 0.25298212917095558 1 0.25495888903791286 1 0.2580567982201224 1 0.25966897558223212 1 0.26000535146331133 1 0.26030156133667109 1 0.26437846845347601 1 0.26522644133267786 1 0.26733127187901551 1 0.26762107491408854 1 0.26908739225198314 1 0.27239610527915764 1 0.27379584026038428 1 0.27465722439709944 1 0.27494040399363523 1 0.27850385691313856 1 0.2795656471213166 1 0.28198316682198055 1 0.28225976762322136 1 0.28321147644293904 1 0.28673542773274868 1 0.28791878699569995 1 0.28930913737328073 1 0.28957913306769834 1 0.29262583517714774 1 0.29390518082933709 1 0.29663513121628587 1 0.29689863269757844 1 0.29733267616273079 1 0.30107515592072398 1 0.30203938762874116 1 0.30396109083292272 1 0.30421814358033039 1 0.30674600995221979 1 0.30824479597755478 1 0.31128703601037616 1 0.31145261658000772 1 0.31153761509466293 1 0.3154146194118414 1 0.31615926877692468 1 0.3186129493322743 1 0.31885699937893452 1 0.32086602039982809 1 0.32258426316585603 1 0.3255729436081658 1 0.32593891429729849 1 0.32617640535880338 1 0.32975410024240853 1 0.33028009157856941 1 0.33326486172970854 1 0.33349578142162828 1 0.33498753215340082 1 0.33692385306539074 1 0.33969533038795113 1 0.34059081774719746 1 0.34081524625545101 1 0.34409349002171019 1 0.34440353896765979 1 0.34791671671407509 1 0.34813467872355291 1 0.34911224593201245 1 0.35126322040308977 1 0.35382150443841875 1 0.35524269375655287 1 0.35545412795226206 1 0.35843299034383569 1 0.35853136771464272 1 0.36256867946938592 1 0.36277349059255903 1 0.36324192136114342 1 0.36560282008315231 1 0.36795322422757387 1 0.36989469512009848 1 0.37009291937883609 1 0.37266535841910492 1 0.37277239134071033 1 0.37722063972229353 1 0.37737836263114927 1 0.37741232340856035 1 0.37994211577843207 1 0.38209230787435594 1 0.38454660598138862 1 0.38473177748375315 1 0.38680728871150299 1 0.38711189590992623 1 0.39152333064809686 1 0.39187254616933159 1 0.39205119339376132 1 0.39428180406844349 1 0.39624051160515783 1 0.39919853865782273 1 0.39937064302301134 1 0.40095893250356635 1 0.40145148602525099 1 0.40567861610178296 1 0.40652448359484356 1 0.40669003846754215 1 0.40862117368667167 1 0.41039961785861401 1 0.41385040702810838 1 0.41400946412434786 1 0.41512207182073263 1 0.41579075662667414 1 0.41984599879082291 1 0.42117633387464676 1 0.42132887566820559 1 0.42296047791620162 1 0.42457151944145033 1 0.42850228381992422 1 0.42864827125563698 1 0.42929868844997443 1 0.43013017793736019 1 0.43402759609371006 1 0.43582829649275706 1 0.43596763977538516 1 0.43729999913596723 1 0.43875842045636304 1 0.44315419971882625 1 0.44328702260806979 1 0.44349125986649207 1 0.44446988005474919 1 0.44822626690871298 1 0.45048007843772986 1 0.4506064885074022 1 0.45163955535203554 1 0.45296380571245076 1 0.45770415444817414 1 0.45780585897369747 1 0.4579258909919508 1 0.45880934283161878 1 0.46244770033886917 1 0.46513154422815806 1 0.46524530262807018 1 0.46597881364174254 1 0.46719554996065049 1 0.47194883945061272 1 0.47245701960420833 1 0.47256464669280585 1 0.47314852671353841 1 0.47670910289110474 1 0.47978207447322463 1 0.47988385033135045 1 0.48031776729869824 1 0.48148223945484686 1 0.48627828521657024 1 0.48710509221626069 1 0.4872018835055581 1 0.48748569113485174 1 0.4911163293880757 1 0.49439909506935747 1 0.494462013386683 1 0.49460109078335818 1 0.49624908570500859 1 0.50164623556356946 1 0.50165048445985572 1 0.50166434587376163 4
7 0 0  3 312 310  20.759389865876347 8.1361932741432526 -0.81332539826238437  20.759388451615816 8.1361932741432526 -0.81330331223914853  20.759386543597429 8.1361932741432526 -0.81327291300324844  20.758498450290219 8.1361932741432526 -0.79871816400495077  20.773012269480915 8.1361932741432526 -0.77858072649067167  20.792784786634982 8.1361932741432526 -0.76245515585637147  20.797784530031095 8.1361932741432526 -0.75879077809022222  20.807521847152209 8.1361932741432526 -0.75174555626767103  20.826515524826114 8.1361932741432526 -0.74090846478621908  20.846547051832843 8.1361932741432526 -0.73324346506944182  20.857777337010631 8.1361932741432526 -0.72924839246959205  20.861395760251153 8.1361932741432526 -0.72796816640891437  20.877828032934588 8.1361932741432526 -0.7222320879245665  20.897826888013412 8.1361932741432526 -0.71581544610560299  20.916745564439331 8.1361932741432526 -0.71039446974245013  20.921636418144477 8.1361932741432526 -0.70903939576297181  20.932534790326084 8.1361932741432526 -0.70605588668089703  20.952498884661971 8.1361932741432526 -0.70098002235272994  20.974133973317002 8.1361932741432526 -0.6961307829729404  20.986713510863545 8.1361932741432526 -0.69345536016675458  20.990445350061201 8.1361932741432526 -0.69266804706305296  21.006566412876971 8.1361932741432526 -0.68929204118284415  21.026056107430275 8.1361932741432526 -0.6854602942156125  21.046214410205376 8.1361932741432526 -0.68175199396281694  21.052329495898018 8.1361932741432526 -0.68065153609955953  21.063072726015776 8.1361932741432526 -0.67873658671965931  21.082426720218773 8.1361932741432526 -0.67539567236277054  21.104291597978836 8.1361932741432526 -0.67186677300752362  21.1182528817383 8.1361932741432526 -0.66970594983939047  21.121658882448394 8.1361932741432526 -0.66918353346797388  21.136640376927279 8.1361932741432526 -0.66689014880283992  21.155329564824225 8.1361932741432526 -0.66415417962311785  21.176868540493814 8.1361932741432526 -0.66115784061873817  21.184367614822541 8.1361932741432526 -0.66013515809155354  21.194733958765312 8.1361932741432526 -0.65873486547466875  21.213294340472146 8.1361932741432526 -0.65627649364151952  21.23451199959057 8.1361932741432526 -0.65359980995538025  21.249579908372301 8.1361932741432526 -0.65176582799249771  21.253572995143752 8.1361932741432526 -0.65128418919947728  21.267935636066795 8.1361932741432526 -0.64955622273543023  21.286078806419532 8.1361932741432526 -0.64744694304241746  21.308007256660868 8.1361932741432526 -0.64500308944690543  21.316958663629272 8.1361932741432526 -0.64402555888320445  21.326853640697877 8.1361932741432526 -0.64295617311490194  21.344565166834315 8.1361932741432526 -0.64106785442808112  21.364371689700111 8.1361932741432526 -0.63903994159210042  21.380874297461737 8.1361932741432526 -0.63740374669582189  21.385823944950513 8.1361932741432526 -0.63691800289879263  21.400206214602754 8.1361932741432526 -0.63551441642861051  21.417485476586165 8.1361932741432526 -0.63387422195006948  21.439405836311575 8.1361932741432526 -0.63186977817627488  21.449849267541168 8.1361932741432526 -0.63093587420165498  21.459223060296193 8.1361932741432526 -0.63010759925510773  21.476062550406485 8.1361932741432526 -0.62863399402103992  21.494401515107061 8.1361932741432526 -0.62708709430235887  21.512367551288456 8.1361932741432526 -0.62561854004782447  21.518273432087717 8.1361932741432526 -0.62514159723414997  21.532667382371244 8.1361932741432526 -0.6239893524250042  21.549068021757371 8.1361932741432526 -0.62270776141627437  21.570967440092694 8.1361932741432526 -0.62105644136141813  21.582929705033806 8.1361932741432526 -0.6201776635537255  21.591749647392071 8.1361932741432526 -0.61953907681659426  21.607706406039526 8.1361932741432526 -0.6183914132036672  21.624543163158418 8.1361932741432526 -0.61722333268896779  21.643993110108141 8.1361932741432526 -0.61591781115627808  21.650854298086692 8.1361932741432526 -0.61546409292941151  21.665255472866797 8.1361932741432526 -0.61452393298350927  21.680767514626389 8.1361932741432526 -0.61353339870230728  21.702635758970395 8.1361932741432526 -0.61218644195365002  21.716135424491505 8.1361932741432526 -0.61138105903111273  21.724379404774002 8.1361932741432526 -0.61089813232753742  21.739445486518985 8.1361932741432526 -0.61001868993451347  21.754755308103455 8.1361932741432526 -0.60915770216913934  21.775704554907097 8.1361932741432526 -0.60802225066536442  21.783521841524148 8.1361932741432526 -0.60760659347083779  21.797928596779933 8.1361932741432526 -0.60685469091099908  21.81254882267773 8.1361932741432526 -0.60610757017404648  21.83429186891598 8.1361932741432543 -0.60503820826712729  21.848790664309163 8.1361932741432526 -0.60435316082657009  21.857085556770855 8.1361932741432526 -0.60396970588232246  21.871348397119707 8.1361932741432526 -0.60331157533711699  21.885666385061519 8.1361932741432526 -0.60267762156079419  21.907482223298217 8.1361932741432526 -0.60175040321955997  21.916253836772135 8.1361932741432526 -0.60138685423499982  21.930664069246198 8.1361932741432526 -0.60080542370438772  21.944388166606686 8.1361932741432526 -0.6002627709510362  21.964582281836773 8.1361932741432526 -0.59949770845172612  21.980595262312711 8.1361932741432526 -0.59891973208734173  21.989845081982395 8.1361932741432526 -0.59859569100120014  22.004255475532169 8.1361932741432526 -0.59809475249684863  22.017529461146651 8.1361932741432526 -0.5976541235242735  22.039303304918242 8.1361932741432526 -0.59696453896774138  22.049495606105292 8.1361932741432526 -0.59665346647114936  22.063441990829318 8.1361932741432526 -0.59624391512888208  22.076265762295058 8.1361932741432526 -0.59587469544000693  22.094897299171329 8.1361932741432526 -0.59536504308127802  22.112432246439205 8.1361932741432526 -0.59491484233182057  22.122638019760362 8.1361932741432526 -0.59466407902702967  22.137050518147301 8.1361932741432526 -0.5943162066450951  22.149424690136641 8.1361932741432526 -0.59403360436131936  22.171155665096421 8.1361932741432526 -0.5935667167688351  22.182921007523699 8.1361932741432526 -0.59332900536407818  22.196249871841935 8.1361932741432526 -0.59307619409254864  22.208172330860577 8.1361932741432526 -0.59285464411355737  22.225231704140292 8.1361932741432526 -0.59255984132690154  22.244293112536418 8.1361932741432526 -0.59226215972744711  22.255452438720798 8.1361932741432526 -0.59210134067739828  22.269865249123733 8.1361932741432526 -0.59190250898167918  22.281337458426453 8.1361932741432526 -0.59175712728413821  22.303023372195266 8.1361932741432526 -0.59150884089132327  22.316367642231683 8.1361932741432526 -0.59137513623321325  22.329072570564971 8.1361932741432526 -0.59126432517474736  22.340093356043319 8.1361932741432526 -0.59117041043195506  22.355574642119393 8.1361932741432526 -0.59105635270694556  22.37616753831967 8.1361932741432526 -0.59093874746979524  22.388279738931569 8.1361932741432526 -0.59088561589177613  22.402692180893286 8.1361932741432526 -0.59083422024362886  22.413261768896589 8.1361932741432526 -0.59080682455164291  22.434900068492446 8.1361932741432526 -0.59077567229979744  22.449312555899372 8.1361932741432526 -0.59077878899215241  22.46190052991745 8.1361932741432526 -0.59079905050209158  22.472018511086752 8.1361932741432526 -0.59081623724348875  22.48643065395455 8.1361932741432526 -0.59085711670576258  22.508044708804494 8.1361932741432526 -0.59095313667062133  22.521108066804757 8.1361932741432526 -0.59102970014477874  22.535519332293575 8.1361932741432526 -0.59112836029705629  22.545184650018797 8.1361932741432526 -0.59120202492499674  22.565495921388766 8.1361932741432526 -0.59137776712776147  22.581183892360954 8.1361932741432526 -0.59153983113857223  22.59472257542857 8.1361932741432526 -0.59169988162646936  22.605213118503698 8.1361932741432526 -0.59182647923964016  22.618346234326928 8.1361932741432526 -0.59199915608568854  22.63990993380893 8.1361932741432526 -0.59231363682969018  22.653924154035359 8.1361932741432526 -0.59253947930546191  22.668333481931043 8.1361932741432526 -0.59278849494834551  22.677093575513297 8.1361932741432526 -0.59294510397086109  22.695817461014741 8.1361932741432526 -0.59329693638647518  22.713038658039167 8.1361932741432526 -0.59364911628418282  22.727527217124077 8.1361932741432526 -0.59396805587787926  22.738647024273238 8.1361932741432526 -0.59421753037608216  22.750241986898075 8.1361932741432526 -0.59448870542705712  22.771752428091226 8.1361932741432526 -0.59501822196706899  22.786716430739524 8.1361932741432526 -0.5954107212408305  22.801122867854918 8.1361932741432526 -0.59580787362893062  22.808976947123131 8.1361932741432526 -0.59602764723298407  22.826113911338304 8.1361932741432526 -0.59652072752304774  22.844865926744795 8.1361932741432526 -0.59709064342747686  22.860303516944803 8.1361932741432526 -0.59758438045006823  22.872051395500673 8.1361932741432526 -0.59796680594847329  22.882110303139669 8.1361932741432526 -0.59830230434245935  22.903567437048348 8.1361932741432526 -0.59903901386015945  22.91947919513261 8.1361932741432526 -0.59961079537432105  22.933882446378313 8.1361932741432526 -0.6001484508644207  22.940831453473912 8.1361932741432526 -0.60040937594290145  22.95638427574902 8.1361932741432526 -0.60100318229246763  22.976661886236958 8.1361932741432526 -0.60180798801690361  22.993044790659432 8.1361932741432526 -0.60248454291340092  23.00541644474832 8.1361932741432526 -0.60300423664529612  23.01394235548026 8.1361932741432526 -0.60336812415276042  23.035342686126015 8.1361932741432526 -0.60429807031074012  23.051772730875669 8.1361932741432526 -0.60503862666978503  23.066598664221747 8.1361932741432526 -0.60572800679726135  23.072642667610573 8.1361932741432526 -0.60600963283373299  23.087042176218375 8.1361932741432526 -0.60668837924600028  23.108413371770844 8.1361932741432526 -0.60772473900982094  23.12574158697047 8.1361932741432526 -0.60859170069180779  23.138731647965209 8.1361932741432526 -0.60925166601681036  23.145731108947825 8.1361932741432526 -0.60961087544088566  23.166115984173942 8.1361932741432526 -0.61066822989491909  23.182880886790482 8.1361932741432526 -0.61156215582983331  23.199272875343784 8.1361932741432526 -0.61245924782341921  23.205371235622522 8.1361932741432526 -0.61279411018869467  23.218807764128414 8.1361932741432526 -0.6135382299535278  23.240122755287882 8.1361932741432526 -0.61474275646521492  23.258394472565207 8.1361932741432526 -0.61580376791036007  23.27199547646331 8.1361932741432526 -0.61660573865733759  23.277474754351786 8.1361932741432526 -0.61693112120163884  23.296288100844937 8.1361932741432526 -0.6180557499173962  23.313948178897974 8.1361932741432526 -0.61913532687910944  23.33189789475022 8.1361932741432526 -0.62025899737858081  23.338605733811267 8.1361932741432526 -0.62068098755060397  23.350524130497625 8.1361932741432526 -0.62143516150372324  23.371781365789356 8.1361932741432526 -0.62280036648499748  23.390995420022719 8.1361932741432526 -0.62406492882852715  23.405199704911716 8.1361932741432526 -0.62501431784430139  23.409167170867903 8.1361932741432526 -0.62528083124036238  23.42641649202783 8.1361932741432526 -0.62644395900146965  23.444970682434693 8.1361932741432526 -0.62771926375430909  23.464469774920573 8.1361932741432526 -0.62909238867463224  23.471779432810195 8.1361932741432526 -0.62961058816649762  23.482188260545964 8.1361932741432526 -0.63035170770311399  23.503387426558589 8.1361932741432526 -0.6318794175587773  23.523541892151009 8.1361932741432526 -0.63336801430971812  23.537926147288967 8.1361932741432526 -0.63444862931860202  23.540804706219244 8.1361932741432526 -0.63466556920744699  23.556497688006171 8.1361932741432526 -0.63585088836128101  23.576355426033267 8.1361932741432526 -0.63737862765560682  23.596976914783887 8.1361932741432526 -0.63900555307438434  23.604878622449313 8.1361932741432526 -0.63963432633292772  23.613786279820886 8.1361932741432526 -0.64034536574615308  23.634924040640421 8.1361932741432526 -0.64204948774079718  23.655783478794426 8.1361932741432526 -0.64377493825723497  23.670393978882743 8.1361932741432526 -0.64500671112938512  23.672370409094981 8.1361932741432526 -0.64517360247919209  23.686749509780352 8.1361932741432526 -0.64638938743247853  23.707854040416358 8.1361932741432526 -0.64820700328527903  23.729409493219471 8.1361932741432526 -0.65011382916821125  23.737892217034659 8.1361932741432526 -0.65087234307844066  23.745308857478381 8.1361932741432526 -0.65153685633056735  23.765872750076163 8.1361932741432526 -0.65339427954624885  23.78664445126438 8.1361932741432526 -0.65532067949635242  23.80259760700628 8.1361932741432526 -0.6568295695601809  23.804357541377801 8.1361932741432526 -0.65699637395621013  23.818218474802066 8.1361932741432526 -0.65831224517531428  23.839433243992843 8.1361932741432526 -0.66035989004863915  23.861089860313932 8.1361932741432526 -0.66250716982932067  23.870790424115238 8.1361932741432526 -0.66348003883227458  23.876728321186743 8.1361932741432526 -0.66407650286591158  23.896407245419311 8.1361932741432526 -0.66606644049703689  23.917407157951143 8.1361932741432526 -0.66824061908743992  23.933915480392827 8.1361932741432526 -0.66998456306097998  23.937188503156392 8.1361932741432526 -0.67033123615860302  23.949572664424242 8.1361932741432526 -0.67164502384223257  23.971388425532265 8.1361932741432526 -0.67399376942146794  23.992351284071688 8.1361932741432526 -0.67630580507700633  24.003551749511704 8.1361932741432526 -0.67755499255773632  24.008301765211407 8.1361932741432526 -0.67808571177109478  24.027130180581516 8.1361932741432526 -0.6801999378420629  24.047335601060293 8.1361932741432526 -0.68251272833792798  24.065108514840176 8.1361932741432526 -0.68458368134565517  24.069878053146113 8.1361932741432526 -0.68514140502092302  24.081524780231568 8.1361932741432526 -0.68650619956976322  24.102592020506648 8.1361932741432526 -0.68900238718932827  24.123482719449726 8.1361932741432526 -0.69152505796216879  24.136165064650854 8.1361932741432526 -0.69307237237140962  24.140364537448622 8.1361932741432526 -0.69358590318270441  24.157734236562177 8.1361932741432526 -0.69571569407810352  24.176972649789242 8.1361932741432526 -0.69810799910404242  24.196168301360942 8.1361932741432526 -0.70052915244782021  24.202417917898028 8.1361932741432526 -0.70132044469463528  24.213516786887954 8.1361932741432526 -0.70272902690561545  24.233665494948102 8.1361932741432526 -0.7053047900722873  24.25448710862787 8.1361932741432526 -0.70800188493419636  24.268637038652486 8.1361932741432526 -0.70984934618575379  24.272301204209729 8.1361932741432526 -0.71032875995229727  24.288230054452239 8.1361932741432526 -0.71241484677798839  24.306505304336159 8.1361932741432526 -0.71482884583609185  24.327112434339003 8.1361932741432526 -0.7175755261920298  24.334828772520556 8.1361932741432526 -0.71860707754045527  24.345395238664256 8.1361932741432526 -0.72002219676948964  24.364632721242227 8.1361932741432526 -0.72260785254450877  24.385393522814624 8.1361932741432526 -0.72541825998894149  24.399719427122356 8.1361932741432526 -0.72736659196987286  24.404143789320177 8.1361932741432526 -0.72796889119295494  24.418647921952502 8.1361932741432526 -0.72994425943873764  24.437252144599128 8.1361932741432526 -0.73248878039130594  24.457983454622251 8.1361932741432526 -0.73533342883128872  24.467158772601298 8.1361932741432526 -0.73659388903851908  24.477203415483594 8.1361932741432526 -0.73797460691475558  24.495536229166767 8.1361932741432526 -0.74049656919326745  24.515008482366749 8.1361932741432526 -0.74317970226436914  24.530565849593394 8.1361932741432526 -0.74532503055461774  24.535933310446545 8.1361932741432526 -0.74606531585390634  24.55025642516317 8.1361932741432526 -0.74804098269422492  24.568139911973557 8.1361932741432526 -0.75050878377894026  24.588821134890786 8.1361932741432526 -0.75336176564791302  24.59945532983842 8.1361932741432526 -0.75482822094076618  24.608983600891442 8.1361932741432526 -0.75614171596454827  24.626419893753766 8.1361932741432526 -0.75854465436072915  24.644432275606139 8.1361932741432526 -0.76102513837050245  24.661401514049352 8.1361932741432526 -0.76336137166698104  24.6677129794056 8.1361932741432526 -0.76423024680227714  24.68203582560928 8.1361932741432526 -0.76620196266391083  24.699024285772833 8.1361932741432526 -0.7685407380626198  24.719657505857032 8.1361932741432526 -0.77138444509137893  24.731751867497639 8.1361932741432526 -0.77305320249392029  24.740762102683885 8.1361932741432526 -0.77429762230916288  24.757301215663279 8.1361932741432526 -0.77658334099061654  24.773849579193946 8.1361932741432526 -0.77887740051930554  24.792228456646058 8.1361932741432526 -0.7814404938791476  24.799482343479671 8.1361932741432526 -0.78245464083751137  24.81380156085968 8.1361932741432526 -0.7844623425451851  24.829888449905255 8.1361932741432526 -0.78673050809644818  24.850462695394448 8.1361932741432526 -0.7896626639304265  24.864008346296231 8.1361932741432526 -0.7916132137727887  24.872494314417075 8.1361932741432526 -0.7928446521097916  24.88812188063017 8.1361932741432526 -0.79511819215443624  24.903192609822348 8.1361932741432526 -0.7973440781269816  24.922953758216494 8.1361932741432526 -0.80032834406623099  24.931138326227021 8.1361932741432526 -0.80157709836205782  24.945438678200325 8.1361932741432526 -0.8037863032650685  24.960602979071759 8.1361932741432526 -0.80616613127618053  24.981080096387601 8.1361932741432526 -0.80946633250428124  24.995351756005455 8.1361932741432526 -0.81183192177030616  25.00397785282 8.1361932741432526 -0.81328791756284202  25.018647228889641 8.1361932741432526 -0.81577366413817054  25.032884876466817 8.1361932741432526 -0.81826552917696738  25.053272416267561 8.1361932741432526 -0.8219986073578408  25.062363495159723 8.1361932741432526 -0.82370380278828703  25.076645278573967 8.1361932741432526 -0.82646756965710555  25.090889229156751 8.1361932741432526 -0.82929610835414369  25.110886001264056 8.1361932741432526 -0.83342240944155221  25.125342655007884 8.1361932741432526 -0.83652071527293348  25.134717941146651 8.1361932741432526 -0.83856630281177702  25.148529411658792 8.1361932741432526 -0.84159391058638233  25.162027172015815 8.1361932741432526 -0.8446801065791808  25.182107127143958 8.1361932741432526 -0.84974191732819904  25.192137385970074 8.1361932741432526 -0.85242591645389909  25.206903177852251 8.1361932741432526 -0.85674518182549386  25.243329853209314 8.1361932741432526 -0.86791616636330426  25.27599994075603 8.1361932741432526 -0.88015773610822212  25.284000000000002 8.1361932741432526 -0.8844036540993746 
 0.50166434587376163 4 0.50167255192680926 1 0.50167563950773675 1 0.50707080535134863 1 0.50866953008644389 1 0.50883369854911686 1 0.50887547618272866 1 0.51218554491661905 1 0.5157326152044438 1 0.51605083893958703 1 0.51611652486986348 1 0.51699615247064967 1 0.52175556871066142 1 0.5228535560941534 1 0.52331611358801544 1 0.52338800196649815 1 0.52649078113382586 1 0.5299749704400003 1 0.5305838358556183 1 0.53066278607417028 1 0.53121200128245527 1 0.53592516874550855 1 0.53709651595479513 1 0.53785197903198323 1 0.53793830958691802 1 0.5406325820460709 1 0.54421806048915278 1 0.54512019230631947 1 0.54521410274590132 1 0.54533554203577972 1 0.55003528466108298 1 0.55133961645999174 1 0.55238848863034873 1 0.55249003420239806 1 0.55473242200286199 1 0.55846124781245177 1 0.55942730325748768 1 0.55965673768529889 1 0.55976607832058756 1 0.56412047426429679 1 0.56558285964160249 1 0.5669250540488564 1 0.56704215665595015 1 0.56881213313972312 1 0.57270441229588664 1 0.57350242588339995 1 0.57419331329425649 1 0.57431826569523758 1 0.5781916284236579 1 0.57982589268851592 1 0.58146168143624699 1 0.58159436040775681 1 0.58287982860679222 1 0.58694750270453222 1 0.58756710702450077 1 0.58873003298516791 1 0.5888704789618564 1 0.59225361274283561 1 0.59406922569486464 1 0.59599845782579797 1 0.59614665021241153 1 0.59693939943676178 1 0.60119090920738461 1 0.6016245197727742 1 0.60326676806067703 1 0.60342285411257934 1 0.60630906380938765 1 0.60831237090063583 1 0.61053509810503104 1 0.61069906793207551 1 0.61099305816616523 1 0.61543405167652032 1 0.61567655770840368 1 0.61780337104576477 1 0.6179752245537421 1 0.62035961317081045 1 0.62255563361576383 1 0.62504223465925823 1 0.62507171457175825 1 0.62525135740796844 1 0.6296774418312856 1 0.62972448821047555 1 0.632340066972499 1 0.63252750261802115 1 0.63440639756447226 1 0.63679888265058837 1 0.63908797352088176 1 0.63960834172404646 1 0.63980373596312423 1 0.64376926125803413 1 0.64392042359306179 1 0.6468766771530543 1 0.64707997075247736 1 0.64845027965891022 1 0.65104178131414858 1 0.65313104193619509 1 0.65414495163572783 1 0.65435617246021893 1 0.65781158033459719 1 0.65816349549752173 1 0.66141327239142944 1 0.66163230976015153 1 0.6624919068576437 1 0.66528495000625898 1 0.66717204101043437 1 0.66868157260699423 1 0.66890853727233068 1 0.67185200879699269 1 0.67240660226319282 1 0.67594986139662383 1 0.67618478038705254 1 0.67653181769865667 1 0.67952824951972257 1 0.68121149545831317 1 0.68321822515430808 1 0.68346098526705157 1 0.68589105941200057 1 0.68665002096273142 1 0.69048658688081943 1 0.6905705228371356 1 0.69073711497818613 1 0.69377171846891261 1 0.69524991099741784 1 0.69775495049064817 1 0.69801331366643471 1 0.69992924213610064 1 0.7008933144269659 1 0.70460853677389867 1 0.7050233240919902 1 0.70528949732439583 1 0.70801494917350616 1 0.70928781546402164 1 0.71229163347485502 1 0.71256575535374633 1 0.71396709748934706 1 0.71513643693672113 1 0.71864640839963112 1 0.71955996708661218 1 0.71984193810577768 1 0.72225784491842893 1 0.72332576563426976 1 0.72682824863933826 1 0.72711814518991302 1 0.72800519320626556 1 0.72937940863757011 1 0.7326847099835867 1 0.73409664076657488 1 0.73439431583417825 1 0.7365010358508518 1 0.73736433342607721 1 0.74136497254938893 1 0.74167047357778204 1 0.74204408964927171 1 0.7436228024252145 1 0.74672399016994229 1 0.74863331111522124 1 0.74894672411052643 1 0.75074444993948253 1 0.75140405206774252 1 0.75590155221403466 1 0.75608430079781874 1 0.75622293178905775 1 0.75786604764860266 1 0.76076473903735364 1 0.76316990725058353 1 0.76349912506478723 1 0.76498765624187504 1 0.76544538552934505 1 0.77012625289774284 1 0.7704382550904868 1 0.7707752492131702 1 0.77210916307839972 1 0.77480734476138702 1 0.77770663641667825 1 0.77805140970143061 1 0.77923077324497925 1 0.77948868466520194 1 0.78417026984239324 1 0.78497493016506548 1 0.78532763167236819 1 0.78635234202800741 1 0.78885210604640077 1 0.79224326525795097 1 0.79260386381302028 1 0.79347388002694053 1 0.79353421707626848 1 0.79821660031895869 1 0.79951161975329232 1 0.79988006415349366 1 0.80059554632199947 1 0.80289926301044201 1 0.80677990870264882 1 0.80715627983584237 1 0.80758223772265425 1 0.80771708074776438 1 0.81226551946436909 1 0.81404822889935535 1 0.81443248064786999 1 0.81483878795905074 1 0.81694912685331755 1 0.82131653525889892 1 0.82163308680374969 1 0.82170872081272373 1 0.82196039540076404 1 0.82631740237421136 1 0.82858496567293372 1 0.82898489257555674 1 0.82908195882709046 1 0.83100211453984052 1 0.83568722670223516 1 0.83585334520069909 1 0.83620353697833572 1 0.83626105171371889 1 0.84037275193145333 1 0.8431216584053528 1 0.84332503012776294 1 0.84353725183822814 1 0.84505873906179674 1 0.84974518068970317 1 0.85038996287321134 1 0.8504467570134352 1 0.85081346216055997 1 0.85443208713250574 1 0.85756829689207403 1 0.85765828306425007 1 0.85808973213537332 1 0.85911950208220855 1 0.86380739797544093 1 0.86469005105331886 1 0.86492660148241507 1 0.86536586667283022 1 0.86849578515158155 1 0.87181167737096421 1 0.87219492033616386 1 0.8726420772555924 1 0.8731846653262576 1 0.87787400415930716 1 0.87893323336552565 1 0.87946317927292739 1 0.87991825254395328 1 0.88256380916150312 1 0.88605484237540277 1 0.88673147925932816 1 0.88719449239902282 1 0.88725400943155208 1 0.8919445690894674 1 0.89317626761901581 1 0.89399984863869708 1 0.8944706428302851 1 0.89663545514423182 1 0.90029799054433324 1 0.9012682500734327 1 0.9013265813056659 1 0.90174681449430183 1 0.90601789636322072 1 0.90741947292425063 1 0.90853668629569562 1 0.90902301751478587 1 0.91070933054974013 1 0.91454115152568305 1 0.91540080757233422 1 0.91580500658419917 1 0.91629922894891636 1 0.92009227912428015 1 0.92166279901883219 1 0.92307335826725456 1 0.9235754550675801 1 0.92478368901035524 1 0.92878437440161887 1 0.92947501197304261 1 0.93034163733421682 1 0.93085158365851062 1 0.93416623724018244 1 0.93590604081908824 1 0.9376099601738539 1 0.938127794223376 1 0.93885741402659384 1 0.94302751904811377 1 0.94354859167539362 1 0.94487830738114509 1 0.94540395959532741 1 0.94823987832122403 1 0.95014916136094119 1 0.95214663257264309 1 0.95268022084393456 1 0.95293147654792498 1 0.9572707940154388 1 0.95762353842383863 1 0.95941498906728662 1 0.95995641324622827 1 0.96231644244710024 1 0.96439244697600346 1 0.96668323847094451 1 0.96701057927264811 1 0.96723262051459968 1 0.97151413092700523 1 0.97170629552937304 1 0.97395148439960033 1 0.97450874939367882 1 0.97640472601826522 1 0.97863554725241397 1 0.9811068229710822 1 0.98121961528572943 1 0.98178487479804633 1 0.98575701499244817 1 0.98581351559269403 1 0.98848696378873691 1 0.98906065002066301 1 0.99053021838637656 1 1 4
7 0 0  1 2 2  25.284000000000002 8.1361932741432526 -0.8844036540993746  31.083369224655055 20.020074038324633 0.57475349653887053 
 0.38941880679683821 2 0.74663060255248248 2
7 0 0  1 2 2  20.759389865876347 8.1361932741432526 -0.81332539826238437  28.605189873657281 20.020074038324633 0.54568655821195888 
 0.38941880679683821 2 0.74663060255248248 2
7 0 0  3 312 310  31.083369224655055 20.020074038324633 0.57475349653887053  31.067769236949999 20.020074038324633 0.5749437834330533  31.049684534526197 20.020074038324637 0.57656839551529182  31.030728071017396 20.020074038324633 0.57703026939746194  31.02293106323728 20.020074038324633 0.57715864516267301  31.017314362161599 20.020074038324633 0.57719412963249106  31.006052612708118 20.020074038324633 0.57728298183220139  30.998377934609255 20.020074038324633 0.57735657911221994  30.990900835311127 20.020074038324633 0.57734989879500043  30.985548974336616 20.020074038324633 0.57733657817733808  30.977635185888136 20.020074038324633 0.57725722056688122  30.96647682100793 20.020074038324633 0.57701915931051051  30.958861171264438 20.020074038324633 0.576790781326465  30.951069973521207 20.020074038324633 0.57652141758905928  30.946019802324159 20.020074038324633 0.57632347334973166  30.934735211434539 20.020074038324633 0.57584098589877231  30.926944940505091 20.020074038324633 0.57545467441908571  30.919047736104105 20.020074038324633 0.57498594540288872  30.914259236571965 20.020074038324633 0.57469630471801914  30.906470634498312 20.020074038324633 0.57417647743278888  30.895186436342485 20.020074038324633 0.57333344533596375  30.887048536822885 20.02007403832463 0.57266761922440579  30.879262736202342 20.020074038324633 0.57200193973139257  30.874737574957898 20.020074038324633 0.57160404178731106  30.864208601709961 20.020074038324633 0.57065764556600262  30.855663708861762 20.02007403832463 0.56984997412594707  30.84728666319517 20.02007403832463 0.56898985195726914  30.842264666085054 20.02007403832463 0.56846625000473838  30.835239040165078 20.020074038324633 0.56770530367394989  30.823952871484678 20.020074038324633 0.56643612689764755  30.81533478830054 20.020074038324633 0.56543734980447558  30.807552044454773 20.020074038324633 0.56451504657024898  30.803550079385538 20.020074038324633 0.56403592033969774  30.79383838905099 20.02007403832463 0.56285918140091662  30.784476120125088 20.020074038324633 0.56168883609440146  30.775618624105306 20.020074038324633 0.56053064770708072  30.770298717400632 20.020074038324633 0.55982729270519838  30.764095937235453 20.020074038324633 0.55899401068539456  30.752804347949752 20.02007403832463 0.55745330785765246  30.743704483485832 20.020074038324633 0.5561935758114398  30.735923819488139 20.020074038324633 0.55509773476215107  30.732442340998695 20.020074038324633 0.55460487413446846  30.723517143909376 20.020074038324633 0.5533316025887749  30.713364656629075 20.020074038324633 0.551852141434375  30.704024754364166 20.020074038324633 0.55046260706759931  30.698430820495716 20.020074038324633 0.54962479604948677  30.693021992419482 20.020074038324633 0.54880935725926527  30.681720761451121 20.020074038324633 0.5470914458912508  30.672138487297705 20.020074038324633 0.54561493899888824  30.664359421323535 20.020074038324633 0.54440038013855674  30.661395606548624 20.020074038324633 0.54393669280819323  30.653231466354889 20.020074038324633 0.54265428421495598  30.64230891353197 20.020074038324633 0.54091630308818572  30.632485219644678 20.020074038324633 0.53933593784166811  30.626636682936997 20.020074038324633 0.53839078399093432  30.622000292061024 20.020074038324633 0.53763916236618359  30.610686320054427 20.020074038324633 0.53579683857854521  30.600976832420486 20.020074038324637 0.53419920819790634  30.592840957953968 20.020074038324633 0.53284864239084695  30.59039324780867 20.020074038324633 0.53244198642626916  30.582614129590876 20.020074038324633 0.53114662266721413  30.571293760119168 20.020074038324633 0.52924811978247976  30.560983277534621 20.02007403832463 0.52751060270200401  30.55489346507742 20.02007403832463 0.52648147574540116  30.551014081271784 20.020074038324633 0.52582499535885507  30.540069414661122 20.020074038324633 0.52396901779301164  30.530217763810533 20.020074038324633 0.52228720533920336  30.521352314821051 20.020074038324633 0.52076780878766171  30.519034064492175 20.020074038324633 0.52037030009891638  30.511640302442842 20.020074038324637 0.51910147492947512  30.500302386465243 20.020074038324633 0.51715129114845293  30.489503390749714 20.020074038324633 0.51529313502950691  30.483179492568695 20.020074038324633 0.51420367316886728  30.48004824518507 20.020074038324633 0.51366399957629516  30.469830551786956 20.020074038324637 0.51190169442535316  30.459467548967666 20.020074038324637 0.51010843897070002  30.449877501952948 20.020074038324633 0.50845413079716129  30.447326703843707 20.020074038324633 0.50801436762026919  30.440679149627876 20.02007403832463 0.50686880762608499  30.4293195259703 20.020074038324633 0.5049145284365929  30.418028393453376 20.020074038324633 0.50297491729352706  30.411472055392096 20.020074038324633 0.50185004341069561  30.409086787943721 20.020074038324633 0.50144090242872641  30.399593943637896 20.020074038324633 0.49981321588887556  30.38871560893017 20.020074038324633 0.49795184688111205  30.378398436232139 20.02007403832463 0.49620259185128912  30.375613789119086 20.02007403832463 0.49573139390030135  30.369713472689106 20.020074038324633 0.49473363541712922  30.358329176657932 20.02007403832463 0.49281554936290517  30.346542026687604 20.020074038324633 0.49083476297648287  30.339748538316094 20.02007403832463 0.48969982462210615  30.338113796172919 20.020074038324633 0.48942688570054727  30.329350097842074 20.020074038324633 0.48796503266390368  30.31795245772447 20.020074038324633 0.48608107546799922  30.307146104615128 20.020074038324633 0.48431862141570287  30.303873905481677 20.020074038324633 0.4837865382828147  30.298728252557304 20.020074038324633 0.48295032226144663  30.287070481501139 20.020074038324633 0.48106406949135583  30.275522484369716 20.02007403832463 0.47920385914237146  30.267988842991002 20.020074038324633 0.47800440149981621  30.267114739764867 20.020074038324633 0.477865380477215  30.258597577113413 20.020074038324633 0.47651256302600925  30.24729167515742 20.020074038324633 0.47474323404172153  30.236108966358469 20.02007403832463 0.47302088756722305  30.232090134968125 20.02007403832463 0.47240418470181827  30.227590278174421 20.020074038324633 0.47171421221092735  30.215910030780801 20.020074038324637 0.4699310924496386  30.204468177880109 20.020074038324637 0.4681953919827147  30.196687026404035 20.020074038324637 0.46703902083587084  30.195702043980369 20.020074038324637 0.46689283745222998  30.187822851765262 20.020074038324633 0.46572548731740931  30.176493002878491 20.020074038324633 0.4640827612344014  30.165033327000934 20.020074038324633 0.46244460326967096  30.160252501928937 20.020074038324637 0.46176423729367833  30.156020300889626 20.020074038324633 0.46116270836308004  30.144846100986697 20.020074038324633 0.45958013055630315  30.134065008715091 20.020074038324633 0.45806572520198158  30.125590956057835 20.020074038324633 0.4569108850374346  30.124111657141576 20.020074038324633 0.45671001342299544  30.116330318350254 20.020074038324633 0.45565846796574216  30.105406601366195 20.02007403832463 0.45421919718624892  30.093915980095865 20.020074038324633 0.45271799004032126  30.088356219179161 20.020074038324633 0.45199640698008542  30.084406872290835 20.020074038324633 0.45148514359055908  30.073828469536977 20.020074038324633 0.45012168430682742  30.063733968030569 20.020074038324637 0.4488447706631834  30.054450326560705 20.020074038324637 0.44770786133597695  30.052386163237422 20.020074038324637 0.44745664646201111  30.044692790137066 20.020074038324637 0.44652691162160957  30.034275685652752 20.020074038324633 0.44529437228622315  30.022754285563931 20.020074038324633 0.44394256447788483  30.016398511569104 20.020074038324633 0.4432054999603679  30.012748554908288 20.02007403832463 0.44278456758841128  30.002984576625373 20.020074038324633 0.44166447491583982  29.993375157417695 20.02007403832463 0.44059339274363207  29.983265260008842 20.020074038324633 0.43950361541822763  29.980397364664046 20.020074038324633 0.43919734583169695  29.97301055903683 20.020074038324633 0.43841477610895818  29.963101254725906 20.020074038324633 0.43738229122151928  29.951549386362238 20.020074038324633 0.43618958293844212  29.944381438968779 20.020074038324633 0.43546479399488958  29.941046187021104 20.020074038324633 0.43513144440071622  29.932112577289832 20.020074038324633 0.43424323655267683  29.922989485900779 20.020074038324633 0.43337347173941154  29.912037790393615 20.020074038324637 0.43236216735572991  29.908350796965959 20.020074038324637 0.43202553747144246  29.901285351162002 20.02007403832463 0.431385683996863  29.891885056881137 20.02007403832463 0.43054450301635083  29.880303233176473 20.020074038324633 0.42951847263742149  29.872516860427027 20.020074038324633 0.42885276803851313  29.86930215714407 20.020074038324633 0.42858362584520715  29.861213507791966 20.020074038324633 0.42790894661630452  29.852370000782056 20.020074038324637 0.42721259737398654  29.840771470684537 20.020074038324637 0.42632326461865855  29.836252049324923 20.020074038324637 0.42598091035123198  29.829520970268163 20.020074038324633 0.42547579047222339  29.82063132532738 20.020074038324633 0.42481539808356411  29.809576328364621 20.020074038324633 0.42401013662273146  29.801232145454264 20.020074038324633 0.42343368642450963  29.797520217053439 20.020074038324633 0.42318494946521362  29.789732447122198 20.020074038324637 0.42266805036348287  29.781097395071868 20.020074038324633 0.42213102847187028  29.76947063720964 20.020074038324633 0.4214229674920616  29.764107395526281 20.020074038324633 0.42110101895455154  29.757721230640037 20.020074038324633 0.42072340990180723  29.749343610822393 20.020074038324633 0.42023373730151514  29.739129363565446 20.020074038324633 0.41965831997077513  29.729914755826588 20.020074038324633 0.41917443259843168  29.725705259636445 20.020074038324633 0.41896258787438168  29.717915719409568 20.020074038324633 0.41857800433045472  29.709793900857917 20.020074038324633 0.41820166464946534  29.698140139653372 20.020074038324633 0.41767426588922274  29.691925005001615 20.02007403832463 0.41739993783498847  29.685891813650983 20.020074038324633 0.41714208802375297  29.678027543652075 20.020074038324633 0.41681122022456707  29.668662062063923 20.020074038324633 0.41644320596725082  29.658569806595725 20.020074038324633 0.41608453020430647  29.65386296129698 20.020074038324633 0.4159276333495644  29.646071768826197 20.020074038324633 0.41567638425481296  29.638463986600378 20.020074038324633 0.41544655705393663  29.626784101365764 20.020074038324633 0.41510228978811203  29.619711102824546 20.020074038324633 0.41490363475410863  29.614037158409928 20.020074038324633 0.41475656025466801  29.606686982469288 20.020074038324637 0.41456993123214819  29.598176268927634 20.020074038324633 0.4143829675251981  29.587202150047723 20.020074038324633 0.41417760228152622  29.581998428618217 20.020074038324637 0.41409010963426929  29.574205742565628 20.020074038324633 0.41396754494116067  29.567113145273126 20.020074038324633 0.41386540689238649  29.555408900999922 20.020074038324633 0.41370938881467528  29.547615796696789 20.020074038324633 0.41362184561895249  29.542163456213459 20.020074038324633 0.41357562424126137  29.535328874351151 20.020074038324633 0.41351919355080913  29.527535172239411 20.020074038324633 0.41348182714055315  29.515818961961376 20.020074038324633 0.4134559443194803  29.510118584730293 20.020074038324633 0.41345244865571956  29.502324419360221 20.020074038324633 0.41345765892948805  29.495748060922175 20.02007403832463 0.41346905954508084  29.484626574781906 20.02007403832463 0.41350712512015164  29.476225849026996 20.02007403832463 0.41355874134550907  29.470277206699457 20.02007403832463 0.4136111693113298  29.463353138724202 20.02007403832463 0.41367540332553526  29.456164019626154 20.02007403832463 0.41376267026850766  29.444425314058517 20.020074038324633 0.41392829402835429  29.438228973901339 20.02007403832463 0.41402530154795403  29.430433318599562 20.020074038324633 0.41416062689780697  29.424373930539161 20.020074038324637 0.41427141387983735  29.414107337243056 20.020074038324633 0.41447958029664933  29.404828249370905 20.020074038324637 0.41469566996494933  29.398384149106981 20.020074038324637 0.41486283410794822  29.391100876121488 20.020074038324637 0.41505717095792044  29.384787149489341 20.020074038324633 0.41523995208904524  29.373027490649665 20.02007403832463 0.41559829375176349  29.366335565505082 20.02007403832463 0.41581252555111303  29.358538439092484 20.020074038324633 0.41608121963301525  29.352997016987494 20.020074038324633 0.4162766298139628  29.343580485932137 20.020074038324633 0.41663054695363722  29.333429716503392 20.020074038324637 0.4170445773193332  29.326490636065706 20.020074038324637 0.41734436720053059  29.31885527024199 20.020074038324633 0.41768105744402562  29.313410239001911 20.020074038324633 0.41793050985706082  29.30163093351123 20.020074038324633 0.41848510761654356  29.294444687656483 20.020074038324633 0.41883559158099137  29.286646171122747 20.020074038324633 0.41924077392686121  29.281623067710271 20.020074038324633 0.41950435376811035  29.273048195452994 20.020074038324633 0.41997390875000296  29.262035369655269 20.02007403832463 0.42061183487496967  29.254602913154759 20.02007403832463 0.42105948876609889  29.246803104428544 20.02007403832463 0.42153827101035801  29.242039912445396 20.02007403832463 0.42183777708055026  29.230242399638005 20.020074038324633 0.42259676833503373  29.222442037373447 20.020074038324633 0.42311800136119815  29.214763165367302 20.020074038324633 0.42365430225434036  29.210259262493349 20.020074038324633 0.42396942915246871  29.20245823969649 20.020074038324633 0.42452842447790479  29.190652689241336 20.020074038324637 0.42540807571900058  29.182727477044658 20.020074038324637 0.42601934455439239  29.174926184293454 20.020074038324633 0.42663366292318794  29.170681881867029 20.020074038324633 0.4269737903614424  29.159445679296748 20.020074038324633 0.42789168263556215  29.151066261359887 20.020074038324633 0.42860165504595271  29.142895850235409 20.02007403832463 0.42931414429359882  29.138332920980368 20.02007403832463 0.42971331730533185  29.131107941079627 20.020074038324633 0.43035460522409946  29.119286557327577 20.02007403832463 0.43143232669712173  29.11087069016688 20.02007403832463 0.43222496046678566  29.103068008960157 20.02007403832463 0.43297666465555668  29.099342552379404 20.02007403832463 0.43334011864811284  29.088912313722819 20.020074038324633 0.43437361252293327  29.07971078164104 20.020074038324633 0.43531586008007661  29.071050614630714 20.020074038324633 0.43622165851832417  29.066186183209521 20.02007403832463 0.43673269960848538  29.059780324050173 20.020074038324633 0.43741189465132646  29.047944654659624 20.020074038324633 0.43868968652647772  29.039039192851948 20.02007403832463 0.43967791908035508  29.031235161427716 20.020074038324633 0.44056662050405637  29.028028804395589 20.020074038324633 0.44093507996919945  29.018384810958036 20.020074038324633 0.44205862234772425  29.008382723461601 20.02007403832463 0.44326198637549058  28.999234015126142 20.020074038324633 0.44437719232250061  28.994089192503026 20.020074038324633 0.4450075031000803  28.988480870663224 20.020074038324633 0.44569889410272978  28.976632553291026 20.020074038324633 0.44718173622420881  28.967239804972927 20.020074038324633 0.44839494623898696  28.959434683023982 20.02007403832463 0.44942806983727734  28.956746920410417 20.02007403832463 0.44978552056651111  28.947865831018888 20.020074038324633 0.45097713017014718  28.937087539072635 20.020074038324633 0.45245985695972707  28.927452748052943 20.020074038324633 0.45380397616953905  28.922051921053388 20.02007403832463 0.45456311335050598  28.917216212464613 20.020074038324633 0.4552467906789307  28.905357206767565 20.020074038324633 0.45694685270354823  28.895480404751105 20.020074038324633 0.45841315394877907  28.887674244400849 20.020074038324633 0.45959940630717289  28.88550424598213 20.020074038324633 0.45992973108621671  28.877358212268863 20.020074038324633 0.46117713513004427  28.865834159564535 20.02007403832463 0.46297949257975923  28.855716785139506 20.02007403832463 0.46458603788909192  28.850089970664641 20.02007403832463 0.46548981408482626  28.845995775318023 20.020074038324633 0.4661511683273471  28.834297602775042 20.02007403832463 0.4680672798729798  28.824139103273399 20.02007403832463 0.46980375002099778  28.81596681603601 20.020074038324633 0.47123562044505496  28.814146654158808 20.020074038324633 0.47155488494944048  28.806502341630267 20.020074038324633 0.47290237045140426  28.794638823347508 20.020074038324633 0.47503633271940576  28.78404521365162 20.020074038324633 0.47697624274633693  28.778234498469836 20.020074038324633 0.47806264971981516  28.774838293687001 20.020074038324633 0.47870168658799461  28.763810357863214 20.020074038324633 0.480812156079783  28.753161605070737 20.020074038324633 0.48297975006087834  28.744345244366954 20.020074038324637 0.48484623962779883  28.742375483391811 20.020074038324637 0.48526506270651121  28.73539473617004 20.020074038324633 0.48675649703458462  28.723550857266435 20.020074038324633 0.48935626331274573  28.712485149733013 20.020074038324633 0.49185814277309509  28.706572180692184 20.020074038324637 0.49325846296885717  28.703787688559672 20.020074038324637 0.49392306663548019  28.693332134687257 20.020074038324633 0.49648237499893  28.682327524607828 20.02007403832463 0.49948929559803862  28.672916655592598 20.02007403832463 0.50252558480009368  28.670930269336679 20.02007403832463 0.50317861465418945  28.664332223304431 20.020074038324633 0.50536378114773839  28.652557472896831 20.02007403832463 0.50952744903184144  28.642201585131374 20.02007403832463 0.51296415669092033  28.636552304717924 20.02007403832463 0.51554737463590883  28.633537495239725 20.02007403832463 0.51694714927388663  28.621255644497563 20.02007403832463 0.52340576789461279  28.605417772356443 20.02007403832463 0.53586229438543886  28.605190897813106 20.02007403832463 0.54562889109186608  28.605190273079302 20.02007403832463 0.5456615558076342  28.605189873657281 20.020074038324633 0.54568655821195888 
 0 4 0.0094187985986435158 1 0.010927159923939113 1 0.011447641272615324 1 0.014127056845544142 1 0.014318580212740876 1 0.018247843268420178 1 0.018761511778204204 1 0.018833995480635066 1 0.021479854339147897 1 0.023540858682621922 1 0.025573783590153044 1 0.026080608511525216 1 0.028248129419371725 1 0.028625295209091378 1 0.032899782599950564 1 0.032956521309560505 1 0.033399815669753113 1 0.035794936636593382 1 0.037666522781397344 1 0.040225734895285796 1 0.040719098578200469 1 0.042378376625890737 1 0.042964583976029098 1 0.04709229997361182 1 0.047551707401635585 1 0.048038390655982428 1 0.050134267461766448 1 0.051808213881211054 1 0.054877684687770378 1 0.055357765685647098 1 0.056526113801663558 1 0.05730384576958103 1 0.061245892721259181 1 0.062203667201386974 1 0.062677225258833694 1 0.064473497047564998 1 0.065967418998909802 1 0.069529715167540085 1 0.069996630963867934 1 0.070690630091039111 1 0.071643231045636135 1 0.075415285813167615 1 0.07685567385193097 1 0.077316052507404309 1 0.078813139672958221 1 0.080141321124955978 1 0.084181710882601193 1 0.084635375339321112 1 0.084868626873739389 1 0.085982850694081459 1 0.089597033957511271 1 0.091507676791023188 1 0.091954769097756711 1 0.093152612562360695 1 0.094326447807013561 1 0.098833663703968733 1 0.099056747364885983 1 0.099274259841919316 1 0.10032224828249185 1 0.10378778832412001 1 0.10615962502170075 1 0.10659377113332706 1 0.1074921556597159 1 0.10851945532337283 1 0.11325160124460676 1 0.11348562142016531 1 0.11391323162814733 1 0.11466204402675867 1 0.11798409726646468 1 0.12081160851959671 1 0.12123255574975121 1 0.12183185715787898 1 0.12271681936319365 1 0.12744958433440584 1 0.12813758665924757 1 0.12855196442049227 1 0.12900162651828981 1 0.13218229070760512 1 0.13546356640889756 1 0.13587141668488217 1 0.13617125339890634 1 0.13691478975261162 1 0.14164693969054679 1 0.14278953106193173 1 0.14319088984478273 1 0.14334084006359774 1 0.14637866139452982 1 0.1501155585259033 1 0.15051030521285927 1 0.15051044469290711 1 0.15110979693432702 1 0.15584025972135415 1 0.15744150755165709 1 0.15768018964064473 1 0.15782972242122961 1 0.16056998715037887 1 0.16476755782702934 1 0.16484997155447742 1 0.16514919301856559 1 0.16529886106464647 1 0.17002684898423148 1 0.17201991582448461 1 0.17209350206845456 1 0.1724686007478079 1 0.17475390384286849 1 0.17918975109031415 1 0.17941952655188989 1 0.17947992896395032 1 0.17978798985036773 1 0.18420494535680748 1 0.18635957307804185 1 0.18674551437402243 1 0.18710740682428126 1 0.18892893086627929 1 0.19352910794157394 1 0.19365182760123176 1 0.19407151313914262 1 0.19442680986143007 1 0.19837367727079153 1 0.20069875781888166 1 0.20139751709301038 1 0.20174628800733865 1 0.20309442445661005 1 0.20781413022940687 1 0.20786845453036687 1 0.20872347316614567 1 0.20906565991620474 1 0.21253281377658365 1 0.21503824146964798 1 0.21604945717287305 1 0.21638512547585548 1 0.21725044417664482 1 0.22196710453926033 1 0.22220802726809316 1 0.22337542750181985 1 0.22370449930029737 1 0.2266828145339998 1 0.22937774380261852 1 0.2307014164049789 1 0.23102394574877166 1 0.23139755807142223 1 0.23611143068012944 1 0.23654758090370059 1 0.23802742324494533 1 0.23834333186677908 1 0.24082446346674441 1 0.24371736226837637 1 0.24535343904185405 1 0.24553667293658329 1 0.24566270961385545 1 0.25024814327804346 1 0.25088709322424174 1 0.25267939332640377 1 0.25298212917095558 1 0.25495888903791286 1 0.2580567982201224 1 0.25966897558223212 1 0.26000535146331133 1 0.26030156133667109 1 0.26437846845347601 1 0.26522644133267786 1 0.26733127187901551 1 0.26762107491408854 1 0.26908739225198314 1 0.27239610527915764 1 0.27379584026038428 1 0.27465722439709944 1 0.27494040399363523 1 0.27850385691313856 1 0.2795656471213166 1 0.28198316682198055 1 0.28225976762322136 1 0.28321147644293904 1 0.28673542773274868 1 0.28791878699569995 1 0.28930913737328073 1 0.28957913306769834 1 0.29262583517714774 1 0.29390518082933709 1 0.29663513121628587 1 0.29689863269757844 1 0.29733267616273079 1 0.30107515592072398 1 0.30203938762874116 1 0.30396109083292272 1 0.30421814358033039 1 0.30674600995221979 1 0.30824479597755478 1 0.31128703601037616 1 0.31145261658000772 1 0.31153761509466293 1 0.3154146194118414 1 0.31615926877692468 1 0.3186129493322743 1 0.31885699937893452 1 0.32086602039982809 1 0.32258426316585603 1 0.3255729436081658 1 0.32593891429729849 1 0.32617640535880338 1 0.32975410024240853 1 0.33028009157856941 1 0.33326486172970854 1 0.33349578142162828 1 0.33498753215340082 1 0.33692385306539074 1 0.33969533038795113 1 0.34059081774719746 1 0.34081524625545101 1 0.34409349002171019 1 0.34440353896765979 1 0.34791671671407509 1 0.34813467872355291 1 0.34911224593201245 1 0.35126322040308977 1 0.35382150443841875 1 0.35524269375655287 1 0.35545412795226206 1 0.35843299034383569 1 0.35853136771464272 1 0.36256867946938592 1 0.36277349059255903 1 0.36324192136114342 1 0.36560282008315231 1 0.36795322422757387 1 0.36989469512009848 1 0.37009291937883609 1 0.37266535841910492 1 0.37277239134071033 1 0.37722063972229353 1 0.37737836263114927 1 0.37741232340856035 1 0.37994211577843207 1 0.38209230787435594 1 0.38454660598138862 1 0.38473177748375315 1 0.38680728871150299 1 0.38711189590992623 1 0.39152333064809686 1 0.39187254616933159 1 0.39205119339376132 1 0.39428180406844349 1 0.39624051160515783 1 0.39919853865782273 1 0.39937064302301134 1 0.40095893250356635 1 0.40145148602525099 1 0.40567861610178296 1 0.40652448359484356 1 0.40669003846754215 1 0.40862117368667167 1 0.41039961785861401 1 0.41385040702810838 1 0.41400946412434786 1 0.41512207182073263 1 0.41579075662667414 1 0.41984599879082291 1 0.42117633387464676 1 0.42132887566820559 1 0.42296047791620162 1 0.42457151944145033 1 0.42850228381992422 1 0.42864827125563698 1 0.42929868844997443 1 0.43013017793736019 1 0.43402759609371006 1 0.43582829649275706 1 0.43596763977538516 1 0.43729999913596723 1 0.43875842045636304 1 0.44315419971882625 1 0.44328702260806979 1 0.44349125986649207 1 0.44446988005474919 1 0.44822626690871298 1 0.45048007843772986 1 0.4506064885074022 1 0.45163955535203554 1 0.45296380571245076 1 0.45770415444817414 1 0.45780585897369747 1 0.4579258909919508 1 0.45880934283161878 1 0.46244770033886917 1 0.46513154422815806 1 0.46524530262807018 1 0.46597881364174254 1 0.46719554996065049 1 0.47194883945061272 1 0.47245701960420833 1 0.47256464669280585 1 0.47314852671353841 1 0.47670910289110474 1 0.47978207447322463 1 0.47988385033135045 1 0.48031776729869824 1 0.48148223945484686 1 0.48627828521657024 1 0.48710509221626069 1 0.4872018835055581 1 0.48748569113485174 1 0.4911163293880757 1 0.49439909506935747 1 0.494462013386683 1 0.49460109078335818 1 0.49624908570500859 1 0.50164623556356946 1 0.50165048445985572 1 0.50166434587376163 4
7 0 0  3 312 310  28.605189873657281 20.020074038324633 0.54568655821195888  28.60518963581637 20.020074038324633 0.5457014462107983  28.605189346911228 20.020074038324633 0.54572193651311196  28.605076404574703 20.020074038324633 0.55553138372162036  28.620608577652831 20.020074038324633 0.56846035463713429  28.63273280865684 20.020074038324633 0.57556987697893358  28.63564854509054 20.020074038324633 0.57709869203671282  28.641299440484588 20.020074038324633 0.58002018443221659  28.65145454107962 20.020074038324633 0.58395361649638111  28.663179590928891 20.020074038324637 0.58822324483751753  28.669648816315345 20.020074038324637 0.59041726117219617  28.671728785453556 20.020074038324637 0.59111728017817944  28.681123803020977 20.020074038324633 0.59421860718672803  28.692054069478118 20.020074038324633 0.59734007939629585  28.702405318462546 20.020074038324633 0.59995307761177963  28.705084122259542 20.020074038324633 0.60060930332969165  28.711056133587505 20.020074038324633 0.60205812589752539  28.722025147466006 20.02007403832463 0.6045673936556456  28.733873545701062 20.020074038324633 0.60711504369056069  28.740747025640594 20.020074038324637 0.608545966790907  28.742785314977855 20.020074038324633 0.60896805898567996  28.751587389637692 20.020074038324637 0.61078202858257979  28.762201723898468 20.020074038324637 0.61288456933522339  28.773170428969273 20.020074038324633 0.61487555700634788  28.776497125292039 20.020074038324633 0.61546463125337891  28.782341200985314 20.020074038324633 0.61648974503218668  28.792866892462662 20.020074038324633 0.61827933084865128  28.804746059542332 20.020074038324633 0.62024132883625938  28.812326185262226 20.020074038324633 0.62146635176630105  28.814175170476496 20.020074038324633 0.62176369965214673  28.8223077898976 20.020074038324633 0.62307016630923051  28.832446169566289 20.020074038324633 0.62465989155176027  28.844128603182842 20.020074038324633 0.62636202797978502  28.848195564055125 20.02007403832463 0.62694107352822614  28.853817141383239 20.020074038324633 0.62773459708271251  28.86388082546118 20.020074038324633 0.62913091913573815  28.87537832535552 20.02007403832463 0.63070700243179645  28.88354121766913 20.020074038324633 0.63180190098123057  28.88570431822825 20.020074038324633 0.63209018244855775  28.893484613446773 20.020074038324633 0.6331251277240767  28.903311020447372 20.020074038324633 0.63439928823774738  28.915186549853981 20.020074038324633 0.63585775377417386  28.920033828003326 20.020074038324637 0.6364412723962255  28.92539168999857 20.020074038324633 0.63708170493163485  28.934981129174783 20.02007403832463 0.63821786276238957  28.945700984679284 20.02007403832463 0.63947694842548741  28.954631717326457 20.02007403832463 0.64049991196998901  28.957310266073247 20.02007403832463 0.64080389196995657  28.965093294695137 20.020074038324633 0.64168261490918066  28.97444361155306 20.02007403832463 0.64271147253032845  28.986304550057689 20.020074038324633 0.64396747546562805  28.991954980122284 20.020074038324633 0.6445557004292356  28.997026374724424 20.020074038324633 0.6450805623548016  29.006136400507454 20.020074038324637 0.64601917228854822  29.016055492843627 20.020074038324637 0.6470322694472741  29.025772542902541 20.020074038324637 0.64799516614405883  29.028966764495983 20.020074038324637 0.64830757969429087  29.03675176528894 20.020074038324633 0.64906226170484138  29.045621981548511 20.020074038324633 0.6499016180267051  29.057465362498299 20.020074038324633 0.65099234093083314  29.063934176663238 20.020074038324633 0.65157946492942709  29.068703463234936 20.020074038324633 0.65201018427843038  29.077331691206798 20.020074038324633 0.65278773219959096  29.086434517901452 20.020074038324633 0.65360118726439698  29.09695052051152 20.020074038324633 0.65450621660245545  29.100660240327564 20.020074038324633 0.65481962269965743  29.108446789252799 20.020074038324633 0.6554691453860062  29.11683411875417 20.020074038324633 0.65615406009312394  29.128657494794751 20.020074038324637 0.65710326607339398  29.13595573500082 20.020074038324633 0.65768166676156881  29.140412381102145 20.020074038324633 0.65803272306598604  29.148556928992267 20.02007403832463 0.6586735410946134  29.156832363046753 20.020074038324633 0.65931710821307776  29.168156447576887 20.020074038324633 0.66016045106657539  29.172382155435734 20.02007403832463 0.66046783209991955  29.180169913799713 20.020074038324633 0.66102594215583965  29.188073106505435 20.020074038324633 0.66158330145961142  29.199826101236049 20.020074038324633 0.66240400443491421  29.207662997219625 20.020074038324633 0.66294300338793166  29.212146497993707 20.020074038324633 0.66324789624036495  29.219855746452748 20.020074038324637 0.66377165215260026  29.227594628730383 20.020074038324633 0.66428604714561512  29.239386183573497 20.020074038324633 0.66504004189459121  29.244127298408888 20.020074038324633 0.66533604732116225  29.251915960408134 20.020074038324633 0.66581515368665567  29.259333652388349 20.020074038324633 0.66626666988124139  29.270247871367236 20.020074038324633 0.66692450271046488  29.278902347557668 20.020074038324633 0.66743536405732318  29.283901698234146 20.020074038324633 0.66772504195586091  29.291690301425945 20.020074038324633 0.66817414202940772  29.29886500717965 20.02007403832463 0.66857600182540688  29.310634058267755 20.02007403832463 0.66921319638527288  29.316143154837906 20.02007403832463 0.6695038778120953  29.323681105291428 20.02007403832463 0.66989600885196599  29.330612158136901 20.020074038324633 0.67025415992628856  29.340681749077582 20.020074038324633 0.67076952909766097  29.350158646944088 20.020074038324633 0.67124071546780417  29.355674577322858 20.020074038324633 0.67150702945830387  29.363464216199688 20.020074038324633 0.67187890546413609  29.370152418521933 20.020074038324633 0.67218748153061803  29.381898212527936 20.020074038324633 0.67271320042435434  29.388257615355514 20.020074038324633 0.672989906986037  29.395462154788945 20.020074038324633 0.673298458416836  29.401906505052359 20.020074038324633 0.67357315200471579  29.411127433918118 20.020074038324633 0.67396122175613127  29.421430609383805 20.020074038324633 0.67437723828431406  29.427462599675525 20.020074038324633 0.67461031036933172  29.435253226349413 20.020074038324633 0.67490550327520205  29.441454383567624 20.020074038324633 0.67513223365540331  29.453176498680314 20.020074038324637 0.67555009380684983  29.460389691930608 20.020074038324633 0.67579947270203222  29.467257494283658 20.020074038324633 0.67603001720664491  29.473214939307496 20.020074038324633 0.67622908021476891  29.481583777611615 20.020074038324633 0.676501268938145  29.492716185202575 20.020074038324633 0.67684378956688129  29.499264126563112 20.020074038324633 0.67703470862358128  29.507055646078491 20.020074038324633 0.67725556978999757  29.512769722098206 20.020074038324637 0.67741217917288254  29.524467802689433 20.020074038324637 0.67772313171804954  29.532259590040788 20.020074038324637 0.67792030108459134  29.539065192027429 20.020074038324637 0.67808257115201198  29.544535419518063 20.020074038324637 0.67821248748659602  29.552327448603243 20.020074038324633 0.67838822229786411  29.564013715249956 20.020074038324633 0.67863300476177302  29.571077070236591 20.020074038324633 0.67877117887065708  29.578869464902084 20.02007403832463 0.67891721021367246  29.584095767928837 20.02007403832463 0.6790118314748701  29.59507887969265 20.02007403832463 0.67920264556345911  29.603562288837871 20.02007403832463 0.67933805652835344  29.610883642523177 20.02007403832463 0.67944023936612852  29.616556666358338 20.020074038324633 0.67951762026001283  29.62365885246669 20.020074038324637 0.67960489310884853  29.635320550708844 20.020074038324637 0.67973338031331032  29.642899774588763 20.020074038324637 0.6798086210386326  29.65069304844172 20.020074038324637 0.67987871713333858  29.655431050108646 20.020074038324637 0.67991905240161921  29.665558421022837 20.020074038324633 0.67999743067582419  29.674873534571681 20.020074038324633 0.68005427737001356  29.682710850620808 20.020074038324633 0.68008491053765407  29.688725957424669 20.020074038324633 0.68010526944667049  29.69499822378247 20.020074038324633 0.6801193832439606  29.706634615773027 20.02007403832463 0.68013470388977137  29.714729978078285 20.020074038324633 0.68013794198297284  29.722524142306426 20.020074038324633 0.68013050038886691  29.726773425563508 20.020074038324633 0.68012459190994046  29.736045303260667 20.020074038324633 0.68010310622889802  29.746191549152208 20.02007403832463 0.68006068757651084  29.75454470907848 20.020074038324633 0.68001117934733357  29.760901446545539 20.02007403832463 0.67996996750809791  29.766344358181051 20.02007403832463 0.67993054536903463  29.777955231776925 20.020074038324633 0.67983785813471831  29.786565884111809 20.020074038324637 0.6797598331680712  29.794360907886798 20.020074038324633 0.67967468314684787  29.798121754851536 20.020074038324633 0.67963245542520623  29.806539365135713 20.02007403832463 0.67953024583820465  29.817515014807885 20.02007403832463 0.67937643649289703  29.826383054179615 20.02007403832463 0.67924036037787405  29.833079919949736 20.02007403832463 0.67913380310142701  29.837695132640697 20.02007403832463 0.67905789966900798  29.84927976097692 20.020074038324633 0.67886044532811374  29.85817432443941 20.020074038324633 0.67869784328273575  29.86620106287576 20.020074038324633 0.67853230536586773  29.869473293247125 20.020074038324633 0.67846428370965073  29.877269411145608 20.020074038324633 0.67829527315249272  29.888840803071876 20.02007403832463 0.67802487918639653  29.898223637557933 20.02007403832463 0.67779839778694262  29.905257595279529 20.02007403832463 0.67762428392854968  29.909047768716775 20.02007403832463 0.67752883845017753  29.920086285412122 20.020074038324637 0.67724473048397316  29.929165050276893 20.020074038324637 0.67699703741661577  29.938042584594818 20.020074038324633 0.67673470368906152  29.94134535606441 20.020074038324633 0.67663618406795678  29.948622560175561 20.020074038324633 0.6764141977530933  29.960167463724513 20.020074038324633 0.67604802986777368  29.970064817927387 20.020074038324633 0.67572902683426372  29.977432389618304 20.020074038324633 0.67548503246787928  29.980400521916287 20.020074038324633 0.67538540248514511  29.990591889632377 20.020074038324633 0.67503791585197892  30.000159017858643 20.020074038324633 0.67469353744803895  30.009883845493675 20.020074038324633 0.67432590800284875  30.013518097425685 20.020074038324633 0.67418730877160882  30.019975528621213 20.020074038324633 0.67393863715893509  30.031493417753325 20.020074038324633 0.67348623552793896  30.041905182342383 20.02007403832463 0.6730717205083121  30.049602526273645 20.020074038324633 0.67275536032137162  30.051752533653715 20.020074038324633 0.67266601597188136  30.061100185766964 20.020074038324633 0.67227378859923992  30.071155411227927 20.020074038324637 0.67183091607504297  30.08172354486981 20.020074038324633 0.67134988076245183  30.085685333647191 20.020074038324633 0.67116822296346323  30.09132694560617 20.020074038324633 0.6709083884096122  30.102817526877821 20.020074038324633 0.67037349515362954  30.113743304352905 20.020074038324633 0.6698592720197144  30.121541774167973 20.020074038324633 0.66947728676902785  30.123102420102171 20.020074038324633 0.66940023463959064  30.131610653922085 20.020074038324633 0.66897765572237822  30.142377848593533 20.020074038324633 0.66841689179153629  30.153560174727271 20.020074038324633 0.66782393790286287  30.157845098483641 20.020074038324633 0.66759538954998177  30.162675571166957 20.020074038324637 0.66733719779733069  30.174138588051044 20.020074038324633 0.66672041066623877  30.185451993053526 20.020074038324633 0.66610177354295452  30.193376986355538 20.020074038324633 0.66564881643226059  30.194449045629241 20.020074038324633 0.66558730828823187  30.202248639101747 20.020074038324633 0.66513841416694652  30.213697383566007 20.020074038324633 0.66445186738132855  30.225392824448523 20.020074038324633 0.66374398497575193  30.229995631277994 20.020074038324633 0.66346325280998308  30.234020019422822 20.020074038324633 0.66321741876554419  30.245178861466201 20.020074038324633 0.66253139985670861  30.256452272140763 20.020074038324633 0.66181821185982503  30.265111478348459 20.02007403832463 0.6612506796826163  30.26606676383069 20.02007403832463 0.66118784451984702  30.273590498378734 20.020074038324633 0.66069165053936707  30.285107073694103 20.020074038324633 0.65991184087913624  30.296866296648041 20.02007403832463 0.65910876908246996  30.302134059961112 20.020074038324633 0.65874486321628523  30.305358599251349 20.020074038324633 0.65852173054788388  30.316045700775113 20.020074038324637 0.65777673978471607  30.327452187294739 20.020074038324637 0.65695357514108577  30.336420211454936 20.020074038324637 0.65628900946389335  30.338198289718669 20.020074038324637 0.65615684126214169  30.344926093382284 20.020074038324633 0.65565583292016161  30.3567789806599 20.020074038324637 0.65475899443747509  30.368171137242385 20.020074038324637 0.65389045810418867  30.374258532785937 20.020074038324637 0.65341923126143775  30.376840180173946 20.020074038324637 0.65321888617716717  30.387073891880231 20.020074038324633 0.65241859816462133  30.398057660560788 20.020074038324633 0.65152824552501487  30.40772106722001 20.020074038324637 0.65073334805396343  30.410314447594594 20.020074038324633 0.65051944352630486  30.416647380556377 20.02007403832463 0.64999626503719876  30.428104268430886 20.020074038324633 0.64904216573158002  30.439467663613787 20.020074038324633 0.64808642871399613  30.446366707514301 20.020074038324633 0.64749657061764954  30.448651207945634 20.020074038324633 0.64730048105487648  30.458100450135053 20.020074038324633 0.64648530827327011  30.468567287978228 20.020074038324633 0.64555612468794987  30.479012906031123 20.02007403832463 0.64462318741841429  30.482413918622186 20.02007403832463 0.64431878508627061  30.488454075755175 20.020074038324633 0.64377738417397701  30.49942040921481 20.020074038324633 0.64278956773021212  30.51075488576566 20.02007403832463 0.64175421107856889  30.518458207735179 20.02007403832463 0.64104225190429132  30.520453048326772 20.02007403832463 0.64085727402262149  30.529125095042303 20.020074038324633 0.64005188425830828  30.53907541989323 20.020074038324633 0.63911473036609878  30.55029658299123 20.020074038324633 0.63805393441467728  30.554498477452086 20.020074038324637 0.63765593201065507  30.560252493628543 20.020074038324637 0.63711009366766058  30.570728713107265 20.020074038324637 0.63611293953587233  30.582035334609195 20.020074038324637 0.63502522405170714  30.589838053354654 20.020074038324637 0.63427053815368373  30.592247864136084 20.020074038324637 0.63403722251988603  30.600147878810663 20.020074038324633 0.63327199337911133  30.610281945251632 20.020074038324633 0.63228620129597535  30.621575231442197 20.020074038324633 0.63118651815735927  30.626573499448753 20.020074038324633 0.6306994221242872  30.632045342398598 20.020074038324633 0.63016580952679502  30.642032210123769 20.020074038324633 0.62919088901557418  30.652639876362151 20.020074038324633 0.62815171605494202  30.661115125602425 20.020074038324633 0.62732201270353838  30.664039205831397 20.020074038324633 0.62703586979995463  30.671842191526004 20.020074038324633 0.62627250914830657  30.681585080745201 20.020074038324633 0.62532066418099075  30.692852116416368 20.02007403832463 0.62422166209996321  30.698645511539507 20.020074038324633 0.62365714776980108  30.703836347655514 20.020074038324633 0.62315172407069586  30.713335246997708 20.020074038324637 0.62222747199989192  30.723147816721987 20.020074038324633 0.62127490369798843  30.732392271747702 20.020074038324633 0.62037956053266186  30.735830640204853 20.020074038324633 0.62004680846246274  30.743633528511992 20.020074038324633 0.61929225029787016  30.75288883958823 20.020074038324637 0.61839923772205818  30.764130244077801 20.020074038324637 0.61731886942718273  30.770719636230041 20.02007403832463 0.61668613080875267  30.775628745396794 20.02007403832463 0.61621445183732726  30.784639920128303 20.02007403832463 0.6153481684649893  30.793656384129378 20.02007403832463 0.61447858578165071  30.803670980438696 20.02007403832463 0.61351240019098474  30.807623731278007 20.02007403832463 0.61313104606889235  30.815426774942782 20.020074038324633 0.61237800610626536  30.824193795269686 20.020074038324633 0.6115313238889788  30.835408801598767 20.020074038324633 0.61044544597068062  30.842794150507679 20.020074038324637 0.60972426239388755  30.847421643881077 20.020074038324633 0.60926795198363559  30.855943948527813 20.020074038324633 0.60842475012279951  30.864164872769173 20.020074038324633 0.60759460766642326  30.874947013536328 20.020074038324633 0.60650087748488535  30.879413197421599 20.020074038324633 0.6060471629101355  30.887217293777255 20.020074038324633 0.60524902593205265  30.895494264187953 20.020074038324633 0.60439388240697278  30.906679017575765 20.020074038324633 0.60320589156026017  30.914482911810769 20.020074038324637 0.60234998261876993  30.919204140002481 20.020074038324637 0.60182047236614689  30.927234363972889 20.020074038324637 0.60091556815283365  30.935038499792029 20.020074038324637 0.60000345106769704  30.946204665833978 20.020074038324633 0.59868913521352651  30.951181386065315 20.020074038324633 0.59810150683387775  30.958988539464958 20.020074038324633 0.59715561960843622  30.966770637297298 20.020074038324637 0.59618728150882927  30.977728165145535 20.020074038324633 0.59472720668383239  30.985720254870799 20.020074038324633 0.59358592446630443  30.990946133193514 20.020074038324633 0.59281380187778077  30.998661893242073 20.020074038324633 0.59166406454188747  31.006280985106518 20.020074038324633 0.59047388038427706  31.017398547888163 20.020074038324633 0.58875273274710127  31.02287937986268 20.020074038324633 0.5879098262834711  31.030696992764501 20.020074038324633 0.58660247650445507  31.049764606082849 20.020074038324633 0.58321444270428868  31.067771086234771 20.020074038324633 0.57850717742860802  31.083369224655055 20.020074038324633 0.57475349653887053 
 0.50166434587376163 4 0.50167255192680926 1 0.50167563950773675 1 0.50707080535134863 1 0.50866953008644389 1 0.50883369854911686 1 0.50887547618272866 1 0.51218554491661905 1 0.5157326152044438 1 0.51605083893958703 1 0.51611652486986348 1 0.51699615247064967 1 0.52175556871066142 1 0.5228535560941534 1 0.52331611358801544 1 0.52338800196649815 1 0.52649078113382586 1 0.5299749704400003 1 0.5305838358556183 1 0.53066278607417028 1 0.53121200128245527 1 0.53592516874550855 1 0.53709651595479513 1 0.53785197903198323 1 0.53793830958691802 1 0.5406325820460709 1 0.54421806048915278 1 0.54512019230631947 1 0.54521410274590132 1 0.54533554203577972 1 0.55003528466108298 1 0.55133961645999174 1 0.55238848863034873 1 0.55249003420239806 1 0.55473242200286199 1 0.55846124781245177 1 0.55942730325748768 1 0.55965673768529889 1 0.55976607832058756 1 0.56412047426429679 1 0.56558285964160249 1 0.5669250540488564 1 0.56704215665595015 1 0.56881213313972312 1 0.57270441229588664 1 0.57350242588339995 1 0.57419331329425649 1 0.57431826569523758 1 0.5781916284236579 1 0.57982589268851592 1 0.58146168143624699 1 0.58159436040775681 1 0.58287982860679222 1 0.58694750270453222 1 0.58756710702450077 1 0.58873003298516791 1 0.5888704789618564 1 0.59225361274283561 1 0.59406922569486464 1 0.59599845782579797 1 0.59614665021241153 1 0.59693939943676178 1 0.60119090920738461 1 0.6016245197727742 1 0.60326676806067703 1 0.60342285411257934 1 0.60630906380938765 1 0.60831237090063583 1 0.61053509810503104 1 0.61069906793207551 1 0.61099305816616523 1 0.61543405167652032 1 0.61567655770840368 1 0.61780337104576477 1 0.6179752245537421 1 0.62035961317081045 1 0.62255563361576383 1 0.62504223465925823 1 0.62507171457175825 1 0.62525135740796844 1 0.6296774418312856 1 0.62972448821047555 1 0.632340066972499 1 0.63252750261802115 1 0.63440639756447226 1 0.63679888265058837 1 0.63908797352088176 1 0.63960834172404646 1 0.63980373596312423 1 0.64376926125803413 1 0.64392042359306179 1 0.6468766771530543 1 0.64707997075247736 1 0.64845027965891022 1 0.65104178131414858 1 0.65313104193619509 1 0.65414495163572783 1 0.65435617246021893 1 0.65781158033459719 1 0.65816349549752173 1 0.66141327239142944 1 0.66163230976015153 1 0.6624919068576437 1 0.66528495000625898 1 0.66717204101043437 1 0.66868157260699423 1 0.66890853727233068 1 0.67185200879699269 1 0.67240660226319282 1 0.67594986139662383 1 0.67618478038705254 1 0.67653181769865667 1 0.67952824951972257 1 0.68121149545831317 1 0.68321822515430808 1 0.68346098526705157 1 0.68589105941200057 1 0.68665002096273142 1 0.69048658688081943 1 0.6905705228371356 1 0.69073711497818613 1 0.69377171846891261 1 0.69524991099741784 1 0.69775495049064817 1 0.69801331366643471 1 0.69992924213610064 1 0.7008933144269659 1 0.70460853677389867 1 0.7050233240919902 1 0.70528949732439583 1 0.70801494917350616 1 0.70928781546402164 1 0.71229163347485502 1 0.71256575535374633 1 0.71396709748934706 1 0.71513643693672113 1 0.71864640839963112 1 0.71955996708661218 1 0.71984193810577768 1 0.72225784491842893 1 0.72332576563426976 1 0.72682824863933826 1 0.72711814518991302 1 0.72800519320626556 1 0.72937940863757011 1 0.7326847099835867 1 0.73409664076657488 1 0.73439431583417825 1 0.7365010358508518 1 0.73736433342607721 1 0.74136497254938893 1 0.74167047357778204 1 0.74204408964927171 1 0.7436228024252145 1 0.74672399016994229 1 0.74863331111522124 1 0.74894672411052643 1 0.75074444993948253 1 0.75140405206774252 1 0.75590155221403466 1 0.75608430079781874 1 0.75622293178905775 1 0.75786604764860266 1 0.76076473903735364 1 0.76316990725058353 1 0.76349912506478723 1 0.76498765624187504 1 0.76544538552934505 1 0.77012625289774284 1 0.7704382550904868 1 0.7707752492131702 1 0.77210916307839972 1 0.77480734476138702 1 0.77770663641667825 1 0.77805140970143061 1 0.77923077324497925 1 0.77948868466520194 1 0.78417026984239324 1 0.78497493016506548 1 0.78532763167236819 1 0.78635234202800741 1 0.78885210604640077 1 0.79224326525795097 1 0.79260386381302028 1 0.79347388002694053 1 0.79353421707626848 1 0.79821660031895869 1 0.79951161975329232 1 0.79988006415349366 1 0.80059554632199947 1 0.80289926301044201 1 0.80677990870264882 1 0.80715627983584237 1 0.80758223772265425 1 0.80771708074776438 1 0.81226551946436909 1 0.81404822889935535 1 0.81443248064786999 1 0.81483878795905074 1 0.81694912685331755 1 0.82131653525889892 1 0.82163308680374969 1 0.82170872081272373 1 0.82196039540076404 1 0.82631740237421136 1 0.82858496567293372 1 0.82898489257555674 1 0.82908195882709046 1 0.83100211453984052 1 0.83568722670223516 1 0.83585334520069909 1 0.83620353697833572 1 0.83626105171371889 1 0.84037275193145333 1 0.8431216584053528 1 0.84332503012776294 1 0.84353725183822814 1 0.84505873906179674 1 0.84974518068970317 1 0.85038996287321134 1 0.8504467570134352 1 0.85081346216055997 1 0.85443208713250574 1 0.85756829689207403 1 0.85765828306425007 1 0.85808973213537332 1 0.85911950208220855 1 0.86380739797544093 1 0.86469005105331886 1 0.86492660148241507 1 0.86536586667283022 1 0.86849578515158155 1 0.87181167737096421 1 0.87219492033616386 1 0.8726420772555924 1 0.8731846653262576 1 0.87787400415930716 1 0.87893323336552565 1 0.87946317927292739 1 0.87991825254395328 1 0.88256380916150312 1 0.88605484237540277 1 0.88673147925932816 1 0.88719449239902282 1 0.88725400943155208 1 0.8919445690894674 1 0.89317626761901581 1 0.89399984863869708 1 0.8944706428302851 1 0.89663545514423182 1 0.90029799054433324 1 0.9012682500734327 1 0.9013265813056659 1 0.90174681449430183 1 0.90601789636322072 1 0.90741947292425063 1 0.90853668629569562 1 0.90902301751478587 1 0.91070933054974013 1 0.91454115152568305 1 0.91540080757233422 1 0.91580500658419917 1 0.91629922894891636 1 0.92009227912428015 1 0.92166279901883219 1 0.92307335826725456 1 0.9235754550675801 1 0.92478368901035524 1 0.92878437440161887 1 0.92947501197304261 1 0.93034163733421682 1 0.93085158365851062 1 0.93416623724018244 1 0.93590604081908824 1 0.9376099601738539 1 0.938127794223376 1 0.93885741402659384 1 0.94302751904811377 1 0.94354859167539362 1 0.94487830738114509 1 0.94540395959532741 1 0.94823987832122403 1 0.95014916136094119 1 0.95214663257264309 1 0.95268022084393456 1 0.95293147654792498 1 0.9572707940154388 1 0.95762353842383863 1 0.95941498906728662 1 0.95995641324622827 1 0.96231644244710024 1 0.96439244697600346 1 0.96668323847094451 1 0.96701057927264811 1 0.96723262051459968 1 0.97151413092700523 1 0.97170629552937304 1 0.97395148439960033 1 0.97450874939367882 1 0.97640472601826522 1 0.97863554725241397 1 0.9811068229710822 1 0.98121961528572943 1 0.98178487479804633 1 0.98575701499244817 1 0.98581351559269403 1 0.98848696378873691 1 0.98906065002066301 1 0.99053021838637656 1 1 4
7 0 0  1 2 2  31.083369224655055 20.020074038324633 0.57475349653887053  34.00162315727836 26.000096153668355 1.3090051305073656 
 0.74663060255248248 2 0.999999999999997 2
7 0 0  1 2 2  28.605189873657281 20.020074038324633 0.54568655821195888  32.553216957278359 26.000096153668352 1.2178791363862422 
 0.74663060255248248 2 0.999999999999997 2
7 0 0  3 312 310  34.00162315727836 26.000096153668355 1.3090051305073656  33.992720466171434 26.000096153668352 1.307828524011371  33.982021060779729 26.000096153668355 1.3063107201828856  33.970834854305885 26.000096153668352 1.3047800380191663  33.966241657704437 26.000096153668352 1.304158024022722  33.962943951765517 26.000096153668355 1.3037197141254773  33.956372182137869 26.000096153668355 1.302869245468953  33.951934519522752 26.000096153668359 1.3023181735701341  33.947609756341414 26.000096153668355 1.3018095749954028  33.944513559790835 26.000096153668352 1.3014481876899981  33.939930069103973 26.000096153668352 1.300931963816748  33.933407174389949 26.000096153668359 1.3002466117470666  33.928932903277804 26.000096153668359 1.2997876935369725  33.924349886923572 26.000096153668363 1.2993135543874743  33.921376856377712 26.000096153668355 1.299001308219395  33.91474187791809 26.000096153668359 1.2982772769300044  33.910174693801217 26.000096153668359 1.2977407302394006  33.905548053853984 26.000096153668355 1.2971746578069407  33.90274289133292 26.000096153668355 1.2968298774276212  33.89818167787665 26.000096153668355 1.2962557054344361  33.891569831957852 26.000096153668352 1.2954046374471184  33.886800054264882 26.000096153668355 1.2947756269486999  33.882236906639157 26.000096153668352 1.2941630379115567  33.879584976453785 26.000096153668352 1.2938025131368591  33.873415849968481 26.000096153668355 1.2929522938570921  33.868411662840145 26.000096153668359 1.2922426026275844  33.863506303854223 26.000096153668363 1.2915291066031869  33.860565633758618 26.000096153668359 1.2910991924015949  33.856451993344557 26.000096153668359 1.2904895137311858  33.849844457695085 26.000096153668355 1.2894915242196121  33.844800185166612 26.000096153668359 1.288711847565756  33.840245792156161 26.000096153668359 1.2879960652518736  33.83790410767029 26.000096153668359 1.2876252218570181  33.832222161291789 26.000096153668359 1.2867173762482063  33.826746183741768 26.000096153668359 1.2858237706498548  33.821566220548505 26.000096153668359 1.2849605204064318  33.81845525451152 26.000096153668359 1.2844389381809176  33.814828363242398 26.000096153668359 1.2838250754347107  33.808227253143066 26.000096153668355 1.2826927139744326  33.802909458069465 26.000096153668355 1.2817621821360969  33.798363696695162 26.000096153668359 1.2809549114405032  33.796329823461754 26.000096153668359 1.2805922056640777  33.791116223720834 26.000096153668359 1.279657000303162  33.785187305871659 26.000096153668359 1.2785759518160122  33.779734392254881 26.000096153668359 1.2775646412383024  33.776468812643877 26.000096153668359 1.2769553348059055  33.773311618912686 26.000096153668359 1.2763626220176745  33.76671596575666 26.000096153668352 1.2751136407902914  33.761125385779621 26.000096153668359 1.2740380854257558  33.7565882501072 26.000096153668359 1.2731545996222013  33.754859689328399 26.000096153668359 1.2728173969113858  33.75009863459902 26.000096153668359 1.2718853341887895  33.743731247409613 26.000096153668359 1.2706237171012309  33.738006165519224 26.000096153668359 1.2694751943497504  33.734598051856437 26.000096153668359 1.2687881100533944  33.731896449042821 26.000096153668359 1.2682416230492193  33.72530425842281 26.000096153668359 1.2669019517840061  33.719647895267229 26.000096153668355 1.2657400470180031  33.714909213183056 26.000096153668359 1.264758805951286  33.713483589057645 26.000096153668359 1.2644633826200866  33.708953039087227 26.000096153668355 1.2635225583085599  33.702361575747098 26.000096153668352 1.2621437026597377  33.696359666573926 26.000096153668348 1.2608781153667419  33.692814981517124 26.000096153668352 1.2601281598623137  33.690556999382366 26.000096153668352 1.2596496947428151  33.684186969004955 26.000096153668352 1.2582970357146988  33.678453761505175 26.000096153668352 1.2570723060870197  33.673294957270905 26.000096153668355 1.255965990391851  33.671945984402917 26.000096153668355 1.2556765533922749  33.667643705799478 26.000096153668355 1.2547526422977047  33.661046937180025 26.000096153668355 1.2533319219294292  33.654764743793578 26.000096153668355 1.2519740755569833  33.651086143588088 26.000096153668355 1.251177725228406  33.649264741072678 26.000096153668359 1.2507832361378002  33.643321426232724 26.000096153668359 1.2494951471037552  33.637294067466684 26.000096153668359 1.2481859565489954  33.631716511777398 26.000096153668355 1.2469737625664403  33.630232977950179 26.000096153668355 1.2466513164687103  33.626366792061333 26.000096153668352 1.2458109713253289  33.619760060315294 26.000096153668352 1.2443748763294562  33.613193049958632 26.000096153668352 1.242948321223031  33.609379841630499 26.000096153668352 1.2421206290223821  33.607992555777244 26.000096153668352 1.2418195544092754  33.602471468284968 26.000096153668352 1.2406216433448163  33.596144589672399 26.000096153668355 1.2392508320213116  33.590144396137909 26.000096153668359 1.2379536532964099  33.588524927386125 26.000096153668359 1.2376037585983819  33.585093479457065 26.000096153668359 1.2368625448357116  33.578472723211156 26.000096153668359 1.2354343176906786  33.571616751728108 26.000096153668355 1.2339611627112814  33.567665020638145 26.000096153668359 1.233114798350043  33.566714093866878 26.000096153668355 1.23291119802817  33.56161620696615 26.000096153668355 1.2318202323370482  33.554985554328205 26.000096153668355 1.2304074085829064  33.548698469423357 26.000096153668355 1.2290751229276584  33.546794662898485 26.000096153668355 1.2286723473434793  33.543800837677423 26.000096153668355 1.2280391823293213  33.53701781264175 26.000096153668355 1.2266083431238353  33.530297434561462 26.000096153668352 1.2252003960943298  33.525913247690262 26.000096153668352 1.2242863188978881  33.525404565554325 26.000096153668352 1.2241803075763784  33.520448029625832 26.000096153668355 1.2231478766399646  33.513868671633645 26.000096153668355 1.2217850938004493  33.50735960328408 26.000096153668355 1.2204485954389055  33.505020141108687 26.000096153668355 1.2199695908110852  33.502400603960211 26.000096153668355 1.2194335702540067  33.495600203898917 26.000096153668352 1.2180471356936198  33.488936532263267 26.000096153668355 1.2167015112279762  33.484405051198962 26.000096153668355 1.2157928615609035  33.483831432440169 26.000096153668355 1.2156778905831167  33.479242890633898 26.000096153668352 1.2147587199876444  33.472645090883496 26.000096153668359 1.2134466124022738  33.465970248916264 26.000096153668359 1.2121336962652969  33.463185281119827 26.000096153668359 1.2115883279397095  33.460719820321216 26.000096153668359 1.2111061608171096  33.454209670409405 26.000096153668355 1.2098378757938544  33.447926633825347 26.000096153668355 1.2086279256646684  33.442988097507438 26.000096153668355 1.2076853178999114  33.442125987185328 26.000096153668355 1.2075209379578711  33.437591139312282 26.000096153668352 1.206657550764733  33.431224717760252 26.000096153668355 1.2054554717856469  33.424525462714051 26.000096153668355 1.2042068010718154  33.42128346237623 26.000096153668355 1.2036064380095592  33.418980397164077 26.000096153668352 1.2031809190613216  33.412811057822253 26.000096153668352 1.2020452803496893  33.406922349401391 26.000096153668355 1.2009758984345031  33.401506415497998 26.000096153668355 1.2000034362480023  33.400302203447332 26.000096153668355 1.1997876817154807  33.395813866965796 26.000096153668359 1.1989858307566725  33.38973598472942 26.000096153668355 1.1979099651235607  33.383011486516828 26.000096153668355 1.19673718782858  33.379301281864187 26.000096153668359 1.1960958769486547  33.377170479718757 26.000096153668359 1.1957288464232723  33.371470089070677 26.000096153668359 1.1947500168472416  33.365858709551787 26.000096153668359 1.1938005940957996  33.359954037030278 26.000096153668359 1.1928153382277009  33.358278958610647 26.000096153668359 1.1925369473492924  33.353964207332403 26.000096153668355 1.191822925355283  33.348175196356479 26.000096153668355 1.1908740615945055  33.34142448635545 26.000096153668352 1.1897861814141266  33.337235147319213 26.000096153668352 1.1891193932577049  33.335285755889387 26.000096153668352 1.1888107315398369  33.33006413317905 26.000096153668352 1.1879857820852457  33.324731056259168 26.000096153668352 1.1871569263741719  33.318327062496778 26.000096153668352 1.1861791098156111  33.316170834646201 26.000096153668352 1.1858520762984854  33.312038347340732 26.000096153668352 1.1852292342958619  33.306539257205145 26.000096153668352 1.1844085536872957  33.299761651810456 26.000096153668352 1.1834161764026359  33.295204466767139 26.000096153668352 1.1827596414044554  33.293322910308007 26.000096153668352 1.18249038414568  33.288588621928071 26.000096153668359 1.1818136670603645  33.283412073103563 26.000096153668352 1.1810866734319374  33.276621301906843 26.000096153668352 1.180152726683692  33.273974959783644 26.000096153668352 1.1797923739409755  33.270033146556173 26.000096153668352 1.1792603255095053  33.264826601761406 26.000096153668352 1.1785643550622762  33.258349746519151 26.000096153668355 1.1777177341790792  33.253459745371828 26.000096153668355 1.1770923586019943  33.251284240144571 26.000096153668352 1.1768166646324492  33.246719823285048 26.000096153668359 1.1762399523681446  33.241657864478178 26.000096153668355 1.1756135435716772  33.23484046243393 26.000096153668352 1.1747895895794129  33.231695286214183 26.000096153668352 1.174414890211924  33.22794984329844 26.000096153668352 1.1739739739920025  33.223036049643142 26.000096153668352 1.1734006199033757  33.217043778446914 26.000096153668352 1.17271845753752  33.211637021954793 26.000096153668352 1.1721183406656837  33.209166874372968 26.000096153668352 1.1718475863097808  33.204595745843804 26.000096153668352 1.1713497662990562  33.199828905557936 26.000096153668355 1.1708419559882843  33.192987277692644 26.000096153668359 1.1701332523022425  33.189337818283242 26.000096153668359 1.1697633621507721  33.185794675269264 26.000096153668359 1.1694104686650273  33.181175878192576 26.000096153668359 1.1689541442297837  33.175674081665456 26.000096153668359 1.1684267490612488  33.169743755091993 26.000096153668359 1.1678770139415926  33.166977620016738 26.000096153668359 1.1676253008171678  33.162398547552868 26.000096153668359 1.1672135471667704  33.157926666694273 26.000096153668359 1.1668210199699949  33.151060353408276 26.000096153668359 1.166236747742861  33.146902051764528 26.000096153668359 1.1658930694241594  33.14356595364481 26.000096153668359 1.1656238186164913  33.139244184448074 26.000096153668359 1.1652769810760308  33.1342392904997 26.000096153668359 1.1648890715570881  33.12778357116018 26.000096153668355 1.1644103024530237  33.124721826580476 26.000096153668355 1.1641894559145813  33.120136313562064 26.000096153668352 1.1638656027480516  33.115962220302613 26.000096153668352 1.1635788180003566  33.109073380835952 26.000096153668352 1.1631241741145024  33.104486321661206 26.000096153668352 1.1628352497839622  33.101276815833046 26.000096153668352 1.1626399467917912  33.097253633939694 26.000096153668352 1.1623958016357501  33.092665434851824 26.000096153668352 1.1621294711259027  33.085766498430708 26.000096153668355 1.1617503432267284  33.082409403730367 26.000096153668355 1.1615731037123354  33.077818731932794 26.000096153668359 1.1613393490261763  33.073944992841923 26.000096153668359 1.1611481861053263  33.067393176183245 26.000096153668355 1.1608422997869576  33.062443533097714 26.000096153668355 1.1606281794491902  33.058938309991248 26.000096153668355 1.1604847603589978  33.054858250647392 26.000096153668355 1.1603195326708409  33.050621553931677 26.000096153668355 1.1601591571071856  33.043702871777064 26.000096153668359 1.1599159230783951  33.040050445687982 26.000096153668359 1.1597959832705278  33.035454958984012 26.000096153668355 1.1596550735513784  33.031882848421176 26.000096153668355 1.1595497142066986  33.025830091662527 26.000096153668355 1.1593854225986089  33.02035905533603 26.000096153668359 1.1592548645114831  33.016559296728552 26.000096153668359 1.1591739215299921  33.012264634532272 26.000096153668355 1.1590857983305061  33.008541444565779 26.000096153668355 1.1590185193717368  33.001606411441287 26.000096153668359 1.1589106557591404  32.997659734578804 26.000096153668359 1.1588598332250577  32.993060832828846 26.000096153668352 1.1588123572293896  32.989792294641653 26.000096153668359 1.1587812858162254  32.984237605740688 26.000096153668359 1.1587402838756478  32.978248941176126 26.000096153668355 1.1587149622703297  32.974154763024529 26.000096153668355 1.1587085504239645  32.969649671464197 26.000096153668355 1.1587064132231784  32.966436823117917 26.000096153668359 1.1587117423606734  32.959486489237001 26.000096153668359 1.158737560447193  32.955246321014847 26.000096153668359 1.1587650296391407  32.950644678052754 26.000096153668359 1.158807958743109  32.947680690321725 26.000096153668355 1.1588369513977708  32.942620719653902 26.000096153668355 1.1588960758669145  32.936121645608125 26.000096153668355 1.1589926772472456  32.931735327881555 26.000096153668352 1.1590704502931657  32.92713218396166 26.000096153668359 1.1591585923053809  32.924321112906448 26.000096153668359 1.1592175744126205  32.917358702533072 26.000096153668359 1.1593758711399791  32.91275533383034 26.000096153668359 1.1594942535812383  32.908223423051894 26.000096153668359 1.1596243324929094  32.905565306991775 26.000096153668359 1.1597009583479758  32.900961151898422 26.000096153668359 1.1598413334650237  32.893992932932186 26.000096153668359 1.1600748102046174  32.889314879619853 26.000096153668359 1.160245428174449  32.884709953624835 26.000096153668359 1.1604212020817521  32.882204632634547 26.000096153668359 1.1605204776843072  32.875572230658619 26.000096153668359 1.1607934466062066  32.870626267627067 26.000096153668352 1.1610120117596012  32.865803780810815 26.000096153668352 1.1612398842766107  32.863110572593861 26.000096153668352 1.1613680582442409  32.85884616324536 26.000096153668352 1.1615776158081066  32.851868799317998 26.000096153668352 1.1619392870287177  32.84690154009521 26.000096153668355 1.162212333314627  32.842296275126486 26.000096153668355 1.1624745485834924  32.840097473292829 26.000096153668355 1.16260217754134  32.833941531750895 26.000096153668359 1.1629674923498388  32.828511009959414 26.000096153668359 1.1633057216899529  32.823400238266814 26.000096153668359 1.1636403864287632  32.820529528511535 26.000096153668359 1.1638302026571001  32.816749206178343 26.000096153668359 1.1640851780956489  32.809764562397554 26.000096153668355 1.1645727612187877  32.804509247015901 26.000096153668359 1.1649570188125842  32.799903986772485 26.000096153668359 1.1653041660840855  32.79801188493829 26.000096153668355 1.165448301630603  32.792320921025528 26.000096153668355 1.1658881575499271  32.786418943170531 26.000096153668352 1.1663617105351789  32.781021225702055 26.000096153668352 1.1668129845004565  32.777985862633791 26.000096153668352 1.1670695727779119  32.77467712954985 26.000096153668352 1.1673529664417797  32.767687095073683 26.000096153668355 1.1679658735341287  32.762145789876904 26.000096153668355 1.1684710753273304  32.757541217220947 26.000096153668352 1.1689027919375734  32.755955599145956 26.000096153668352 1.169052258782814  32.750716340550454 26.000096153668352 1.1695510716875011  32.744358230504645 26.000096153668359 1.1701755732671844  32.738675723768033 26.000096153668359 1.1707545264831403  32.735490502363049 26.000096153668355 1.1710830348073009  32.732638655967882 26.000096153668352 1.1713798696615938  32.725645090497693 26.000096153668352 1.1721204300912738  32.719820631462881 26.000096153668355 1.1727595924222953  32.715217435291621 26.000096153668355 1.1732790259118784  32.713937817910917 26.000096153668355 1.1734237164933132  32.709134268735312 26.000096153668355 1.1739707782268705  32.702339222672862 26.000096153668352 1.1747669869963233  32.696375352599226 26.000096153668352 1.1754924235181468  32.693058797913984 26.000096153668352 1.1759019378540736  32.690645693653494 26.000096153668352 1.1762020627576046  32.683751278028254 26.000096153668359 1.1770723347653036  32.677764872194707 26.000096153668359 1.1778575217403608  32.672949948237616 26.000096153668359 1.178510184317308  32.671877561088934 26.000096153668359 1.178655762397649  32.667373953261297 26.000096153668359 1.1792712514239501  32.660386215989107 26.000096153668355 1.1802555855592416  32.654148370418341 26.000096153668355 1.1811813061218432  32.650726674199646 26.000096153668355 1.1817023740933359  32.648726751631386 26.000096153668352 1.1820092937479703  32.642232248772494 26.000096153668355 1.1830243245365613  32.635962586741464 26.000096153668352 1.1840592109533112  32.630782134591144 26.000096153668355 1.1849566551378918  32.62962504280943 26.000096153668355 1.1851582228573403  32.625525725589803 26.000096153668355 1.1858767848858278  32.618587283727273 26.000096153668355 1.1871386216302739  32.612105781942894 26.000096153668355 1.1884642294926355  32.608623485527339 26.000096153668352 1.1892312611495495  32.606982070714345 26.000096153668352 1.1895972005577693  32.600798775711354 26.000096153668355 1.1910271203205527  32.594250810937012 26.000096153668355 1.1927197100528681  32.588922226299907 26.000096153668352 1.194162772309654  32.587804997390748 26.000096153668355 1.1944672492176811  32.584103954490324 26.000096153668355 1.1954784571715495  32.57766827257047 26.000096153668355 1.1972805223767176  32.571229216601999 26.000096153668355 1.2000997142964551  32.567843662876029 26.000096153668355 1.2020061912470406  32.566040843519559 26.000096153668355 1.2030344188473123  32.558845351654547 26.000096153668352 1.2075922908336592  32.553045715059689 26.000096153668352 1.2135971694138659  32.553215830956582 26.000096153668348 1.2178540133774878  32.553216451775526 26.000096153668352 1.2178682455811298  32.553216957278359 26.000096153668352 1.2178791363862422 
 0 4 0.0094187985986435158 1 0.010927159923939113 1 0.011447641272615324 1 0.014127056845544142 1 0.014318580212740876 1 0.018247843268420178 1 0.018761511778204204 1 0.018833995480635066 1 0.021479854339147897 1 0.023540858682621922 1 0.025573783590153044 1 0.026080608511525216 1 0.028248129419371725 1 0.028625295209091378 1 0.032899782599950564 1 0.032956521309560505 1 0.033399815669753113 1 0.035794936636593382 1 0.037666522781397344 1 0.040225734895285796 1 0.040719098578200469 1 0.042378376625890737 1 0.042964583976029098 1 0.04709229997361182 1 0.047551707401635585 1 0.048038390655982428 1 0.050134267461766448 1 0.051808213881211054 1 0.054877684687770378 1 0.055357765685647098 1 0.056526113801663558 1 0.05730384576958103 1 0.061245892721259181 1 0.062203667201386974 1 0.062677225258833694 1 0.064473497047564998 1 0.065967418998909802 1 0.069529715167540085 1 0.069996630963867934 1 0.070690630091039111 1 0.071643231045636135 1 0.075415285813167615 1 0.07685567385193097 1 0.077316052507404309 1 0.078813139672958221 1 0.080141321124955978 1 0.084181710882601193 1 0.084635375339321112 1 0.084868626873739389 1 0.085982850694081459 1 0.089597033957511271 1 0.091507676791023188 1 0.091954769097756711 1 0.093152612562360695 1 0.094326447807013561 1 0.098833663703968733 1 0.099056747364885983 1 0.099274259841919316 1 0.10032224828249185 1 0.10378778832412001 1 0.10615962502170075 1 0.10659377113332706 1 0.1074921556597159 1 0.10851945532337283 1 0.11325160124460676 1 0.11348562142016531 1 0.11391323162814733 1 0.11466204402675867 1 0.11798409726646468 1 0.12081160851959671 1 0.12123255574975121 1 0.12183185715787898 1 0.12271681936319365 1 0.12744958433440584 1 0.12813758665924757 1 0.12855196442049227 1 0.12900162651828981 1 0.13218229070760512 1 0.13546356640889756 1 0.13587141668488217 1 0.13617125339890634 1 0.13691478975261162 1 0.14164693969054679 1 0.14278953106193173 1 0.14319088984478273 1 0.14334084006359774 1 0.14637866139452982 1 0.1501155585259033 1 0.15051030521285927 1 0.15051044469290711 1 0.15110979693432702 1 0.15584025972135415 1 0.15744150755165709 1 0.15768018964064473 1 0.15782972242122961 1 0.16056998715037887 1 0.16476755782702934 1 0.16484997155447742 1 0.16514919301856559 1 0.16529886106464647 1 0.17002684898423148 1 0.17201991582448461 1 0.17209350206845456 1 0.1724686007478079 1 0.17475390384286849 1 0.17918975109031415 1 0.17941952655188989 1 0.17947992896395032 1 0.17978798985036773 1 0.18420494535680748 1 0.18635957307804185 1 0.18674551437402243 1 0.18710740682428126 1 0.18892893086627929 1 0.19352910794157394 1 0.19365182760123176 1 0.19407151313914262 1 0.19442680986143007 1 0.19837367727079153 1 0.20069875781888166 1 0.20139751709301038 1 0.20174628800733865 1 0.20309442445661005 1 0.20781413022940687 1 0.20786845453036687 1 0.20872347316614567 1 0.20906565991620474 1 0.21253281377658365 1 0.21503824146964798 1 0.21604945717287305 1 0.21638512547585548 1 0.21725044417664482 1 0.22196710453926033 1 0.22220802726809316 1 0.22337542750181985 1 0.22370449930029737 1 0.2266828145339998 1 0.22937774380261852 1 0.2307014164049789 1 0.23102394574877166 1 0.23139755807142223 1 0.23611143068012944 1 0.23654758090370059 1 0.23802742324494533 1 0.23834333186677908 1 0.24082446346674441 1 0.24371736226837637 1 0.24535343904185405 1 0.24553667293658329 1 0.24566270961385545 1 0.25024814327804346 1 0.25088709322424174 1 0.25267939332640377 1 0.25298212917095558 1 0.25495888903791286 1 0.2580567982201224 1 0.25966897558223212 1 0.26000535146331133 1 0.26030156133667109 1 0.26437846845347601 1 0.26522644133267786 1 0.26733127187901551 1 0.26762107491408854 1 0.26908739225198314 1 0.27239610527915764 1 0.27379584026038428 1 0.27465722439709944 1 0.27494040399363523 1 0.27850385691313856 1 0.2795656471213166 1 0.28198316682198055 1 0.28225976762322136 1 0.28321147644293904 1 0.28673542773274868 1 0.28791878699569995 1 0.28930913737328073 1 0.28957913306769834 1 0.29262583517714774 1 0.29390518082933709 1 0.29663513121628587 1 0.29689863269757844 1 0.29733267616273079 1 0.30107515592072398 1 0.30203938762874116 1 0.30396109083292272 1 0.30421814358033039 1 0.30674600995221979 1 0.30824479597755478 1 0.31128703601037616 1 0.31145261658000772 1 0.31153761509466293 1 0.3154146194118414 1 0.31615926877692468 1 0.3186129493322743 1 0.31885699937893452 1 0.32086602039982809 1 0.32258426316585603 1 0.3255729436081658 1 0.32593891429729849 1 0.32617640535880338 1 0.32975410024240853 1 0.33028009157856941 1 0.33326486172970854 1 0.33349578142162828 1 0.33498753215340082 1 0.33692385306539074 1 0.33969533038795113 1 0.34059081774719746 1 0.34081524625545101 1 0.34409349002171019 1 0.34440353896765979 1 0.34791671671407509 1 0.34813467872355291 1 0.34911224593201245 1 0.35126322040308977 1 0.35382150443841875 1 0.35524269375655287 1 0.35545412795226206 1 0.35843299034383569 1 0.35853136771464272 1 0.36256867946938592 1 0.36277349059255903 1 0.36324192136114342 1 0.36560282008315231 1 0.36795322422757387 1 0.36989469512009848 1 0.37009291937883609 1 0.37266535841910492 1 0.37277239134071033 1 0.37722063972229353 1 0.37737836263114927 1 0.37741232340856035 1 0.37994211577843207 1 0.38209230787435594 1 0.38454660598138862 1 0.38473177748375315 1 0.38680728871150299 1 0.38711189590992623 1 0.39152333064809686 1 0.39187254616933159 1 0.39205119339376132 1 0.39428180406844349 1 0.39624051160515783 1 0.39919853865782273 1 0.39937064302301134 1 0.40095893250356635 1 0.40145148602525099 1 0.40567861610178296 1 0.40652448359484356 1 0.40669003846754215 1 0.40862117368667167 1 0.41039961785861401 1 0.41385040702810838 1 0.41400946412434786 1 0.41512207182073263 1 0.41579075662667414 1 0.41984599879082291 1 0.42117633387464676 1 0.42132887566820559 1 0.42296047791620162 1 0.42457151944145033 1 0.42850228381992422 1 0.42864827125563698 1 0.42929868844997443 1 0.43013017793736019 1 0.43402759609371006 1 0.43582829649275706 1 0.43596763977538516 1 0.43729999913596723 1 0.43875842045636304 1 0.44315419971882625 1 0.44328702260806979 1 0.44349125986649207 1 0.44446988005474919 1 0.44822626690871298 1 0.45048007843772986 1 0.4506064885074022 1 0.45163955535203554 1 0.45296380571245076 1 0.45770415444817414 1 0.45780585897369747 1 0.4579258909919508 1 0.45880934283161878 1 0.46244770033886917 1 0.46513154422815806 1 0.46524530262807018 1 0.46597881364174254 1 0.46719554996065049 1 0.47194883945061272 1 0.47245701960420833 1 0.47256464669280585 1 0.47314852671353841 1 0.47670910289110474 1 0.47978207447322463 1 0.47988385033135045 1 0.48031776729869824 1 0.48148223945484686 1 0.48627828521657024 1 0.48710509221626069 1 0.4872018835055581 1 0.48748569113485174 1 0.4911163293880757 1 0.49439909506935747 1 0.494462013386683 1 0.49460109078335818 1 0.49624908570500859 1 0.50164623556356946 1 0.50165048445985572 1 0.50166434587376163 4
8 0.50084215288593525 1
7 0 0  3 141 139  34.00162315727836 26.000096153668355 1.3090051305073656  33.988089170391532 26.000096153668355 1.3072164379989435  33.966677631590748 26.000096153668355 1.3040766206911858  33.93946701241228 26.000096153668355 1.3008111023221964  33.918477666099733 26.000096153668355 1.2987739348725567  33.897677115730154 26.000096153668355 1.2962216055909601  33.876836615407143 26.000096153668355 1.293465660202862  33.856040309116075 26.000096153668355 1.2904625822331584  33.835270354511458 26.000096153668355 1.2872397989742608  33.814532218041798 26.000096153668355 1.2838072246041032  33.793823915716118 26.000096153668355 1.2801730938994553  33.773145476745128 26.000096153668355 1.2763586851675885  33.752492291575713 26.000096153668355 1.272378042323536  33.731871206980735 26.000096153668355 1.2682554653530829  33.711264455760897 26.000096153668355 1.2640188329596362  33.690678578079769 26.000096153668355 1.259686718141533  33.670103446543877 26.000096153668355 1.2552882376139043  33.649536589695053 26.000096153668355 1.2508468396057015  33.628977765703596 26.000096153668355 1.2463786317568457  33.608416919711978 26.000096153668355 1.2419091092107986  33.587855184072133 26.000096153668355 1.2374546750380411  33.567288987005412 26.000096153668355 1.2330257782990941  33.546711095999385 26.000096153668355 1.228645428955055  33.526122191320091 26.000096153668355 1.2243182432730071  33.505524050594957 26.000096153668355 1.220058975802891  33.48490539256364 26.000096153668355 1.2158782583339607  33.464276442917757 26.000096153668355 1.2117851570967191  33.443629575053841 26.000096153668355 1.207789931660578  33.422965699672417 26.000096153668355 1.2038984342259036  33.402279647399801 26.000096153668355 1.2001211055500112  33.381575832194301 26.000096153668355 1.196467608291333  33.360850957908085 26.000096153668355 1.1929416350423729  33.34010380252532 26.000096153668355 1.1895522852158591  33.319339620374869 26.000096153668355 1.1863073934712673  33.298549111607471 26.000096153668355 1.183217001918778  33.277740466082051 26.000096153668355 1.180279001891539  33.256914277724348 26.000096153668355 1.1775057894240861  33.236061996355986 26.000096153668355 1.1749084915759509  33.21519371376872 26.000096153668355 1.17248410389139  33.194307189007333 26.000096153668355 1.1702386363703638  33.173401362967972 26.000096153668355 1.1681834372309206  33.152472817315321 26.000096153668355 1.1663274138449662  33.131537768088585 26.000096153668355 1.1646538066603713  33.110578113821646 26.000096153668355 1.1631917219009822  33.089613943364249 26.000096153668355 1.1619286104954609  33.068633844946888 26.000096153668355 1.1608657981630175  33.047644475283825 26.000096153668355 1.1600216907734817  33.026646353676 26.000096153668355 1.1593751622578203  33.005643370768752 26.000096153668355 1.1589383021087669  32.984636484232773 26.000096153668355 1.1587126304361157  32.963622343516306 26.000096153668355 1.1586886500962101  32.942610898744597 26.000096153668355 1.1588659787329623  32.92159829709653 26.000096153668355 1.159246635729092  32.900590469616624 26.000096153668355 1.1598242958608909  32.879581413196775 26.000096153668355 1.1605962093531068  32.858580103097744 26.000096153668355 1.1615615436228717  32.837584358013984 26.000096153668355 1.162720222301945  32.816599394962097 26.000096153668355 1.1640656992344578  32.795620592340413 26.000096153668355 1.1656021452829204  32.774655614113499 26.000096153668355 1.167325034058607  32.753699888807098 26.000096153668355 1.1692355386601243  32.732758799576871 26.000096153668355 1.1713360996652031  32.711833224279673 26.000096153668355 1.1736293432293199  32.690924176566305 26.000096153668355 1.1761289378783193  32.670041947867603 26.000096153668355 1.178861027517107  32.649191226424279 26.000096153668355 1.1818666310565602  32.628362333477938 26.000096153668355 1.1853017046676444  32.607737862790387 26.000096153668355 1.1891711810282823  32.586869865111893 26.000096153668355 1.194643752189124  32.56833516173581 26.000096153668355 1.1999526447406446  32.545360063896311 26.000096153668355 1.2184466761876103  32.569638372181409 26.000096153668355 1.2332727835602157  32.587782652301577 26.000096153668355 1.2386266106948294  32.608373151594343 26.000096153668355 1.2443688567897278  32.628625746659566 26.000096153668355 1.2489695238454781  32.64911224325072 26.000096153668355 1.2532345480035558  32.669623200908951 26.000096153668355 1.2571322234269242  32.690183645907524 26.000096153668355 1.2607840116461415  32.710772865583536 26.000096153668355 1.264224959977706  32.731394517479735 26.000096153668355 1.2674872979161385  32.752032464020708 26.000096153668355 1.2705976347406975  32.772688430341667 26.000096153668355 1.2735683534932141  32.793364640551601 26.000096153668355 1.27641624817318  32.814053848339491 26.000096153668355 1.2791484891433271  32.83475355311468 26.000096153668355 1.2817777182527599  32.855468122731232 26.000096153668355 1.2843085622864832  32.876186538112471 26.000096153668355 1.286749097865084  32.896922454297084 26.000096153668355 1.2891005993551776  32.917661439138648 26.000096153668355 1.2913680205498055  32.93841227277268 26.000096153668355 1.293554966252072  32.959164853844293 26.000096153668355 1.2956599715270003  32.979931848620502 26.000096153668355 1.2976847318348697  33.000699816404136 26.000096153668355 1.299628473646762  33.021482783781991 26.000096153668355 1.3014889331930253  33.042264959941875 26.000096153668355 1.3032664691568625  33.063059064365909 26.000096153668355 1.3049614256041577  33.083860986046886 26.000096153668355 1.3065666789183432  33.104665908251285 26.000096153668355 1.3080836390103077  33.12547825562352 26.000096153668355 1.3095108896856611  33.146297343606889 26.000096153668355 1.3108438180087494  33.167121504813821 26.000096153668355 1.3120806197972441  33.187949196133104 26.000096153668355 1.313220308650082  33.208784025260933 26.000096153668355 1.3142588446427619  33.229627138828953 26.000096153668355 1.3151964181041262  33.250470094753901 26.000096153668355 1.3160326159737687  33.271321781167302 26.000096153668355 1.3167632361167563  33.292175354383353 26.000096153668355 1.317394093346882  33.313029044368513 26.000096153668355 1.317924299482873  33.333891013317334 26.000096153668355 1.318356697743553  33.354750829375313 26.000096153668355 1.3186961882136687  33.375613644669976 26.000096153668355 1.3189458161064129  33.396480446138376 26.000096153668355 1.3191152580059891  33.417343878099388 26.000096153668355 1.3192065774516606  33.438212957316026 26.000096153668355 1.3192289272104527  33.459078968967859 26.000096153668355 1.3191867122593164  33.479947888795365 26.000096153668355 1.3190876891219994  33.500815777248221 26.000096153668355 1.3189347625315824  33.521681967803922 26.000096153668355 1.3187328287346671  33.54255201845946 26.000096153668355 1.3184866426480599  33.563417337710291 26.000096153668355 1.3181956893402855  33.584288619854647 26.000096153668355 1.3178633442818257  33.605153462672583 26.000096153668355 1.3174909400657364  33.6260230492245 26.000096153668355 1.3170811310182335  33.646890652763879 26.000096153668355 1.3166341711615286  33.667753528873661 26.000096153668355 1.3161561169584559  33.68862406512045 26.000096153668355 1.3156518903325995  33.709486129353266 26.000096153668355 1.3151293957466681  33.730355233961674 26.000096153668355 1.3145995204321514  33.75121965771703 26.000096153668355 1.3140733402331966  33.772086490003744 26.000096153668355 1.3135628773093506  33.792954974364797 26.000096153668355 1.3130801794514348  33.813818875822633 26.000096153668355 1.3126317479383982  33.834689087946565 26.000096153668355 1.3122216956699342  33.855554396756006 26.000096153668355 1.3118487465098616  33.876422649359291 26.000096153668355 1.3115065251407729  33.897292550315676 26.000096153668355 1.3111876573807137  33.918158217693332 26.000096153668355 1.3108660063806861  33.939027996600998 26.000096153668355 1.3105815909869349  33.966845976365619 26.000096153668355 1.3098875201923188  33.987712795451039 26.000096153668355 1.3093426427601591  34.00162315727836 26.000096153668355 1.3090051305073656 
 0 4 0.014295113055181491 1 0.021444650351137906 1 0.028578380340237419 1 0.035736271223864004 1 0.042894168009735056 1 0.050052100882666463 1 0.057209928750054408 1 0.064367829468018709 1 0.071525812770497701 1 0.078683970416022445 1 0.085841930779211165 1 0.09299994190622092 1 0.10015782709183065 1 0.10731598348930617 1 0.11447412090775679 1 0.12163218321359139 1 0.12879020182045367 1 0.13594807818103613 1 0.14310591439160456 1 0.15026376853734819 1 0.15742176277154793 1 0.16457979391125788 1 0.17173798714105185 1 0.17889607154531842 1 0.18605414269324505 1 0.19321192718755265 1 0.20036982650713631 1 0.20752777258413949 1 0.2146858087410615 1 0.22184384375901733 1 0.2290018096265721 1 0.23615989586308336 1 0.24331792645453643 1 0.25047590671979564 1 0.25763386106761671 1 0.26479175363353508 1 0.2719496669992324 1 0.27910745846072937 1 0.28626548830017323 1 0.29342349066986834 1 0.30058171467052791 1 0.30773960418572971 1 0.31489767677784447 1 0.32205556998417068 1 0.32921365619619258 1 0.33637165829272991 1 0.34352954471250191 1 0.35068752440421685 1 0.35784554359046311 1 0.36500362247727436 1 0.37216144330596063 1 0.37931941706375899 1 0.38647744642405152 1 0.39363560360153976 1 0.40079353494804715 1 0.40795147198981824 1 0.41510930448180222 1 0.42226727509656597 1 0.42942522447781822 1 0.43658329483791752 1 0.44374142482031448 1 0.4508993495182152 1 0.45805738621455383 1 0.46521510676043221 1 0.47237306917093264 1 0.47953055986916976 1 0.48668673597646067 1 0.49379047397959663 1 0.50082831418992313 1 0.50785889479730995 1 0.51493363314342699 1 0.52206632271621345 1 0.52919948652628201 1 0.53633278172171128 1 0.54346607593508578 1 0.55059938160381039 1 0.55773276277852657 1 0.56486612439772232 1 0.57199942674442028 1 0.57913265671024039 1 0.58626601651331034 1 0.5933994894770902 1 0.60053292289792404 1 0.60766613413351445 1 0.61479956481319764 1 0.62193289649317152 1 0.62906645482275192 1 0.63619964514995442 1 0.64333293576551853 1 0.65046604285740306 1 0.65759950699969327 1 0.66473271103891607 1 0.67186611315259592 1 0.67899951025762162 1 0.68613303175401885 1 0.69326647919160178 1 0.70039982491351471 1 0.70753320948791087 1 0.71466644683647729 1 0.7217996042719067 1 0.72893291770171731 1 0.73606629473042595 1 0.74319981135014446 1 0.75033320871333364 1 0.75746655618920256 1 0.76459991456718124 1 0.77173317102052597 1 0.7788665309744075 1 0.78599984947645984 1 0.79313313714362721 1 0.80026655331859331 1 0.80739983740669719 1 0.81453329456539747 1 0.82166665178991705 1 0.82879996492642982 1 0.83593329281215567 1 0.8430665355558209 1 0.85020001242136745 1 0.85733330197134183 1 0.8644668061574623 1 0.871600182289057 1 0.87873348798154327 1 0.88586684677681404 1 0.8930000215026288 1 0.90013349440128643 1 0.90726672635767347 1 0.91440015485931703 1 0.92153355220135247 1 0.92866687731405217 1 0.93580029361163064 1 0.94293352141027731 1 0.95006691356344408 1 0.95720029604234602 1 0.96433369886081755 1 0.97146713272085661 1 0.97860029851375308 1 0.98573351580610291 1 1 4
Polygon3D 0
PolygonOnTriangulations 0
Surfaces 10
9 0 0 0 0 3 1 312 2 310 2 25.283999999999999 0 -1.5800018890345835  25.283999999999999 2.4710000000000001 -1.5800018890345837  
25.273745293459598 0 -1.5817229666528638  25.273745293459598 2.4710000000000001 -1.5817229666528638  
25.205801573068445 0 -1.5833999407247925  25.205801573068442 2.4710000000000001 -1.5833999407247923  
25.134854420932847 0 -1.586715322427577  25.134854420932847 2.4710000000000001 -1.5867153224275774  
25.10652849830921 0 -1.5882217198523518  25.10652849830921 2.4710000000000001 -1.5882217198523523  
25.087007772951374 0 -1.5894597139570696  25.087007772951374 2.4710000000000001 -1.5894597139570701  
25.048648567816961 0 -1.5921305811138386  25.048648567816961 2.4710000000000001 -1.5921305811138389  
25.023214886123316 0 -1.5941292046205207  25.023214886123316 2.4710000000000001 -1.5941292046205209  
24.997964484372936 0 -1.596133449178085  24.997964484372936 2.4710000000000001 -1.5961334491780854  
24.979850598339354 0 -1.5975739609452178  24.979850598339354 2.4710000000000001 -1.5975739609452184  
24.952791917591792 0 -1.5997453090693927  24.952791917591792 2.4710000000000001 -1.5997453090693938  
24.914317098908107 0 -1.6029552996192229  24.914317098908104 2.4710000000000001 -1.6029552996192233  
24.888026411790271 0 -1.6052563071111894  24.888026411790271 2.4710000000000001 -1.6052563071111901  
24.861211093676577 0 -1.6076939988937524  24.861211093676577 2.4710000000000001 -1.6076939988937529  
24.843880675147666 0 -1.609329982635276  24.843880675147659 2.4710000000000001 -1.6093299826352765  
24.805222667311078 0 -1.6130935048370691  24.805222667311071 2.4710000000000001 -1.6130935048370696  
24.778609896005559 0 -1.6158255056209465  24.778609896005555 2.4710000000000001 -1.615825505620947  
24.751599181329738 0 -1.6186962212427312  24.751599181329738 2.4710000000000001 -1.6186962212427314  
24.735218867866461 0 -1.6204439701675319  24.735218867866458 2.4710000000000001 -1.6204439701675322  
24.708556807956519 0 -1.6233514949191883  24.708556807956523 2.4710000000000001 -1.6233514949191883  
24.669908203658743 0 -1.6276978931685289  24.669908203658743 2.4710000000000001 -1.6276978931685293  
24.642032928075103 0 -1.6309285833427221  24.642032928075107 2.4710000000000001 -1.6309285833427225  
24.615374119410475 0 -1.634078998863034  24.615374119410482 2.4710000000000001 -1.6340789988630346  
24.599883899274754 0 -1.6359339426584993  24.599883899274758 2.4710000000000001 -1.6359339426585002  
24.563850081110406 0 -1.6403039321217177  24.563850081110409 2.4710000000000001 -1.6403039321217188  
24.534618158571902 0 -1.6439401599500394  24.534618158571902 2.4710000000000001 -1.6439401599500403  
24.50595574590481 0 -1.6475753824857757  24.50595574590481 2.4710000000000001 -1.6475753824857764  
24.488772132090766 0 -1.6497631624344087  24.488772132090766 2.4710000000000001 -1.6497631624344096  
24.464730660710742 0 -1.6528555829227023  24.464730660710742 2.4710000000000001 -1.6528555829227027  
24.42610828693763 0 -1.6578916248787012  24.426108286937634 2.4710000000000001 -1.6578916248787012  
24.396617626246297 0 -1.6617979548163988  24.3966176262463 2.4710000000000001 -1.6617979548163988  
24.369986586062289 0 -1.6653611945519677  24.369986586062289 2.4710000000000001 -1.6653611945519677  
24.356292877675237 0 -1.6672016771600364  24.356292877675237 2.4710000000000001 -1.6672016771600364  
24.323062418319061 0 -1.6716897900270704  24.323062418319061 2.4710000000000001 -1.6716897900270704  
24.29102762039841 0 -1.6760645749186729  24.29102762039841 2.4710000000000001 -1.6760645749186736  
24.26071470050676 0 -1.6802372033601305  24.26071470050676 2.4710000000000001 -1.6802372033601312  
24.242507693153918 0 -1.6827486091996717  24.242507693153918 2.4710000000000001 -1.6827486091996726  
24.221277862963333 0 -1.6856861337556877  24.221277862963333 2.4710000000000001 -1.6856861337556883  
24.182628870602187 0 -1.6910539421834963  24.182628870602191 2.4710000000000001 -1.6910539421834965  
24.151480502855556 0 -1.6954005598181412  24.151480502855556 2.4710000000000001 -1.6954005598181414  
24.124843612249631 0 -1.6991246747633129  24.124843612249631 2.4710000000000001 -1.6991246747633131  
24.112924312842726 0 -1.7007919305224868  24.112924312842726 2.4710000000000001 -1.7007919305224868  
24.082365570039155 0 -1.7050688860084096  24.082365570039158 2.4710000000000001 -1.70506888600841  
24.047597770841936 0 -1.7099405720623668  24.047597770841936 2.4710000000000001 -1.7099405720623673  
24.015605927853912 0 -1.7144196644831915  24.015605927853912 2.4710000000000001 -1.7144196644831915  
23.996443750967547 0 -1.7171009382417266  23.996443750967543 2.4710000000000001 -1.7171009382417268  
23.977914304702271 0 -1.7196918865532409  23.977914304702267 2.4710000000000001 -1.7196918865532411  
23.939194605072345 0 -1.7250983996198765  23.939194605072341 2.4710000000000001 -1.7250983996198765  
23.906357414556609 0 -1.7296680971849423  23.906357414556609 2.4710000000000001 -1.7296680971849423  
23.879692560885687 0 -1.7333618147224441  23.879692560885687 2.4710000000000001 -1.7333618147224441  
23.869532870020791 0 -1.7347681540199849  23.869532870020794 2.4710000000000001 -1.7347681540199849  
23.841544681647115 0 -1.7386367841025372  23.841544681647115 2.4710000000000001 -1.7386367841025372  
23.804089987322545 0 -1.743785872552388  23.804089987322548 2.4710000000000001 -1.7437858725523885  
23.7703941139522 0 -1.7483826662097681  23.7703941139522 2.4710000000000001 -1.7483826662097686  
23.750330918212313 0 -1.7511098399685558  23.750330918212317 2.4710000000000001 -1.7511098399685565  
23.734424625489353 0 -1.7532664311884565  23.734424625489357 2.4710000000000001 -1.7532664311884569  
23.69560442562652 0 -1.7585093699192202  23.69560442562652 2.4710000000000001 -1.7585093699192205  
23.662279293536603 0 -1.7629666120245071  23.662279293536599 2.4710000000000001 -1.7629666120245076  
23.634346920285964 0 -1.7666675607821807  23.63434692028596 2.4710000000000001 -1.7666675607821809  
23.625943123839996 0 -1.7677800523040299  23.625943123839996 2.4710000000000001 -1.7677800523040301  
23.599232755119406 0 -1.7713069475046943  23.599232755119402 2.4710000000000001 -1.7713069475046948  
23.560352790658857 0 -1.7763932248679111  23.560352790658854 2.4710000000000001 -1.7763932248679111  
23.524930982207749 0 -1.7809682854520155  23.524930982207749 2.4710000000000001 -1.7809682854520155  
23.504006265644307 0 -1.7836536582087317  23.504006265644307 2.4710000000000001 -1.7836536582087319  
23.490675685311199 0 -1.7853592127836424  23.490675685311203 2.4710000000000001 -1.7853592127836426  
23.453063031499926 0 -1.7901501319590343  23.45306303149993 2.4710000000000001 -1.7901501319590349  
23.41919590615143 0 -1.7944062973306945  23.41919590615143 2.4710000000000001 -1.7944062973306951  
23.38871132658446 0 -1.7981920274582093  23.38871132658446 2.4710000000000001 -1.7981920274582097  
23.380739564153775 0 -1.7991804210853257  23.380739564153775 2.4710000000000001 -1.7991804210853264  
23.355313178439221 0 -1.802324058045996  23.355313178439218 2.4710000000000001 -1.8023240580459965  
23.316315831141633 0 -1.8070989128146278  23.316315831141633 2.4710000000000001 -1.8070989128146282  
23.279163928576832 0 -1.8115843595816989  23.279163928576828 2.4710000000000001 -1.8115843595816992  
23.257405142251386 0 -1.8141926952863379  23.257405142251379 2.4710000000000001 -1.8141926952863376  
23.246630973819045 0 -1.8154813656813553  23.246630973819045 2.4710000000000001 -1.8154813656813551  
23.211471382463415 0 -1.8196731451824903  23.211471382463415 2.4710000000000001 -1.8196731451824901  
23.175803931458141 0 -1.8238740731732919  23.175803931458137 2.4710000000000001 -1.8238740731732919  
23.142793034467832 0 -1.8277194923260778  23.142793034467829 2.4710000000000001 -1.8277194923260778  
23.134012456917993 0 -1.828740057213265  23.134012456917993 2.4710000000000001 -1.828740057213265  
23.111129235485226 0 -1.8313951429957118  23.111129235485222 2.4710000000000001 -1.8313951429957123  
23.072022230818579 0 -1.8358996409755  23.072022230818579 2.4710000000000001 -1.8358996409755004  
23.033144762383074 0 -1.8403221214009606  23.033144762383074 2.4710000000000001 -1.8403221214009609  
23.010568184353048 0 -1.8428728383581277  23.010568184353044 2.4710000000000001 -1.8428728383581277  
23.002354451131897 0 -1.8437996214951391  23.0023544511319 2.4710000000000001 -1.8437996214951393  
22.969664855382533 0 -1.84748103755217  22.969664855382526 2.4710000000000001 -1.84748103755217  
22.932200076380653 0 -1.8516583326152676  22.932200076380653 2.4710000000000001 -1.8516583326152678  
22.896668408651642 0 -1.8555811816043124  22.896668408651642 2.4710000000000001 -1.8555811816043128  
22.887078266979223 0 -1.8566372786210772  22.887078266979223 2.4710000000000001 -1.8566372786210774  
22.866757944401741 0 -1.8588729816207561  22.866757944401741 2.4710000000000001 -1.8588729816207561  
22.827550820530483 0 -1.8631639725747102  22.82755082053048 2.4710000000000001 -1.8631639725747107  
22.786951662194745 0 -1.8675580950282349  22.786951662194745 2.4710000000000001 -1.8675580950282353  
22.76355165498282 0 -1.8700737349971606  22.76355165498282 2.4710000000000001 -1.870073734997161  
22.757920811872641 0 -1.8706786957943162  22.757920811872644 2.4710000000000001 -1.8706786957943167  
22.727734286533487 0 -1.8739186846131364  22.727734286533487 2.4710000000000001 -1.8739186846131366  
22.688474689479719 0 -1.8780962960913374  22.688474689479726 2.4710000000000001 -1.8780962960913377  
22.651255091043012 0 -1.8820189592597687  22.651255091043019 2.4710000000000001 -1.8820189592597689  
22.639985116589393 0 -1.8832034833243767  22.639985116589397 2.4710000000000001 -1.8832034833243767  
22.622262738624695 0 -1.8850651049108882  22.622262738624698 2.4710000000000001 -1.8850651049108884  
22.582112733874538 0 -1.889264397995404  22.582112733874542 2.4710000000000001 -1.8892643979954045  
22.542338319821631 0 -1.8933803397690534  22.542338319821635 2.4710000000000001 -1.8933803397690538  
22.516390942398143 0 -1.8960472234930486  22.516390942398139 2.4710000000000001 -1.896047223493049  
22.513380361053827 0 -1.8963564641224568  22.513380361053827 2.4710000000000001 -1.8963564641224573  
22.484045701899433 0 -1.8993675001491881  22.484045701899433 2.4710000000000001 -1.8993675001491885  
22.445107857449127 0 -1.9033331120825441  22.445107857449131 2.4710000000000001 -1.9033331120825441  
22.406597542159794 0 -1.9072126511540053  22.406597542159794 2.4710000000000001 -1.9072126511540055  
22.392758055932148 0 -1.9086021400619435  22.392758055932148 2.4710000000000001 -1.908602140061944  
22.377262158192895 0 -1.9101567895759182  22.377262158192899 2.4710000000000001 -1.9101567895759186  
22.337040508299818 0 -1.9141743588026552  22.337040508299818 2.4710000000000001 -1.9141743588026554  
22.297638720071742 0 -1.9180642294650458  22.297638720071738 2.4710000000000001 -1.9180642294650458  
22.270845898685693 0 -1.9206859145037276  22.270845898685693 2.4710000000000001 -1.9206859145037278  
22.267454334106812 0 -1.9210175952108051  22.267454334106816 2.4710000000000001 -1.9210175952108053  
22.240324355431859 0 -1.9236689138890695  22.240324355431863 2.4710000000000001 -1.9236689138890695  
22.201317053010833 0 -1.927446193878644  22.201317053010829 2.4710000000000001 -1.927446193878644  
22.161862341357256 0 -1.9312152298096472  22.161862341357256 2.4710000000000001 -1.9312152298096474  
22.145402172862131 0 -1.9327791135026087  22.145402172862127 2.4710000000000001 -1.9327791135026087  
22.130830838928823 0 -1.9341613073489765  22.130830838928819 2.4710000000000001 -1.9341613073489765  
22.092357964400293 0 -1.937793375845521  22.092357964400296 2.4710000000000001 -1.937793375845521  
22.055236614353603 0 -1.9412463913251032  22.0552366143536 2.4710000000000001 -1.9412463913251037  
22.026064108155815 0 -1.9439270321154172  22.026064108155815 2.4710000000000001 -1.9439270321154176  
22.020971629400481 0 -1.944394313590927  22.020971629400481 2.4710000000000001 -1.9443943135909272  
21.994185144045346 0 -1.9468471930946323  21.994185144045353 2.4710000000000001 -1.9468471930946323  
21.956586361307682 0 -1.9502506916941245  21.956586361307686 2.4710000000000001 -1.9502506916941245  
21.91703244451967 0 -1.953765098581127  21.91703244451967 2.4710000000000001 -1.953765098581127  
21.897893475976701 0 -1.9554494451135391  21.897893475976701 2.4710000000000001 -1.9554494451135396  
21.884298045779715 0 -1.9566418911554666  21.884298045779715 2.4710000000000001 -1.9566418911554671  
21.847881785083665 0 -1.9598183066534396  21.847881785083665 2.4710000000000001 -1.9598183066534396  
21.813130234095844 0 -1.9627877475307196  21.813130234095848 2.4710000000000001 -1.9627877475307196  
21.781173673260597 0 -1.9654695741049117  21.7811736732606 2.4710000000000001 -1.9654695741049117  
21.774068464710457 0 -1.9660637823986522  21.77406846471046 2.4710000000000001 -1.9660637823986522  
21.747587037841804 0 -1.9682681217118798  21.747587037841811 2.4710000000000001 -1.96826812171188  
21.711731937242654 0 -1.971207994208878  21.711731937242654 2.4710000000000001 -1.9712079942088785  
21.672071068900081 0 -1.9743758997579055  21.672071068900081 2.4710000000000001 -1.9743758997579057  
21.650191400265271 0 -1.9760947415888372  21.650191400265271 2.4710000000000001 -1.9760947415888375  
21.637626373474674 0 -1.9770753695176584  21.637626373474674 2.4710000000000001 -1.9770753695176588  
21.604013567224307 0 -1.9796831005080464  21.604013567224303 2.4710000000000001 -1.9796831005080469  
21.570932757833464 0 -1.9821768671876088  21.570932757833464 2.4710000000000001 -1.982176867187609  
21.536129595812344 0 -1.9847246557225224  21.536129595812344 2.4710000000000001 -1.9847246557225229  
21.52625693345308 0 -1.9854412497603748  21.52625693345308 2.4710000000000001 -1.9854412497603753  
21.50082777895711 0 -1.9872697537960939  21.500827778957106 2.4710000000000001 -1.9872697537960944  
21.466713916156767 0 -1.9896712930681004  21.466713916156763 2.4710000000000001 -1.9896712930681004  
21.426939032987228 0 -1.9923622119436162  21.426939032987228 2.4710000000000001 -1.9923622119436162  
21.40225767578827 0 -1.9939815410022474  21.40225767578827 2.4710000000000001 -1.9939815410022472  
21.390773395918618 0 -1.9947251681976872  21.390773395918618 2.4710000000000001 -1.9947251681976872  
21.360012299055548 0 -1.9967057893373266  21.360012299055548 2.4710000000000001 -1.9967057893373268  
21.32859931077164 0 -1.998644212008754  21.32859931077164 2.4710000000000001 -1.9986442120087546  
21.290888142369006 0 -2.0008613286921988  21.290888142369006 2.4710000000000001 -2.0008613286921992  
21.278192041420393 0 -2.0015939009847679  21.278192041420397 2.4710000000000001 -2.0015939009847683  
21.253861551146457 0 -2.0029723543115709  21.253861551146457 2.4710000000000001 -2.0029723543115718  
21.22148914203694 0 -2.0047534259601449  21.221489142036937 2.4710000000000001 -2.0047534259601458  
21.181597928400123 0 -2.0068170152154496  21.181597928400123 2.4710000000000001 -2.0068170152154501  
21.15477848002859 0 -2.0081263413168795  21.15477848002859 2.4710000000000001 -2.0081263413168795  
21.143705824318609 0 -2.0086536127089678  21.143705824318609 2.4710000000000001 -2.0086536127089678  
21.115845507351757 0 -2.0099745980282746  21.115845507351757 2.4710000000000001 -2.0099745980282742  
21.085386015538422 0 -2.0113237035743081  21.085386015538422 2.4710000000000001 -2.0113237035743077  
21.045434376072603 0 -2.0129457868946625  21.045434376072603 2.4710000000000001 -2.0129457868946625  
21.029866491749026 0 -2.0135508982841324  21.029866491749029 2.4710000000000001 -2.0135508982841324  
21.006679559461382 0 -2.0144167221881553  21.006679559461382 2.4710000000000001 -2.0144167221881553  
20.976055961653614 0 -2.0155092055932706  20.976055961653614 2.4710000000000001 -2.0155092055932706  
20.937970050864514 0 -2.01672446221913  20.937970050864518 2.4710000000000001 -2.0167244622191305  
20.909223408893883 0 -2.0175388713213134  20.909223408893883 2.4710000000000001 -2.0175388713213134  
20.896435645244853 0 -2.0178820041649645  20.896435645244857 2.4710000000000001 -2.0178820041649645  
20.869606548784319 0 -2.0185888306360971  20.869606548784319 2.4710000000000001 -2.0185888306360971  
20.839859355613029 0 -2.0192719982897493  20.839859355613029 2.4710000000000001 -2.0192719982897489  
20.799803662138594 0 -2.020032731440629  20.799803662138597 2.4710000000000001 -2.020032731440629  
20.781326127167855 0 -2.020339247425964  20.781326127167855 2.4710000000000001 -2.020339247425964  
20.759324323550025 0 -2.0206604155217502  20.759324323550025 2.4710000000000001 -2.0206604155217502  
20.730461465060138 0 -2.0210394219053645  20.730461465060138 2.4710000000000001 -2.0210394219053649  
20.695271499697569 0 -2.0213583979797116  20.695271499697572 2.4710000000000001 -2.0213583979797107  
20.663527863561704 0 -2.0215131380128124  20.663527863561708 2.4710000000000001 -2.0215131380128124  
20.649027166673431 0 -2.0215541198762574  20.649027166673431 2.4710000000000001 -2.0215541198762574  
20.622194649006943 0 -2.0216018254226085  20.622194649006946 2.4710000000000001 -2.0216018254226085  
20.594219431500363 0 -2.0215528437586485  20.594219431500367 2.4710000000000001 -2.0215528437586485  
20.55407998249024 0 -2.0213087397344491  20.554079982490236 2.4710000000000001 -2.02130873973445  
20.532673844083558 0 -2.0211084062151397  20.532673844083558 2.4710000000000001 -2.0211084062151401  
20.511895533778375 0 -2.0208604973912294  20.511895533778372 2.4710000000000001 -2.0208604973912299  
20.484811726714774 0 -2.0205056086225159  20.484811726714767 2.4710000000000001 -2.0205056086225168  
20.4525616385924 0 -2.0199455290461255  20.4525616385924 2.4710000000000001 -2.0199455290461259  
20.417814520677936 0 -2.0191873506243052  20.417814520677936 2.4710000000000001 -2.0191873506243057  
20.401610643941432 0 -2.01879441980837  20.401610643941432 2.4710000000000001 -2.0187944198083705  
20.374790108563374 0 -2.0181021242747996  20.374790108563371 2.4710000000000001 -2.0181021242748001  
20.348604006006454 0 -2.0173440435701098  20.348604006006447 2.4710000000000001 -2.0173440435701102  
20.308407492680992 0 -2.0160068969171907  20.308407492680985 2.4710000000000001 -2.0160068969171911  
20.284069556715295 0 -2.0150978169934528  20.284069556715291 2.4710000000000001 -2.0150978169934533  
20.264548859401092 0 -2.0143063942790751  20.264548859401089 2.4710000000000001 -2.0143063942790755  
20.239262211850583 0 -2.0132623881686933  20.239262211850583 2.4710000000000001 -2.0132623881686929  
20.20999003467535 0 -2.0119232259430948  20.20999003467535 2.4710000000000001 -2.0119232259430948  
20.172256536323211 0 -2.0100051098272944  20.172256536323211 2.4710000000000001 -2.0100051098272944  
20.154367434965973 0 -2.0090397994794502  20.154367434965973 2.4710000000000001 -2.0090397994794507  
20.127582186365103 0 -2.0075308338894726  20.127582186365103 2.4710000000000001 -2.0075308338894731  
20.103208031075475 0 -2.0060838849955234  20.103208031075475 2.4710000000000001 -2.0060838849955234  
20.062996779293421 0 -2.0035253217021798  20.062996779293421 2.4710000000000001 -2.0035253217021798  
20.036231394371779 0 -2.0016956007517215  20.036231394371779 2.4710000000000001 -2.0016956007517219  
20.01751001242949 0 -2.0003552402166394  20.01751001242949 2.4710000000000001 -2.0003552402166398  
19.994042971901123 0 -1.9986691586072491  19.994042971901123 2.4710000000000001 -1.9986691586072498  
19.967291099585836 0 -1.9966394628813  19.967291099585836 2.4710000000000001 -1.9966394628813  
19.927092908724056 0 -1.9933818498168221  19.927092908724056 2.4710000000000001 -1.9933818498168225  
19.907541124266093 0 -1.9917261962311592  19.907541124266096 2.4710000000000001 -1.9917261962311594  
19.880815860444809 0 -1.9893762741551559  19.880815860444812 2.4710000000000001 -1.9893762741551564  
19.858271963709871 0 -1.9873330831255411  19.858271963709875 2.4710000000000001 -1.9873330831255416  
19.820162994118618 0 -1.9837147455572324  19.820162994118622 2.4710000000000001 -1.9837147455572326  
19.79139192736919 0 -1.980831011982414  19.791391927369194 2.4710000000000001 -1.9808310119824142  
19.771026300804344 0 -1.9787173392987008  19.771026300804344 2.4710000000000001 -1.9787173392987012  
19.747322790977599 0 -1.9762421822483218  19.747322790977599 2.4710000000000001 -1.9762421822483223  
19.722722273416743 0 -1.9735740569292455  19.722722273416743 2.4710000000000001 -1.9735740569292457  
19.682574684678865 0 -1.9690332458258506  19.682574684678869 2.4710000000000001 -1.9690332458258513  
19.661392335243267 0 -1.9665524049343281  19.661392335243271 2.4710000000000001 -1.9665524049343286  
19.634755347848373 0 -1.9633294431022343  19.634755347848376 2.4710000000000001 -1.9633294431022348  
19.614056301472068 0 -1.9607819599288767  19.614056301472068 2.4710000000000001 -1.9607819599288772  
19.579003451459229 0 -1.956323815250244  19.579003451459222 2.4710000000000001 -1.9563238152502442  
19.547345089580624 0 -1.9521198387150696  19.54734508958062 2.4710000000000001 -1.9521198387150698  
19.525371802018512 0 -1.9491069288423515  19.525371802018512 2.4710000000000001 -1.9491069288423517  
19.500541502412201 0 -1.9456695719796866  19.500541502412204 2.4710000000000001 -1.9456695719796868  
19.479028637317668 0 -1.9426028875778496  19.479028637317668 2.4710000000000001 -1.9426028875778498  
19.438983810508308 0 -1.9367283724370754  19.438983810508311 2.4710000000000001 -1.9367283724370754  
19.41621063745605 0 -1.9332869979221918  19.416210637456054 2.4710000000000001 -1.9332869979221921  
19.389693500184272 0 -1.9291676310966559  19.389693500184276 2.4710000000000001 -1.9291676310966561  
19.370851662267405 0 -1.9262150108801637  19.370851662267405 2.4710000000000001 -1.9262150108801639  
19.33885124622293 0 -1.921086183113347  19.338851246222934 2.4710000000000001 -1.9210861831133472  
19.304384690220182 0 -1.9153754149215549  19.304384690220182 2.4710000000000001 -1.9153754149215549  
19.280840527774789 0 -1.9113655520331108  19.280840527774789 2.4710000000000001 -1.9113655520331108  
19.254941808188786 0 -1.9069052894157545  19.254941808188789 2.4710000000000001 -1.9069052894157541  
19.236483673840247 0 -1.9036576188144534  19.236483673840251 2.4710000000000001 -1.9036576188144534  
19.196577650973776 0 -1.8964933441084026  19.196577650973779 2.4710000000000001 -1.8964933441084026  
19.172252321124713 0 -1.8920090351348473  19.172252321124716 2.4710000000000001 -1.8920090351348471  
19.14587802723911 0 -1.8870173931101872  19.14587802723911 2.4710000000000001 -1.8870173931101868  
19.128892483757284 0 -1.8837894332394285  19.128892483757284 2.4710000000000001 -1.8837894332394285  
19.099913909166585 0 -1.8781874642312939  19.099913909166581 2.4710000000000001 -1.8781874642312939  
19.062733588229548 0 -1.8707994748967831  19.062733588229548 2.4710000000000001 -1.8707994748967827  
19.037664100279251 0 -1.8656960795186368  19.037664100279251 2.4710000000000001 -1.8656960795186364  
19.011367698373054 0 -1.8602797209275705  19.011367698373057 2.4710000000000001 -1.8602797209275703  
18.995318617083878 0 -1.8569240984289757  18.995318617083882 2.4710000000000001 -1.8569240984289754  
18.955591439739919 0 -1.848500005103028  18.955591439739923 2.4710000000000001 -1.8485000051030283  
18.92935056304308 0 -1.8428033241442312  18.929350563043084 2.4710000000000001 -1.8428033241442314  
18.903544638973155 0 -1.837072983476618  18.903544638973155 2.4710000000000001 -1.837072983476618  
18.888409282931509 0 -1.8337089741186225  18.888409282931505 2.4710000000000001 -1.8337089741186225  
18.862208784975873 0 -1.8278132533465685  18.86220878497587 2.4710000000000001 -1.8278132533465685  
18.822599177194252 0 -1.818705936363616  18.822599177194256 2.4710000000000001 -1.8187059363636164  
18.796035241806983 0 -1.8124729798466326  18.796035241806987 2.4710000000000001 -1.8124729798466328  
18.769901275877857 0 -1.8062722825710404  18.76990127587786 2.4710000000000001 -1.8062722825710407  
18.75568986106812 0 -1.8028684821595251  18.75568986106812 2.4710000000000001 -1.8028684821595253  
18.718085751461345 0 -1.7937754283646443  18.718085751461341 2.4710000000000001 -1.7937754283646445  
18.69006995686992 0 -1.7868736937484335  18.690069956869916 2.4710000000000001 -1.7868736937484337  
18.662779874399487 0 -1.7800333487986806  18.662779874399487 2.4710000000000001 -1.7800333487986806  
18.647540844966962 0 -1.7762064003061124  18.647540844966962 2.4710000000000001 -1.7762064003061124  
18.623423220599424 0 -1.7700975691332004  18.62342322059942 2.4710000000000001 -1.7700975691332004  
18.583995355126032 0 -1.7599655847140729  18.583995355126032 2.4710000000000001 -1.7599655847140729  
18.555952630142304 0 -1.7526404368419897  18.555952630142304 2.4710000000000001 -1.7526404368419894  
18.529968041574932 0 -1.7457849476805496  18.529968041574932 2.4710000000000001 -1.7457849476805494  
18.517565484743976 0 -1.7424945559032881  18.517565484743976 2.4710000000000001 -1.7424945559032881  
18.482854995675968 0 -1.7332262093290274  18.482854995675972 2.4710000000000001 -1.7332262093290276  
18.452260129459177 0 -1.7249377805279451  18.452260129459177 2.4710000000000001 -1.7249377805279449  
18.423494084016099 0 -1.7170280558123014  18.423494084016099 2.4710000000000001 -1.7170280558123014  
18.40733936397314 0 -1.7125730316174277  18.40733936397314 2.4710000000000001 -1.7125730316174281  
18.386074361895155 0 -1.70667323986187  18.386074361895147 2.4710000000000001 -1.7066732398618705  
18.346812871321227 0 -1.6956648539642944  18.346812871321223 2.4710000000000001 -1.6956648539642951  
18.3173013526633 0 -1.6872679293714103  18.317301352663296 2.4710000000000001 -1.6872679293714108  
18.291456860657725 0 -1.6798408403320064  18.291456860657725 2.4710000000000001 -1.6798408403320069  
18.280840882432674 0 -1.6767793850341159  18.280840882432674 2.4710000000000001 -1.6767793850341166  
18.248920817442951 0 -1.6675285243386426  18.248920817442947 2.4710000000000001 -1.6675285243386431  
18.215844995968187 0 -1.6578158133095933  18.215844995968183 2.4710000000000001 -1.6578158133095937  
18.185627679175823 0 -1.6488027535032239  18.185627679175827 2.4710000000000001 -1.6488027535032244  
18.168640431673268 0 -1.6437138512031777  18.168640431673268 2.4710000000000001 -1.6437138512031781  
18.150130181052415 0 -1.6381396877083643  18.150130181052418 2.4710000000000001 -1.6381396877083647  
18.111054079201999 0 -1.6262568478720238  18.111054079201995 2.4710000000000001 -1.6262568478720243  
18.080117313014508 0 -1.6166870993499134  18.080117313014505 2.4710000000000001 -1.6166870993499138  
18.054437600796071 0 -1.6086362267419534  18.054437600796071 2.4710000000000001 -1.6086362267419536  
18.04559645527258 0 -1.6058571618029136  18.045596455272577 2.4710000000000001 -1.605857161802914  
18.016394886764232 0 -1.5966323192275889  18.016394886764232 2.4710000000000001 -1.5966323192275891  
17.981003989277863 0 -1.5852691349045367  17.981003989277863 2.4710000000000001 -1.5852691349045371  
17.949432991563999 0 -1.5749068194796467  17.949432991564002 2.4710000000000001 -1.5749068194796472  
17.931748584446353 0 -1.5690567640583406  17.931748584446357 2.4710000000000001 -1.569056764058341  
17.915923396843397 0 -1.5637905075913749  17.9159233968434 2.4710000000000001 -1.5637905075913752  
17.877157804708393 0 -1.5507352334876112  17.877157804708396 2.4710000000000001 -1.5507352334876117  
17.844953869973608 0 -1.5396001634911907  17.844953869973612 2.4710000000000001 -1.5396001634911913  
17.819565226971545 0 -1.5306099305253154  17.819565226971548 2.4710000000000001 -1.530609930525316  
17.812508886156024 0 -1.528106834480675  17.812508886156028 2.4710000000000001 -1.5281068344806759  
17.786037564845081 0 -1.5186580424407379  17.786037564845081 2.4710000000000001 -1.5186580424407383  
17.748695438620008 0 -1.5049843308081192  17.748695438620004 2.4710000000000001 -1.5049843308081197  
17.716055668936551 0 -1.4925940436189395  17.716055668936548 2.4710000000000001 -1.49259404361894  
17.697936595104476 0 -1.4856118255766575  17.697936595104476 2.4710000000000001 -1.4856118255766582  
17.684764744489101 0 -1.4804989041994894  17.684764744489101 2.4710000000000001 -1.4804989041994896  
17.647201905015223 0 -1.4656948210450738  17.647201905015219 2.4710000000000001 -1.4656948210450738  
17.61475333122273 0 -1.4523849292396074  17.61475333122273 2.4710000000000001 -1.4523849292396078  
17.588786102649912 0 -1.4413473135462747  17.588786102649912 2.4710000000000001 -1.4413473135462751  
17.583003989093037 0 -1.4388855990223117  17.583003989093037 2.4710000000000001 -1.4388855990223119  
17.558747128551019 0 -1.4284824740042352  17.558747128551019 2.4710000000000001 -1.4284824740042352  
17.521298969890466 0 -1.4118740553540721  17.52129896989047 2.4710000000000001 -1.4118740553540721  
17.488152938808142 0 -1.396399145454926  17.488152938808142 2.4710000000000001 -1.3963991454549265  
17.47004848354814 0 -1.387741278823992  17.47004848354814 2.4710000000000001 -1.3877412788239922  
17.459480536464035 0 -1.3826508737803582  17.459480536464035 2.4710000000000001 -1.3826508737803584  
17.425269887508694 0 -1.3658931706718072  17.425269887508694 2.4710000000000001 -1.3658931706718074  
17.392561248982563 0 -1.349019438440058  17.39256124898256 2.4710000000000001 -1.3490194384400582  
17.365766907149709 0 -1.3344987800445658  17.365766907149709 2.4710000000000001 -1.334498780044566  
17.359788279597172 0 -1.3312401166966448  17.359788279597172 2.4710000000000001 -1.331240116696645  
17.338631653871328 0 -1.3196337062922006  17.338631653871328 2.4710000000000001 -1.3196337062922008  
17.303074655310208 0 -1.2993330433545085  17.303074655310208 2.4710000000000001 -1.2993330433545087  
17.270533837813243 0 -1.2792747142032153  17.270533837813247 2.4710000000000001 -1.2792747142032155  
17.253288306867553 0 -1.2681941530206953  17.253288306867553 2.4710000000000001 -1.2681941530206953  
17.245178558300019 0 -1.2629472761849134  17.245178558300022 2.4710000000000001 -1.2629472761849136  
17.214855825662443 0 -1.2429204475576974  17.214855825662447 2.4710000000000005 -1.2429204475576983  
17.183460653476885 0 -1.2205439815771186  17.183460653476889 2.4710000000000001 -1.2205439815771193  
17.157907082805309 0 -1.2009303930360495  17.157907082805309 2.4710000000000001 -1.20093039303605  
17.152545723845989 0 -1.1967645441881085  17.152545723845989 2.4710000000000001 -1.196764544188109  
17.134780421271831 0 -1.182887752686016  17.134780421271831 2.4710000000000001 -1.1828877526860162  
17.10381445618469 0 -1.1571878304981  17.103814456184693 2.4710000000000001 -1.1571878304981003  
17.076616541010132 0 -1.1283220706920098  17.076616541010129 2.4710000000000001 -1.1283220706920098  
17.063987464064915 0 -1.1123827645567235  17.063987464064912 2.4710000000000001 -1.1123827645567235  
17.057314847928236 0 -1.1038726986298348  17.057314847928236 2.4710000000000001 -1.1038726986298351  
17.032593651113419 0 -1.0692089450237006  17.032593651113419 2.4710000000000001 -1.0692089450237008  
17.017289681125202 0 -1.0307895915022709  17.017289681125202 2.4709999999999996 -1.0307895915022711  
17.019188430087649 0 -1.0022393092041908  17.019188430087649 2.4710000000000001 -1.002239309204191  
17.019194933134486 0 -1.0021438390249158  17.019194933134486 2.4710000000000001 -1.0021438390249158  
17.019200000000001 0 -1.0020707736838586  17.019200000000001 2.4710000000000001 -1.0020707736838588  

0 4
0.0094187985986435158 1
0.010927159923939113 1
0.011447641272615324 1
0.014127056845544142 1
0.014318580212740876 1
0.018247843268420178 1
0.018761511778204204 1
0.018833995480635066 1
0.021479854339147897 1
0.023540858682621922 1
0.025573783590153044 1
0.026080608511525216 1
0.028248129419371725 1
0.028625295209091378 1
0.032899782599950564 1
0.032956521309560505 1
0.033399815669753113 1
0.035794936636593382 1
0.037666522781397344 1
0.040225734895285796 1
0.040719098578200469 1
0.042378376625890737 1
0.042964583976029098 1
0.04709229997361182 1
0.047551707401635585 1
0.048038390655982428 1
0.050134267461766448 1
0.051808213881211054 1
0.054877684687770378 1
0.055357765685647098 1
0.056526113801663558 1
0.05730384576958103 1
0.061245892721259181 1
0.062203667201386974 1
0.062677225258833694 1
0.064473497047564998 1
0.065967418998909802 1
0.069529715167540085 1
0.069996630963867934 1
0.070690630091039111 1
0.071643231045636135 1
0.075415285813167615 1
0.07685567385193097 1
0.077316052507404309 1
0.078813139672958221 1
0.080141321124955978 1
0.084181710882601193 1
0.084635375339321112 1
0.084868626873739389 1
0.085982850694081459 1
0.089597033957511271 1
0.091507676791023188 1
0.091954769097756711 1
0.093152612562360695 1
0.094326447807013561 1
0.098833663703968733 1
0.099056747364885983 1
0.099274259841919316 1
0.10032224828249185 1
0.10378778832412001 1
0.10615962502170075 1
0.10659377113332706 1
0.1074921556597159 1
0.10851945532337283 1
0.11325160124460676 1
0.11348562142016531 1
0.11391323162814733 1
0.11466204402675867 1
0.11798409726646468 1
0.12081160851959671 1
0.12123255574975121 1
0.12183185715787898 1
0.12271681936319365 1
0.12744958433440584 1
0.12813758665924757 1
0.12855196442049227 1
0.12900162651828981 1
0.13218229070760512 1
0.13546356640889756 1
0.13587141668488217 1
0.13617125339890634 1
0.13691478975261162 1
0.14164693969054679 1
0.14278953106193173 1
0.14319088984478273 1
0.14334084006359774 1
0.14637866139452982 1
0.1501155585259033 1
0.15051030521285927 1
0.15051044469290711 1
0.15110979693432702 1
0.15584025972135415 1
0.15744150755165709 1
0.15768018964064473 1
0.15782972242122961 1
0.16056998715037887 1
0.16476755782702934 1
0.16484997155447742 1
0.16514919301856559 1
0.16529886106464647 1
0.17002684898423148 1
0.17201991582448461 1
0.17209350206845456 1
0.1724686007478079 1
0.17475390384286849 1
0.17918975109031415 1
0.17941952655188989 1
0.17947992896395032 1
0.17978798985036773 1
0.18420494535680748 1
0.18635957307804185 1
0.18674551437402243 1
0.18710740682428126 1
0.18892893086627929 1
0.19352910794157394 1
0.19365182760123176 1
0.19407151313914262 1
0.19442680986143007 1
0.19837367727079153 1
0.20069875781888166 1
0.20139751709301038 1
0.20174628800733865 1
0.20309442445661005 1
0.20781413022940687 1
0.20786845453036687 1
0.20872347316614567 1
0.20906565991620474 1
0.21253281377658365 1
0.21503824146964798 1
0.21604945717287305 1
0.21638512547585548 1
0.21725044417664482 1
0.22196710453926033 1
0.22220802726809316 1
0.22337542750181985 1
0.22370449930029737 1
0.2266828145339998 1
0.22937774380261852 1
0.2307014164049789 1
0.23102394574877166 1
0.23139755807142223 1
0.23611143068012944 1
0.23654758090370059 1
0.23802742324494533 1
0.23834333186677908 1
0.24082446346674441 1
0.24371736226837637 1
0.24535343904185405 1
0.24553667293658329 1
0.24566270961385545 1
0.25024814327804346 1
0.25088709322424174 1
0.25267939332640377 1
0.25298212917095558 1
0.25495888903791286 1
0.2580567982201224 1
0.25966897558223212 1
0.26000535146331133 1
0.26030156133667109 1
0.26437846845347601 1
0.26522644133267786 1
0.26733127187901551 1
0.26762107491408854 1
0.26908739225198314 1
0.27239610527915764 1
0.27379584026038428 1
0.27465722439709944 1
0.27494040399363523 1
0.27850385691313856 1
0.2795656471213166 1
0.28198316682198055 1
0.28225976762322136 1
0.28321147644293904 1
0.28673542773274868 1
0.28791878699569995 1
0.28930913737328073 1
0.28957913306769834 1
0.29262583517714774 1
0.29390518082933709 1
0.29663513121628587 1
0.29689863269757844 1
0.29733267616273079 1
0.30107515592072398 1
0.30203938762874116 1
0.30396109083292272 1
0.30421814358033039 1
0.30674600995221979 1
0.30824479597755478 1
0.31128703601037616 1
0.31145261658000772 1
0.31153761509466293 1
0.3154146194118414 1
0.31615926877692468 1
0.3186129493322743 1
0.31885699937893452 1
0.32086602039982809 1
0.32258426316585603 1
0.3255729436081658 1
0.32593891429729849 1
0.32617640535880338 1
0.32975410024240853 1
0.33028009157856941 1
0.33326486172970854 1
0.33349578142162828 1
0.33498753215340082 1
0.33692385306539074 1
0.33969533038795113 1
0.34059081774719746 1
0.34081524625545101 1
0.34409349002171019 1
0.34440353896765979 1
0.34791671671407509 1
0.34813467872355291 1
0.34911224593201245 1
0.35126322040308977 1
0.35382150443841875 1
0.35524269375655287 1
0.35545412795226206 1
0.35843299034383569 1
0.35853136771464272 1
0.36256867946938592 1
0.36277349059255903 1
0.36324192136114342 1
0.36560282008315231 1
0.36795322422757387 1
0.36989469512009848 1
0.37009291937883609 1
0.37266535841910492 1
0.37277239134071033 1
0.37722063972229353 1
0.37737836263114927 1
0.37741232340856035 1
0.37994211577843207 1
0.38209230787435594 1
0.38454660598138862 1
0.38473177748375315 1
0.38680728871150299 1
0.38711189590992623 1
0.39152333064809686 1
0.39187254616933159 1
0.39205119339376132 1
0.39428180406844349 1
0.39624051160515783 1
0.39919853865782273 1
0.39937064302301134 1
0.40095893250356635 1
0.40145148602525099 1
0.40567861610178296 1
0.40652448359484356 1
0.40669003846754215 1
0.40862117368667167 1
0.41039961785861401 1
0.41385040702810838 1
0.41400946412434786 1
0.41512207182073263 1
0.41579075662667414 1
0.41984599879082291 1
0.42117633387464676 1
0.42132887566820559 1
0.42296047791620162 1
0.42457151944145033 1
0.42850228381992422 1
0.42864827125563698 1
0.42929868844997443 1
0.43013017793736019 1
0.43402759609371006 1
0.43582829649275706 1
0.43596763977538516 1
0.43729999913596723 1
0.43875842045636304 1
0.44315419971882625 1
0.44328702260806979 1
0.44349125986649207 1
0.44446988005474919 1
0.44822626690871298 1
0.45048007843772986 1
0.4506064885074022 1
0.45163955535203554 1
0.45296380571245076 1
0.45770415444817414 1
0.45780585897369747 1
0.4579258909919508 1
0.45880934283161878 1
0.46244770033886917 1
0.46513154422815806 1
0.46524530262807018 1
0.46597881364174254 1
0.46719554996065049 1
0.47194883945061272 1
0.47245701960420833 1
0.47256464669280585 1
0.47314852671353841 1
0.47670910289110474 1
0.47978207447322463 1
0.47988385033135045 1
0.48031776729869824 1
0.48148223945484686 1
0.48627828521657024 1
0.48710509221626069 1
0.4872018835055581 1
0.48748569113485174 1
0.4911163293880757 1
0.49439909506935747 1
0.494462013386683 1
0.49460109078335818 1
0.49624908570500859 1
0.50164623556356946 1
0.50165048445985572 1
0.50166434587376163 4

0 2
0.1511779934862732 2

9 0 0 0 0 3 1 312 2 310 2 17.019200000000001 0 -1.0020707736838586  17.019200000000001 2.4710000000000001 -1.0020707736838588  
17.01920299961948 0 -1.0020275184958434  17.019202999619484 2.4710000000000001 -1.0020275184958434  
17.019207171040321 0 -1.0019679913424475  17.019207171040321 2.4710000000000001 -1.0019679913424477  
17.021232521365793 0 -0.97347334393735341  17.021232521365793 2.4710000000000001 -0.97347334393735352  
17.041427395378722 0 -0.93785913877854254  17.041427395378722 2.4710000000000005 -0.93785913877854254  
17.070894851053385 0 -0.90788531129359173  17.070894851053385 2.4710000000000001 -0.90788531129359196  
17.078611063115947 0 -0.90082905977195837  17.07861106311595 2.4710000000000001 -0.90082905977195848  
17.093703387885334 0 -0.88719752511465377  17.093703387885338 2.4710000000000001 -0.887197525114654  
17.125146980671275 0 -0.86417400832216928  17.125146980671282 2.4710000000000005 -0.8641740083221694  
17.160594203047875 0 -0.8455057430553452  17.160594203047875 2.4710000000000005 -0.84550574305534554  
17.180480194267293 0 -0.83603307232256308  17.18048019426729 2.4710000000000001 -0.8360330723225633  
17.186885960897726 0 -0.83300985086702095  17.186885960897726 2.4710000000000001 -0.83300985086702128  
17.215958201050874 0 -0.81959455287488203  17.215958201050874 2.4710000000000001 -0.81959455287488225  
17.251279961784398 0 -0.80538438223633801  17.251279961784402 2.4710000000000005 -0.80538438223633824  
17.284986061426885 0 -0.793553954581393  17.284986061426885 2.4710000000000001 -0.79355395458139311  
17.293725343544871 0 -0.79059996268774158  17.293725343544871 2.4710000000000001 -0.7905999626877418  
17.313220568161711 0 -0.78409537631444426  17.313220568161711 2.4710000000000001 -0.78409537631444448  
17.349160699107269 0 -0.77302589006529687  17.349160699107266 2.4710000000000001 -0.77302589006529709  
17.388451192575992 0 -0.76264876618096211  17.388451192575989 2.4709999999999996 -0.76264876618096233  
17.411350791524839 0 -0.75708371054559676  17.411350791524839 2.4710000000000001 -0.75708371054559698  
17.418146284994609 0 -0.75545507968856374  17.418146284994613 2.4710000000000001 -0.75545507968856396  
17.4475101644259 0 -0.74850692390171747  17.447510164425907 2.4710000000000001 -0.74850692390171747  
17.483092722444049 0 -0.74097391228831677  17.483092722444052 2.4710000000000001 -0.74097391228831677  
17.519990188877969 0 -0.73404563302417136  17.519990188877966 2.4710000000000001 -0.73404563302417136  
17.531192465835392 0 -0.73202616087072281  17.531192465835392 2.4710000000000001 -0.73202616087072292  
17.550880211970423 0 -0.72853974103944341  17.550880211970419 2.4710000000000001 -0.72853974103944352  
17.586389651612549 0 -0.72262342524757295  17.586389651612542 2.4710000000000001 -0.72262342524757317  
17.626590730496421 0 -0.71679947612645589  17.626590730496417 2.4710000000000001 -0.71679947612645623  
17.652285599619056 0 -0.713430900459467  17.652285599619056 2.4710000000000001 -0.71343090045946733  
17.658555328052717 0 -0.71262747817505101  17.658555328052717 2.4710000000000001 -0.71262747817505134  
17.68613422118235 0 -0.70911099385116017  17.68613422118235 2.4710000000000001 -0.7091109938511605  
17.720569569626903 0 -0.70520880222425064  17.720569569626903 2.4710000000000001 -0.70520880222425086  
17.760285987348613 0 -0.70133213042418741  17.760285987348613 2.4710000000000005 -0.70133213042418774  
17.774117357135992 0 -0.70006420580218154  17.774117357135992 2.4710000000000001 -0.70006420580218187  
17.793239274786231 0 -0.69836522668320311  17.793239274786231 2.4710000000000001 -0.69836522668320344  
17.827483656497115 0 -0.69551870385260683  17.827483656497112 2.4710000000000001 -0.69551870385260717  
17.866648866040251 0 -0.69280946171352498  17.866648866040254 2.4710000000000001 -0.69280946171352531  
17.89446869224156 0 -0.69116738172092196  17.894468692241567 2.4710000000000001 -0.69116738172092207  
17.901841473280463 0 -0.69075085037744444  17.901841473280463 2.4710000000000001 -0.69075085037744466  
17.928360807964381 0 -0.68927153197700664  17.928360807964381 2.4710000000000001 -0.68927153197700686  
17.961866175198622 0 -0.68771643061982046  17.961866175198619 2.4710000000000001 -0.68771643061982068  
18.002361144775882 0 -0.68628393121764708  18.002361144775882 2.4710000000000001 -0.6862839312176473  
18.018890803462668 0 -0.68578402753406609  18.018890803462668 2.4710000000000001 -0.68578402753406642  
18.037162073047426 0 -0.68527860004088814  18.037162073047426 2.4710000000000001 -0.68527860004088836  
18.069864891962823 0 -0.6844827376650201  18.069864891962823 2.4710000000000001 -0.68448273766502021  
18.106429180349178 0 -0.68394630630951991  18.106429180349181 2.4710000000000001 -0.68394630630952014  
18.136888748995784 0 -0.68372594967380151  18.136888748995791 2.4710000000000001 -0.68372594967380174  
18.146023990784759 0 -0.68368108782363457  18.146023990784766 2.4710000000000001 -0.68368108782363479  
18.172567536960777 0 -0.68358406602808364  18.172567536960781 2.4710000000000001 -0.68358406602808386  
18.204452477419977 0 -0.68366323070445112  18.204452477419981 2.4710000000000001 -0.68366323070445145  
18.244888514509338 0 -0.68408125804269493  18.244888514509334 2.4710000000000001 -0.68408125804269504  
18.26414916190252 0 -0.68436732000956901  18.26414916190252 2.4710000000000001 -0.68436732000956912  
18.28143486121553 0 -0.68466484922554183  18.28143486121553 2.4710000000000001 -0.68466484922554194  
18.31248441861452 0 -0.68525789705815487  18.31248441861452 2.4710000000000001 -0.68525789705815487  
18.346285499287387 0 -0.68613748996613255  18.34628549928739 2.4710000000000001 -0.68613748996613266  
18.379387752640895 0 -0.68718092562562094  18.379387752640898 2.4710000000000001 -0.68718092562562116  
18.390267847442246 0 -0.68754628563489506  18.390267847442246 2.4710000000000001 -0.68754628563489528  
18.416782505554693 0 -0.68847539765217758  18.416782505554693 2.4710000000000001 -0.6884753976521778  
18.446985695440844 0 -0.68965262380175929  18.446985695440844 2.4710000000000001 -0.68965262380175951  
18.48729880040905 0 -0.69144675958261415  18.487298800409057 2.4710000000000001 -0.69144675958261448  
18.509312582868233 0 -0.69251179440188071  18.509312582868233 2.4710000000000001 -0.69251179440188104  
18.525540815504904 0 -0.6933307830068689  18.525540815504907 2.4710000000000001 -0.69333078300686923  
18.554898101447396 0 -0.69484003767637004  18.554898101447396 2.4710000000000001 -0.69484003767637048  
18.585861526576764 0 -0.6965851017757092  18.585861526576764 2.4710000000000001 -0.69658510177570943  
18.621618093010223 0 -0.69874556304534119  18.621618093010223 2.4710000000000001 -0.69874556304534141  
18.634229673028223 0 -0.69952997514270199  18.634229673028223 2.4710000000000001 -0.69952997514270221  
18.660697120070267 0 -0.70121482506311694  18.660697120070271 2.4710000000000001 -0.70121482506311716  
18.68919993570778 0 -0.70309927898100555  18.68919993570778 2.4710000000000001 -0.70309927898100577  
18.729366845454614 0 -0.70590560276756698  18.729366845454617 2.4710000000000001 -0.7059056027675672  
18.75415412457734 0 -0.70771486445411647  18.75415412457734 2.4710000000000001 -0.70771486445411669  
18.769288157578021 0 -0.70884510755340324  18.769288157578025 2.4710000000000001 -0.70884510755340346  
18.796944912123088 0 -0.71091951934969255  18.796944912123095 2.4710000000000001 -0.71091951934969289  
18.825037947481931 0 -0.71311987454534154  18.825037947481935 2.4710000000000001 -0.71311987454534176  
18.863466342652167 0 -0.71624077952773302  18.86346634265217 2.4710000000000005 -0.71624077952773324  
18.877803642653145 0 -0.71742597211636627  18.877803642653145 2.4710000000000001 -0.71742597211636649  
18.904222451937439 0 -0.71964464520577365  18.904222451937436 2.4710000000000001 -0.71964464520577387  
18.931028311262576 0 -0.72193483367093614  18.931028311262573 2.4710000000000001 -0.72193483367093636  
18.970882341614843 0 -0.72543719604391799  18.970882341614836 2.4710000000000001 -0.7254371960439181  
18.997450480971995 0 -0.72783426986738786  18.997450480971985 2.4710000000000001 -0.72783426986738808  
19.012648132115363 0 -0.72922316631338513  19.012648132115359 2.4710000000000001 -0.72922316631338535  
19.038779759438896 0 -0.73161383539820002  19.038779759438892 2.4710000000000001 -0.73161383539820024  
19.065005424114155 0 -0.73406868348075149  19.065005424114155 2.4710000000000001 -0.73406868348075149  
19.104954620893025 0 -0.73787914102859853  19.104954620893025 2.4710000000000001 -0.73787914102859875  
19.121014828367702 0 -0.73942797639947189  19.121014828367706 2.4710000000000001 -0.73942797639947211  
19.147394922190905 0 -0.74199866000735315  19.147394922190912 2.4710000000000001 -0.74199866000735337  
19.172516144754386 0 -0.74446521149531764  19.172516144754393 2.4710000000000001 -0.74446521149531786  
19.209473167219734 0 -0.74814547977348622  19.209473167219734 2.4710000000000001 -0.74814547977348633  
19.238773494582883 0 -0.75110282833934106  19.238773494582887 2.4710000000000001 -0.75110282833934117  
19.255697477892699 0 -0.75282295727003656  19.255697477892703 2.4710000000000001 -0.75282295727003667  
19.282063097087264 0 -0.75550730597342541  19.282063097087264 2.4710000000000001 -0.75550730597342541  
19.306347171466193 0 -0.75800396403185144  19.306347171466196 2.4710000000000001 -0.75800396403185166  
19.34617617161711 0 -0.76212910375230958  19.346176171617106 2.4710000000000001 -0.76212910375230969  
19.364818232897331 0 -0.76407047037361908  19.364818232897328 2.4710000000000001 -0.76407047037361919  
19.390323609069668 0 -0.7667379916547592  19.390323609069668 2.4710000000000001 -0.76673799165475931  
19.413774563994856 0 -0.76919577165450381  19.413774563994849 2.4710000000000001 -0.76919577165450392  
19.447841872154015 0 -0.77278380225438059  19.447841872154012 2.4710000000000001 -0.7727838022543807  
19.479900585654875 0 -0.77617746214580041  19.479900585654871 2.4710000000000001 -0.77617746214580063  
19.498558615151705 0 -0.77815844075166629  19.498558615151698 2.4710000000000001 -0.7781584407516664  
19.524906902967636 0 -0.78095899576275896  19.524906902967629 2.4710000000000001 -0.78095899576275907  
19.547527780467377 0 -0.78337116816439401  19.547527780467377 2.4710000000000001 -0.78337116816439423  
19.587251993267827 0 -0.78761712692109032  19.587251993267827 2.4709999999999996 -0.78761712692109043  
19.608758243926665 0 -0.78992072966303262  19.608758243926665 2.4710000000000001 -0.78992072966303284  
19.63312180710119 0 -0.79253348522636746  19.633121807101187 2.4710000000000001 -0.79253348522636768  
19.654914436753856 0 -0.79487135263679221  19.654914436753849 2.4710000000000001 -0.79487135263679232  
19.686095759954782 0 -0.798219976717362  19.686095759954775 2.4710000000000001 -0.79821997671736211  
19.72093540268807 0 -0.80196464500850984  19.720935402688067 2.4710000000000001 -0.80196464500851017  
19.741331585994217 0 -0.80415768223344442  19.741331585994214 2.4710000000000001 -0.80415768223344464  
19.767674040814576 0 -0.80699030738249589  19.767674040814576 2.4710000000000001 -0.80699030738249611  
19.788641669408641 0 -0.80924524846744572  19.788641669408641 2.4710000000000001 -0.80924524846744594  
19.828276429489684 0 -0.81350681067624908  19.828276429489687 2.4710000000000001 -0.8135068106762493  
19.852665171982714 0 -0.81612824623465752  19.852665171982718 2.4710000000000001 -0.81612824623465763  
19.875885371504648 0 -0.81862218886622906  19.875885371504648 2.4710000000000001 -0.81862218886622917  
19.896027531172663 0 -0.8207852748752773  19.896027531172667 2.4710000000000001 -0.82078527487527753  
19.924321847888528 0 -0.82382162048476992  19.924321847888528 2.4710000000000001 -0.82382162048477015  
19.961958305048213 0 -0.82785497888404558  19.961958305048217 2.4710000000000001 -0.82785497888404591  
19.98409506734324 0 -0.83022436632922503  19.98409506734324 2.4710000000000001 -0.83022436632922536  
20.010435855815864 0 -0.83304128766443797  20.010435855815867 2.4710000000000001 -0.83304128766443819  
20.029753311007489 0 -0.83510496412870072  20.029753311007493 2.4710000000000001 -0.83510496412870083  
20.069300824873153 0 -0.83932404709848374  20.069300824873153 2.4710000000000001 -0.83932404709848396  
20.095642451794394 0 -0.84212859689287078  20.095642451794394 2.4710000000000001 -0.8421285968928709  
20.118650120340885 0 -0.84457340419596494  20.118650120340885 2.4710000000000001 -0.84457340419596516  
20.137143295750356 0 -0.84653825281487716  20.137143295750356 2.4710000000000001 -0.84653825281487727  
20.163485811787123 0 -0.84933256866975282  20.163485811787119 2.4710000000000001 -0.84933256866975304  
20.20299396224021 0 -0.85351406647317785  20.202993962240207 2.4710000000000001 -0.85351406647317818  
20.226873566392914 0 -0.85603648992602888  20.226873566392911 2.4710000000000001 -0.8560364899260291  
20.253218231086443 0 -0.85881554641676727  20.253218231086439 2.4710000000000001 -0.85881554641676749  
20.270887595585293 0 -0.86067748130233701  20.27088759558529 2.4710000000000001 -0.86067748130233723  
20.308020133212857 0 -0.86458498225438585  20.308020133212853 2.4710000000000001 -0.86458498225438607  
20.336701507778059 0 -0.86759645893803783  20.336701507778059 2.4710000000000001 -0.86759645893803805  
20.361453284311974 0 -0.87019044245060684  20.36145328431197 2.4710000000000001 -0.87019044245060717  
20.380632333739985 0 -0.87219978237779072  20.380632333739985 2.4710000000000001 -0.87219978237779117  
20.404642387252984 0 -0.87471184160377113  20.404642387252984 2.4710000000000001 -0.87471184160377158  
20.444066518371855 0 -0.87882946824218866  20.444066518371855 2.4710000000000001 -0.8788294682421891  
20.469689608087222 0 -0.88150080934878106  20.469689608087222 2.4710000000000001 -0.8815008093487815  
20.496037215553713 0 -0.88424408074797167  20.496037215553713 2.4710000000000001 -0.88424408074797212  
20.512055806299607 0 -0.88591079722865074  20.512055806299603 2.4710000000000001 -0.88591079722865129  
20.54629583097033 0 -0.88946990589183228  20.54629583097033 2.4710000000000001 -0.88946990589183272  
20.577790314074576 0 -0.89273789618491128  20.577790314074576 2.4710000000000001 -0.89273789618491151  
20.604287821242497 0 -0.89548324139288971  20.604287821242497 2.4710000000000001 -0.89548324139289015  
20.624624397200453 0 -0.89758943077510145  20.624624397200449 2.4710000000000001 -0.897589430775102  
20.645830031192311 0 -0.89978367461579212  20.645830031192308 2.4710000000000001 -0.89978367461579256  
20.685170525466795 0 -0.90385048624163034  20.685170525466788 2.4710000000000001 -0.90385048624163045  
20.712539184382145 0 -0.90667642750402533  20.712539184382141 2.4710000000000001 -0.90667642750402555  
20.738889499889872 0 -0.90939538249225049  20.738889499889865 2.4710000000000001 -0.90939538249225071  
20.753255362783591 0 -0.91087742290658513  20.753255362783584 2.4710000000000001 -0.91087742290658535  
20.784601465342014 0 -0.91411002635383654  20.784601465342007 2.4710000000000001 -0.91411002635383665  
20.818903745266596 0 -0.9176450470011589  20.818903745266592 2.4710000000000005 -0.91764504700115912  
20.847144434947282 0 -0.92055385517054622  20.847144434947282 2.4710000000000001 -0.92055385517054655  
20.868635701651471 0 -0.92276710308858634  20.868635701651471 2.4710000000000001 -0.92276710308858667  
20.887037649312106 0 -0.9246617762698186  20.887037649312106 2.4710000000000001 -0.92466177626981882  
20.926293017210636 0 -0.92870293841318408  20.926293017210643 2.4710000000000001 -0.9287029384131843  
20.955404884269406 0 -0.93169942274727935  20.955404884269413 2.4710000000000001 -0.93169942274727946  
20.981758386791554 0 -0.93441261164067868  20.981758386791562 2.4710000000000001 -0.9344126116406789  
20.994473034685591 0 -0.93572168398874056  20.994473034685598 2.4710000000000001 -0.93572168398874078  
21.022930851195042 0 -0.93865202391582003  21.022930851195039 2.4710000000000001 -0.93865202391582048  
21.060036007438079 0 -0.94247457163287285  21.060036007438079 2.4710000000000001 -0.9424745716328734  
21.090016154321077 0 -0.94556562228305197  21.090016154321077 2.4710000000000001 -0.94556562228305241  
21.112656417168321 0 -0.94790095157296195  21.112656417168324 2.4710000000000001 -0.94790095157296239  
21.12825932578523 0 -0.94951108744117452  21.12825932578523 2.4710000000000001 -0.94951108744117496  
21.167424268325611 0 -0.95355509558892682  21.167424268325608 2.4710000000000001 -0.95355509558892726  
21.197494785226102 0 -0.95666411397574946  21.197494785226102 2.4710000000000001 -0.95666411397574991  
21.224630656307298 0 -0.95947415603696995  21.224630656307298 2.4710000000000001 -0.95947415603697017  
21.235693013987721 0 -0.96061983870181789  21.235693013987721 2.4710000000000001 -0.96061983870181811  
21.26204888839564 0 -0.96335107863855063  21.262048888395636 2.4710000000000001 -0.96335107863855074  
21.301166483785373 0 -0.96741182202765097  21.301166483785376 2.4710000000000001 -0.96741182202765108  
21.332884460745753 0 -0.97071222336750962  21.332884460745753 2.4710000000000001 -0.97071222336750973  
21.356661835264401 0 -0.97318975557396203  21.356661835264397 2.4710000000000001 -0.97318975557396215  
21.369473879707698 0 -0.97452596427888227  21.369473879707698 2.4710000000000001 -0.97452596427888249  
21.406787334759812 0 -0.978421484549301  21.406787334759812 2.4709999999999996 -0.97842148454930122  
21.437475418789937 0 -0.98163405809641635  21.437475418789937 2.4710000000000001 -0.98163405809641657  
21.467482959434498 0 -0.98478461289556163  21.467482959434498 2.4710000000000001 -0.98478461289556196  
21.478646858625304 0 -0.98595718317383563  21.478646858625307 2.4710000000000001 -0.98595718317383596  
21.503244880886808 0 -0.98854333599271205  21.503244880886811 2.4710000000000001 -0.98854333599271249  
21.542267867566714 0 -0.99265608803375205  21.542267867566714 2.4709999999999996 -0.99265608803375227  
21.575721119128861 0 -0.9961941868982318  21.575721119128865 2.4710000000000001 -0.99619418689823191  
21.600623398979927 0 -0.9988334533571972  21.600623398979931 2.4710000000000001 -0.99883345335719731  
21.610655594588295 0 -0.99989776813642617  21.610655594588302 2.4710000000000001 -0.99989776813642628  
21.64510194074154 0 -1.0035557209772239  21.645101940741544 2.4710000000000001 -1.0035557209772241  
21.677437853946191 0 -1.007001085141221  21.677437853946191 2.4710000000000001 -1.0070010851412214  
21.710305600304864 0 -1.0105180458233181  21.710305600304864 2.4710000000000001 -1.0105180458233185  
21.72258845366575 0 -1.0118335560336784  21.72258845366575 2.4710000000000001 -1.0118335560336789  
21.744412700589685 0 -1.0141735307139932  21.744412700589685 2.4710000000000001 -1.0141735307139936  
21.783338663678514 0 -1.0183591096224593  21.783338663678517 2.4710000000000001 -1.01835910962246  
21.818524321813719 0 -1.0221615312255978  21.818524321813719 2.4710000000000001 -1.0221615312255983  
21.844536161006516 0 -1.024982115792566  21.844536161006516 2.4710000000000001 -1.024982115792566  
21.851801679687775 0 -1.0257708308546631  21.851801679687778 2.4710000000000001 -1.0257708308546634  
21.883390017047013 0 -1.0292028933351516  21.883390017047017 2.4710000000000001 -1.0292028933351518  
21.917368472675946 0 -1.0329109063838142  21.917368472675946 2.4710000000000001 -1.0329109063838142  
21.953078154536271 0 -1.0368319432444708  21.953078154536271 2.4710000000000001 -1.036831943244471  
21.966464792062304 0 -1.0383044265780836  21.9664647920623 2.4710000000000001 -1.0383044265780836  
21.985527226696583 0 -1.0404036485234804  21.985527226696579 2.4710000000000001 -1.0404036485234804  
22.024351434869857 0 -1.0446930928874216  22.024351434869853 2.4710000000000001 -1.0446930928874216  
22.061264458665221 0 -1.0488002115780661  22.061264458665221 2.4710000000000001 -1.0488002115780664  
22.087611005079449 0 -1.0517471326656331  22.087611005079452 2.4710000000000001 -1.0517471326656334  
22.092883503055361 0 -1.0523374622125257  22.092883503055369 2.4710000000000001 -1.0523374622125259  
22.121627683132633 0 -1.0555580270665901  22.12162768313264 2.4710000000000001 -1.0555580270665903  
22.158002410468789 0 -1.0596573907903049  22.158002410468793 2.4710000000000001 -1.0596573907903051  
22.19577575862521 0 -1.0639495429095345  22.19577575862521 2.4710000000000001 -1.0639495429095347  
22.210249461405763 0 -1.0655988757205725  22.210249461405763 2.4710000000000001 -1.0655988757205725  
22.226565695312274 0 -1.0674601120672085  22.226565695312274 2.4710000000000001 -1.0674601120672087  
22.265283399196186 0 -1.0718914911086077  22.265283399196189 2.4710000000000001 -1.0718914911086079  
22.303491673170086 0 -1.0763032174864102  22.303491673170083 2.4710000000000001 -1.0763032174864104  
22.330255707381291 0 -1.0794143587674123  22.330255707381291 2.4710000000000001 -1.0794143587674125  
22.333876224873219 0 -1.0798354568194255  22.333876224873215 2.4710000000000001 -1.0798354568194257  
22.360216670826325 0 -1.0829005226325163  22.360216670826318 2.4710000000000001 -1.0829005226325163  
22.398879846575845 0 -1.0874293588292459  22.398879846575845 2.4710000000000001 -1.0874293588292456  
22.438370788457654 0 -1.0921012564398986  22.438370788457654 2.4710000000000001 -1.0921012564398986  
22.453911748311846 0 -1.0939472921098012  22.453911748311846 2.4710000000000001 -1.0939472921098015  
22.46749957730573 0 -1.0955625508846827  22.46749957730573 2.4710000000000001 -1.0955625508846829  
22.505174263585122 0 -1.1000549519979068  22.505174263585118 2.4710000000000001 -1.100054951997907  
22.543230693772255 0 -1.104639070838811  22.543230693772252 2.4710000000000001 -1.1046390708388112  
22.572460331291197 0 -1.1081867322425381  22.572460331291197 2.4710000000000001 -1.1081867322425381  
22.575684929161245 0 -1.1085784231166074  22.575684929161248 2.4710000000000001 -1.1085784231166071  
22.601081403392143 0 -1.1116652863423033  22.601081403392147 2.4710000000000001 -1.1116652863423033  
22.63995354026487 0 -1.1164207913047726  22.639953540264862 2.4709999999999996 -1.1164207913047726  
22.679639754168015 0 -1.1213286882115967  22.679639754168011 2.4710000000000001 -1.1213286882115967  
22.697417313409026 0 -1.1235375278828821  22.697417313409019 2.4710000000000001 -1.1235375278828821  
22.708299383124583 0 -1.1248905029010268  22.708299383124579 2.4710000000000001 -1.1248905029010268  
22.744365183844181 0 -1.1293869263930243  22.744365183844181 2.4709999999999996 -1.1293869263930241  
22.782855848557144 0 -1.134233145465112  22.782855848557144 2.4710000000000001 -1.1342331454651118  
22.813114406956974 0 -1.1380756281211986  22.813114406956981 2.4710000000000001 -1.1380756281211983  
22.819113626274792 0 -1.1388383155021755  22.819113626274795 2.4710000000000001 -1.1388383155021753  
22.841812930695593 0 -1.141726060566524  22.841812930695596 2.4710000000000001 -1.141726060566524  
22.881799804058094 0 -1.1468455900471151  22.881799804058097 2.4710000000000001 -1.1468455900471155  
22.920225768581254 0 -1.1518187447993342  22.920225768581261 2.4710000000000001 -1.1518187447993347  
22.940757889066955 0 -1.1544898078752956  22.940757889066965 2.4710000000000001 -1.1544898078752959  
22.949465451951014 0 -1.1556235349974946  22.949465451951021 2.4710000000000001 -1.1556235349974948  
22.983981956553279 0 -1.1601280863326933  22.983981956553283 2.4710000000000001 -1.1601280863326933  
23.021026346702111 0 -1.1650067518479474  23.021026346702115 2.4710000000000001 -1.1650067518479479  
23.053612927416935 0 -1.1693367968664292  23.053612927416932 2.4710000000000001 -1.1693367968664297  
23.062357952963964 0 -1.1705008998108231  23.062357952963964 2.4710000000000001 -1.1705008998108233  
23.083712546858241 0 -1.1733466076727126  23.083712546858241 2.4710000000000001 -1.1733466076727126  
23.122340951309621 0 -1.1785235870187964  23.122340951309617 2.4710000000000001 -1.1785235870187962  
23.160647625599921 0 -1.1837106071105161  23.160647625599921 2.4710000000000001 -1.1837106071105166  
23.183903604267151 0 -1.1868783738002693  23.183903604267147 2.4710000000000001 -1.1868783738002693  
23.191604351862505 0 -1.1879287096965707  23.191604351862505 2.4710000000000001 -1.1879287096965707  
23.223456194421097 0 -1.1922799926401908  23.223456194421097 2.4710000000000001 -1.192279992640191  
23.258736518526074 0 -1.1971398841561611  23.258736518526078 2.4710000000000001 -1.1971398841561613  
23.29393962181895 0 -1.2020327181462653  23.293939621818954 2.4710000000000001 -1.2020327181462656  
23.305400952039744 0 -1.2036296257373733  23.305400952039747 2.4710000000000001 -1.2036296257373735  
23.325755545206526 0 -1.2064699325133001  23.325755545206526 2.4710000000000001 -1.2064699325133001  
23.362707335470951 0 -1.2116507824512546  23.362707335470951 2.4710000000000001 -1.2116507824512543  
23.400893132229417 0 -1.2170585460807277  23.40089313222942 2.4710000000000005 -1.2170585460807279  
23.426842833778281 0 -1.2207605923331437  23.426842833778284 2.4710000000000001 -1.2207605923331435  
23.43356253748729 0 -1.2217211929746719  23.433562537487294 2.4710000000000001 -1.2217211929746719  
23.462774310744315 0 -1.2259010307735725  23.462774310744315 2.4710000000000001 -1.2259010307735723  
23.496288004195115 0 -1.2307375222537327  23.496288004195115 2.4710000000000001 -1.2307375222537327  
23.53407227325873 0 -1.2362575709998018  23.534072273258719 2.4709999999999996 -1.2362575709998018  
23.548219709037653 0 -1.2383334892199622  23.548219709037646 2.4710000000000001 -1.2383334892199624  
23.567591840078229 0 -1.2411840557681562  23.567591840078222 2.4710000000000001 -1.2411840557681562  
23.602857869304245 0 -1.2464034472570875  23.602857869304238 2.4710000000000005 -1.2464034472570877  
23.640909594262137 0 -1.2521064624311271  23.64090959426213 2.4709999999999996 -1.2521064624311271  
23.667163992589547 0 -1.2560800965175618  23.667163992589543 2.4710000000000001 -1.2560800965175618  
23.675272114084045 0 -1.2573099203888434  23.675272114084045 2.4710000000000001 -1.2573099203888434  
23.701852204476925 0 -1.2613455777219593  23.701852204476928 2.4710000000000001 -1.2613455777219593  
23.735942189589419 0 -1.266572227892784  23.735942189589423 2.4710000000000001 -1.266572227892784  
23.773921386674857 0 -1.2724656628281514  23.773921386674854 2.4710000000000001 -1.2724656628281512  
23.790728459925731 0 -1.2750876971896641  23.790728459925731 2.4710000000000001 -1.2750876971896643  
23.809126525780037 0 -1.2779677654470776  23.809126525780037 2.4710000000000001 -1.2779677654470778  
23.842701954266964 0 -1.2832481091983969  23.842701954266964 2.4710000000000001 -1.2832481091983969  
23.87835443597616 0 -1.2889215767045761  23.878354435976163 2.4710000000000001 -1.2889215767045763  
23.906831870350775 0 -1.2934994853412385  23.906831870350782 2.4710000000000005 -1.2934994853412389  
23.916656221132939 0 -1.2950831248842203  23.916656221132939 2.4710000000000001 -1.2950831248842207  
23.942871296938904 0 -1.2993170872536952  23.942871296938904 2.4710000000000001 -1.2993170872536957  
23.975594880330682 0 -1.3046513206716577  23.975594880330679 2.4710000000000001 -1.3046513206716579  
24.013425526039466 0 -1.3108911536276369  24.013425526039462 2.4710000000000001 -1.3108911536276371  
24.03287426583195 0 -1.314120194967529  24.032874265831946 2.4710000000000001 -1.3141201949675294  
24.050298266726628 0 -1.3170253543743127  24.050298266726628 2.4710000000000001 -1.3170253543743129  
24.082179963511898 0 -1.3223612649483407  24.082179963511891 2.4710000000000001 -1.3223612649483409  
24.115104062182567 0 -1.3279360092704433  24.115104062182564 2.4709999999999996 -1.3279360092704435  
24.146111536585142 0 -1.333243388742638  24.146111536585149 2.4710000000000001 -1.3332433887426385  
24.157643087019451 0 -1.3352242943925183  24.157643087019459 2.4710000000000001 -1.3352242943925186  
24.183809557237325 0 -1.3397336137095288  24.183809557237328 2.4710000000000001 -1.3397336137095288  
24.214837411570695 0 -1.345128450910386  24.214837411570699 2.4710000000000001 -1.345128450910386  
24.252508931746185 0 -1.3517580589216878  24.252508931746185 2.4710000000000001 -1.351758058921688  
24.274585287523482 0 -1.3556755948641359  24.274585287523479 2.4710000000000001 -1.3556755948641359  
24.291029608856284 0 -1.3586095918208234  24.291029608856281 2.4710000000000001 -1.3586095918208236  
24.321212198469187 0 -1.3640112404087648  24.321212198469176 2.4710000000000001 -1.3640112404087645  
24.351402014147048 0 -1.369479163142358  24.351402014147041 2.4710000000000001 -1.369479163142358  
24.384921359963876 0 -1.3756207757774901  24.384921359963862 2.4710000000000001 -1.3756207757774903  
24.398149435918214 0 -1.3780555376429198  24.398149435918203 2.4710000000000001 -1.37805553764292  
24.424258717840988 0 -1.3828832088860747  24.424258717840981 2.4710000000000001 -1.3828832088860752  
24.45358531740958 0 -1.3883506666701626  24.453585317409573 2.4710000000000001 -1.388350666670163  
24.491084569833234 0 -1.3954239716790067  24.49108456983323 2.4710000000000001 -1.3954239716790069  
24.515769991913672 0 -1.4001252487693203  24.515769991913672 2.4710000000000001 -1.4001252487693205  
24.531233781598409 0 -1.4030887281106874  24.531233781598409 2.4710000000000001 -1.4030887281106876  
24.559710920941633 0 -1.408556643799691  24.55971092094164 2.4710000000000001 -1.408556643799691  
24.587169992301515 0 -1.4138890531302664  24.587169992301519 2.4710000000000001 -1.4138890531302666  
24.623173923384478 0 -1.4209702285257131  24.623173923384478 2.4710000000000001 -1.4209702285257135  
24.638085676151285 0 -1.4239201049986994  24.638085676151285 2.4710000000000001 -1.4239201049986998  
24.664140179903214 0 -1.4291080414425497  24.664140179903217 2.4710000000000001 -1.4291080414425499  
24.691771491791947 0 -1.4346550380404921  24.69177149179195 2.4710000000000001 -1.4346550380404925  
24.729088034893589 0 -1.4422400373685704  24.729088034893593 2.4710000000000001 -1.4422400373685709  
24.755098558777107 0 -1.4475917075105  24.75509855877711 2.4710000000000005 -1.4475917075105007  
24.770820534671479 0 -1.4508501689441533  24.770820534671483 2.4710000000000001 -1.4508501689441538  
24.797556454696366 0 -1.4563997893455096  24.79755645469637 2.4710000000000001 -1.4563997893455096  
24.823496586899722 0 -1.4618517080866267  24.823496586899722 2.4710000000000001 -1.4618517080866267  
24.860669281279588 0 -1.4698091182706081  24.860669281279591 2.4710000000000001 -1.4698091182706083  
24.877252281084274 0 -1.4733945856130699  24.877252281084274 2.4710000000000001 -1.4733945856130704  
24.903325887430132 0 -1.4791072285340281  24.903325887430135 2.4710000000000001 -1.4791072285340285  
24.929374435579351 0 -1.4848822151773162  24.929374435579348 2.4710000000000001 -1.4848822151773167  
24.965999141013505 0 -1.4931362424160655  24.965999141013501 2.4710000000000001 -1.4931362424160657  
24.992476176281663 0 -1.4991903552967638  24.992476176281663 2.4710000000000001 -1.499190355296764  
25.00962770255336 0 -1.5031340909967885  25.009627702553356 2.4710000000000001 -1.5031340909967887  
25.03488716601856 0 -1.5089505431849755  25.03488716601856 2.4710000000000001 -1.5089505431849757  
25.059360097239612 0 -1.5146361069384529  25.059360097239612 2.4710000000000001 -1.5146361069384531  
25.095914977447052 0 -1.5236042776960597  25.095914977447048 2.4710000000000001 -1.5236042776960599  
25.114225113374516 0 -1.5282534416856948  25.114225113374513 2.4710000000000001 -1.528253441685695  
25.141424395487871 0 -1.5355662886442396  25.141424395487867 2.4710000000000001 -1.5355662886442398  
25.209624778854714 0 -1.5545477688658098  25.20962477885471 2.4710000000000001 -1.55454776886581  
25.274148130457206 0 -1.5752165645029161  25.274148130457206 2.4710000000000001 -1.5752165645029164  
25.283999999999999 0 -1.5800018890345835  25.283999999999999 2.4710000000000001 -1.5800018890345837  

0.50166434587376163 4
0.50167255192680926 1
0.50167563950773675 1
0.50707080535134863 1
0.50866953008644389 1
0.50883369854911686 1
0.50887547618272866 1
0.51218554491661905 1
0.5157326152044438 1
0.51605083893958703 1
0.51611652486986348 1
0.51699615247064967 1
0.52175556871066142 1
0.5228535560941534 1
0.52331611358801544 1
0.52338800196649815 1
0.52649078113382586 1
0.5299749704400003 1
0.5305838358556183 1
0.53066278607417028 1
0.53121200128245527 1
0.53592516874550855 1
0.53709651595479513 1
0.53785197903198323 1
0.53793830958691802 1
0.5406325820460709 1
0.54421806048915278 1
0.54512019230631947 1
0.54521410274590132 1
0.54533554203577972 1
0.55003528466108298 1
0.55133961645999174 1
0.55238848863034873 1
0.55249003420239806 1
0.55473242200286199 1
0.55846124781245177 1
0.55942730325748768 1
0.55965673768529889 1
0.55976607832058756 1
0.56412047426429679 1
0.56558285964160249 1
0.5669250540488564 1
0.56704215665595015 1
0.56881213313972312 1
0.57270441229588664 1
0.57350242588339995 1
0.57419331329425649 1
0.57431826569523758 1
0.5781916284236579 1
0.57982589268851592 1
0.58146168143624699 1
0.58159436040775681 1
0.58287982860679222 1
0.58694750270453222 1
0.58756710702450077 1
0.58873003298516791 1
0.5888704789618564 1
0.59225361274283561 1
0.59406922569486464 1
0.59599845782579797 1
0.59614665021241153 1
0.59693939943676178 1
0.60119090920738461 1
0.6016245197727742 1
0.60326676806067703 1
0.60342285411257934 1
0.60630906380938765 1
0.60831237090063583 1
0.61053509810503104 1
0.61069906793207551 1
0.61099305816616523 1
0.61543405167652032 1
0.61567655770840368 1
0.61780337104576477 1
0.6179752245537421 1
0.62035961317081045 1
0.62255563361576383 1
0.62504223465925823 1
0.62507171457175825 1
0.62525135740796844 1
0.6296774418312856 1
0.62972448821047555 1
0.632340066972499 1
0.63252750261802115 1
0.63440639756447226 1
0.63679888265058837 1
0.63908797352088176 1
0.63960834172404646 1
0.63980373596312423 1
0.64376926125803413 1
0.64392042359306179 1
0.6468766771530543 1
0.64707997075247736 1
0.64845027965891022 1
0.65104178131414858 1
0.65313104193619509 1
0.65414495163572783 1
0.65435617246021893 1
0.65781158033459719 1
0.65816349549752173 1
0.66141327239142944 1
0.66163230976015153 1
0.6624919068576437 1
0.66528495000625898 1
0.66717204101043437 1
0.66868157260699423 1
0.66890853727233068 1
0.67185200879699269 1
0.67240660226319282 1
0.67594986139662383 1
0.67618478038705254 1
0.67653181769865667 1
0.67952824951972257 1
0.68121149545831317 1
0.68321822515430808 1
0.68346098526705157 1
0.68589105941200057 1
0.68665002096273142 1
0.69048658688081943 1
0.6905705228371356 1
0.69073711497818613 1
0.69377171846891261 1
0.69524991099741784 1
0.69775495049064817 1
0.69801331366643471 1
0.69992924213610064 1
0.7008933144269659 1
0.70460853677389867 1
0.7050233240919902 1
0.70528949732439583 1
0.70801494917350616 1
0.70928781546402164 1
0.71229163347485502 1
0.71256575535374633 1
0.71396709748934706 1
0.71513643693672113 1
0.71864640839963112 1
0.71955996708661218 1
0.71984193810577768 1
0.72225784491842893 1
0.72332576563426976 1
0.72682824863933826 1
0.72711814518991302 1
0.72800519320626556 1
0.72937940863757011 1
0.7326847099835867 1
0.73409664076657488 1
0.73439431583417825 1
0.7365010358508518 1
0.73736433342607721 1
0.74136497254938893 1
0.74167047357778204 1
0.74204408964927171 1
0.7436228024252145 1
0.74672399016994229 1
0.74863331111522124 1
0.74894672411052643 1
0.75074444993948253 1
0.75140405206774252 1
0.75590155221403466 1
0.75608430079781874 1
0.75622293178905775 1
0.75786604764860266 1
0.76076473903735364 1
0.76316990725058353 1
0.76349912506478723 1
0.76498765624187504 1
0.76544538552934505 1
0.77012625289774284 1
0.7704382550904868 1
0.7707752492131702 1
0.77210916307839972 1
0.77480734476138702 1
0.77770663641667825 1
0.77805140970143061 1
0.77923077324497925 1
0.77948868466520194 1
0.78417026984239324 1
0.78497493016506548 1
0.78532763167236819 1
0.78635234202800741 1
0.78885210604640077 1
0.79224326525795097 1
0.79260386381302028 1
0.79347388002694053 1
0.79353421707626848 1
0.79821660031895869 1
0.79951161975329232 1
0.79988006415349366 1
0.80059554632199947 1
0.80289926301044201 1
0.80677990870264882 1
0.80715627983584237 1
0.80758223772265425 1
0.80771708074776438 1
0.81226551946436909 1
0.81404822889935535 1
0.81443248064786999 1
0.81483878795905074 1
0.81694912685331755 1
0.82131653525889892 1
0.82163308680374969 1
0.82170872081272373 1
0.82196039540076404 1
0.82631740237421136 1
0.82858496567293372 1
0.82898489257555674 1
0.82908195882709046 1
0.83100211453984052 1
0.83568722670223516 1
0.83585334520069909 1
0.83620353697833572 1
0.83626105171371889 1
0.84037275193145333 1
0.8431216584053528 1
0.84332503012776294 1
0.84353725183822814 1
0.84505873906179674 1
0.84974518068970317 1
0.85038996287321134 1
0.8504467570134352 1
0.85081346216055997 1
0.85443208713250574 1
0.85756829689207403 1
0.85765828306425007 1
0.85808973213537332 1
0.85911950208220855 1
0.86380739797544093 1
0.86469005105331886 1
0.86492660148241507 1
0.86536586667283022 1
0.86849578515158155 1
0.87181167737096421 1
0.87219492033616386 1
0.8726420772555924 1
0.8731846653262576 1
0.87787400415930716 1
0.87893323336552565 1
0.87946317927292739 1
0.87991825254395328 1
0.88256380916150312 1
0.88605484237540277 1
0.88673147925932816 1
0.88719449239902282 1
0.88725400943155208 1
0.8919445690894674 1
0.89317626761901581 1
0.89399984863869708 1
0.8944706428302851 1
0.89663545514423182 1
0.90029799054433324 1
0.9012682500734327 1
0.9013265813056659 1
0.90174681449430183 1
0.90601789636322072 1
0.90741947292425063 1
0.90853668629569562 1
0.90902301751478587 1
0.91070933054974013 1
0.91454115152568305 1
0.91540080757233422 1
0.91580500658419917 1
0.91629922894891636 1
0.92009227912428015 1
0.92166279901883219 1
0.92307335826725456 1
0.9235754550675801 1
0.92478368901035524 1
0.92878437440161887 1
0.92947501197304261 1
0.93034163733421682 1
0.93085158365851062 1
0.93416623724018244 1
0.93590604081908824 1
0.9376099601738539 1
0.938127794223376 1
0.93885741402659384 1
0.94302751904811377 1
0.94354859167539362 1
0.94487830738114509 1
0.94540395959532741 1
0.94823987832122403 1
0.95014916136094119 1
0.95214663257264309 1
0.95268022084393456 1
0.95293147654792498 1
0.9572707940154388 1
0.95762353842383863 1
0.95941498906728662 1
0.95995641324622827 1
0.96231644244710024 1
0.96439244697600346 1
0.96668323847094451 1
0.96701057927264811 1
0.96723262051459968 1
0.97151413092700523 1
0.97170629552937304 1
0.97395148439960033 1
0.97450874939367882 1
0.97640472601826522 1
0.97863554725241397 1
0.9811068229710822 1
0.98121961528572943 1
0.98178487479804633 1
0.98575701499244817 1
0.98581351559269403 1
0.98848696378873691 1
0.98906065002066301 1
0.99053021838637656 1
1 4

0 2
0.1511779934862732 2

1 25.283999999999999 0 -1.5800018890345835 -0 -1 0 -0.99756405025982431 0 0.069756473744125344 -0.069756473744125344 0 -0.99756405025982431 
9 0 0 0 0 3 1 312 2 310 2 25.283999999999999 2.4710000000000001 -1.5800018890345837  25.284000000000002 8.1361932741432526 -0.8844036540993746  
25.273745293459598 2.4710000000000001 -1.5817229666528638  25.275791511720019 8.1361932741432526 -0.88436187560599533  
25.205801573068442 2.4710000000000001 -1.5833999407247923  25.241972632378182 8.1361932741432526 -0.87793887870468401  
25.134854420932847 2.4710000000000001 -1.5867153224275774  25.20484566342704 8.1361932741432526 -0.87224788953372889  
25.10652849830921 2.4710000000000001 -1.5882217198523523  25.189786603852092 8.1361932741432526 -0.87009396454283583  
25.087007772951374 2.4710000000000001 -1.5894597139570701  25.179312228316945 8.1361932741432526 -0.86879668996028259  
25.048648567816961 2.4710000000000001 -1.5921305811138389  25.15866021343825 8.1361932741432526 -0.8665574083257388  
25.023214886123316 2.4710000000000001 -1.5941292046205209  25.144905827994965 8.1361932741432526 -0.8653786491679466  
24.997964484372936 2.4710000000000001 -1.5961334491780854  25.13135837548225 8.1361932741432526 -0.86445122989699674  
24.979850598339354 2.4710000000000001 -1.5975739609452184  25.12164169691297 8.1361932741432526 -0.8638065082295161  
24.952791917591792 2.4710000000000001 -1.5997453090693938  25.107139128113939 8.1361932741432526 -0.86298406587518572  
24.914317098908104 2.4710000000000001 -1.6029552996192233  25.086508619875517 8.1361932741432526 -0.86214027532124782  
24.888026411790271 2.4710000000000001 -1.6052563071111901  25.07238782493377 8.1361932741432526 -0.8617501866878694  
24.861211093676577 2.4710000000000001 -1.6076939988937529  25.057958939091826 8.1361932741432526 -0.86146798912164013  
24.843880675147659 2.4710000000000001 -1.6093299826352765  25.048625494414459 8.1361932741432526 -0.86136468216582551  
24.805222667311071 2.4710000000000001 -1.6130935048370696  25.027795578104573 8.1361932741432526 -0.86128944890533954  
24.778609896005555 2.4710000000000001 -1.615825505620947  25.013444487626973 8.1361932741432526 -0.8614309196854858  
24.751599181329738 2.4710000000000001 -1.6186962212427314  24.998885027219465 8.1361932741432526 -0.86172481892651986  
24.735218867866458 2.4710000000000001 -1.6204439701675322  24.990056011094154 8.1361932741432526 -0.86191353410994087  
24.708556807956523 2.4710000000000001 -1.6233514949191883  24.975685317801421 8.1361932741432526 -0.86231537071971109  
24.669908203658743 2.4710000000000001 -1.6276978931685293  24.9548527348758 8.1361932741432526 -0.8630933695324815  
24.642032928075107 2.4710000000000001 -1.6309285833427225  24.939825375608756 8.1361932741432526 -0.86379477369375579  
24.615374119410482 2.4710000000000001 -1.6340789988630346  24.92545169616649 8.1361932741432526 -0.86455256806001102  
24.599883899274758 2.4710000000000001 -1.6359339426585002  24.917099501013908 8.1361932741432526 -0.86502810429423427  
24.563850081110409 2.4710000000000001 -1.6403039321217188  24.897670251396132 8.1361932741432526 -0.86621405909527394  
24.534618158571902 2.4710000000000001 -1.6439401599500403  24.881908715088858 8.1361932741432526 -0.86730861234033518  
24.50595574590481 2.4710000000000001 -1.6475753824857764  24.866456911950635 8.1361932741432526 -0.8684849488456643  
24.488772132090766 2.4710000000000001 -1.6497631624344096  24.857193651175912 8.1361932741432526 -0.86920261360601514  
24.464730660710742 2.4710000000000001 -1.6528555829227027  24.844234700442165 8.1361932741432526 -0.87025289460111255  
24.426108286937634 2.4710000000000001 -1.6578916248787012  24.823419387452123 8.1361932741432526 -0.87204285188787956  
24.3966176262463 2.4710000000000001 -1.6617979548163988  24.807528749925449 8.1361932741432526 -0.87350394093282913  
24.369986586062289 2.4710000000000001 -1.6653611945519677  24.793181388363326 8.1361932741432526 -0.87488172600401404  
24.356292877675237 2.4710000000000001 -1.6672016771600364  24.785804566667874 8.1361932741432526 -0.87560392387428965  
24.323062418319061 2.4710000000000001 -1.6716897900270704  24.767904932422656 8.1361932741432526 -0.87739384487651895  
24.29102762039841 2.4710000000000001 -1.6760645749186736  24.750653124288664 8.1361932741432526 -0.87920363811962754  
24.26071470050676 2.4710000000000001 -1.6802372033601312  24.734331758176481 8.1361932741432526 -0.88098344923319183  
24.242507693153918 2.4710000000000001 -1.6827486091996726  24.724529100206894 8.1361932741432526 -0.88206361451697191  
24.221277862963333 2.4710000000000001 -1.6856861337556883  24.713099934743667 8.1361932741432526 -0.88334312290485995  
24.182628870602191 2.4710000000000001 -1.6910539421834965  24.692296324463623 8.1361932741432526 -0.88572268893306338  
24.151480502855556 2.4710000000000001 -1.6954005598181414  24.675534743963368 8.1361932741432526 -0.88769998372635883  
24.124843612249631 2.4710000000000001 -1.6991246747633131  24.661205136962952 8.1361932741432526 -0.88942711842210964  
24.112924312842726 2.4710000000000001 -1.7007919305224868  24.654793571143355 8.1361932741432526 -0.89020456439039986  
24.082365570039158 2.4710000000000001 -1.70506888600841  24.638357509788143 8.1361932741432526 -0.89221408781444045  
24.047597770841936 2.4710000000000001 -1.7099405720623673  24.619663591478115 8.1361932741432526 -0.89455174238680479  
24.015605927853912 2.4710000000000001 -1.7144196644831915  24.602467022249524 8.1361932741432526 -0.89674731331635849  
23.996443750967543 2.4710000000000001 -1.7171009382417268  24.592167715195622 8.1361932741432526 -0.89807149817124832  
23.977914304702267 2.4710000000000001 -1.7196918865532411  24.582209412979601 8.1361932741432526 -0.89936081843310922  
23.939194605072341 2.4710000000000001 -1.7250983996198765  24.561403332715138 8.1361932741432526 -0.90208037902974447  
23.906357414556609 2.4710000000000001 -1.7296680971849423  24.543763649629785 8.1361932741432526 -0.90442568037468485  
23.879692560885687 2.4710000000000001 -1.7333618147224441  24.529444252012404 8.1361932741432526 -0.9063525539477103  
23.869532870020794 2.4710000000000001 -1.7347681540199849  24.523988624281937 8.1361932741432526 -0.90708799988439837  
23.841544681647115 2.4710000000000001 -1.7386367841025372  24.508960754564619 8.1361932741432526 -0.90912089940670504  
23.804089987322548 2.4710000000000001 -1.7437858725523885  24.488856579519812 8.1361932741432526 -0.91187274824609099  
23.7703941139522 2.4710000000000001 -1.7483826662097686  24.470776398312772 8.1361932741432526 -0.91437826543903333  
23.750330918212317 2.4710000000000001 -1.7511098399685565  24.460012654613031 8.1361932741432526 -0.91587726066010111  
23.734424625489357 2.4710000000000001 -1.7532664311884569  24.45147991752215 8.1361932741432526 -0.91706958290224283  
23.69560442562652 2.4710000000000001 -1.7585093699192205  24.430658306213374 8.1361932741432526 -0.91999260589472565  
23.662279293536599 2.4710000000000001 -1.7629666120245076  24.412790185830083 8.1361932741432526 -0.92252748984824284  
23.63434692028596 2.4710000000000001 -1.7666675607821809  24.397817723988222 8.1361932741432526 -0.92466656805245651  
23.625943123839996 2.4710000000000001 -1.7677800523040301  24.393313192205881 8.1361932741432526 -0.92531053452571754  
23.599232755119402 2.4710000000000001 -1.7713069475046948  24.378997184191508 8.1361932741432526 -0.92736089441104796  
23.560352790658854 2.4710000000000001 -1.7763932248679111  24.358164189253994 8.1361932741432526 -0.93036321152214019  
23.524930982207749 2.4710000000000001 -1.7809682854520155  24.339191072756932 8.1361932741432526 -0.93311600338524481  
23.504006265644307 2.4710000000000001 -1.7836536582087319  24.327985111530076 8.1361932741432526 -0.93474646367360603  
23.490675685311203 2.4710000000000001 -1.7853592127836426  24.320846707557038 8.1361932741432526 -0.93578645154430995  
23.45306303149993 2.4710000000000001 -1.7901501319590349  24.300707921915862 8.1361932741432526 -0.93872571097456481  
23.41919590615143 2.4710000000000001 -1.7944062973306951  24.282580979273028 8.1361932741432526 -0.94138467827563765  
23.38871132658446 2.4710000000000001 -1.7981920274582097  24.266268754352243 8.1361932741432526 -0.94378487583317461  
23.380739564153775 2.4710000000000001 -1.7991804210853264  24.262003230470967 8.1361932741432526 -0.94441276301086963  
23.355313178439218 2.4710000000000001 -1.8023240580459965  24.248398913245143 8.1361932741432526 -0.94641671102928715  
23.316315831141633 2.4710000000000001 -1.8070989128146282  24.227537642187542 8.1361932741432526 -0.94949631660809231  
23.279163928576828 2.4710000000000001 -1.8115843595816992  24.207668555421854 8.1361932741432526 -0.95243484575503423  
23.257405142251379 2.4710000000000001 -1.8141926952863376  24.196033089809092 8.1361932741432526 -0.95415622066838446  
23.246630973819045 2.4710000000000001 -1.8154813656813551  24.190271820550343 8.1361932741432526 -0.95500861501305034  
23.211471382463415 2.4710000000000001 -1.8196731451824901  24.171471823075457 8.1361932741432526 -0.95779024011634717  
23.175803931458137 2.4710000000000001 -1.8238740731732919  24.152403440050588 8.1361932741432526 -0.96061107621519937  
23.142793034467829 2.4710000000000001 -1.8277194923260778  24.134757037019217 8.1361932741432526 -0.96321656390689914  
23.134012456917993 2.4710000000000001 -1.828740057213265  24.130063351232007 8.1361932741432526 -0.96390927992507203  
23.111129235485222 2.4710000000000001 -1.8313951429957123  24.117831217423305 8.1361932741432526 -0.96571388684006354  
23.072022230818579 2.4710000000000001 -1.8358996409755004  24.096927913203633 8.1361932741432526 -0.9687926659317696  
23.033144762383074 2.4710000000000001 -1.8403221214009609  24.076149407446891 8.1361932741432526 -0.97184047465599321  
23.010568184353044 2.4710000000000001 -1.8428728383581277  24.064083799179304 8.1361932741432526 -0.97360486694758541  
23.0023544511319 2.4710000000000001 -1.8437996214951393  24.059694178424614 8.1361932741432526 -0.97424638756420334  
22.969664855382526 2.4710000000000001 -1.84748103755217  24.042224315802038 8.1361932741432526 -0.97679719276090826  
22.932200076380653 2.4710000000000001 -1.8516583326152678  24.022203805813053 8.1361932741432526 -0.97970566510913182  
22.896668408651642 2.4710000000000001 -1.8555811816043128  24.003215849114923 8.1361932741432526 -0.98244413425752031  
22.887078266979223 2.4710000000000001 -1.8566372786210774  23.998090858769643 8.1361932741432526 -0.98318176360397125  
22.866757944401741 2.4710000000000001 -1.8588729816207561  23.987231589253049 8.1361932741432526 -0.98474355558422155  
22.82755082053048 2.4710000000000001 -1.8631639725747107  23.96627857906023 8.1361932741432526 -0.98774399544184077  
22.786951662194745 2.4710000000000001 -1.8675580950282353  23.944580543157098 8.1361932741432526 -0.99081797100234137  
22.76355165498282 2.4710000000000001 -1.870073734997161  23.93207418023735 8.1361932741432526 -0.99257618334206743  
22.757920811872644 2.4710000000000001 -1.8706786957943167  23.929064711623376 8.1361932741432526 -0.99299895398289151  
22.727734286533487 2.4710000000000001 -1.8739186846131366  23.912931100856444 8.1361932741432526 -0.99526282814815215  
22.688474689479726 2.4710000000000001 -1.8780962960913377  23.891947187475804 8.1361932741432526 -0.99817705006619772  
22.651255091043019 2.4710000000000001 -1.8820189592597689  23.872050750595847 8.1361932741432526 -1.0009022489364718  
22.639985116589397 2.4710000000000001 -1.8832034833243767  23.866025869838342 8.1361932741432526 -1.0017240123186137  
22.622262738624698 2.4710000000000001 -1.8850651049108884  23.856551462681516 8.1361932741432526 -1.003015120104902  
22.582112733874542 2.4710000000000001 -1.8892643979954045  23.835085572997279 8.1361932741432526 -1.0059208306007095  
22.542338319821635 2.4710000000000001 -1.8933803397690538  23.81381707066155 8.1361932741432526 -1.0087506281519445  
22.516390942398139 2.4710000000000001 -1.896047223493049  23.79994120025134 8.1361932741432526 -1.0105753186184396  
22.513380361053827 2.4710000000000001 -1.8963564641224573  23.798331221337275 8.1361932741432526 -1.0107868095795642  
22.484045701899433 2.4710000000000001 -1.8993675001491885  23.782643686547811 8.1361932741432526 -1.0128449960626238  
22.445107857449131 2.4710000000000001 -1.9033331120825441  23.761818553283238 8.1361932741432526 -1.0155400815965492  
22.406597542159794 2.4710000000000001 -1.9072126511540055  23.741218117926145 8.1361932741432526 -1.0181507523257192  
22.392758055932148 2.4710000000000001 -1.908602140061944  23.733814428033916 8.1361932741432526 -1.0190826807783939  
22.377262158192899 2.4710000000000001 -1.9101567895759186  23.725524489700618 8.1361932741432526 -1.0201246230686969  
22.337040508299818 2.4710000000000001 -1.9141743588026554  23.704005071755752 8.1361932741432526 -1.0228054703906102  
22.297638720071738 2.4710000000000001 -1.9180642294650458  23.68292024816591 8.1361932741432526 -1.0253716907340324  
22.270845898685693 2.4710000000000001 -1.9206859145037278  23.668581212475878 8.1361932741432526 -1.0270870572714954  
22.267454334106816 2.4710000000000001 -1.9210175952108053  23.666766095973461 8.1361932741432526 -1.0273039627940603  
22.240324355431863 2.4710000000000001 -1.9236689138890695  23.652246397887652 8.1361932741432526 -1.0290366680797831  
22.201317053010829 2.4710000000000001 -1.927446193878644  23.631367734316804 8.1361932741432526 -1.0314840007543358  
22.161862341357256 2.4710000000000001 -1.9312152298096474  23.610245551227099 8.1361932741432526 -1.0338955143504509  
22.145402172862127 2.4710000000000001 -1.9327791135026087  23.60143284552143 8.1361932741432526 -1.0348911099939557  
22.130830838928819 2.4710000000000001 -1.9341613073489765  23.593631225832329 8.1361932741432526 -1.0357697241729007  
22.092357964400296 2.4710000000000001 -1.937793375845521  23.573031045206587 8.1361932741432526 -1.0380684016079953  
22.0552366143536 2.4710000000000001 -1.9412463913251037  23.553150852691179 8.1361932741432526 -1.0402254119976071  
22.026064108155815 2.4710000000000001 -1.9439270321154176  23.537526206457784 8.1361932741432526 -1.0418839668230546  
22.020971629400481 2.4710000000000001 -1.9443943135909272  23.534798672483323 8.1361932741432526 -1.0421727574657302  
21.994185144045353 2.4710000000000001 -1.9468471930946323  23.520451616236571 8.1361932741432526 -1.0436862649493859  
21.956586361307686 2.4710000000000001 -1.9502506916941245  23.500311952894897 8.1361932741432526 -1.0457674485356714  
21.91703244451967 2.4710000000000001 -1.953765098581127  23.47912233872384 8.1361932741432526 -1.0478884755477353  
21.897893475976701 2.4710000000000001 -1.9554494451135396  23.468868621601032 8.1361932741432526 -1.0488985465506608  
21.884298045779715 2.4710000000000001 -1.9566418911554671  23.461584684818217 8.1361932741432526 -1.0496120391756896  
21.847881785083665 2.4710000000000001 -1.9598183066534396  23.442073383081876 8.1361932741432526 -1.0515057152770402  
21.813130234095848 2.4710000000000001 -1.9627877475307196  23.423451607156821 8.1361932741432526 -1.0532532090840572  
21.7811736732606 2.4710000000000001 -1.9654695741049117  23.406326584293382 8.1361932741432526 -1.0548169194269537  
21.77406846471046 2.4710000000000001 -1.9660637823986522  23.402518973715789 8.1361932741432526 -1.0551627632753324  
21.747587037841811 2.4710000000000001 -1.96826812171188  23.38832767337027 8.1361932741432526 -1.0564427508164558  
21.711731937242654 2.4710000000000001 -1.9712079942088785  23.369112425047575 8.1361932741432526 -1.0581370908089425  
21.672071068900081 2.4710000000000001 -1.9743758997579057  23.347856336464258 8.1361932741432526 -1.0599435177102727  
21.650191400265271 2.4710000000000001 -1.9760947415888375  23.336129555429988 8.1361932741432526 -1.0609179223042899  
21.637626373474674 2.4710000000000001 -1.9770753695176588  23.329395010901152 8.1361932741432526 -1.0614726193578012  
21.604013567224303 2.4710000000000001 -1.9796831005080469  23.311379120862647 8.1361932741432526 -1.062944838252218  
21.570932757833464 2.4710000000000001 -1.982176867187609  23.293647409229319 8.1361932741432526 -1.0643401505757208  
21.536129595812344 2.4710000000000001 -1.9847246557225229  23.274992625530736 8.1361932741432526 -1.0657565077718052  
21.52625693345308 2.4710000000000001 -1.9854412497603753  23.269700811247173 8.1361932741432526 -1.066154124179707  
21.500827778957106 2.4710000000000001 -1.9872697537960944  23.256070707537621 8.1361932741432526 -1.0671667923062751  
21.466713916156763 2.4710000000000001 -1.9896712930681004  23.237785896555113 8.1361932741432526 -1.0684912178371382  
21.426939032987228 2.4710000000000001 -1.9923622119436162  23.216467088681256 8.1361932741432526 -1.0699672663467239  
21.40225767578827 2.4710000000000001 -1.9939815410022472  23.203238182298215 8.1361932741432526 -1.0708532479589707  
21.390773395918618 2.4710000000000001 -1.9947251681976872  23.197082729310669 8.1361932741432526 -1.0712597904525187  
21.360012299055548 2.4710000000000001 -1.9967057893373268  23.180595079788894 8.1361932741432526 -1.0723422676819387  
21.32859931077164 2.4710000000000001 -1.9986442120087546  23.163757895794692 8.1361932741432526 -1.0733995231669662  
21.290888142369006 2.4710000000000001 -2.0008613286921992  23.143545769104342 8.1361932741432526 -1.0746111756090111  
21.278192041420397 2.4710000000000001 -2.0015939009847683  23.13674113327594 8.1361932741432526 -1.0750118996018696  
21.253861551146457 2.4710000000000001 -2.0029723543115718  23.123701181153635 8.1361932741432526 -1.0757669736863917  
21.221489142036937 2.4710000000000001 -2.0047534259601458  23.106351772749541 8.1361932741432526 -1.0767449962225168  
21.181597928400123 2.4710000000000001 -2.0068170152154501  23.084974323062596 8.1361932741432526 -1.0778865863216582  
21.15477848002859 2.4710000000000001 -2.0081263413168795  23.07060285533537 8.1361932741432526 -1.0786177026051618  
21.143705824318609 2.4710000000000001 -2.0086536127089678  23.064669616790674 8.1361932741432526 -1.0789134813870171  
21.115845507351757 2.4710000000000001 -2.0099745980282742  23.049740841351209 8.1361932741432526 -1.07965510386463  
21.085386015538422 2.4710000000000001 -2.0113237035743077  23.033420377333943 8.1361932741432526 -1.0804226431195181  
21.045434376072603 2.4710000000000001 -2.0129457868946625  23.012014317199231 8.1361932741432526 -1.0813658881799708  
21.029866491749029 2.4710000000000001 -2.0135508982841324  23.003673095293266 8.1361932741432526 -1.0817219169121044  
21.006679559461382 2.4710000000000001 -2.0144167221881553  22.991249556906038 8.1361932741432526 -1.082237348496718  
20.976055961653614 2.4710000000000001 -2.0155092055932706  22.974841374353645 8.1361932741432526 -1.0828967557217326  
20.937970050864518 2.4710000000000001 -2.0167244622191305  22.954435286112712 8.1361932741432526 -1.0836582216422126  
20.909223408893883 2.4710000000000001 -2.0175388713213134  22.939034100789481 8.1361932741432526 -1.084192387740806  
20.896435645244857 2.4710000000000001 -2.0178820041649645  22.932183233699554 8.1361932741432526 -1.0844225885177359  
20.869606548784319 2.4710000000000001 -2.0185888306360971  22.917810099774385 8.1361932741432526 -1.0849005096955917  
20.839859355613029 2.4710000000000001 -2.0192719982897489  22.901875072969389 8.1361932741432526 -1.0853917810782703  
20.799803662138597 2.4710000000000001 -2.020032731440629  22.880418637257598 8.1361932741432526 -1.085995841224098  
20.781326127167855 2.4710000000000001 -2.020339247425964  22.870520966150416 8.1361932741432526 -1.0862586673472749  
20.759324323550025 2.4710000000000001 -2.0206604155217502  22.858735377397135 8.1361932741432526 -1.0865564965446055  
20.730461465060138 2.4710000000000001 -2.0210394219053649  22.843274439092578 8.1361932741432526 -1.0869326695222756  
20.695271499697572 2.4710000000000001 -2.0213583979797107  22.824424042167042 8.1361932741432526 -1.0873427012125365  
20.663527863561708 2.4710000000000001 -2.0215131380128124  22.807419941955661 8.1361932741432526 -1.0876684781405068  
20.649027166673431 2.4710000000000001 -2.0215541198762574  22.799652435375585 8.1361932741432526 -1.0878075409228349  
20.622194649006946 2.4710000000000001 -2.0216018254226085  22.78527930312471 8.1361932741432526 -1.0880556838354418  
20.594219431500367 2.4710000000000001 -2.0215528437586485  22.770294403649139 8.1361932741432526 -1.0882821652505557  
20.554079982490236 2.4710000000000001 -2.02130873973445  22.748793116189415 8.1361932741432526 -1.0885520441412035  
20.532673844083558 2.4710000000000001 -2.0211084062151401  22.737326206775855 8.1361932741432526 -1.0886739337306071  
20.511895533778372 2.4710000000000001 -2.0208604973912299  22.726195070854939 8.1361932741432526 -1.0887757917361676  
20.484811726714767 2.4710000000000001 -2.0205056086225168  22.711685681051332 8.1361932741432526 -1.0888987871681479  
20.4525616385924 2.4710000000000001 -2.0199455290461259  22.694407108040739 8.1361932741432526 -1.0890031700935805  
20.417814520677936 2.4710000000000001 -2.0191873506243057  22.675788940117297 8.1361932741432526 -1.0890693395714088  
20.401610643941432 2.4710000000000001 -2.0187944198083705  22.667106137637113 8.1361932741432526 -1.0890885102160346  
20.374790108563371 2.4710000000000001 -2.0181021242748001  22.652733932582002 8.1361932741432526 -1.0891079102460481  
20.348604006006447 2.4710000000000001 -2.0173440435701102  22.638700719544239 8.1361932741432526 -1.0891028553202762  
20.308407492680985 2.4710000000000001 -2.0160068969171911  22.617156667015553 8.1361932741432526 -1.0890459778842154  
20.284069556715291 2.4710000000000001 -2.0150978169934533  22.60411068362091 8.1361932741432526 -1.0889837195740815  
20.264548859401089 2.4710000000000001 -2.0143063942790755  22.593645737657198 8.1361932741432526 -1.0889167982669219  
20.239262211850583 2.4710000000000001 -2.0132623881686929  22.580089335086107 8.1361932741432526 -1.0888249726031021  
20.20999003467535 2.4710000000000001 -2.0119232259430948  22.564393688988599 8.1361932741432526 -1.0886831551598419  
20.172256536323211 2.4710000000000001 -2.0100051098272944  22.544156534279868 8.1361932741432526 -1.0884499340533083  
20.154367434965973 2.4710000000000001 -2.0090397994794507  22.534560892806876 8.1361932741432526 -1.0883247965753073  
20.127582186365103 2.4710000000000001 -2.0075308338894731  22.520191674222701 8.1361932741432526 -1.0881211582020498  
20.103208031075475 2.4710000000000001 -2.0060838849955234  22.50711390890455 8.1361932741432526 -1.0879169510813123  
20.062996779293421 2.4710000000000001 -2.0035253217021798  22.485534015301312 8.1361932741432526 -1.0875350501673269  
20.036231394371779 2.4710000000000001 -2.0016956007517219  22.47116633975757 8.1361932741432526 -1.0872470839699671  
20.01751001242949 2.4710000000000001 -2.0003552402166398  22.461114834927095 8.1361932741432526 -1.0870290101846465  
19.994042971901123 2.4710000000000001 -1.9986691586072498  22.448515203001673 8.1361932741432526 -1.0867540264087205  
19.967291099585836 2.4710000000000001 -1.9966394628813  22.434148572922176 8.1361932741432526 -1.0864111505498297  
19.927092908724056 2.4710000000000001 -1.9933818498168225  22.412553277425555 8.1361932741432526 -1.0858428078246234  
19.907541124266096 2.4710000000000001 -1.9917261962311594  22.402047003543316 8.1361932741432526 -1.085548378510143  
19.880815860444812 2.4710000000000001 -1.9893762741551564  22.387682541515055 8.1361932741432526 -1.0851247783978202  
19.858271963709875 2.4710000000000001 -1.9873330831255416  22.37556306642815 8.1361932741432526 -1.0847525225283792  
19.820162994118622 2.4710000000000001 -1.9837147455572326  22.355068935549195 8.1361932741432526 -1.0840823363098075  
19.791391927369194 2.4710000000000001 -1.9808310119824142  22.339589769694683 8.1361932741432526 -1.083538035162084  
19.771026300804344 2.4710000000000001 -1.9787173392987012  22.328629329348878 8.1361932741432526 -1.0831340192349814  
19.747322790977599 2.4710000000000001 -1.9762421822483223  22.315871760814005 8.1361932741432526 -1.0826598783454995  
19.722722273416743 2.4710000000000001 -1.9735740569292457  22.302626504297791 8.1361932741432526 -1.0821422083995131  
19.682574684678869 2.4710000000000001 -1.9690332458258513  22.281000838796324 8.1361932741432526 -1.0812513373691217  
19.661392335243271 2.4710000000000001 -1.9665524049343286  22.269586448434325 8.1361932741432526 -1.0807604271452049  
19.634755347848376 2.4710000000000001 -1.9633294431022348  22.25522719767369 8.1361932741432526 -1.0801185603233976  
19.614056301472068 2.4710000000000001 -1.9607819599288772  22.244066611390501 8.1361932741432526 -1.0796095400000776  
19.579003451459222 2.4710000000000001 -1.9563238152502442  22.225158615536365 8.1361932741432526 -1.0787128091261673  
19.54734508958062 2.4710000000000001 -1.9521198387150698  22.208071183734475 8.1361932741432526 -1.0778594688584451  
19.525371802018512 2.4710000000000001 -1.9491069288423517  22.196205207914858 8.1361932741432526 -1.0772434188621536  
19.500541502412204 2.4710000000000001 -1.9456695719796868  22.182794279061262 8.1361932741432526 -1.0765390322204789  
19.479028637317668 2.4710000000000001 -1.9426028875778498  22.171169345073963 8.1361932741432526 -1.0759063998399054  
19.438983810508311 2.4710000000000001 -1.9367283724370754  22.14951910018754 8.1361932741432526 -1.0746863975639669  
19.416210637456054 2.4710000000000001 -1.9332869979221921  22.137199991571787 8.1361932741432526 -1.0739668859629112  
19.389693500184276 2.4710000000000001 -1.9291676310966561  22.122847743476989 8.1361932741432526 -1.0731000419515198  
19.370851662267405 2.4710000000000001 -1.9262150108801639  22.112647917072444 8.1361932741432526 -1.0724774878702708  
19.338851246222934 2.4710000000000001 -1.9210861831133472  22.095316777777327 8.1361932741432526 -1.071390679425821  
19.304384690220182 2.4710000000000001 -1.9153754149215549  22.076636571115703 8.1361932741432526 -1.0701720444565335  
19.280840527774789 2.4710000000000001 -1.9113655520331108  22.063868089404572 8.1361932741432526 -1.0693116573679708  
19.254941808188789 2.4710000000000001 -1.9069052894157541  22.049819008887766 8.1361932741432526 -1.0683525701614374  
19.236483673840251 2.4710000000000001 -1.9036576188144534  22.039801020010302 8.1361932741432526 -1.0676513733610786  
19.196577650973779 2.4710000000000001 -1.8964933441084026  22.018131125484981 8.1361932741432526 -1.0660979112924731  
19.172252321124716 2.4710000000000001 -1.8920090351348471  22.004912660700967 8.1361932741432526 -1.0651201966457462  
19.14587802723911 2.4710000000000001 -1.8870173931101868  21.99056984734176 8.1361932741432526 -1.0640250445555901  
19.128892483757284 2.4710000000000001 -1.8837894332394285  21.981331686690353 8.1361932741432526 -1.0633161524361689  
19.099913909166581 2.4710000000000001 -1.8781874642312939  21.965562658168267 8.1361932741432526 -1.06208095452121  
19.062733588229548 2.4710000000000001 -1.8707994748967827  21.945312974578417 8.1361932741432526 -1.0604410902586483  
19.037664100279251 2.4710000000000001 -1.8656960795186364  21.931648237059861 8.1361932741432526 -1.0593015437173385  
19.011367698373057 2.4710000000000001 -1.8602797209275703  21.91730887203023 8.1361932741432526 -1.0580885296648492  
18.995318617083882 2.4710000000000001 -1.8569240984289754  21.908552693019352 8.1361932741432526 -1.0573342092547127  
18.955591439739923 2.4710000000000001 -1.8485000051030283  21.886867132661543 8.1361932741432526 -1.0554334006134192  
18.929350563043084 2.4710000000000001 -1.8428033241442314  21.872530976031008 8.1361932741432526 -1.0541400718949732  
18.903544638973155 2.4710000000000001 -1.837072983476618  21.858420709990938 8.1361932741432526 -1.0528304384701503  
18.888409282931505 2.4710000000000001 -1.8337089741186225  21.850144653877123 8.1361932741432526 -1.0520614069695027  
18.86220878497587 2.4710000000000001 -1.8278132533465685  21.835811529967348 8.1361932741432526 -1.0507087850143968  
18.822599177194256 2.4710000000000001 -1.8187059363636164  21.814124655818958 8.1361932741432526 -1.0486044509989532  
18.796035241806987 2.4710000000000001 -1.8124729798466328  21.799568475886822 8.1361932741432526 -1.0471536600644182  
18.76990127587786 2.4710000000000001 -1.8062722825710407  21.785241142909875 8.1361932741432526 -1.0457038803302932  
18.75568986106812 2.4710000000000001 -1.8028684821595253  21.777446915295222 8.1361932741432526 -1.0449050202594266  
18.718085751461341 2.4710000000000001 -1.7937754283646445  21.756814390773606 8.1361932741432526 -1.0427619885890207  
18.690069956869916 2.4710000000000001 -1.7868736937484337  21.741430065349114 8.1361932741432526 -1.0411222071517729  
18.662779874399487 2.4710000000000001 -1.7800333487986806  21.726432308472894 8.1361932741432526 -1.0394824340792332  
18.647540844966962 2.4710000000000001 -1.7762064003061124  21.718056687566609 8.1361932741432526 -1.0385641377597696  
18.62342322059942 2.4710000000000001 -1.7700975691332004  21.704795932022698 8.1361932741432526 -1.0370917984995902  
18.583995355126032 2.4710000000000001 -1.7599655847140729  21.683102540898979 8.1361932741432526 -1.0346308937964703  
18.555952630142304 2.4710000000000001 -1.7526404368419894  21.667661632946547 8.1361932741432526 -1.032835701550773  
18.529968041574932 2.4710000000000001 -1.7457849476805494  21.653347487579239 8.1361932741432526 -1.0311459022423906  
18.517565484743976 2.4710000000000001 -1.7424945559032881  21.646513539910426 8.1361932741432526 -1.0303322720022761  
18.482854995675972 2.4710000000000001 -1.7332262093290276  21.627381907101068 8.1361932741432526 -1.0280316259765552  
18.452260129459177 2.4710000000000001 -1.7249377805279449  21.610507176362901 8.1361932741432526 -1.0259564884758341  
18.423494084016099 2.4710000000000001 -1.7170280558123014  21.594629506695881 8.1361932741432526 -1.0239568159879093  
18.40733936397314 2.4710000000000001 -1.7125730316174281  21.585711464981827 8.1361932741432526 -1.0228283584108693  
18.386074361895147 2.4710000000000001 -1.7066732398618705  21.573968791467458 8.1361932741432526 -1.0213280098615172  
18.346812871321223 2.4710000000000001 -1.6956648539642951  21.552276539955287 8.1361932741432526 -1.0185091770778265  
18.317301352663296 2.4710000000000001 -1.6872679293714108  21.535958522132205 8.1361932741432526 -1.0163386649870954  
18.291456860657725 2.4710000000000001 -1.6798408403320069  21.521660252874849 8.1361932741432526 -1.014406612926797  
18.280840882432674 2.4710000000000001 -1.6767793850341166  21.515785895901601 8.1361932741432526 -1.0136084704577468  
18.248920817442947 2.4710000000000001 -1.6675285243386431  21.498118051372156 8.1361932741432526 -1.0111894594208257  
18.215844995968183 2.4710000000000001 -1.6578158133095937  21.479797077400203 8.1361932741432526 -1.0086299880717702  
18.185627679175827 2.4710000000000001 -1.6488027535032244  21.463045196355132 8.1361932741432526 -1.0062356046139662  
18.168640431673268 2.4710000000000001 -1.6437138512031781  21.453625580051714 8.1361932741432526 -1.0048808100421862  
18.150130181052418 2.4710000000000001 -1.6381396877083647  21.443358508059504 8.1361932741432526 -1.0033930662929176  
18.111054079201995 2.4710000000000001 -1.6262568478720243  21.42167200944235 8.1361932741432526 -1.0002077355483114  
18.080117313014505 2.4710000000000001 -1.6166870993499138  21.404484963141055 8.1361932741432526 -0.99762468565078699  
18.054437600796071 2.4710000000000001 -1.6086362267419536  21.390205830588101 8.1361932741432526 -0.99544206865068108  
18.045596455272577 2.4710000000000001 -1.605857161802914  21.385288876109684 8.1361932741432526 -0.99468802948218282  
18.016394886764232 2.4710000000000001 -1.5966323192275891  21.369043087669667 8.1361932741432526 -0.99218145266890911  
17.981003989277863 2.4710000000000001 -1.5852691349045371  21.349331647554454 8.1361932741432526 -0.98908101556971617  
17.949432991564002 2.4710000000000001 -1.5749068194796472  21.331718487804935 8.1361932741432526 -0.98624568522883671  
17.931748584446357 2.4710000000000001 -1.569056764058341  21.321846470056897 8.1361932741432526 -0.98464400256232643  
17.9159233968434 2.4710000000000001 -1.5637905075913752  21.313008165975688 8.1361932741432526 -0.98320153314944825  
17.877157804708396 2.4710000000000001 -1.5507352334876117  21.291336547900563 8.1361932741432526 -0.97962441060020655  
17.844953869973612 2.4710000000000001 -1.5396001634911913  21.27329262907481 8.1361932741432526 -0.97657465463683424  
17.819565226971548 2.4710000000000001 -1.530609930525316  21.259036050412501 8.1361932741432526 -0.97411910932644219  
17.812508886156028 2.4710000000000001 -1.5281068344806759  21.255073023658678 8.1361932741432526 -0.97343556777445861  
17.786037564845081 2.4710000000000001 -1.5186580424407383  21.240197315151004 8.1361932741432526 -0.97085722751262371  
17.748695438620004 2.4710000000000001 -1.5049843308081197  21.219160425308928 8.1361932741432526 -0.96713861928360367  
17.716055668936548 2.4710000000000001 -1.49259404361894  21.200701941264505 8.1361932741432526 -0.96379038004612139  
17.697936595104476 2.4710000000000001 -1.4856118255766582  21.190437950186059 8.1361932741432526 -0.9619091172036266  
17.684764744489101 2.4710000000000001 -1.4804989041994896  21.182970255403255 8.1361932741432526 -0.96053347331295624  
17.647201905015219 2.4710000000000001 -1.4656948210450738  21.161636565499947 8.1361932741432526 -0.95656266741318741  
17.61475333122273 2.4710000000000001 -1.4523849292396078  21.143118082276889 8.1361932741432526 -0.95302237559470349  
17.588786102649912 2.4710000000000001 -1.4413473135462751  21.128229112668095 8.1361932741432526 -0.95011100768051648  
17.583003989093037 2.4710000000000001 -1.4388855990223119  21.124913076687061 8.1361932741432526 -0.94946193060052064  
17.558747128551019 2.4710000000000001 -1.4284824740042352  21.110988128685118 8.1361932741432526 -0.94672362944913213  
17.52129896989047 2.4710000000000001 -1.4118740553540721  21.089389438745517 8.1361932741432526 -0.94238354520359491  
17.488152938808142 2.4710000000000001 -1.3963991454549265  21.070117072312605 8.1361932741432526 -0.93837299527351203  
17.47004848354814 2.4710000000000001 -1.3877412788239922  21.0595474284227 8.1361932741432526 -0.93613601637264998  
17.459480536464035 2.4710000000000001 -1.3826508737803584  21.053370004230263 8.1361932741432526 -0.93482195281166347  
17.425269887508694 2.4710000000000001 -1.3658931706718074  21.033314188301073 8.1361932741432526 -0.93050563300297029  
17.39256124898256 2.4710000000000001 -1.3490194384400582  21.013963490764699 8.1361932741432526 -0.92619182939180145  
17.365766907149709 2.4710000000000001 -1.334498780044566  20.997974281260561 8.1361932741432526 -0.92251473687593066  
17.359788279597172 2.4710000000000001 -1.331240116696645  20.994402945322161 8.1361932741432526 -0.9216904593063433  
17.338631653871328 2.4710000000000001 -1.3196337062922008  20.981750365355065 8.1361932741432526 -0.91875838156849921  
17.303074655310208 2.4710000000000001 -1.2993330433545087  20.960321631449332 8.1361932741432526 -0.91365332922231313  
17.270533837813247 2.4710000000000001 -1.2792747142032155  20.940328334031747 8.1361932741432526 -0.90850958460738107  
17.253288306867553 2.4710000000000001 -1.2681941530206953  20.929602496925327 8.1361932741432526 -0.9056146415886156  
17.245178558300022 2.4710000000000001 -1.2629472761849136  20.92454805359651 8.1361932741432526 -0.90423957392633059  
17.214855825662447 2.4710000000000005 -1.2429204475576983  20.905535722522764 8.1361932741432526 -0.8989502324405696  
17.183460653476889 2.4710000000000001 -1.2205439815771193  20.885458057417761 8.1361932741432526 -0.89295142506443292  
17.157907082805309 2.4710000000000001 -1.20093039303605  20.868986036426371 8.1361932741432526 -0.88785610702056561  
17.152545723845989 2.4710000000000001 -1.196764544188109  20.865526520394731 8.1361932741432526 -0.88678068981187141  
17.134780421271831 2.4710000000000001 -1.1828877526860162  20.854057912147177 8.1361932741432526 -0.8832084656582182  
17.103814456184693 2.4710000000000001 -1.1571878304981003  20.833888650562447 8.1361932741432526 -0.87669113458990966  
17.076616541010129 2.4710000000000001 -1.1283220706920098  20.814049839662992 8.1361932741432526 -0.8676173986401966  
17.063987464064912 2.4710000000000001 -1.1123827645567235  20.803854448084657 8.1361932741432526 -0.8618564924159875  
17.057314847928236 2.4710000000000001 -1.1038726986298351  20.798432628739192 8.1361932741432526 -0.85875842188034179  
17.032593651113419 2.4710000000000001 -1.0692089450237008  20.777165710307802 8.1361932741432526 -0.84538070752423022  
17.017289681125202 2.4709999999999996 -1.0307895915022711  20.760391911011236 8.1361932741432526 -0.82786583488142806  
17.019188430087649 2.4710000000000001 -1.002239309204191  20.759395435273063 8.1361932741432526 -0.81341076736988138  
17.019194933134486 2.4710000000000001 -1.0021438390249158  20.759392236144905 8.1361932741432526 -0.81336241393609454  
17.019200000000001 2.4710000000000001 -1.0020707736838588  20.759389865876347 8.1361932741432526 -0.81332539826238437  

0 4
0.0094187985986435158 1
0.010927159923939113 1
0.011447641272615324 1
0.014127056845544142 1
0.014318580212740876 1
0.018247843268420178 1
0.018761511778204204 1
0.018833995480635066 1
0.021479854339147897 1
0.023540858682621922 1
0.025573783590153044 1
0.026080608511525216 1
0.028248129419371725 1
0.028625295209091378 1
0.032899782599950564 1
0.032956521309560505 1
0.033399815669753113 1
0.035794936636593382 1
0.037666522781397344 1
0.040225734895285796 1
0.040719098578200469 1
0.042378376625890737 1
0.042964583976029098 1
0.04709229997361182 1
0.047551707401635585 1
0.048038390655982428 1
0.050134267461766448 1
0.051808213881211054 1
0.054877684687770378 1
0.055357765685647098 1
0.056526113801663558 1
0.05730384576958103 1
0.061245892721259181 1
0.062203667201386974 1
0.062677225258833694 1
0.064473497047564998 1
0.065967418998909802 1
0.069529715167540085 1
0.069996630963867934 1
0.070690630091039111 1
0.071643231045636135 1
0.075415285813167615 1
0.07685567385193097 1
0.077316052507404309 1
0.078813139672958221 1
0.080141321124955978 1
0.084181710882601193 1
0.084635375339321112 1
0.084868626873739389 1
0.085982850694081459 1
0.089597033957511271 1
0.091507676791023188 1
0.091954769097756711 1
0.093152612562360695 1
0.094326447807013561 1
0.098833663703968733 1
0.099056747364885983 1
0.099274259841919316 1
0.10032224828249185 1
0.10378778832412001 1
0.10615962502170075 1
0.10659377113332706 1
0.1074921556597159 1
0.10851945532337283 1
0.11325160124460676 1
0.11348562142016531 1
0.11391323162814733 1
0.11466204402675867 1
0.11798409726646468 1
0.12081160851959671 1
0.12123255574975121 1
0.12183185715787898 1
0.12271681936319365 1
0.12744958433440584 1
0.12813758665924757 1
0.12855196442049227 1
0.12900162651828981 1
0.13218229070760512 1
0.13546356640889756 1
0.13587141668488217 1
0.13617125339890634 1
0.13691478975261162 1
0.14164693969054679 1
0.14278953106193173 1
0.14319088984478273 1
0.14334084006359774 1
0.14637866139452982 1
0.1501155585259033 1
0.15051030521285927 1
0.15051044469290711 1
0.15110979693432702 1
0.15584025972135415 1
0.15744150755165709 1
0.15768018964064473 1
0.15782972242122961 1
0.16056998715037887 1
0.16476755782702934 1
0.16484997155447742 1
0.16514919301856559 1
0.16529886106464647 1
0.17002684898423148 1
0.17201991582448461 1
0.17209350206845456 1
0.1724686007478079 1
0.17475390384286849 1
0.17918975109031415 1
0.17941952655188989 1
0.17947992896395032 1
0.17978798985036773 1
0.18420494535680748 1
0.18635957307804185 1
0.18674551437402243 1
0.18710740682428126 1
0.18892893086627929 1
0.19352910794157394 1
0.19365182760123176 1
0.19407151313914262 1
0.19442680986143007 1
0.19837367727079153 1
0.20069875781888166 1
0.20139751709301038 1
0.20174628800733865 1
0.20309442445661005 1
0.20781413022940687 1
0.20786845453036687 1
0.20872347316614567 1
0.20906565991620474 1
0.21253281377658365 1
0.21503824146964798 1
0.21604945717287305 1
0.21638512547585548 1
0.21725044417664482 1
0.22196710453926033 1
0.22220802726809316 1
0.22337542750181985 1
0.22370449930029737 1
0.2266828145339998 1
0.22937774380261852 1
0.2307014164049789 1
0.23102394574877166 1
0.23139755807142223 1
0.23611143068012944 1
0.23654758090370059 1
0.23802742324494533 1
0.23834333186677908 1
0.24082446346674441 1
0.24371736226837637 1
0.24535343904185405 1
0.24553667293658329 1
0.24566270961385545 1
0.25024814327804346 1
0.25088709322424174 1
0.25267939332640377 1
0.25298212917095558 1
0.25495888903791286 1
0.2580567982201224 1
0.25966897558223212 1
0.26000535146331133 1
0.26030156133667109 1
0.26437846845347601 1
0.26522644133267786 1
0.26733127187901551 1
0.26762107491408854 1
0.26908739225198314 1
0.27239610527915764 1
0.27379584026038428 1
0.27465722439709944 1
0.27494040399363523 1
0.27850385691313856 1
0.2795656471213166 1
0.28198316682198055 1
0.28225976762322136 1
0.28321147644293904 1
0.28673542773274868 1
0.28791878699569995 1
0.28930913737328073 1
0.28957913306769834 1
0.29262583517714774 1
0.29390518082933709 1
0.29663513121628587 1
0.29689863269757844 1
0.29733267616273079 1
0.30107515592072398 1
0.30203938762874116 1
0.30396109083292272 1
0.30421814358033039 1
0.30674600995221979 1
0.30824479597755478 1
0.31128703601037616 1
0.31145261658000772 1
0.31153761509466293 1
0.3154146194118414 1
0.31615926877692468 1
0.3186129493322743 1
0.31885699937893452 1
0.32086602039982809 1
0.32258426316585603 1
0.3255729436081658 1
0.32593891429729849 1
0.32617640535880338 1
0.32975410024240853 1
0.33028009157856941 1
0.33326486172970854 1
0.33349578142162828 1
0.33498753215340082 1
0.33692385306539074 1
0.33969533038795113 1
0.34059081774719746 1
0.34081524625545101 1
0.34409349002171019 1
0.34440353896765979 1
0.34791671671407509 1
0.34813467872355291 1
0.34911224593201245 1
0.35126322040308977 1
0.35382150443841875 1
0.35524269375655287 1
0.35545412795226206 1
0.35843299034383569 1
0.35853136771464272 1
0.36256867946938592 1
0.36277349059255903 1
0.36324192136114342 1
0.36560282008315231 1
0.36795322422757387 1
0.36989469512009848 1
0.37009291937883609 1
0.37266535841910492 1
0.37277239134071033 1
0.37722063972229353 1
0.37737836263114927 1
0.37741232340856035 1
0.37994211577843207 1
0.38209230787435594 1
0.38454660598138862 1
0.38473177748375315 1
0.38680728871150299 1
0.38711189590992623 1
0.39152333064809686 1
0.39187254616933159 1
0.39205119339376132 1
0.39428180406844349 1
0.39624051160515783 1
0.39919853865782273 1
0.39937064302301134 1
0.40095893250356635 1
0.40145148602525099 1
0.40567861610178296 1
0.40652448359484356 1
0.40669003846754215 1
0.40862117368667167 1
0.41039961785861401 1
0.41385040702810838 1
0.41400946412434786 1
0.41512207182073263 1
0.41579075662667414 1
0.41984599879082291 1
0.42117633387464676 1
0.42132887566820559 1
0.42296047791620162 1
0.42457151944145033 1
0.42850228381992422 1
0.42864827125563698 1
0.42929868844997443 1
0.43013017793736019 1
0.43402759609371006 1
0.43582829649275706 1
0.43596763977538516 1
0.43729999913596723 1
0.43875842045636304 1
0.44315419971882625 1
0.44328702260806979 1
0.44349125986649207 1
0.44446988005474919 1
0.44822626690871298 1
0.45048007843772986 1
0.4506064885074022 1
0.45163955535203554 1
0.45296380571245076 1
0.45770415444817414 1
0.45780585897369747 1
0.4579258909919508 1
0.45880934283161878 1
0.46244770033886917 1
0.46513154422815806 1
0.46524530262807018 1
0.46597881364174254 1
0.46719554996065049 1
0.47194883945061272 1
0.47245701960420833 1
0.47256464669280585 1
0.47314852671353841 1
0.47670910289110474 1
0.47978207447322463 1
0.47988385033135045 1
0.48031776729869824 1
0.48148223945484686 1
0.48627828521657024 1
0.48710509221626069 1
0.4872018835055581 1
0.48748569113485174 1
0.4911163293880757 1
0.49439909506935747 1
0.494462013386683 1
0.49460109078335818 1
0.49624908570500859 1
0.50164623556356946 1
0.50165048445985572 1
0.50166434587376163 4

0.1511779934862732 2
0.38941880679683821 2

9 0 0 0 0 3 1 312 2 310 2 17.019200000000001 2.4710000000000001 -1.0020707736838588  20.759389865876347 8.1361932741432526 -0.81332539826238437  
17.019202999619484 2.4710000000000001 -1.0020275184958434  20.759388451615816 8.1361932741432526 -0.81330331223914853  
17.019207171040321 2.4710000000000001 -1.0019679913424477  20.759386543597429 8.1361932741432526 -0.81327291300324844  
17.021232521365793 2.4710000000000001 -0.97347334393735352  20.758498450290219 8.1361932741432526 -0.79871816400495077  
17.041427395378722 2.4710000000000005 -0.93785913877854254  20.773012269480915 8.1361932741432526 -0.77858072649067167  
17.070894851053385 2.4710000000000001 -0.90788531129359196  20.792784786634982 8.1361932741432526 -0.76245515585637147  
17.07861106311595 2.4710000000000001 -0.90082905977195848  20.797784530031095 8.1361932741432526 -0.75879077809022222  
17.093703387885338 2.4710000000000001 -0.887197525114654  20.807521847152209 8.1361932741432526 -0.75174555626767103  
17.125146980671282 2.4710000000000005 -0.8641740083221694  20.826515524826114 8.1361932741432526 -0.74090846478621908  
17.160594203047875 2.4710000000000005 -0.84550574305534554  20.846547051832843 8.1361932741432526 -0.73324346506944182  
17.18048019426729 2.4710000000000001 -0.8360330723225633  20.857777337010631 8.1361932741432526 -0.72924839246959205  
17.186885960897726 2.4710000000000001 -0.83300985086702128  20.861395760251153 8.1361932741432526 -0.72796816640891437  
17.215958201050874 2.4710000000000001 -0.81959455287488225  20.877828032934588 8.1361932741432526 -0.7222320879245665  
17.251279961784402 2.4710000000000005 -0.80538438223633824  20.897826888013412 8.1361932741432526 -0.71581544610560299  
17.284986061426885 2.4710000000000001 -0.79355395458139311  20.916745564439331 8.1361932741432526 -0.71039446974245013  
17.293725343544871 2.4710000000000001 -0.7905999626877418  20.921636418144477 8.1361932741432526 -0.70903939576297181  
17.313220568161711 2.4710000000000001 -0.78409537631444448  20.932534790326084 8.1361932741432526 -0.70605588668089703  
17.349160699107266 2.4710000000000001 -0.77302589006529709  20.952498884661971 8.1361932741432526 -0.70098002235272994  
17.388451192575989 2.4709999999999996 -0.76264876618096233  20.974133973317002 8.1361932741432526 -0.6961307829729404  
17.411350791524839 2.4710000000000001 -0.75708371054559698  20.986713510863545 8.1361932741432526 -0.69345536016675458  
17.418146284994613 2.4710000000000001 -0.75545507968856396  20.990445350061201 8.1361932741432526 -0.69266804706305296  
17.447510164425907 2.4710000000000001 -0.74850692390171747  21.006566412876971 8.1361932741432526 -0.68929204118284415  
17.483092722444052 2.4710000000000001 -0.74097391228831677  21.026056107430275 8.1361932741432526 -0.6854602942156125  
17.519990188877966 2.4710000000000001 -0.73404563302417136  21.046214410205376 8.1361932741432526 -0.68175199396281694  
17.531192465835392 2.4710000000000001 -0.73202616087072292  21.052329495898018 8.1361932741432526 -0.68065153609955953  
17.550880211970419 2.4710000000000001 -0.72853974103944352  21.063072726015776 8.1361932741432526 -0.67873658671965931  
17.586389651612542 2.4710000000000001 -0.72262342524757317  21.082426720218773 8.1361932741432526 -0.67539567236277054  
17.626590730496417 2.4710000000000001 -0.71679947612645623  21.104291597978836 8.1361932741432526 -0.67186677300752362  
17.652285599619056 2.4710000000000001 -0.71343090045946733  21.1182528817383 8.1361932741432526 -0.66970594983939047  
17.658555328052717 2.4710000000000001 -0.71262747817505134  21.121658882448394 8.1361932741432526 -0.66918353346797388  
17.68613422118235 2.4710000000000001 -0.7091109938511605  21.136640376927279 8.1361932741432526 -0.66689014880283992  
17.720569569626903 2.4710000000000001 -0.70520880222425086  21.155329564824225 8.1361932741432526 -0.66415417962311785  
17.760285987348613 2.4710000000000005 -0.70133213042418774  21.176868540493814 8.1361932741432526 -0.66115784061873817  
17.774117357135992 2.4710000000000001 -0.70006420580218187  21.184367614822541 8.1361932741432526 -0.66013515809155354  
17.793239274786231 2.4710000000000001 -0.69836522668320344  21.194733958765312 8.1361932741432526 -0.65873486547466875  
17.827483656497112 2.4710000000000001 -0.69551870385260717  21.213294340472146 8.1361932741432526 -0.65627649364151952  
17.866648866040254 2.4710000000000001 -0.69280946171352531  21.23451199959057 8.1361932741432526 -0.65359980995538025  
17.894468692241567 2.4710000000000001 -0.69116738172092207  21.249579908372301 8.1361932741432526 -0.65176582799249771  
17.901841473280463 2.4710000000000001 -0.69075085037744466  21.253572995143752 8.1361932741432526 -0.65128418919947728  
17.928360807964381 2.4710000000000001 -0.68927153197700686  21.267935636066795 8.1361932741432526 -0.64955622273543023  
17.961866175198619 2.4710000000000001 -0.68771643061982068  21.286078806419532 8.1361932741432526 -0.64744694304241746  
18.002361144775882 2.4710000000000001 -0.6862839312176473  21.308007256660868 8.1361932741432526 -0.64500308944690543  
18.018890803462668 2.4710000000000001 -0.68578402753406642  21.316958663629272 8.1361932741432526 -0.64402555888320445  
18.037162073047426 2.4710000000000001 -0.68527860004088836  21.326853640697877 8.1361932741432526 -0.64295617311490194  
18.069864891962823 2.4710000000000001 -0.68448273766502021  21.344565166834315 8.1361932741432526 -0.64106785442808112  
18.106429180349181 2.4710000000000001 -0.68394630630952014  21.364371689700111 8.1361932741432526 -0.63903994159210042  
18.136888748995791 2.4710000000000001 -0.68372594967380174  21.380874297461737 8.1361932741432526 -0.63740374669582189  
18.146023990784766 2.4710000000000001 -0.68368108782363479  21.385823944950513 8.1361932741432526 -0.63691800289879263  
18.172567536960781 2.4710000000000001 -0.68358406602808386  21.400206214602754 8.1361932741432526 -0.63551441642861051  
18.204452477419981 2.4710000000000001 -0.68366323070445145  21.417485476586165 8.1361932741432526 -0.63387422195006948  
18.244888514509334 2.4710000000000001 -0.68408125804269504  21.439405836311575 8.1361932741432526 -0.63186977817627488  
18.26414916190252 2.4710000000000001 -0.68436732000956912  21.449849267541168 8.1361932741432526 -0.63093587420165498  
18.28143486121553 2.4710000000000001 -0.68466484922554194  21.459223060296193 8.1361932741432526 -0.63010759925510773  
18.31248441861452 2.4710000000000001 -0.68525789705815487  21.476062550406485 8.1361932741432526 -0.62863399402103992  
18.34628549928739 2.4710000000000001 -0.68613748996613266  21.494401515107061 8.1361932741432526 -0.62708709430235887  
18.379387752640898 2.4710000000000001 -0.68718092562562116  21.512367551288456 8.1361932741432526 -0.62561854004782447  
18.390267847442246 2.4710000000000001 -0.68754628563489528  21.518273432087717 8.1361932741432526 -0.62514159723414997  
18.416782505554693 2.4710000000000001 -0.6884753976521778  21.532667382371244 8.1361932741432526 -0.6239893524250042  
18.446985695440844 2.4710000000000001 -0.68965262380175951  21.549068021757371 8.1361932741432526 -0.62270776141627437  
18.487298800409057 2.4710000000000001 -0.69144675958261448  21.570967440092694 8.1361932741432526 -0.62105644136141813  
18.509312582868233 2.4710000000000001 -0.69251179440188104  21.582929705033806 8.1361932741432526 -0.6201776635537255  
18.525540815504907 2.4710000000000001 -0.69333078300686923  21.591749647392071 8.1361932741432526 -0.61953907681659426  
18.554898101447396 2.4710000000000001 -0.69484003767637048  21.607706406039526 8.1361932741432526 -0.6183914132036672  
18.585861526576764 2.4710000000000001 -0.69658510177570943  21.624543163158418 8.1361932741432526 -0.61722333268896779  
18.621618093010223 2.4710000000000001 -0.69874556304534141  21.643993110108141 8.1361932741432526 -0.61591781115627808  
18.634229673028223 2.4710000000000001 -0.69952997514270221  21.650854298086692 8.1361932741432526 -0.61546409292941151  
18.660697120070271 2.4710000000000001 -0.70121482506311716  21.665255472866797 8.1361932741432526 -0.61452393298350927  
18.68919993570778 2.4710000000000001 -0.70309927898100577  21.680767514626389 8.1361932741432526 -0.61353339870230728  
18.729366845454617 2.4710000000000001 -0.7059056027675672  21.702635758970395 8.1361932741432526 -0.61218644195365002  
18.75415412457734 2.4710000000000001 -0.70771486445411669  21.716135424491505 8.1361932741432526 -0.61138105903111273  
18.769288157578025 2.4710000000000001 -0.70884510755340346  21.724379404774002 8.1361932741432526 -0.61089813232753742  
18.796944912123095 2.4710000000000001 -0.71091951934969289  21.739445486518985 8.1361932741432526 -0.61001868993451347  
18.825037947481935 2.4710000000000001 -0.71311987454534176  21.754755308103455 8.1361932741432526 -0.60915770216913934  
18.86346634265217 2.4710000000000005 -0.71624077952773324  21.775704554907097 8.1361932741432526 -0.60802225066536442  
18.877803642653145 2.4710000000000001 -0.71742597211636649  21.783521841524148 8.1361932741432526 -0.60760659347083779  
18.904222451937436 2.4710000000000001 -0.71964464520577387  21.797928596779933 8.1361932741432526 -0.60685469091099908  
18.931028311262573 2.4710000000000001 -0.72193483367093636  21.81254882267773 8.1361932741432526 -0.60610757017404648  
18.970882341614836 2.4710000000000001 -0.7254371960439181  21.83429186891598 8.1361932741432543 -0.60503820826712729  
18.997450480971985 2.4710000000000001 -0.72783426986738808  21.848790664309163 8.1361932741432526 -0.60435316082657009  
19.012648132115359 2.4710000000000001 -0.72922316631338535  21.857085556770855 8.1361932741432526 -0.60396970588232246  
19.038779759438892 2.4710000000000001 -0.73161383539820024  21.871348397119707 8.1361932741432526 -0.60331157533711699  
19.065005424114155 2.4710000000000001 -0.73406868348075149  21.885666385061519 8.1361932741432526 -0.60267762156079419  
19.104954620893025 2.4710000000000001 -0.73787914102859875  21.907482223298217 8.1361932741432526 -0.60175040321955997  
19.121014828367706 2.4710000000000001 -0.73942797639947211  21.916253836772135 8.1361932741432526 -0.60138685423499982  
19.147394922190912 2.4710000000000001 -0.74199866000735337  21.930664069246198 8.1361932741432526 -0.60080542370438772  
19.172516144754393 2.4710000000000001 -0.74446521149531786  21.944388166606686 8.1361932741432526 -0.6002627709510362  
19.209473167219734 2.4710000000000001 -0.74814547977348633  21.964582281836773 8.1361932741432526 -0.59949770845172612  
19.238773494582887 2.4710000000000001 -0.75110282833934117  21.980595262312711 8.1361932741432526 -0.59891973208734173  
19.255697477892703 2.4710000000000001 -0.75282295727003667  21.989845081982395 8.1361932741432526 -0.59859569100120014  
19.282063097087264 2.4710000000000001 -0.75550730597342541  22.004255475532169 8.1361932741432526 -0.59809475249684863  
19.306347171466196 2.4710000000000001 -0.75800396403185166  22.017529461146651 8.1361932741432526 -0.5976541235242735  
19.346176171617106 2.4710000000000001 -0.76212910375230969  22.039303304918242 8.1361932741432526 -0.59696453896774138  
19.364818232897328 2.4710000000000001 -0.76407047037361919  22.049495606105292 8.1361932741432526 -0.59665346647114936  
19.390323609069668 2.4710000000000001 -0.76673799165475931  22.063441990829318 8.1361932741432526 -0.59624391512888208  
19.413774563994849 2.4710000000000001 -0.76919577165450392  22.076265762295058 8.1361932741432526 -0.59587469544000693  
19.447841872154012 2.4710000000000001 -0.7727838022543807  22.094897299171329 8.1361932741432526 -0.59536504308127802  
19.479900585654871 2.4710000000000001 -0.77617746214580063  22.112432246439205 8.1361932741432526 -0.59491484233182057  
19.498558615151698 2.4710000000000001 -0.7781584407516664  22.122638019760362 8.1361932741432526 -0.59466407902702967  
19.524906902967629 2.4710000000000001 -0.78095899576275907  22.137050518147301 8.1361932741432526 -0.5943162066450951  
19.547527780467377 2.4710000000000001 -0.78337116816439423  22.149424690136641 8.1361932741432526 -0.59403360436131936  
19.587251993267827 2.4709999999999996 -0.78761712692109043  22.171155665096421 8.1361932741432526 -0.5935667167688351  
19.608758243926665 2.4710000000000001 -0.78992072966303284  22.182921007523699 8.1361932741432526 -0.59332900536407818  
19.633121807101187 2.4710000000000001 -0.79253348522636768  22.196249871841935 8.1361932741432526 -0.59307619409254864  
19.654914436753849 2.4710000000000001 -0.79487135263679232  22.208172330860577 8.1361932741432526 -0.59285464411355737  
19.686095759954775 2.4710000000000001 -0.79821997671736211  22.225231704140292 8.1361932741432526 -0.59255984132690154  
19.720935402688067 2.4710000000000001 -0.80196464500851017  22.244293112536418 8.1361932741432526 -0.59226215972744711  
19.741331585994214 2.4710000000000001 -0.80415768223344464  22.255452438720798 8.1361932741432526 -0.59210134067739828  
19.767674040814576 2.4710000000000001 -0.80699030738249611  22.269865249123733 8.1361932741432526 -0.59190250898167918  
19.788641669408641 2.4710000000000001 -0.80924524846744594  22.281337458426453 8.1361932741432526 -0.59175712728413821  
19.828276429489687 2.4710000000000001 -0.8135068106762493  22.303023372195266 8.1361932741432526 -0.59150884089132327  
19.852665171982718 2.4710000000000001 -0.81612824623465763  22.316367642231683 8.1361932741432526 -0.59137513623321325  
19.875885371504648 2.4710000000000001 -0.81862218886622917  22.329072570564971 8.1361932741432526 -0.59126432517474736  
19.896027531172667 2.4710000000000001 -0.82078527487527753  22.340093356043319 8.1361932741432526 -0.59117041043195506  
19.924321847888528 2.4710000000000001 -0.82382162048477015  22.355574642119393 8.1361932741432526 -0.59105635270694556  
19.961958305048217 2.4710000000000001 -0.82785497888404591  22.37616753831967 8.1361932741432526 -0.59093874746979524  
19.98409506734324 2.4710000000000001 -0.83022436632922536  22.388279738931569 8.1361932741432526 -0.59088561589177613  
20.010435855815867 2.4710000000000001 -0.83304128766443819  22.402692180893286 8.1361932741432526 -0.59083422024362886  
20.029753311007493 2.4710000000000001 -0.83510496412870083  22.413261768896589 8.1361932741432526 -0.59080682455164291  
20.069300824873153 2.4710000000000001 -0.83932404709848396  22.434900068492446 8.1361932741432526 -0.59077567229979744  
20.095642451794394 2.4710000000000001 -0.8421285968928709  22.449312555899372 8.1361932741432526 -0.59077878899215241  
20.118650120340885 2.4710000000000001 -0.84457340419596516  22.46190052991745 8.1361932741432526 -0.59079905050209158  
20.137143295750356 2.4710000000000001 -0.84653825281487727  22.472018511086752 8.1361932741432526 -0.59081623724348875  
20.163485811787119 2.4710000000000001 -0.84933256866975304  22.48643065395455 8.1361932741432526 -0.59085711670576258  
20.202993962240207 2.4710000000000001 -0.85351406647317818  22.508044708804494 8.1361932741432526 -0.59095313667062133  
20.226873566392911 2.4710000000000001 -0.8560364899260291  22.521108066804757 8.1361932741432526 -0.59102970014477874  
20.253218231086439 2.4710000000000001 -0.85881554641676749  22.535519332293575 8.1361932741432526 -0.59112836029705629  
20.27088759558529 2.4710000000000001 -0.86067748130233723  22.545184650018797 8.1361932741432526 -0.59120202492499674  
20.308020133212853 2.4710000000000001 -0.86458498225438607  22.565495921388766 8.1361932741432526 -0.59137776712776147  
20.336701507778059 2.4710000000000001 -0.86759645893803805  22.581183892360954 8.1361932741432526 -0.59153983113857223  
20.36145328431197 2.4710000000000001 -0.87019044245060717  22.59472257542857 8.1361932741432526 -0.59169988162646936  
20.380632333739985 2.4710000000000001 -0.87219978237779117  22.605213118503698 8.1361932741432526 -0.59182647923964016  
20.404642387252984 2.4710000000000001 -0.87471184160377158  22.618346234326928 8.1361932741432526 -0.59199915608568854  
20.444066518371855 2.4710000000000001 -0.8788294682421891  22.63990993380893 8.1361932741432526 -0.59231363682969018  
20.469689608087222 2.4710000000000001 -0.8815008093487815  22.653924154035359 8.1361932741432526 -0.59253947930546191  
20.496037215553713 2.4710000000000001 -0.88424408074797212  22.668333481931043 8.1361932741432526 -0.59278849494834551  
20.512055806299603 2.4710000000000001 -0.88591079722865129  22.677093575513297 8.1361932741432526 -0.59294510397086109  
20.54629583097033 2.4710000000000001 -0.88946990589183272  22.695817461014741 8.1361932741432526 -0.59329693638647518  
20.577790314074576 2.4710000000000001 -0.89273789618491151  22.713038658039167 8.1361932741432526 -0.59364911628418282  
20.604287821242497 2.4710000000000001 -0.89548324139289015  22.727527217124077 8.1361932741432526 -0.59396805587787926  
20.624624397200449 2.4710000000000001 -0.897589430775102  22.738647024273238 8.1361932741432526 -0.59421753037608216  
20.645830031192308 2.4710000000000001 -0.89978367461579256  22.750241986898075 8.1361932741432526 -0.59448870542705712  
20.685170525466788 2.4710000000000001 -0.90385048624163045  22.771752428091226 8.1361932741432526 -0.59501822196706899  
20.712539184382141 2.4710000000000001 -0.90667642750402555  22.786716430739524 8.1361932741432526 -0.5954107212408305  
20.738889499889865 2.4710000000000001 -0.90939538249225071  22.801122867854918 8.1361932741432526 -0.59580787362893062  
20.753255362783584 2.4710000000000001 -0.91087742290658535  22.808976947123131 8.1361932741432526 -0.59602764723298407  
20.784601465342007 2.4710000000000001 -0.91411002635383665  22.826113911338304 8.1361932741432526 -0.59652072752304774  
20.818903745266592 2.4710000000000005 -0.91764504700115912  22.844865926744795 8.1361932741432526 -0.59709064342747686  
20.847144434947282 2.4710000000000001 -0.92055385517054655  22.860303516944803 8.1361932741432526 -0.59758438045006823  
20.868635701651471 2.4710000000000001 -0.92276710308858667  22.872051395500673 8.1361932741432526 -0.59796680594847329  
20.887037649312106 2.4710000000000001 -0.92466177626981882  22.882110303139669 8.1361932741432526 -0.59830230434245935  
20.926293017210643 2.4710000000000001 -0.9287029384131843  22.903567437048348 8.1361932741432526 -0.59903901386015945  
20.955404884269413 2.4710000000000001 -0.93169942274727946  22.91947919513261 8.1361932741432526 -0.59961079537432105  
20.981758386791562 2.4710000000000001 -0.9344126116406789  22.933882446378313 8.1361932741432526 -0.6001484508644207  
20.994473034685598 2.4710000000000001 -0.93572168398874078  22.940831453473912 8.1361932741432526 -0.60040937594290145  
21.022930851195039 2.4710000000000001 -0.93865202391582048  22.95638427574902 8.1361932741432526 -0.60100318229246763  
21.060036007438079 2.4710000000000001 -0.9424745716328734  22.976661886236958 8.1361932741432526 -0.60180798801690361  
21.090016154321077 2.4710000000000001 -0.94556562228305241  22.993044790659432 8.1361932741432526 -0.60248454291340092  
21.112656417168324 2.4710000000000001 -0.94790095157296239  23.00541644474832 8.1361932741432526 -0.60300423664529612  
21.12825932578523 2.4710000000000001 -0.94951108744117496  23.01394235548026 8.1361932741432526 -0.60336812415276042  
21.167424268325608 2.4710000000000001 -0.95355509558892726  23.035342686126015 8.1361932741432526 -0.60429807031074012  
21.197494785226102 2.4710000000000001 -0.95666411397574991  23.051772730875669 8.1361932741432526 -0.60503862666978503  
21.224630656307298 2.4710000000000001 -0.95947415603697017  23.066598664221747 8.1361932741432526 -0.60572800679726135  
21.235693013987721 2.4710000000000001 -0.96061983870181811  23.072642667610573 8.1361932741432526 -0.60600963283373299  
21.262048888395636 2.4710000000000001 -0.96335107863855074  23.087042176218375 8.1361932741432526 -0.60668837924600028  
21.301166483785376 2.4710000000000001 -0.96741182202765108  23.108413371770844 8.1361932741432526 -0.60772473900982094  
21.332884460745753 2.4710000000000001 -0.97071222336750973  23.12574158697047 8.1361932741432526 -0.60859170069180779  
21.356661835264397 2.4710000000000001 -0.97318975557396215  23.138731647965209 8.1361932741432526 -0.60925166601681036  
21.369473879707698 2.4710000000000001 -0.97452596427888249  23.145731108947825 8.1361932741432526 -0.60961087544088566  
21.406787334759812 2.4709999999999996 -0.97842148454930122  23.166115984173942 8.1361932741432526 -0.61066822989491909  
21.437475418789937 2.4710000000000001 -0.98163405809641657  23.182880886790482 8.1361932741432526 -0.61156215582983331  
21.467482959434498 2.4710000000000001 -0.98478461289556196  23.199272875343784 8.1361932741432526 -0.61245924782341921  
21.478646858625307 2.4710000000000001 -0.98595718317383596  23.205371235622522 8.1361932741432526 -0.61279411018869467  
21.503244880886811 2.4710000000000001 -0.98854333599271249  23.218807764128414 8.1361932741432526 -0.6135382299535278  
21.542267867566714 2.4709999999999996 -0.99265608803375227  23.240122755287882 8.1361932741432526 -0.61474275646521492  
21.575721119128865 2.4710000000000001 -0.99619418689823191  23.258394472565207 8.1361932741432526 -0.61580376791036007  
21.600623398979931 2.4710000000000001 -0.99883345335719731  23.27199547646331 8.1361932741432526 -0.61660573865733759  
21.610655594588302 2.4710000000000001 -0.99989776813642628  23.277474754351786 8.1361932741432526 -0.61693112120163884  
21.645101940741544 2.4710000000000001 -1.0035557209772241  23.296288100844937 8.1361932741432526 -0.6180557499173962  
21.677437853946191 2.4710000000000001 -1.0070010851412214  23.313948178897974 8.1361932741432526 -0.61913532687910944  
21.710305600304864 2.4710000000000001 -1.0105180458233185  23.33189789475022 8.1361932741432526 -0.62025899737858081  
21.72258845366575 2.4710000000000001 -1.0118335560336789  23.338605733811267 8.1361932741432526 -0.62068098755060397  
21.744412700589685 2.4710000000000001 -1.0141735307139936  23.350524130497625 8.1361932741432526 -0.62143516150372324  
21.783338663678517 2.4710000000000001 -1.01835910962246  23.371781365789356 8.1361932741432526 -0.62280036648499748  
21.818524321813719 2.4710000000000001 -1.0221615312255983  23.390995420022719 8.1361932741432526 -0.62406492882852715  
21.844536161006516 2.4710000000000001 -1.024982115792566  23.405199704911716 8.1361932741432526 -0.62501431784430139  
21.851801679687778 2.4710000000000001 -1.0257708308546634  23.409167170867903 8.1361932741432526 -0.62528083124036238  
21.883390017047017 2.4710000000000001 -1.0292028933351518  23.42641649202783 8.1361932741432526 -0.62644395900146965  
21.917368472675946 2.4710000000000001 -1.0329109063838142  23.444970682434693 8.1361932741432526 -0.62771926375430909  
21.953078154536271 2.4710000000000001 -1.036831943244471  23.464469774920573 8.1361932741432526 -0.62909238867463224  
21.9664647920623 2.4710000000000001 -1.0383044265780836  23.471779432810195 8.1361932741432526 -0.62961058816649762  
21.985527226696579 2.4710000000000001 -1.0404036485234804  23.482188260545964 8.1361932741432526 -0.63035170770311399  
22.024351434869853 2.4710000000000001 -1.0446930928874216  23.503387426558589 8.1361932741432526 -0.6318794175587773  
22.061264458665221 2.4710000000000001 -1.0488002115780664  23.523541892151009 8.1361932741432526 -0.63336801430971812  
22.087611005079452 2.4710000000000001 -1.0517471326656334  23.537926147288967 8.1361932741432526 -0.63444862931860202  
22.092883503055369 2.4710000000000001 -1.0523374622125259  23.540804706219244 8.1361932741432526 -0.63466556920744699  
22.12162768313264 2.4710000000000001 -1.0555580270665903  23.556497688006171 8.1361932741432526 -0.63585088836128101  
22.158002410468793 2.4710000000000001 -1.0596573907903051  23.576355426033267 8.1361932741432526 -0.63737862765560682  
22.19577575862521 2.4710000000000001 -1.0639495429095347  23.596976914783887 8.1361932741432526 -0.63900555307438434  
22.210249461405763 2.4710000000000001 -1.0655988757205725  23.604878622449313 8.1361932741432526 -0.63963432633292772  
22.226565695312274 2.4710000000000001 -1.0674601120672087  23.613786279820886 8.1361932741432526 -0.64034536574615308  
22.265283399196189 2.4710000000000001 -1.0718914911086079  23.634924040640421 8.1361932741432526 -0.64204948774079718  
22.303491673170083 2.4710000000000001 -1.0763032174864104  23.655783478794426 8.1361932741432526 -0.64377493825723497  
22.330255707381291 2.4710000000000001 -1.0794143587674125  23.670393978882743 8.1361932741432526 -0.64500671112938512  
22.333876224873215 2.4710000000000001 -1.0798354568194257  23.672370409094981 8.1361932741432526 -0.64517360247919209  
22.360216670826318 2.4710000000000001 -1.0829005226325163  23.686749509780352 8.1361932741432526 -0.64638938743247853  
22.398879846575845 2.4710000000000001 -1.0874293588292456  23.707854040416358 8.1361932741432526 -0.64820700328527903  
22.438370788457654 2.4710000000000001 -1.0921012564398986  23.729409493219471 8.1361932741432526 -0.65011382916821125  
22.453911748311846 2.4710000000000001 -1.0939472921098015  23.737892217034659 8.1361932741432526 -0.65087234307844066  
22.46749957730573 2.4710000000000001 -1.0955625508846829  23.745308857478381 8.1361932741432526 -0.65153685633056735  
22.505174263585118 2.4710000000000001 -1.100054951997907  23.765872750076163 8.1361932741432526 -0.65339427954624885  
22.543230693772252 2.4710000000000001 -1.1046390708388112  23.78664445126438 8.1361932741432526 -0.65532067949635242  
22.572460331291197 2.4710000000000001 -1.1081867322425381  23.80259760700628 8.1361932741432526 -0.6568295695601809  
22.575684929161248 2.4710000000000001 -1.1085784231166071  23.804357541377801 8.1361932741432526 -0.65699637395621013  
22.601081403392147 2.4710000000000001 -1.1116652863423033  23.818218474802066 8.1361932741432526 -0.65831224517531428  
22.639953540264862 2.4709999999999996 -1.1164207913047726  23.839433243992843 8.1361932741432526 -0.66035989004863915  
22.679639754168011 2.4710000000000001 -1.1213286882115967  23.861089860313932 8.1361932741432526 -0.66250716982932067  
22.697417313409019 2.4710000000000001 -1.1235375278828821  23.870790424115238 8.1361932741432526 -0.66348003883227458  
22.708299383124579 2.4710000000000001 -1.1248905029010268  23.876728321186743 8.1361932741432526 -0.66407650286591158  
22.744365183844181 2.4709999999999996 -1.1293869263930241  23.896407245419311 8.1361932741432526 -0.66606644049703689  
22.782855848557144 2.4710000000000001 -1.1342331454651118  23.917407157951143 8.1361932741432526 -0.66824061908743992  
22.813114406956981 2.4710000000000001 -1.1380756281211983  23.933915480392827 8.1361932741432526 -0.66998456306097998  
22.819113626274795 2.4710000000000001 -1.1388383155021753  23.937188503156392 8.1361932741432526 -0.67033123615860302  
22.841812930695596 2.4710000000000001 -1.141726060566524  23.949572664424242 8.1361932741432526 -0.67164502384223257  
22.881799804058097 2.4710000000000001 -1.1468455900471155  23.971388425532265 8.1361932741432526 -0.67399376942146794  
22.920225768581261 2.4710000000000001 -1.1518187447993347  23.992351284071688 8.1361932741432526 -0.67630580507700633  
22.940757889066965 2.4710000000000001 -1.1544898078752959  24.003551749511704 8.1361932741432526 -0.67755499255773632  
22.949465451951021 2.4710000000000001 -1.1556235349974948  24.008301765211407 8.1361932741432526 -0.67808571177109478  
22.983981956553283 2.4710000000000001 -1.1601280863326933  24.027130180581516 8.1361932741432526 -0.6801999378420629  
23.021026346702115 2.4710000000000001 -1.1650067518479479  24.047335601060293 8.1361932741432526 -0.68251272833792798  
23.053612927416932 2.4710000000000001 -1.1693367968664297  24.065108514840176 8.1361932741432526 -0.68458368134565517  
23.062357952963964 2.4710000000000001 -1.1705008998108233  24.069878053146113 8.1361932741432526 -0.68514140502092302  
23.083712546858241 2.4710000000000001 -1.1733466076727126  24.081524780231568 8.1361932741432526 -0.68650619956976322  
23.122340951309617 2.4710000000000001 -1.1785235870187962  24.102592020506648 8.1361932741432526 -0.68900238718932827  
23.160647625599921 2.4710000000000001 -1.1837106071105166  24.123482719449726 8.1361932741432526 -0.69152505796216879  
23.183903604267147 2.4710000000000001 -1.1868783738002693  24.136165064650854 8.1361932741432526 -0.69307237237140962  
23.191604351862505 2.4710000000000001 -1.1879287096965707  24.140364537448622 8.1361932741432526 -0.69358590318270441  
23.223456194421097 2.4710000000000001 -1.192279992640191  24.157734236562177 8.1361932741432526 -0.69571569407810352  
23.258736518526078 2.4710000000000001 -1.1971398841561613  24.176972649789242 8.1361932741432526 -0.69810799910404242  
23.293939621818954 2.4710000000000001 -1.2020327181462656  24.196168301360942 8.1361932741432526 -0.70052915244782021  
23.305400952039747 2.4710000000000001 -1.2036296257373735  24.202417917898028 8.1361932741432526 -0.70132044469463528  
23.325755545206526 2.4710000000000001 -1.2064699325133001  24.213516786887954 8.1361932741432526 -0.70272902690561545  
23.362707335470951 2.4710000000000001 -1.2116507824512543  24.233665494948102 8.1361932741432526 -0.7053047900722873  
23.40089313222942 2.4710000000000005 -1.2170585460807279  24.25448710862787 8.1361932741432526 -0.70800188493419636  
23.426842833778284 2.4710000000000001 -1.2207605923331435  24.268637038652486 8.1361932741432526 -0.70984934618575379  
23.433562537487294 2.4710000000000001 -1.2217211929746719  24.272301204209729 8.1361932741432526 -0.71032875995229727  
23.462774310744315 2.4710000000000001 -1.2259010307735723  24.288230054452239 8.1361932741432526 -0.71241484677798839  
23.496288004195115 2.4710000000000001 -1.2307375222537327  24.306505304336159 8.1361932741432526 -0.71482884583609185  
23.534072273258719 2.4709999999999996 -1.2362575709998018  24.327112434339003 8.1361932741432526 -0.7175755261920298  
23.548219709037646 2.4710000000000001 -1.2383334892199624  24.334828772520556 8.1361932741432526 -0.71860707754045527  
23.567591840078222 2.4710000000000001 -1.2411840557681562  24.345395238664256 8.1361932741432526 -0.72002219676948964  
23.602857869304238 2.4710000000000005 -1.2464034472570877  24.364632721242227 8.1361932741432526 -0.72260785254450877  
23.64090959426213 2.4709999999999996 -1.2521064624311271  24.385393522814624 8.1361932741432526 -0.72541825998894149  
23.667163992589543 2.4710000000000001 -1.2560800965175618  24.399719427122356 8.1361932741432526 -0.72736659196987286  
23.675272114084045 2.4710000000000001 -1.2573099203888434  24.404143789320177 8.1361932741432526 -0.72796889119295494  
23.701852204476928 2.4710000000000001 -1.2613455777219593  24.418647921952502 8.1361932741432526 -0.72994425943873764  
23.735942189589423 2.4710000000000001 -1.266572227892784  24.437252144599128 8.1361932741432526 -0.73248878039130594  
23.773921386674854 2.4710000000000001 -1.2724656628281512  24.457983454622251 8.1361932741432526 -0.73533342883128872  
23.790728459925731 2.4710000000000001 -1.2750876971896643  24.467158772601298 8.1361932741432526 -0.73659388903851908  
23.809126525780037 2.4710000000000001 -1.2779677654470778  24.477203415483594 8.1361932741432526 -0.73797460691475558  
23.842701954266964 2.4710000000000001 -1.2832481091983969  24.495536229166767 8.1361932741432526 -0.74049656919326745  
23.878354435976163 2.4710000000000001 -1.2889215767045763  24.515008482366749 8.1361932741432526 -0.74317970226436914  
23.906831870350782 2.4710000000000005 -1.2934994853412389  24.530565849593394 8.1361932741432526 -0.74532503055461774  
23.916656221132939 2.4710000000000001 -1.2950831248842207  24.535933310446545 8.1361932741432526 -0.74606531585390634  
23.942871296938904 2.4710000000000001 -1.2993170872536957  24.55025642516317 8.1361932741432526 -0.74804098269422492  
23.975594880330679 2.4710000000000001 -1.3046513206716579  24.568139911973557 8.1361932741432526 -0.75050878377894026  
24.013425526039462 2.4710000000000001 -1.3108911536276371  24.588821134890786 8.1361932741432526 -0.75336176564791302  
24.032874265831946 2.4710000000000001 -1.3141201949675294  24.59945532983842 8.1361932741432526 -0.75482822094076618  
24.050298266726628 2.4710000000000001 -1.3170253543743129  24.608983600891442 8.1361932741432526 -0.75614171596454827  
24.082179963511891 2.4710000000000001 -1.3223612649483409  24.626419893753766 8.1361932741432526 -0.75854465436072915  
24.115104062182564 2.4709999999999996 -1.3279360092704435  24.644432275606139 8.1361932741432526 -0.76102513837050245  
24.146111536585149 2.4710000000000001 -1.3332433887426385  24.661401514049352 8.1361932741432526 -0.76336137166698104  
24.157643087019459 2.4710000000000001 -1.3352242943925186  24.6677129794056 8.1361932741432526 -0.76423024680227714  
24.183809557237328 2.4710000000000001 -1.3397336137095288  24.68203582560928 8.1361932741432526 -0.76620196266391083  
24.214837411570699 2.4710000000000001 -1.345128450910386  24.699024285772833 8.1361932741432526 -0.7685407380626198  
24.252508931746185 2.4710000000000001 -1.351758058921688  24.719657505857032 8.1361932741432526 -0.77138444509137893  
24.274585287523479 2.4710000000000001 -1.3556755948641359  24.731751867497639 8.1361932741432526 -0.77305320249392029  
24.291029608856281 2.4710000000000001 -1.3586095918208236  24.740762102683885 8.1361932741432526 -0.77429762230916288  
24.321212198469176 2.4710000000000001 -1.3640112404087645  24.757301215663279 8.1361932741432526 -0.77658334099061654  
24.351402014147041 2.4710000000000001 -1.369479163142358  24.773849579193946 8.1361932741432526 -0.77887740051930554  
24.384921359963862 2.4710000000000001 -1.3756207757774903  24.792228456646058 8.1361932741432526 -0.7814404938791476  
24.398149435918203 2.4710000000000001 -1.37805553764292  24.799482343479671 8.1361932741432526 -0.78245464083751137  
24.424258717840981 2.4710000000000001 -1.3828832088860752  24.81380156085968 8.1361932741432526 -0.7844623425451851  
24.453585317409573 2.4710000000000001 -1.388350666670163  24.829888449905255 8.1361932741432526 -0.78673050809644818  
24.49108456983323 2.4710000000000001 -1.3954239716790069  24.850462695394448 8.1361932741432526 -0.7896626639304265  
24.515769991913672 2.4710000000000001 -1.4001252487693205  24.864008346296231 8.1361932741432526 -0.7916132137727887  
24.531233781598409 2.4710000000000001 -1.4030887281106876  24.872494314417075 8.1361932741432526 -0.7928446521097916  
24.55971092094164 2.4710000000000001 -1.408556643799691  24.88812188063017 8.1361932741432526 -0.79511819215443624  
24.587169992301519 2.4710000000000001 -1.4138890531302666  24.903192609822348 8.1361932741432526 -0.7973440781269816  
24.623173923384478 2.4710000000000001 -1.4209702285257135  24.922953758216494 8.1361932741432526 -0.80032834406623099  
24.638085676151285 2.4710000000000001 -1.4239201049986998  24.931138326227021 8.1361932741432526 -0.80157709836205782  
24.664140179903217 2.4710000000000001 -1.4291080414425499  24.945438678200325 8.1361932741432526 -0.8037863032650685  
24.69177149179195 2.4710000000000001 -1.4346550380404925  24.960602979071759 8.1361932741432526 -0.80616613127618053  
24.729088034893593 2.4710000000000001 -1.4422400373685709  24.981080096387601 8.1361932741432526 -0.80946633250428124  
24.75509855877711 2.4710000000000005 -1.4475917075105007  24.995351756005455 8.1361932741432526 -0.81183192177030616  
24.770820534671483 2.4710000000000001 -1.4508501689441538  25.00397785282 8.1361932741432526 -0.81328791756284202  
24.79755645469637 2.4710000000000001 -1.4563997893455096  25.018647228889641 8.1361932741432526 -0.81577366413817054  
24.823496586899722 2.4710000000000001 -1.4618517080866267  25.032884876466817 8.1361932741432526 -0.81826552917696738  
24.860669281279591 2.4710000000000001 -1.4698091182706083  25.053272416267561 8.1361932741432526 -0.8219986073578408  
24.877252281084274 2.4710000000000001 -1.4733945856130704  25.062363495159723 8.1361932741432526 -0.82370380278828703  
24.903325887430135 2.4710000000000001 -1.4791072285340285  25.076645278573967 8.1361932741432526 -0.82646756965710555  
24.929374435579348 2.4710000000000001 -1.4848822151773167  25.090889229156751 8.1361932741432526 -0.82929610835414369  
24.965999141013501 2.4710000000000001 -1.4931362424160657  25.110886001264056 8.1361932741432526 -0.83342240944155221  
24.992476176281663 2.4710000000000001 -1.499190355296764  25.125342655007884 8.1361932741432526 -0.83652071527293348  
25.009627702553356 2.4710000000000001 -1.5031340909967887  25.134717941146651 8.1361932741432526 -0.83856630281177702  
25.03488716601856 2.4710000000000001 -1.5089505431849757  25.148529411658792 8.1361932741432526 -0.84159391058638233  
25.059360097239612 2.4710000000000001 -1.5146361069384531  25.162027172015815 8.1361932741432526 -0.8446801065791808  
25.095914977447048 2.4710000000000001 -1.5236042776960599  25.182107127143958 8.1361932741432526 -0.84974191732819904  
25.114225113374513 2.4710000000000001 -1.528253441685695  25.192137385970074 8.1361932741432526 -0.85242591645389909  
25.141424395487867 2.4710000000000001 -1.5355662886442398  25.206903177852251 8.1361932741432526 -0.85674518182549386  
25.20962477885471 2.4710000000000001 -1.55454776886581  25.243329853209314 8.1361932741432526 -0.86791616636330426  
25.274148130457206 2.4710000000000001 -1.5752165645029164  25.27599994075603 8.1361932741432526 -0.88015773610822212  
25.283999999999999 2.4710000000000001 -1.5800018890345837  25.284000000000002 8.1361932741432526 -0.8844036540993746  

0.50166434587376163 4
0.50167255192680926 1
0.50167563950773675 1
0.50707080535134863 1
0.50866953008644389 1
0.50883369854911686 1
0.50887547618272866 1
0.51218554491661905 1
0.5157326152044438 1
0.51605083893958703 1
0.51611652486986348 1
0.51699615247064967 1
0.52175556871066142 1
0.5228535560941534 1
0.52331611358801544 1
0.52338800196649815 1
0.52649078113382586 1
0.5299749704400003 1
0.5305838358556183 1
0.53066278607417028 1
0.53121200128245527 1
0.53592516874550855 1
0.53709651595479513 1
0.53785197903198323 1
0.53793830958691802 1
0.5406325820460709 1
0.54421806048915278 1
0.54512019230631947 1
0.54521410274590132 1
0.54533554203577972 1
0.55003528466108298 1
0.55133961645999174 1
0.55238848863034873 1
0.55249003420239806 1
0.55473242200286199 1
0.55846124781245177 1
0.55942730325748768 1
0.55965673768529889 1
0.55976607832058756 1
0.56412047426429679 1
0.56558285964160249 1
0.5669250540488564 1
0.56704215665595015 1
0.56881213313972312 1
0.57270441229588664 1
0.57350242588339995 1
0.57419331329425649 1
0.57431826569523758 1
0.5781916284236579 1
0.57982589268851592 1
0.58146168143624699 1
0.58159436040775681 1
0.58287982860679222 1
0.58694750270453222 1
0.58756710702450077 1
0.58873003298516791 1
0.5888704789618564 1
0.59225361274283561 1
0.59406922569486464 1
0.59599845782579797 1
0.59614665021241153 1
0.59693939943676178 1
0.60119090920738461 1
0.6016245197727742 1
0.60326676806067703 1
0.60342285411257934 1
0.60630906380938765 1
0.60831237090063583 1
0.61053509810503104 1
0.61069906793207551 1
0.61099305816616523 1
0.61543405167652032 1
0.61567655770840368 1
0.61780337104576477 1
0.6179752245537421 1
0.62035961317081045 1
0.62255563361576383 1
0.62504223465925823 1
0.62507171457175825 1
0.62525135740796844 1
0.6296774418312856 1
0.62972448821047555 1
0.632340066972499 1
0.63252750261802115 1
0.63440639756447226 1
0.63679888265058837 1
0.63908797352088176 1
0.63960834172404646 1
0.63980373596312423 1
0.64376926125803413 1
0.64392042359306179 1
0.6468766771530543 1
0.64707997075247736 1
0.64845027965891022 1
0.65104178131414858 1
0.65313104193619509 1
0.65414495163572783 1
0.65435617246021893 1
0.65781158033459719 1
0.65816349549752173 1
0.66141327239142944 1
0.66163230976015153 1
0.6624919068576437 1
0.66528495000625898 1
0.66717204101043437 1
0.66868157260699423 1
0.66890853727233068 1
0.67185200879699269 1
0.67240660226319282 1
0.67594986139662383 1
0.67618478038705254 1
0.67653181769865667 1
0.67952824951972257 1
0.68121149545831317 1
0.68321822515430808 1
0.68346098526705157 1
0.68589105941200057 1
0.68665002096273142 1
0.69048658688081943 1
0.6905705228371356 1
0.69073711497818613 1
0.69377171846891261 1
0.69524991099741784 1
0.69775495049064817 1
0.69801331366643471 1
0.69992924213610064 1
0.7008933144269659 1
0.70460853677389867 1
0.7050233240919902 1
0.70528949732439583 1
0.70801494917350616 1
0.70928781546402164 1
0.71229163347485502 1
0.71256575535374633 1
0.71396709748934706 1
0.71513643693672113 1
0.71864640839963112 1
0.71955996708661218 1
0.71984193810577768 1
0.72225784491842893 1
0.72332576563426976 1
0.72682824863933826 1
0.72711814518991302 1
0.72800519320626556 1
0.72937940863757011 1
0.7326847099835867 1
0.73409664076657488 1
0.73439431583417825 1
0.7365010358508518 1
0.73736433342607721 1
0.74136497254938893 1
0.74167047357778204 1
0.74204408964927171 1
0.7436228024252145 1
0.74672399016994229 1
0.74863331111522124 1
0.74894672411052643 1
0.75074444993948253 1
0.75140405206774252 1
0.75590155221403466 1
0.75608430079781874 1
0.75622293178905775 1
0.75786604764860266 1
0.76076473903735364 1
0.76316990725058353 1
0.76349912506478723 1
0.76498765624187504 1
0.76544538552934505 1
0.77012625289774284 1
0.7704382550904868 1
0.7707752492131702 1
0.77210916307839972 1
0.77480734476138702 1
0.77770663641667825 1
0.77805140970143061 1
0.77923077324497925 1
0.77948868466520194 1
0.78417026984239324 1
0.78497493016506548 1
0.78532763167236819 1
0.78635234202800741 1
0.78885210604640077 1
0.79224326525795097 1
0.79260386381302028 1
0.79347388002694053 1
0.79353421707626848 1
0.79821660031895869 1
0.79951161975329232 1
0.79988006415349366 1
0.80059554632199947 1
0.80289926301044201 1
0.80677990870264882 1
0.80715627983584237 1
0.80758223772265425 1
0.80771708074776438 1
0.81226551946436909 1
0.81404822889935535 1
0.81443248064786999 1
0.81483878795905074 1
0.81694912685331755 1
0.82131653525889892 1
0.82163308680374969 1
0.82170872081272373 1
0.82196039540076404 1
0.82631740237421136 1
0.82858496567293372 1
0.82898489257555674 1
0.82908195882709046 1
0.83100211453984052 1
0.83568722670223516 1
0.83585334520069909 1
0.83620353697833572 1
0.83626105171371889 1
0.84037275193145333 1
0.8431216584053528 1
0.84332503012776294 1
0.84353725183822814 1
0.84505873906179674 1
0.84974518068970317 1
0.85038996287321134 1
0.8504467570134352 1
0.85081346216055997 1
0.85443208713250574 1
0.85756829689207403 1
0.85765828306425007 1
0.85808973213537332 1
0.85911950208220855 1
0.86380739797544093 1
0.86469005105331886 1
0.86492660148241507 1
0.86536586667283022 1
0.86849578515158155 1
0.87181167737096421 1
0.87219492033616386 1
0.8726420772555924 1
0.8731846653262576 1
0.87787400415930716 1
0.87893323336552565 1
0.87946317927292739 1
0.87991825254395328 1
0.88256380916150312 1
0.88605484237540277 1
0.88673147925932816 1
0.88719449239902282 1
0.88725400943155208 1
0.8919445690894674 1
0.89317626761901581 1
0.89399984863869708 1
0.8944706428302851 1
0.89663545514423182 1
0.90029799054433324 1
0.9012682500734327 1
0.9013265813056659 1
0.90174681449430183 1
0.90601789636322072 1
0.90741947292425063 1
0.90853668629569562 1
0.90902301751478587 1
0.91070933054974013 1
0.91454115152568305 1
0.91540080757233422 1
0.91580500658419917 1
0.91629922894891636 1
0.92009227912428015 1
0.92166279901883219 1
0.92307335826725456 1
0.9235754550675801 1
0.92478368901035524 1
0.92878437440161887 1
0.92947501197304261 1
0.93034163733421682 1
0.93085158365851062 1
0.93416623724018244 1
0.93590604081908824 1
0.9376099601738539 1
0.938127794223376 1
0.93885741402659384 1
0.94302751904811377 1
0.94354859167539362 1
0.94487830738114509 1
0.94540395959532741 1
0.94823987832122403 1
0.95014916136094119 1
0.95214663257264309 1
0.95268022084393456 1
0.95293147654792498 1
0.9572707940154388 1
0.95762353842383863 1
0.95941498906728662 1
0.95995641324622827 1
0.96231644244710024 1
0.96439244697600346 1
0.96668323847094451 1
0.96701057927264811 1
0.96723262051459968 1
0.97151413092700523 1
0.97170629552937304 1
0.97395148439960033 1
0.97450874939367882 1
0.97640472601826522 1
0.97863554725241397 1
0.9811068229710822 1
0.98121961528572943 1
0.98178487479804633 1
0.98575701499244817 1
0.98581351559269403 1
0.98848696378873691 1
0.98906065002066301 1
0.99053021838637656 1
1 4

0.1511779934862732 2
0.38941880679683821 2

9 0 0 0 0 3 1 312 2 310 2 25.284000000000002 8.1361932741432526 -0.8844036540993746  31.083369224655055 20.020074038324633 0.57475349653887053  
25.275791511720019 8.1361932741432526 -0.88436187560599533  31.067769236949999 20.020074038324633 0.5749437834330533  
25.241972632378182 8.1361932741432526 -0.87793887870468401  31.049684534526197 20.020074038324637 0.57656839551529182  
25.20484566342704 8.1361932741432526 -0.87224788953372889  31.030728071017396 20.020074038324633 0.57703026939746194  
25.189786603852092 8.1361932741432526 -0.87009396454283583  31.02293106323728 20.020074038324633 0.57715864516267301  
25.179312228316945 8.1361932741432526 -0.86879668996028259  31.017314362161599 20.020074038324633 0.57719412963249106  
25.15866021343825 8.1361932741432526 -0.8665574083257388  31.006052612708118 20.020074038324633 0.57728298183220139  
25.144905827994965 8.1361932741432526 -0.8653786491679466  30.998377934609255 20.020074038324633 0.57735657911221994  
25.13135837548225 8.1361932741432526 -0.86445122989699674  30.990900835311127 20.020074038324633 0.57734989879500043  
25.12164169691297 8.1361932741432526 -0.8638065082295161  30.985548974336616 20.020074038324633 0.57733657817733808  
25.107139128113939 8.1361932741432526 -0.86298406587518572  30.977635185888136 20.020074038324633 0.57725722056688122  
25.086508619875517 8.1361932741432526 -0.86214027532124782  30.96647682100793 20.020074038324633 0.57701915931051051  
25.07238782493377 8.1361932741432526 -0.8617501866878694  30.958861171264438 20.020074038324633 0.576790781326465  
25.057958939091826 8.1361932741432526 -0.86146798912164013  30.951069973521207 20.020074038324633 0.57652141758905928  
25.048625494414459 8.1361932741432526 -0.86136468216582551  30.946019802324159 20.020074038324633 0.57632347334973166  
25.027795578104573 8.1361932741432526 -0.86128944890533954  30.934735211434539 20.020074038324633 0.57584098589877231  
25.013444487626973 8.1361932741432526 -0.8614309196854858  30.926944940505091 20.020074038324633 0.57545467441908571  
24.998885027219465 8.1361932741432526 -0.86172481892651986  30.919047736104105 20.020074038324633 0.57498594540288872  
24.990056011094154 8.1361932741432526 -0.86191353410994087  30.914259236571965 20.020074038324633 0.57469630471801914  
24.975685317801421 8.1361932741432526 -0.86231537071971109  30.906470634498312 20.020074038324633 0.57417647743278888  
24.9548527348758 8.1361932741432526 -0.8630933695324815  30.895186436342485 20.020074038324633 0.57333344533596375  
24.939825375608756 8.1361932741432526 -0.86379477369375579  30.887048536822885 20.02007403832463 0.57266761922440579  
24.92545169616649 8.1361932741432526 -0.86455256806001102  30.879262736202342 20.020074038324633 0.57200193973139257  
24.917099501013908 8.1361932741432526 -0.86502810429423427  30.874737574957898 20.020074038324633 0.57160404178731106  
24.897670251396132 8.1361932741432526 -0.86621405909527394  30.864208601709961 20.020074038324633 0.57065764556600262  
24.881908715088858 8.1361932741432526 -0.86730861234033518  30.855663708861762 20.02007403832463 0.56984997412594707  
24.866456911950635 8.1361932741432526 -0.8684849488456643  30.84728666319517 20.02007403832463 0.56898985195726914  
24.857193651175912 8.1361932741432526 -0.86920261360601514  30.842264666085054 20.02007403832463 0.56846625000473838  
24.844234700442165 8.1361932741432526 -0.87025289460111255  30.835239040165078 20.020074038324633 0.56770530367394989  
24.823419387452123 8.1361932741432526 -0.87204285188787956  30.823952871484678 20.020074038324633 0.56643612689764755  
24.807528749925449 8.1361932741432526 -0.87350394093282913  30.81533478830054 20.020074038324633 0.56543734980447558  
24.793181388363326 8.1361932741432526 -0.87488172600401404  30.807552044454773 20.020074038324633 0.56451504657024898  
24.785804566667874 8.1361932741432526 -0.87560392387428965  30.803550079385538 20.020074038324633 0.56403592033969774  
24.767904932422656 8.1361932741432526 -0.87739384487651895  30.79383838905099 20.02007403832463 0.56285918140091662  
24.750653124288664 8.1361932741432526 -0.87920363811962754  30.784476120125088 20.020074038324633 0.56168883609440146  
24.734331758176481 8.1361932741432526 -0.88098344923319183  30.775618624105306 20.020074038324633 0.56053064770708072  
24.724529100206894 8.1361932741432526 -0.88206361451697191  30.770298717400632 20.020074038324633 0.55982729270519838  
24.713099934743667 8.1361932741432526 -0.88334312290485995  30.764095937235453 20.020074038324633 0.55899401068539456  
24.692296324463623 8.1361932741432526 -0.88572268893306338  30.752804347949752 20.02007403832463 0.55745330785765246  
24.675534743963368 8.1361932741432526 -0.88769998372635883  30.743704483485832 20.020074038324633 0.5561935758114398  
24.661205136962952 8.1361932741432526 -0.88942711842210964  30.735923819488139 20.020074038324633 0.55509773476215107  
24.654793571143355 8.1361932741432526 -0.89020456439039986  30.732442340998695 20.020074038324633 0.55460487413446846  
24.638357509788143 8.1361932741432526 -0.89221408781444045  30.723517143909376 20.020074038324633 0.5533316025887749  
24.619663591478115 8.1361932741432526 -0.89455174238680479  30.713364656629075 20.020074038324633 0.551852141434375  
24.602467022249524 8.1361932741432526 -0.89674731331635849  30.704024754364166 20.020074038324633 0.55046260706759931  
24.592167715195622 8.1361932741432526 -0.89807149817124832  30.698430820495716 20.020074038324633 0.54962479604948677  
24.582209412979601 8.1361932741432526 -0.89936081843310922  30.693021992419482 20.020074038324633 0.54880935725926527  
24.561403332715138 8.1361932741432526 -0.90208037902974447  30.681720761451121 20.020074038324633 0.5470914458912508  
24.543763649629785 8.1361932741432526 -0.90442568037468485  30.672138487297705 20.020074038324633 0.54561493899888824  
24.529444252012404 8.1361932741432526 -0.9063525539477103  30.664359421323535 20.020074038324633 0.54440038013855674  
24.523988624281937 8.1361932741432526 -0.90708799988439837  30.661395606548624 20.020074038324633 0.54393669280819323  
24.508960754564619 8.1361932741432526 -0.90912089940670504  30.653231466354889 20.020074038324633 0.54265428421495598  
24.488856579519812 8.1361932741432526 -0.91187274824609099  30.64230891353197 20.020074038324633 0.54091630308818572  
24.470776398312772 8.1361932741432526 -0.91437826543903333  30.632485219644678 20.020074038324633 0.53933593784166811  
24.460012654613031 8.1361932741432526 -0.91587726066010111  30.626636682936997 20.020074038324633 0.53839078399093432  
24.45147991752215 8.1361932741432526 -0.91706958290224283  30.622000292061024 20.020074038324633 0.53763916236618359  
24.430658306213374 8.1361932741432526 -0.91999260589472565  30.610686320054427 20.020074038324633 0.53579683857854521  
24.412790185830083 8.1361932741432526 -0.92252748984824284  30.600976832420486 20.020074038324637 0.53419920819790634  
24.397817723988222 8.1361932741432526 -0.92466656805245651  30.592840957953968 20.020074038324633 0.53284864239084695  
24.393313192205881 8.1361932741432526 -0.92531053452571754  30.59039324780867 20.020074038324633 0.53244198642626916  
24.378997184191508 8.1361932741432526 -0.92736089441104796  30.582614129590876 20.020074038324633 0.53114662266721413  
24.358164189253994 8.1361932741432526 -0.93036321152214019  30.571293760119168 20.020074038324633 0.52924811978247976  
24.339191072756932 8.1361932741432526 -0.93311600338524481  30.560983277534621 20.02007403832463 0.52751060270200401  
24.327985111530076 8.1361932741432526 -0.93474646367360603  30.55489346507742 20.02007403832463 0.52648147574540116  
24.320846707557038 8.1361932741432526 -0.93578645154430995  30.551014081271784 20.020074038324633 0.52582499535885507  
24.300707921915862 8.1361932741432526 -0.93872571097456481  30.540069414661122 20.020074038324633 0.52396901779301164  
24.282580979273028 8.1361932741432526 -0.94138467827563765  30.530217763810533 20.020074038324633 0.52228720533920336  
24.266268754352243 8.1361932741432526 -0.94378487583317461  30.521352314821051 20.020074038324633 0.52076780878766171  
24.262003230470967 8.1361932741432526 -0.94441276301086963  30.519034064492175 20.020074038324633 0.52037030009891638  
24.248398913245143 8.1361932741432526 -0.94641671102928715  30.511640302442842 20.020074038324637 0.51910147492947512  
24.227537642187542 8.1361932741432526 -0.94949631660809231  30.500302386465243 20.020074038324633 0.51715129114845293  
24.207668555421854 8.1361932741432526 -0.95243484575503423  30.489503390749714 20.020074038324633 0.51529313502950691  
24.196033089809092 8.1361932741432526 -0.95415622066838446  30.483179492568695 20.020074038324633 0.51420367316886728  
24.190271820550343 8.1361932741432526 -0.95500861501305034  30.48004824518507 20.020074038324633 0.51366399957629516  
24.171471823075457 8.1361932741432526 -0.95779024011634717  30.469830551786956 20.020074038324637 0.51190169442535316  
24.152403440050588 8.1361932741432526 -0.96061107621519937  30.459467548967666 20.020074038324637 0.51010843897070002  
24.134757037019217 8.1361932741432526 -0.96321656390689914  30.449877501952948 20.020074038324633 0.50845413079716129  
24.130063351232007 8.1361932741432526 -0.96390927992507203  30.447326703843707 20.020074038324633 0.50801436762026919  
24.117831217423305 8.1361932741432526 -0.96571388684006354  30.440679149627876 20.02007403832463 0.50686880762608499  
24.096927913203633 8.1361932741432526 -0.9687926659317696  30.4293195259703 20.020074038324633 0.5049145284365929  
24.076149407446891 8.1361932741432526 -0.97184047465599321  30.418028393453376 20.020074038324633 0.50297491729352706  
24.064083799179304 8.1361932741432526 -0.97360486694758541  30.411472055392096 20.020074038324633 0.50185004341069561  
24.059694178424614 8.1361932741432526 -0.97424638756420334  30.409086787943721 20.020074038324633 0.50144090242872641  
24.042224315802038 8.1361932741432526 -0.97679719276090826  30.399593943637896 20.020074038324633 0.49981321588887556  
24.022203805813053 8.1361932741432526 -0.97970566510913182  30.38871560893017 20.020074038324633 0.49795184688111205  
24.003215849114923 8.1361932741432526 -0.98244413425752031  30.378398436232139 20.02007403832463 0.49620259185128912  
23.998090858769643 8.1361932741432526 -0.98318176360397125  30.375613789119086 20.02007403832463 0.49573139390030135  
23.987231589253049 8.1361932741432526 -0.98474355558422155  30.369713472689106 20.020074038324633 0.49473363541712922  
23.96627857906023 8.1361932741432526 -0.98774399544184077  30.358329176657932 20.02007403832463 0.49281554936290517  
23.944580543157098 8.1361932741432526 -0.99081797100234137  30.346542026687604 20.020074038324633 0.49083476297648287  
23.93207418023735 8.1361932741432526 -0.99257618334206743  30.339748538316094 20.02007403832463 0.48969982462210615  
23.929064711623376 8.1361932741432526 -0.99299895398289151  30.338113796172919 20.020074038324633 0.48942688570054727  
23.912931100856444 8.1361932741432526 -0.99526282814815215  30.329350097842074 20.020074038324633 0.48796503266390368  
23.891947187475804 8.1361932741432526 -0.99817705006619772  30.31795245772447 20.020074038324633 0.48608107546799922  
23.872050750595847 8.1361932741432526 -1.0009022489364718  30.307146104615128 20.020074038324633 0.48431862141570287  
23.866025869838342 8.1361932741432526 -1.0017240123186137  30.303873905481677 20.020074038324633 0.4837865382828147  
23.856551462681516 8.1361932741432526 -1.003015120104902  30.298728252557304 20.020074038324633 0.48295032226144663  
23.835085572997279 8.1361932741432526 -1.0059208306007095  30.287070481501139 20.020074038324633 0.48106406949135583  
23.81381707066155 8.1361932741432526 -1.0087506281519445  30.275522484369716 20.02007403832463 0.47920385914237146  
23.79994120025134 8.1361932741432526 -1.0105753186184396  30.267988842991002 20.020074038324633 0.47800440149981621  
23.798331221337275 8.1361932741432526 -1.0107868095795642  30.267114739764867 20.020074038324633 0.477865380477215  
23.782643686547811 8.1361932741432526 -1.0128449960626238  30.258597577113413 20.020074038324633 0.47651256302600925  
23.761818553283238 8.1361932741432526 -1.0155400815965492  30.24729167515742 20.020074038324633 0.47474323404172153  
23.741218117926145 8.1361932741432526 -1.0181507523257192  30.236108966358469 20.02007403832463 0.47302088756722305  
23.733814428033916 8.1361932741432526 -1.0190826807783939  30.232090134968125 20.02007403832463 0.47240418470181827  
23.725524489700618 8.1361932741432526 -1.0201246230686969  30.227590278174421 20.020074038324633 0.47171421221092735  
23.704005071755752 8.1361932741432526 -1.0228054703906102  30.215910030780801 20.020074038324637 0.4699310924496386  
23.68292024816591 8.1361932741432526 -1.0253716907340324  30.204468177880109 20.020074038324637 0.4681953919827147  
23.668581212475878 8.1361932741432526 -1.0270870572714954  30.196687026404035 20.020074038324637 0.46703902083587084  
23.666766095973461 8.1361932741432526 -1.0273039627940603  30.195702043980369 20.020074038324637 0.46689283745222998  
23.652246397887652 8.1361932741432526 -1.0290366680797831  30.187822851765262 20.020074038324633 0.46572548731740931  
23.631367734316804 8.1361932741432526 -1.0314840007543358  30.176493002878491 20.020074038324633 0.4640827612344014  
23.610245551227099 8.1361932741432526 -1.0338955143504509  30.165033327000934 20.020074038324633 0.46244460326967096  
23.60143284552143 8.1361932741432526 -1.0348911099939557  30.160252501928937 20.020074038324637 0.46176423729367833  
23.593631225832329 8.1361932741432526 -1.0357697241729007  30.156020300889626 20.020074038324633 0.46116270836308004  
23.573031045206587 8.1361932741432526 -1.0380684016079953  30.144846100986697 20.020074038324633 0.45958013055630315  
23.553150852691179 8.1361932741432526 -1.0402254119976071  30.134065008715091 20.020074038324633 0.45806572520198158  
23.537526206457784 8.1361932741432526 -1.0418839668230546  30.125590956057835 20.020074038324633 0.4569108850374346  
23.534798672483323 8.1361932741432526 -1.0421727574657302  30.124111657141576 20.020074038324633 0.45671001342299544  
23.520451616236571 8.1361932741432526 -1.0436862649493859  30.116330318350254 20.020074038324633 0.45565846796574216  
23.500311952894897 8.1361932741432526 -1.0457674485356714  30.105406601366195 20.02007403832463 0.45421919718624892  
23.47912233872384 8.1361932741432526 -1.0478884755477353  30.093915980095865 20.020074038324633 0.45271799004032126  
23.468868621601032 8.1361932741432526 -1.0488985465506608  30.088356219179161 20.020074038324633 0.45199640698008542  
23.461584684818217 8.1361932741432526 -1.0496120391756896  30.084406872290835 20.020074038324633 0.45148514359055908  
23.442073383081876 8.1361932741432526 -1.0515057152770402  30.073828469536977 20.020074038324633 0.45012168430682742  
23.423451607156821 8.1361932741432526 -1.0532532090840572  30.063733968030569 20.020074038324637 0.4488447706631834  
23.406326584293382 8.1361932741432526 -1.0548169194269537  30.054450326560705 20.020074038324637 0.44770786133597695  
23.402518973715789 8.1361932741432526 -1.0551627632753324  30.052386163237422 20.020074038324637 0.44745664646201111  
23.38832767337027 8.1361932741432526 -1.0564427508164558  30.044692790137066 20.020074038324637 0.44652691162160957  
23.369112425047575 8.1361932741432526 -1.0581370908089425  30.034275685652752 20.020074038324633 0.44529437228622315  
23.347856336464258 8.1361932741432526 -1.0599435177102727  30.022754285563931 20.020074038324633 0.44394256447788483  
23.336129555429988 8.1361932741432526 -1.0609179223042899  30.016398511569104 20.020074038324633 0.4432054999603679  
23.329395010901152 8.1361932741432526 -1.0614726193578012  30.012748554908288 20.02007403832463 0.44278456758841128  
23.311379120862647 8.1361932741432526 -1.062944838252218  30.002984576625373 20.020074038324633 0.44166447491583982  
23.293647409229319 8.1361932741432526 -1.0643401505757208  29.993375157417695 20.02007403832463 0.44059339274363207  
23.274992625530736 8.1361932741432526 -1.0657565077718052  29.983265260008842 20.020074038324633 0.43950361541822763  
23.269700811247173 8.1361932741432526 -1.066154124179707  29.980397364664046 20.020074038324633 0.43919734583169695  
23.256070707537621 8.1361932741432526 -1.0671667923062751  29.97301055903683 20.020074038324633 0.43841477610895818  
23.237785896555113 8.1361932741432526 -1.0684912178371382  29.963101254725906 20.020074038324633 0.43738229122151928  
23.216467088681256 8.1361932741432526 -1.0699672663467239  29.951549386362238 20.020074038324633 0.43618958293844212  
23.203238182298215 8.1361932741432526 -1.0708532479589707  29.944381438968779 20.020074038324633 0.43546479399488958  
23.197082729310669 8.1361932741432526 -1.0712597904525187  29.941046187021104 20.020074038324633 0.43513144440071622  
23.180595079788894 8.1361932741432526 -1.0723422676819387  29.932112577289832 20.020074038324633 0.43424323655267683  
23.163757895794692 8.1361932741432526 -1.0733995231669662  29.922989485900779 20.020074038324633 0.43337347173941154  
23.143545769104342 8.1361932741432526 -1.0746111756090111  29.912037790393615 20.020074038324637 0.43236216735572991  
23.13674113327594 8.1361932741432526 -1.0750118996018696  29.908350796965959 20.020074038324637 0.43202553747144246  
23.123701181153635 8.1361932741432526 -1.0757669736863917  29.901285351162002 20.02007403832463 0.431385683996863  
23.106351772749541 8.1361932741432526 -1.0767449962225168  29.891885056881137 20.02007403832463 0.43054450301635083  
23.084974323062596 8.1361932741432526 -1.0778865863216582  29.880303233176473 20.020074038324633 0.42951847263742149  
23.07060285533537 8.1361932741432526 -1.0786177026051618  29.872516860427027 20.020074038324633 0.42885276803851313  
23.064669616790674 8.1361932741432526 -1.0789134813870171  29.86930215714407 20.020074038324633 0.42858362584520715  
23.049740841351209 8.1361932741432526 -1.07965510386463  29.861213507791966 20.020074038324633 0.42790894661630452  
23.033420377333943 8.1361932741432526 -1.0804226431195181  29.852370000782056 20.020074038324637 0.42721259737398654  
23.012014317199231 8.1361932741432526 -1.0813658881799708  29.840771470684537 20.020074038324637 0.42632326461865855  
23.003673095293266 8.1361932741432526 -1.0817219169121044  29.836252049324923 20.020074038324637 0.42598091035123198  
22.991249556906038 8.1361932741432526 -1.082237348496718  29.829520970268163 20.020074038324633 0.42547579047222339  
22.974841374353645 8.1361932741432526 -1.0828967557217326  29.82063132532738 20.020074038324633 0.42481539808356411  
22.954435286112712 8.1361932741432526 -1.0836582216422126  29.809576328364621 20.020074038324633 0.42401013662273146  
22.939034100789481 8.1361932741432526 -1.084192387740806  29.801232145454264 20.020074038324633 0.42343368642450963  
22.932183233699554 8.1361932741432526 -1.0844225885177359  29.797520217053439 20.020074038324633 0.42318494946521362  
22.917810099774385 8.1361932741432526 -1.0849005096955917  29.789732447122198 20.020074038324637 0.42266805036348287  
22.901875072969389 8.1361932741432526 -1.0853917810782703  29.781097395071868 20.020074038324633 0.42213102847187028  
22.880418637257598 8.1361932741432526 -1.085995841224098  29.76947063720964 20.020074038324633 0.4214229674920616  
22.870520966150416 8.1361932741432526 -1.0862586673472749  29.764107395526281 20.020074038324633 0.42110101895455154  
22.858735377397135 8.1361932741432526 -1.0865564965446055  29.757721230640037 20.020074038324633 0.42072340990180723  
22.843274439092578 8.1361932741432526 -1.0869326695222756  29.749343610822393 20.020074038324633 0.42023373730151514  
22.824424042167042 8.1361932741432526 -1.0873427012125365  29.739129363565446 20.020074038324633 0.41965831997077513  
22.807419941955661 8.1361932741432526 -1.0876684781405068  29.729914755826588 20.020074038324633 0.41917443259843168  
22.799652435375585 8.1361932741432526 -1.0878075409228349  29.725705259636445 20.020074038324633 0.41896258787438168  
22.78527930312471 8.1361932741432526 -1.0880556838354418  29.717915719409568 20.020074038324633 0.41857800433045472  
22.770294403649139 8.1361932741432526 -1.0882821652505557  29.709793900857917 20.020074038324633 0.41820166464946534  
22.748793116189415 8.1361932741432526 -1.0885520441412035  29.698140139653372 20.020074038324633 0.41767426588922274  
22.737326206775855 8.1361932741432526 -1.0886739337306071  29.691925005001615 20.02007403832463 0.41739993783498847  
22.726195070854939 8.1361932741432526 -1.0887757917361676  29.685891813650983 20.020074038324633 0.41714208802375297  
22.711685681051332 8.1361932741432526 -1.0888987871681479  29.678027543652075 20.020074038324633 0.41681122022456707  
22.694407108040739 8.1361932741432526 -1.0890031700935805  29.668662062063923 20.020074038324633 0.41644320596725082  
22.675788940117297 8.1361932741432526 -1.0890693395714088  29.658569806595725 20.020074038324633 0.41608453020430647  
22.667106137637113 8.1361932741432526 -1.0890885102160346  29.65386296129698 20.020074038324633 0.4159276333495644  
22.652733932582002 8.1361932741432526 -1.0891079102460481  29.646071768826197 20.020074038324633 0.41567638425481296  
22.638700719544239 8.1361932741432526 -1.0891028553202762  29.638463986600378 20.020074038324633 0.41544655705393663  
22.617156667015553 8.1361932741432526 -1.0890459778842154  29.626784101365764 20.020074038324633 0.41510228978811203  
22.60411068362091 8.1361932741432526 -1.0889837195740815  29.619711102824546 20.020074038324633 0.41490363475410863  
22.593645737657198 8.1361932741432526 -1.0889167982669219  29.614037158409928 20.020074038324633 0.41475656025466801  
22.580089335086107 8.1361932741432526 -1.0888249726031021  29.606686982469288 20.020074038324637 0.41456993123214819  
22.564393688988599 8.1361932741432526 -1.0886831551598419  29.598176268927634 20.020074038324633 0.4143829675251981  
22.544156534279868 8.1361932741432526 -1.0884499340533083  29.587202150047723 20.020074038324633 0.41417760228152622  
22.534560892806876 8.1361932741432526 -1.0883247965753073  29.581998428618217 20.020074038324637 0.41409010963426929  
22.520191674222701 8.1361932741432526 -1.0881211582020498  29.574205742565628 20.020074038324633 0.41396754494116067  
22.50711390890455 8.1361932741432526 -1.0879169510813123  29.567113145273126 20.020074038324633 0.41386540689238649  
22.485534015301312 8.1361932741432526 -1.0875350501673269  29.555408900999922 20.020074038324633 0.41370938881467528  
22.47116633975757 8.1361932741432526 -1.0872470839699671  29.547615796696789 20.020074038324633 0.41362184561895249  
22.461114834927095 8.1361932741432526 -1.0870290101846465  29.542163456213459 20.020074038324633 0.41357562424126137  
22.448515203001673 8.1361932741432526 -1.0867540264087205  29.535328874351151 20.020074038324633 0.41351919355080913  
22.434148572922176 8.1361932741432526 -1.0864111505498297  29.527535172239411 20.020074038324633 0.41348182714055315  
22.412553277425555 8.1361932741432526 -1.0858428078246234  29.515818961961376 20.020074038324633 0.4134559443194803  
22.402047003543316 8.1361932741432526 -1.085548378510143  29.510118584730293 20.020074038324633 0.41345244865571956  
22.387682541515055 8.1361932741432526 -1.0851247783978202  29.502324419360221 20.020074038324633 0.41345765892948805  
22.37556306642815 8.1361932741432526 -1.0847525225283792  29.495748060922175 20.02007403832463 0.41346905954508084  
22.355068935549195 8.1361932741432526 -1.0840823363098075  29.484626574781906 20.02007403832463 0.41350712512015164  
22.339589769694683 8.1361932741432526 -1.083538035162084  29.476225849026996 20.02007403832463 0.41355874134550907  
22.328629329348878 8.1361932741432526 -1.0831340192349814  29.470277206699457 20.02007403832463 0.4136111693113298  
22.315871760814005 8.1361932741432526 -1.0826598783454995  29.463353138724202 20.02007403832463 0.41367540332553526  
22.302626504297791 8.1361932741432526 -1.0821422083995131  29.456164019626154 20.02007403832463 0.41376267026850766  
22.281000838796324 8.1361932741432526 -1.0812513373691217  29.444425314058517 20.020074038324633 0.41392829402835429  
22.269586448434325 8.1361932741432526 -1.0807604271452049  29.438228973901339 20.02007403832463 0.41402530154795403  
22.25522719767369 8.1361932741432526 -1.0801185603233976  29.430433318599562 20.020074038324633 0.41416062689780697  
22.244066611390501 8.1361932741432526 -1.0796095400000776  29.424373930539161 20.020074038324637 0.41427141387983735  
22.225158615536365 8.1361932741432526 -1.0787128091261673  29.414107337243056 20.020074038324633 0.41447958029664933  
22.208071183734475 8.1361932741432526 -1.0778594688584451  29.404828249370905 20.020074038324637 0.41469566996494933  
22.196205207914858 8.1361932741432526 -1.0772434188621536  29.398384149106981 20.020074038324637 0.41486283410794822  
22.182794279061262 8.1361932741432526 -1.0765390322204789  29.391100876121488 20.020074038324637 0.41505717095792044  
22.171169345073963 8.1361932741432526 -1.0759063998399054  29.384787149489341 20.020074038324633 0.41523995208904524  
22.14951910018754 8.1361932741432526 -1.0746863975639669  29.373027490649665 20.02007403832463 0.41559829375176349  
22.137199991571787 8.1361932741432526 -1.0739668859629112  29.366335565505082 20.02007403832463 0.41581252555111303  
22.122847743476989 8.1361932741432526 -1.0731000419515198  29.358538439092484 20.020074038324633 0.41608121963301525  
22.112647917072444 8.1361932741432526 -1.0724774878702708  29.352997016987494 20.020074038324633 0.4162766298139628  
22.095316777777327 8.1361932741432526 -1.071390679425821  29.343580485932137 20.020074038324633 0.41663054695363722  
22.076636571115703 8.1361932741432526 -1.0701720444565335  29.333429716503392 20.020074038324637 0.4170445773193332  
22.063868089404572 8.1361932741432526 -1.0693116573679708  29.326490636065706 20.020074038324637 0.41734436720053059  
22.049819008887766 8.1361932741432526 -1.0683525701614374  29.31885527024199 20.020074038324633 0.41768105744402562  
22.039801020010302 8.1361932741432526 -1.0676513733610786  29.313410239001911 20.020074038324633 0.41793050985706082  
22.018131125484981 8.1361932741432526 -1.0660979112924731  29.30163093351123 20.020074038324633 0.41848510761654356  
22.004912660700967 8.1361932741432526 -1.0651201966457462  29.294444687656483 20.020074038324633 0.41883559158099137  
21.99056984734176 8.1361932741432526 -1.0640250445555901  29.286646171122747 20.020074038324633 0.41924077392686121  
21.981331686690353 8.1361932741432526 -1.0633161524361689  29.281623067710271 20.020074038324633 0.41950435376811035  
21.965562658168267 8.1361932741432526 -1.06208095452121  29.273048195452994 20.020074038324633 0.41997390875000296  
21.945312974578417 8.1361932741432526 -1.0604410902586483  29.262035369655269 20.02007403832463 0.42061183487496967  
21.931648237059861 8.1361932741432526 -1.0593015437173385  29.254602913154759 20.02007403832463 0.42105948876609889  
21.91730887203023 8.1361932741432526 -1.0580885296648492  29.246803104428544 20.02007403832463 0.42153827101035801  
21.908552693019352 8.1361932741432526 -1.0573342092547127  29.242039912445396 20.02007403832463 0.42183777708055026  
21.886867132661543 8.1361932741432526 -1.0554334006134192  29.230242399638005 20.020074038324633 0.42259676833503373  
21.872530976031008 8.1361932741432526 -1.0541400718949732  29.222442037373447 20.020074038324633 0.42311800136119815  
21.858420709990938 8.1361932741432526 -1.0528304384701503  29.214763165367302 20.020074038324633 0.42365430225434036  
21.850144653877123 8.1361932741432526 -1.0520614069695027  29.210259262493349 20.020074038324633 0.42396942915246871  
21.835811529967348 8.1361932741432526 -1.0507087850143968  29.20245823969649 20.020074038324633 0.42452842447790479  
21.814124655818958 8.1361932741432526 -1.0486044509989532  29.190652689241336 20.020074038324637 0.42540807571900058  
21.799568475886822 8.1361932741432526 -1.0471536600644182  29.182727477044658 20.020074038324637 0.42601934455439239  
21.785241142909875 8.1361932741432526 -1.0457038803302932  29.174926184293454 20.020074038324633 0.42663366292318794  
21.777446915295222 8.1361932741432526 -1.0449050202594266  29.170681881867029 20.020074038324633 0.4269737903614424  
21.756814390773606 8.1361932741432526 -1.0427619885890207  29.159445679296748 20.020074038324633 0.42789168263556215  
21.741430065349114 8.1361932741432526 -1.0411222071517729  29.151066261359887 20.020074038324633 0.42860165504595271  
21.726432308472894 8.1361932741432526 -1.0394824340792332  29.142895850235409 20.02007403832463 0.42931414429359882  
21.718056687566609 8.1361932741432526 -1.0385641377597696  29.138332920980368 20.02007403832463 0.42971331730533185  
21.704795932022698 8.1361932741432526 -1.0370917984995902  29.131107941079627 20.020074038324633 0.43035460522409946  
21.683102540898979 8.1361932741432526 -1.0346308937964703  29.119286557327577 20.02007403832463 0.43143232669712173  
21.667661632946547 8.1361932741432526 -1.032835701550773  29.11087069016688 20.02007403832463 0.43222496046678566  
21.653347487579239 8.1361932741432526 -1.0311459022423906  29.103068008960157 20.02007403832463 0.43297666465555668  
21.646513539910426 8.1361932741432526 -1.0303322720022761  29.099342552379404 20.02007403832463 0.43334011864811284  
21.627381907101068 8.1361932741432526 -1.0280316259765552  29.088912313722819 20.020074038324633 0.43437361252293327  
21.610507176362901 8.1361932741432526 -1.0259564884758341  29.07971078164104 20.020074038324633 0.43531586008007661  
21.594629506695881 8.1361932741432526 -1.0239568159879093  29.071050614630714 20.020074038324633 0.43622165851832417  
21.585711464981827 8.1361932741432526 -1.0228283584108693  29.066186183209521 20.02007403832463 0.43673269960848538  
21.573968791467458 8.1361932741432526 -1.0213280098615172  29.059780324050173 20.020074038324633 0.43741189465132646  
21.552276539955287 8.1361932741432526 -1.0185091770778265  29.047944654659624 20.020074038324633 0.43868968652647772  
21.535958522132205 8.1361932741432526 -1.0163386649870954  29.039039192851948 20.02007403832463 0.43967791908035508  
21.521660252874849 8.1361932741432526 -1.014406612926797  29.031235161427716 20.020074038324633 0.44056662050405637  
21.515785895901601 8.1361932741432526 -1.0136084704577468  29.028028804395589 20.020074038324633 0.44093507996919945  
21.498118051372156 8.1361932741432526 -1.0111894594208257  29.018384810958036 20.020074038324633 0.44205862234772425  
21.479797077400203 8.1361932741432526 -1.0086299880717702  29.008382723461601 20.02007403832463 0.44326198637549058  
21.463045196355132 8.1361932741432526 -1.0062356046139662  28.999234015126142 20.020074038324633 0.44437719232250061  
21.453625580051714 8.1361932741432526 -1.0048808100421862  28.994089192503026 20.020074038324633 0.4450075031000803  
21.443358508059504 8.1361932741432526 -1.0033930662929176  28.988480870663224 20.020074038324633 0.44569889410272978  
21.42167200944235 8.1361932741432526 -1.0002077355483114  28.976632553291026 20.020074038324633 0.44718173622420881  
21.404484963141055 8.1361932741432526 -0.99762468565078699  28.967239804972927 20.020074038324633 0.44839494623898696  
21.390205830588101 8.1361932741432526 -0.99544206865068108  28.959434683023982 20.02007403832463 0.44942806983727734  
21.385288876109684 8.1361932741432526 -0.99468802948218282  28.956746920410417 20.02007403832463 0.44978552056651111  
21.369043087669667 8.1361932741432526 -0.99218145266890911  28.947865831018888 20.020074038324633 0.45097713017014718  
21.349331647554454 8.1361932741432526 -0.98908101556971617  28.937087539072635 20.020074038324633 0.45245985695972707  
21.331718487804935 8.1361932741432526 -0.98624568522883671  28.927452748052943 20.020074038324633 0.45380397616953905  
21.321846470056897 8.1361932741432526 -0.98464400256232643  28.922051921053388 20.02007403832463 0.45456311335050598  
21.313008165975688 8.1361932741432526 -0.98320153314944825  28.917216212464613 20.020074038324633 0.4552467906789307  
21.291336547900563 8.1361932741432526 -0.97962441060020655  28.905357206767565 20.020074038324633 0.45694685270354823  
21.27329262907481 8.1361932741432526 -0.97657465463683424  28.895480404751105 20.020074038324633 0.45841315394877907  
21.259036050412501 8.1361932741432526 -0.97411910932644219  28.887674244400849 20.020074038324633 0.45959940630717289  
21.255073023658678 8.1361932741432526 -0.97343556777445861  28.88550424598213 20.020074038324633 0.45992973108621671  
21.240197315151004 8.1361932741432526 -0.97085722751262371  28.877358212268863 20.020074038324633 0.46117713513004427  
21.219160425308928 8.1361932741432526 -0.96713861928360367  28.865834159564535 20.02007403832463 0.46297949257975923  
21.200701941264505 8.1361932741432526 -0.96379038004612139  28.855716785139506 20.02007403832463 0.46458603788909192  
21.190437950186059 8.1361932741432526 -0.9619091172036266  28.850089970664641 20.02007403832463 0.46548981408482626  
21.182970255403255 8.1361932741432526 -0.96053347331295624  28.845995775318023 20.020074038324633 0.4661511683273471  
21.161636565499947 8.1361932741432526 -0.95656266741318741  28.834297602775042 20.02007403832463 0.4680672798729798  
21.143118082276889 8.1361932741432526 -0.95302237559470349  28.824139103273399 20.02007403832463 0.46980375002099778  
21.128229112668095 8.1361932741432526 -0.95011100768051648  28.81596681603601 20.020074038324633 0.47123562044505496  
21.124913076687061 8.1361932741432526 -0.94946193060052064  28.814146654158808 20.020074038324633 0.47155488494944048  
21.110988128685118 8.1361932741432526 -0.94672362944913213  28.806502341630267 20.020074038324633 0.47290237045140426  
21.089389438745517 8.1361932741432526 -0.94238354520359491  28.794638823347508 20.020074038324633 0.47503633271940576  
21.070117072312605 8.1361932741432526 -0.93837299527351203  28.78404521365162 20.020074038324633 0.47697624274633693  
21.0595474284227 8.1361932741432526 -0.93613601637264998  28.778234498469836 20.020074038324633 0.47806264971981516  
21.053370004230263 8.1361932741432526 -0.93482195281166347  28.774838293687001 20.020074038324633 0.47870168658799461  
21.033314188301073 8.1361932741432526 -0.93050563300297029  28.763810357863214 20.020074038324633 0.480812156079783  
21.013963490764699 8.1361932741432526 -0.92619182939180145  28.753161605070737 20.020074038324633 0.48297975006087834  
20.997974281260561 8.1361932741432526 -0.92251473687593066  28.744345244366954 20.020074038324637 0.48484623962779883  
20.994402945322161 8.1361932741432526 -0.9216904593063433  28.742375483391811 20.020074038324637 0.48526506270651121  
20.981750365355065 8.1361932741432526 -0.91875838156849921  28.73539473617004 20.020074038324633 0.48675649703458462  
20.960321631449332 8.1361932741432526 -0.91365332922231313  28.723550857266435 20.020074038324633 0.48935626331274573  
20.940328334031747 8.1361932741432526 -0.90850958460738107  28.712485149733013 20.020074038324633 0.49185814277309509  
20.929602496925327 8.1361932741432526 -0.9056146415886156  28.706572180692184 20.020074038324637 0.49325846296885717  
20.92454805359651 8.1361932741432526 -0.90423957392633059  28.703787688559672 20.020074038324637 0.49392306663548019  
20.905535722522764 8.1361932741432526 -0.8989502324405696  28.693332134687257 20.020074038324633 0.49648237499893  
20.885458057417761 8.1361932741432526 -0.89295142506443292  28.682327524607828 20.02007403832463 0.49948929559803862  
20.868986036426371 8.1361932741432526 -0.88785610702056561  28.672916655592598 20.02007403832463 0.50252558480009368  
20.865526520394731 8.1361932741432526 -0.88678068981187141  28.670930269336679 20.02007403832463 0.50317861465418945  
20.854057912147177 8.1361932741432526 -0.8832084656582182  28.664332223304431 20.020074038324633 0.50536378114773839  
20.833888650562447 8.1361932741432526 -0.87669113458990966  28.652557472896831 20.02007403832463 0.50952744903184144  
20.814049839662992 8.1361932741432526 -0.8676173986401966  28.642201585131374 20.02007403832463 0.51296415669092033  
20.803854448084657 8.1361932741432526 -0.8618564924159875  28.636552304717924 20.02007403832463 0.51554737463590883  
20.798432628739192 8.1361932741432526 -0.85875842188034179  28.633537495239725 20.02007403832463 0.51694714927388663  
20.777165710307802 8.1361932741432526 -0.84538070752423022  28.621255644497563 20.02007403832463 0.52340576789461279  
20.760391911011236 8.1361932741432526 -0.82786583488142806  28.605417772356443 20.02007403832463 0.53586229438543886  
20.759395435273063 8.1361932741432526 -0.81341076736988138  28.605190897813106 20.02007403832463 0.54562889109186608  
20.759392236144905 8.1361932741432526 -0.81336241393609454  28.605190273079302 20.02007403832463 0.5456615558076342  
20.759389865876347 8.1361932741432526 -0.81332539826238437  28.605189873657281 20.020074038324633 0.54568655821195888  

0 4
0.0094187985986435158 1
0.010927159923939113 1
0.011447641272615324 1
0.014127056845544142 1
0.014318580212740876 1
0.018247843268420178 1
0.018761511778204204 1
0.018833995480635066 1
0.021479854339147897 1
0.023540858682621922 1
0.025573783590153044 1
0.026080608511525216 1
0.028248129419371725 1
0.028625295209091378 1
0.032899782599950564 1
0.032956521309560505 1
0.033399815669753113 1
0.035794936636593382 1
0.037666522781397344 1
0.040225734895285796 1
0.040719098578200469 1
0.042378376625890737 1
0.042964583976029098 1
0.04709229997361182 1
0.047551707401635585 1
0.048038390655982428 1
0.050134267461766448 1
0.051808213881211054 1
0.054877684687770378 1
0.055357765685647098 1
0.056526113801663558 1
0.05730384576958103 1
0.061245892721259181 1
0.062203667201386974 1
0.062677225258833694 1
0.064473497047564998 1
0.065967418998909802 1
0.069529715167540085 1
0.069996630963867934 1
0.070690630091039111 1
0.071643231045636135 1
0.075415285813167615 1
0.07685567385193097 1
0.077316052507404309 1
0.078813139672958221 1
0.080141321124955978 1
0.084181710882601193 1
0.084635375339321112 1
0.084868626873739389 1
0.085982850694081459 1
0.089597033957511271 1
0.091507676791023188 1
0.091954769097756711 1
0.093152612562360695 1
0.094326447807013561 1
0.098833663703968733 1
0.099056747364885983 1
0.099274259841919316 1
0.10032224828249185 1
0.10378778832412001 1
0.10615962502170075 1
0.10659377113332706 1
0.1074921556597159 1
0.10851945532337283 1
0.11325160124460676 1
0.11348562142016531 1
0.11391323162814733 1
0.11466204402675867 1
0.11798409726646468 1
0.12081160851959671 1
0.12123255574975121 1
0.12183185715787898 1
0.12271681936319365 1
0.12744958433440584 1
0.12813758665924757 1
0.12855196442049227 1
0.12900162651828981 1
0.13218229070760512 1
0.13546356640889756 1
0.13587141668488217 1
0.13617125339890634 1
0.13691478975261162 1
0.14164693969054679 1
0.14278953106193173 1
0.14319088984478273 1
0.14334084006359774 1
0.14637866139452982 1
0.1501155585259033 1
0.15051030521285927 1
0.15051044469290711 1
0.15110979693432702 1
0.15584025972135415 1
0.15744150755165709 1
0.15768018964064473 1
0.15782972242122961 1
0.16056998715037887 1
0.16476755782702934 1
0.16484997155447742 1
0.16514919301856559 1
0.16529886106464647 1
0.17002684898423148 1
0.17201991582448461 1
0.17209350206845456 1
0.1724686007478079 1
0.17475390384286849 1
0.17918975109031415 1
0.17941952655188989 1
0.17947992896395032 1
0.17978798985036773 1
0.18420494535680748 1
0.18635957307804185 1
0.18674551437402243 1
0.18710740682428126 1
0.18892893086627929 1
0.19352910794157394 1
0.19365182760123176 1
0.19407151313914262 1
0.19442680986143007 1
0.19837367727079153 1
0.20069875781888166 1
0.20139751709301038 1
0.20174628800733865 1
0.20309442445661005 1
0.20781413022940687 1
0.20786845453036687 1
0.20872347316614567 1
0.20906565991620474 1
0.21253281377658365 1
0.21503824146964798 1
0.21604945717287305 1
0.21638512547585548 1
0.21725044417664482 1
0.22196710453926033 1
0.22220802726809316 1
0.22337542750181985 1
0.22370449930029737 1
0.2266828145339998 1
0.22937774380261852 1
0.2307014164049789 1
0.23102394574877166 1
0.23139755807142223 1
0.23611143068012944 1
0.23654758090370059 1
0.23802742324494533 1
0.23834333186677908 1
0.24082446346674441 1
0.24371736226837637 1
0.24535343904185405 1
0.24553667293658329 1
0.24566270961385545 1
0.25024814327804346 1
0.25088709322424174 1
0.25267939332640377 1
0.25298212917095558 1
0.25495888903791286 1
0.2580567982201224 1
0.25966897558223212 1
0.26000535146331133 1
0.26030156133667109 1
0.26437846845347601 1
0.26522644133267786 1
0.26733127187901551 1
0.26762107491408854 1
0.26908739225198314 1
0.27239610527915764 1
0.27379584026038428 1
0.27465722439709944 1
0.27494040399363523 1
0.27850385691313856 1
0.2795656471213166 1
0.28198316682198055 1
0.28225976762322136 1
0.28321147644293904 1
0.28673542773274868 1
0.28791878699569995 1
0.28930913737328073 1
0.28957913306769834 1
0.29262583517714774 1
0.29390518082933709 1
0.29663513121628587 1
0.29689863269757844 1
0.29733267616273079 1
0.30107515592072398 1
0.30203938762874116 1
0.30396109083292272 1
0.30421814358033039 1
0.30674600995221979 1
0.30824479597755478 1
0.31128703601037616 1
0.31145261658000772 1
0.31153761509466293 1
0.3154146194118414 1
0.31615926877692468 1
0.3186129493322743 1
0.31885699937893452 1
0.32086602039982809 1
0.32258426316585603 1
0.3255729436081658 1
0.32593891429729849 1
0.32617640535880338 1
0.32975410024240853 1
0.33028009157856941 1
0.33326486172970854 1
0.33349578142162828 1
0.33498753215340082 1
0.33692385306539074 1
0.33969533038795113 1
0.34059081774719746 1
0.34081524625545101 1
0.34409349002171019 1
0.34440353896765979 1
0.34791671671407509 1
0.34813467872355291 1
0.34911224593201245 1
0.35126322040308977 1
0.35382150443841875 1
0.35524269375655287 1
0.35545412795226206 1
0.35843299034383569 1
0.35853136771464272 1
0.36256867946938592 1
0.36277349059255903 1
0.36324192136114342 1
0.36560282008315231 1
0.36795322422757387 1
0.36989469512009848 1
0.37009291937883609 1
0.37266535841910492 1
0.37277239134071033 1
0.37722063972229353 1
0.37737836263114927 1
0.37741232340856035 1
0.37994211577843207 1
0.38209230787435594 1
0.38454660598138862 1
0.38473177748375315 1
0.38680728871150299 1
0.38711189590992623 1
0.39152333064809686 1
0.39187254616933159 1
0.39205119339376132 1
0.39428180406844349 1
0.39624051160515783 1
0.39919853865782273 1
0.39937064302301134 1
0.40095893250356635 1
0.40145148602525099 1
0.40567861610178296 1
0.40652448359484356 1
0.40669003846754215 1
0.40862117368667167 1
0.41039961785861401 1
0.41385040702810838 1
0.41400946412434786 1
0.41512207182073263 1
0.41579075662667414 1
0.41984599879082291 1
0.42117633387464676 1
0.42132887566820559 1
0.42296047791620162 1
0.42457151944145033 1
0.42850228381992422 1
0.42864827125563698 1
0.42929868844997443 1
0.43013017793736019 1
0.43402759609371006 1
0.43582829649275706 1
0.43596763977538516 1
0.43729999913596723 1
0.43875842045636304 1
0.44315419971882625 1
0.44328702260806979 1
0.44349125986649207 1
0.44446988005474919 1
0.44822626690871298 1
0.45048007843772986 1
0.4506064885074022 1
0.45163955535203554 1
0.45296380571245076 1
0.45770415444817414 1
0.45780585897369747 1
0.4579258909919508 1
0.45880934283161878 1
0.46244770033886917 1
0.46513154422815806 1
0.46524530262807018 1
0.46597881364174254 1
0.46719554996065049 1
0.47194883945061272 1
0.47245701960420833 1
0.47256464669280585 1
0.47314852671353841 1
0.47670910289110474 1
0.47978207447322463 1
0.47988385033135045 1
0.48031776729869824 1
0.48148223945484686 1
0.48627828521657024 1
0.48710509221626069 1
0.4872018835055581 1
0.48748569113485174 1
0.4911163293880757 1
0.49439909506935747 1
0.494462013386683 1
0.49460109078335818 1
0.49624908570500859 1
0.50164623556356946 1
0.50165048445985572 1
0.50166434587376163 4

0.38941880679683821 2
0.74663060255248248 2

9 0 0 0 0 3 1 312 2 310 2 20.759389865876347 8.1361932741432526 -0.81332539826238437  28.605189873657281 20.020074038324633 0.54568655821195888  
20.759388451615816 8.1361932741432526 -0.81330331223914853  28.60518963581637 20.020074038324633 0.5457014462107983  
20.759386543597429 8.1361932741432526 -0.81327291300324844  28.605189346911228 20.020074038324633 0.54572193651311196  
20.758498450290219 8.1361932741432526 -0.79871816400495077  28.605076404574703 20.020074038324633 0.55553138372162036  
20.773012269480915 8.1361932741432526 -0.77858072649067167  28.620608577652831 20.020074038324633 0.56846035463713429  
20.792784786634982 8.1361932741432526 -0.76245515585637147  28.63273280865684 20.020074038324633 0.57556987697893358  
20.797784530031095 8.1361932741432526 -0.75879077809022222  28.63564854509054 20.020074038324633 0.57709869203671282  
20.807521847152209 8.1361932741432526 -0.75174555626767103  28.641299440484588 20.020074038324633 0.58002018443221659  
20.826515524826114 8.1361932741432526 -0.74090846478621908  28.65145454107962 20.020074038324633 0.58395361649638111  
20.846547051832843 8.1361932741432526 -0.73324346506944182  28.663179590928891 20.020074038324637 0.58822324483751753  
20.857777337010631 8.1361932741432526 -0.72924839246959205  28.669648816315345 20.020074038324637 0.59041726117219617  
20.861395760251153 8.1361932741432526 -0.72796816640891437  28.671728785453556 20.020074038324637 0.59111728017817944  
20.877828032934588 8.1361932741432526 -0.7222320879245665  28.681123803020977 20.020074038324633 0.59421860718672803  
20.897826888013412 8.1361932741432526 -0.71581544610560299  28.692054069478118 20.020074038324633 0.59734007939629585  
20.916745564439331 8.1361932741432526 -0.71039446974245013  28.702405318462546 20.020074038324633 0.59995307761177963  
20.921636418144477 8.1361932741432526 -0.70903939576297181  28.705084122259542 20.020074038324633 0.60060930332969165  
20.932534790326084 8.1361932741432526 -0.70605588668089703  28.711056133587505 20.020074038324633 0.60205812589752539  
20.952498884661971 8.1361932741432526 -0.70098002235272994  28.722025147466006 20.02007403832463 0.6045673936556456  
20.974133973317002 8.1361932741432526 -0.6961307829729404  28.733873545701062 20.020074038324633 0.60711504369056069  
20.986713510863545 8.1361932741432526 -0.69345536016675458  28.740747025640594 20.020074038324637 0.608545966790907  
20.990445350061201 8.1361932741432526 -0.69266804706305296  28.742785314977855 20.020074038324633 0.60896805898567996  
21.006566412876971 8.1361932741432526 -0.68929204118284415  28.751587389637692 20.020074038324637 0.61078202858257979  
21.026056107430275 8.1361932741432526 -0.6854602942156125  28.762201723898468 20.020074038324637 0.61288456933522339  
21.046214410205376 8.1361932741432526 -0.68175199396281694  28.773170428969273 20.020074038324633 0.61487555700634788  
21.052329495898018 8.1361932741432526 -0.68065153609955953  28.776497125292039 20.020074038324633 0.61546463125337891  
21.063072726015776 8.1361932741432526 -0.67873658671965931  28.782341200985314 20.020074038324633 0.61648974503218668  
21.082426720218773 8.1361932741432526 -0.67539567236277054  28.792866892462662 20.020074038324633 0.61827933084865128  
21.104291597978836 8.1361932741432526 -0.67186677300752362  28.804746059542332 20.020074038324633 0.62024132883625938  
21.1182528817383 8.1361932741432526 -0.66970594983939047  28.812326185262226 20.020074038324633 0.62146635176630105  
21.121658882448394 8.1361932741432526 -0.66918353346797388  28.814175170476496 20.020074038324633 0.62176369965214673  
21.136640376927279 8.1361932741432526 -0.66689014880283992  28.8223077898976 20.020074038324633 0.62307016630923051  
21.155329564824225 8.1361932741432526 -0.66415417962311785  28.832446169566289 20.020074038324633 0.62465989155176027  
21.176868540493814 8.1361932741432526 -0.66115784061873817  28.844128603182842 20.020074038324633 0.62636202797978502  
21.184367614822541 8.1361932741432526 -0.66013515809155354  28.848195564055125 20.02007403832463 0.62694107352822614  
21.194733958765312 8.1361932741432526 -0.65873486547466875  28.853817141383239 20.020074038324633 0.62773459708271251  
21.213294340472146 8.1361932741432526 -0.65627649364151952  28.86388082546118 20.020074038324633 0.62913091913573815  
21.23451199959057 8.1361932741432526 -0.65359980995538025  28.87537832535552 20.02007403832463 0.63070700243179645  
21.249579908372301 8.1361932741432526 -0.65176582799249771  28.88354121766913 20.020074038324633 0.63180190098123057  
21.253572995143752 8.1361932741432526 -0.65128418919947728  28.88570431822825 20.020074038324633 0.63209018244855775  
21.267935636066795 8.1361932741432526 -0.64955622273543023  28.893484613446773 20.020074038324633 0.6331251277240767  
21.286078806419532 8.1361932741432526 -0.64744694304241746  28.903311020447372 20.020074038324633 0.63439928823774738  
21.308007256660868 8.1361932741432526 -0.64500308944690543  28.915186549853981 20.020074038324633 0.63585775377417386  
21.316958663629272 8.1361932741432526 -0.64402555888320445  28.920033828003326 20.020074038324637 0.6364412723962255  
21.326853640697877 8.1361932741432526 -0.64295617311490194  28.92539168999857 20.020074038324633 0.63708170493163485  
21.344565166834315 8.1361932741432526 -0.64106785442808112  28.934981129174783 20.02007403832463 0.63821786276238957  
21.364371689700111 8.1361932741432526 -0.63903994159210042  28.945700984679284 20.02007403832463 0.63947694842548741  
21.380874297461737 8.1361932741432526 -0.63740374669582189  28.954631717326457 20.02007403832463 0.64049991196998901  
21.385823944950513 8.1361932741432526 -0.63691800289879263  28.957310266073247 20.02007403832463 0.64080389196995657  
21.400206214602754 8.1361932741432526 -0.63551441642861051  28.965093294695137 20.020074038324633 0.64168261490918066  
21.417485476586165 8.1361932741432526 -0.63387422195006948  28.97444361155306 20.02007403832463 0.64271147253032845  
21.439405836311575 8.1361932741432526 -0.63186977817627488  28.986304550057689 20.020074038324633 0.64396747546562805  
21.449849267541168 8.1361932741432526 -0.63093587420165498  28.991954980122284 20.020074038324633 0.6445557004292356  
21.459223060296193 8.1361932741432526 -0.63010759925510773  28.997026374724424 20.020074038324633 0.6450805623548016  
21.476062550406485 8.1361932741432526 -0.62863399402103992  29.006136400507454 20.020074038324637 0.64601917228854822  
21.494401515107061 8.1361932741432526 -0.62708709430235887  29.016055492843627 20.020074038324637 0.6470322694472741  
21.512367551288456 8.1361932741432526 -0.62561854004782447  29.025772542902541 20.020074038324637 0.64799516614405883  
21.518273432087717 8.1361932741432526 -0.62514159723414997  29.028966764495983 20.020074038324637 0.64830757969429087  
21.532667382371244 8.1361932741432526 -0.6239893524250042  29.03675176528894 20.020074038324633 0.64906226170484138  
21.549068021757371 8.1361932741432526 -0.62270776141627437  29.045621981548511 20.020074038324633 0.6499016180267051  
21.570967440092694 8.1361932741432526 -0.62105644136141813  29.057465362498299 20.020074038324633 0.65099234093083314  
21.582929705033806 8.1361932741432526 -0.6201776635537255  29.063934176663238 20.020074038324633 0.65157946492942709  
21.591749647392071 8.1361932741432526 -0.61953907681659426  29.068703463234936 20.020074038324633 0.65201018427843038  
21.607706406039526 8.1361932741432526 -0.6183914132036672  29.077331691206798 20.020074038324633 0.65278773219959096  
21.624543163158418 8.1361932741432526 -0.61722333268896779  29.086434517901452 20.020074038324633 0.65360118726439698  
21.643993110108141 8.1361932741432526 -0.61591781115627808  29.09695052051152 20.020074038324633 0.65450621660245545  
21.650854298086692 8.1361932741432526 -0.61546409292941151  29.100660240327564 20.020074038324633 0.65481962269965743  
21.665255472866797 8.1361932741432526 -0.61452393298350927  29.108446789252799 20.020074038324633 0.6554691453860062  
21.680767514626389 8.1361932741432526 -0.61353339870230728  29.11683411875417 20.020074038324633 0.65615406009312394  
21.702635758970395 8.1361932741432526 -0.61218644195365002  29.128657494794751 20.020074038324637 0.65710326607339398  
21.716135424491505 8.1361932741432526 -0.61138105903111273  29.13595573500082 20.020074038324633 0.65768166676156881  
21.724379404774002 8.1361932741432526 -0.61089813232753742  29.140412381102145 20.020074038324633 0.65803272306598604  
21.739445486518985 8.1361932741432526 -0.61001868993451347  29.148556928992267 20.02007403832463 0.6586735410946134  
21.754755308103455 8.1361932741432526 -0.60915770216913934  29.156832363046753 20.020074038324633 0.65931710821307776  
21.775704554907097 8.1361932741432526 -0.60802225066536442  29.168156447576887 20.020074038324633 0.66016045106657539  
21.783521841524148 8.1361932741432526 -0.60760659347083779  29.172382155435734 20.02007403832463 0.66046783209991955  
21.797928596779933 8.1361932741432526 -0.60685469091099908  29.180169913799713 20.020074038324633 0.66102594215583965  
21.81254882267773 8.1361932741432526 -0.60610757017404648  29.188073106505435 20.020074038324633 0.66158330145961142  
21.83429186891598 8.1361932741432543 -0.60503820826712729  29.199826101236049 20.020074038324633 0.66240400443491421  
21.848790664309163 8.1361932741432526 -0.60435316082657009  29.207662997219625 20.020074038324633 0.66294300338793166  
21.857085556770855 8.1361932741432526 -0.60396970588232246  29.212146497993707 20.020074038324633 0.66324789624036495  
21.871348397119707 8.1361932741432526 -0.60331157533711699  29.219855746452748 20.020074038324637 0.66377165215260026  
21.885666385061519 8.1361932741432526 -0.60267762156079419  29.227594628730383 20.020074038324633 0.66428604714561512  
21.907482223298217 8.1361932741432526 -0.60175040321955997  29.239386183573497 20.020074038324633 0.66504004189459121  
21.916253836772135 8.1361932741432526 -0.60138685423499982  29.244127298408888 20.020074038324633 0.66533604732116225  
21.930664069246198 8.1361932741432526 -0.60080542370438772  29.251915960408134 20.020074038324633 0.66581515368665567  
21.944388166606686 8.1361932741432526 -0.6002627709510362  29.259333652388349 20.020074038324633 0.66626666988124139  
21.964582281836773 8.1361932741432526 -0.59949770845172612  29.270247871367236 20.020074038324633 0.66692450271046488  
21.980595262312711 8.1361932741432526 -0.59891973208734173  29.278902347557668 20.020074038324633 0.66743536405732318  
21.989845081982395 8.1361932741432526 -0.59859569100120014  29.283901698234146 20.020074038324633 0.66772504195586091  
22.004255475532169 8.1361932741432526 -0.59809475249684863  29.291690301425945 20.020074038324633 0.66817414202940772  
22.017529461146651 8.1361932741432526 -0.5976541235242735  29.29886500717965 20.02007403832463 0.66857600182540688  
22.039303304918242 8.1361932741432526 -0.59696453896774138  29.310634058267755 20.02007403832463 0.66921319638527288  
22.049495606105292 8.1361932741432526 -0.59665346647114936  29.316143154837906 20.02007403832463 0.6695038778120953  
22.063441990829318 8.1361932741432526 -0.59624391512888208  29.323681105291428 20.02007403832463 0.66989600885196599  
22.076265762295058 8.1361932741432526 -0.59587469544000693  29.330612158136901 20.020074038324633 0.67025415992628856  
22.094897299171329 8.1361932741432526 -0.59536504308127802  29.340681749077582 20.020074038324633 0.67076952909766097  
22.112432246439205 8.1361932741432526 -0.59491484233182057  29.350158646944088 20.020074038324633 0.67124071546780417  
22.122638019760362 8.1361932741432526 -0.59466407902702967  29.355674577322858 20.020074038324633 0.67150702945830387  
22.137050518147301 8.1361932741432526 -0.5943162066450951  29.363464216199688 20.020074038324633 0.67187890546413609  
22.149424690136641 8.1361932741432526 -0.59403360436131936  29.370152418521933 20.020074038324633 0.67218748153061803  
22.171155665096421 8.1361932741432526 -0.5935667167688351  29.381898212527936 20.020074038324633 0.67271320042435434  
22.182921007523699 8.1361932741432526 -0.59332900536407818  29.388257615355514 20.020074038324633 0.672989906986037  
22.196249871841935 8.1361932741432526 -0.59307619409254864  29.395462154788945 20.020074038324633 0.673298458416836  
22.208172330860577 8.1361932741432526 -0.59285464411355737  29.401906505052359 20.020074038324633 0.67357315200471579  
22.225231704140292 8.1361932741432526 -0.59255984132690154  29.411127433918118 20.020074038324633 0.67396122175613127  
22.244293112536418 8.1361932741432526 -0.59226215972744711  29.421430609383805 20.020074038324633 0.67437723828431406  
22.255452438720798 8.1361932741432526 -0.59210134067739828  29.427462599675525 20.020074038324633 0.67461031036933172  
22.269865249123733 8.1361932741432526 -0.59190250898167918  29.435253226349413 20.020074038324633 0.67490550327520205  
22.281337458426453 8.1361932741432526 -0.59175712728413821  29.441454383567624 20.020074038324633 0.67513223365540331  
22.303023372195266 8.1361932741432526 -0.59150884089132327  29.453176498680314 20.020074038324637 0.67555009380684983  
22.316367642231683 8.1361932741432526 -0.59137513623321325  29.460389691930608 20.020074038324633 0.67579947270203222  
22.329072570564971 8.1361932741432526 -0.59126432517474736  29.467257494283658 20.020074038324633 0.67603001720664491  
22.340093356043319 8.1361932741432526 -0.59117041043195506  29.473214939307496 20.020074038324633 0.67622908021476891  
22.355574642119393 8.1361932741432526 -0.59105635270694556  29.481583777611615 20.020074038324633 0.676501268938145  
22.37616753831967 8.1361932741432526 -0.59093874746979524  29.492716185202575 20.020074038324633 0.67684378956688129  
22.388279738931569 8.1361932741432526 -0.59088561589177613  29.499264126563112 20.020074038324633 0.67703470862358128  
22.402692180893286 8.1361932741432526 -0.59083422024362886  29.507055646078491 20.020074038324633 0.67725556978999757  
22.413261768896589 8.1361932741432526 -0.59080682455164291  29.512769722098206 20.020074038324637 0.67741217917288254  
22.434900068492446 8.1361932741432526 -0.59077567229979744  29.524467802689433 20.020074038324637 0.67772313171804954  
22.449312555899372 8.1361932741432526 -0.59077878899215241  29.532259590040788 20.020074038324637 0.67792030108459134  
22.46190052991745 8.1361932741432526 -0.59079905050209158  29.539065192027429 20.020074038324637 0.67808257115201198  
22.472018511086752 8.1361932741432526 -0.59081623724348875  29.544535419518063 20.020074038324637 0.67821248748659602  
22.48643065395455 8.1361932741432526 -0.59085711670576258  29.552327448603243 20.020074038324633 0.67838822229786411  
22.508044708804494 8.1361932741432526 -0.59095313667062133  29.564013715249956 20.020074038324633 0.67863300476177302  
22.521108066804757 8.1361932741432526 -0.59102970014477874  29.571077070236591 20.020074038324633 0.67877117887065708  
22.535519332293575 8.1361932741432526 -0.59112836029705629  29.578869464902084 20.02007403832463 0.67891721021367246  
22.545184650018797 8.1361932741432526 -0.59120202492499674  29.584095767928837 20.02007403832463 0.6790118314748701  
22.565495921388766 8.1361932741432526 -0.59137776712776147  29.59507887969265 20.02007403832463 0.67920264556345911  
22.581183892360954 8.1361932741432526 -0.59153983113857223  29.603562288837871 20.02007403832463 0.67933805652835344  
22.59472257542857 8.1361932741432526 -0.59169988162646936  29.610883642523177 20.02007403832463 0.67944023936612852  
22.605213118503698 8.1361932741432526 -0.59182647923964016  29.616556666358338 20.020074038324633 0.67951762026001283  
22.618346234326928 8.1361932741432526 -0.59199915608568854  29.62365885246669 20.020074038324637 0.67960489310884853  
22.63990993380893 8.1361932741432526 -0.59231363682969018  29.635320550708844 20.020074038324637 0.67973338031331032  
22.653924154035359 8.1361932741432526 -0.59253947930546191  29.642899774588763 20.020074038324637 0.6798086210386326  
22.668333481931043 8.1361932741432526 -0.59278849494834551  29.65069304844172 20.020074038324637 0.67987871713333858  
22.677093575513297 8.1361932741432526 -0.59294510397086109  29.655431050108646 20.020074038324637 0.67991905240161921  
22.695817461014741 8.1361932741432526 -0.59329693638647518  29.665558421022837 20.020074038324633 0.67999743067582419  
22.713038658039167 8.1361932741432526 -0.59364911628418282  29.674873534571681 20.020074038324633 0.68005427737001356  
22.727527217124077 8.1361932741432526 -0.59396805587787926  29.682710850620808 20.020074038324633 0.68008491053765407  
22.738647024273238 8.1361932741432526 -0.59421753037608216  29.688725957424669 20.020074038324633 0.68010526944667049  
22.750241986898075 8.1361932741432526 -0.59448870542705712  29.69499822378247 20.020074038324633 0.6801193832439606  
22.771752428091226 8.1361932741432526 -0.59501822196706899  29.706634615773027 20.02007403832463 0.68013470388977137  
22.786716430739524 8.1361932741432526 -0.5954107212408305  29.714729978078285 20.020074038324633 0.68013794198297284  
22.801122867854918 8.1361932741432526 -0.59580787362893062  29.722524142306426 20.020074038324633 0.68013050038886691  
22.808976947123131 8.1361932741432526 -0.59602764723298407  29.726773425563508 20.020074038324633 0.68012459190994046  
22.826113911338304 8.1361932741432526 -0.59652072752304774  29.736045303260667 20.020074038324633 0.68010310622889802  
22.844865926744795 8.1361932741432526 -0.59709064342747686  29.746191549152208 20.02007403832463 0.68006068757651084  
22.860303516944803 8.1361932741432526 -0.59758438045006823  29.75454470907848 20.020074038324633 0.68001117934733357  
22.872051395500673 8.1361932741432526 -0.59796680594847329  29.760901446545539 20.02007403832463 0.67996996750809791  
22.882110303139669 8.1361932741432526 -0.59830230434245935  29.766344358181051 20.02007403832463 0.67993054536903463  
22.903567437048348 8.1361932741432526 -0.59903901386015945  29.777955231776925 20.020074038324633 0.67983785813471831  
22.91947919513261 8.1361932741432526 -0.59961079537432105  29.786565884111809 20.020074038324637 0.6797598331680712  
22.933882446378313 8.1361932741432526 -0.6001484508644207  29.794360907886798 20.020074038324633 0.67967468314684787  
22.940831453473912 8.1361932741432526 -0.60040937594290145  29.798121754851536 20.020074038324633 0.67963245542520623  
22.95638427574902 8.1361932741432526 -0.60100318229246763  29.806539365135713 20.02007403832463 0.67953024583820465  
22.976661886236958 8.1361932741432526 -0.60180798801690361  29.817515014807885 20.02007403832463 0.67937643649289703  
22.993044790659432 8.1361932741432526 -0.60248454291340092  29.826383054179615 20.02007403832463 0.67924036037787405  
23.00541644474832 8.1361932741432526 -0.60300423664529612  29.833079919949736 20.02007403832463 0.67913380310142701  
23.01394235548026 8.1361932741432526 -0.60336812415276042  29.837695132640697 20.02007403832463 0.67905789966900798  
23.035342686126015 8.1361932741432526 -0.60429807031074012  29.84927976097692 20.020074038324633 0.67886044532811374  
23.051772730875669 8.1361932741432526 -0.60503862666978503  29.85817432443941 20.020074038324633 0.67869784328273575  
23.066598664221747 8.1361932741432526 -0.60572800679726135  29.86620106287576 20.020074038324633 0.67853230536586773  
23.072642667610573 8.1361932741432526 -0.60600963283373299  29.869473293247125 20.020074038324633 0.67846428370965073  
23.087042176218375 8.1361932741432526 -0.60668837924600028  29.877269411145608 20.020074038324633 0.67829527315249272  
23.108413371770844 8.1361932741432526 -0.60772473900982094  29.888840803071876 20.02007403832463 0.67802487918639653  
23.12574158697047 8.1361932741432526 -0.60859170069180779  29.898223637557933 20.02007403832463 0.67779839778694262  
23.138731647965209 8.1361932741432526 -0.60925166601681036  29.905257595279529 20.02007403832463 0.67762428392854968  
23.145731108947825 8.1361932741432526 -0.60961087544088566  29.909047768716775 20.02007403832463 0.67752883845017753  
23.166115984173942 8.1361932741432526 -0.61066822989491909  29.920086285412122 20.020074038324637 0.67724473048397316  
23.182880886790482 8.1361932741432526 -0.61156215582983331  29.929165050276893 20.020074038324637 0.67699703741661577  
23.199272875343784 8.1361932741432526 -0.61245924782341921  29.938042584594818 20.020074038324633 0.67673470368906152  
23.205371235622522 8.1361932741432526 -0.61279411018869467  29.94134535606441 20.020074038324633 0.67663618406795678  
23.218807764128414 8.1361932741432526 -0.6135382299535278  29.948622560175561 20.020074038324633 0.6764141977530933  
23.240122755287882 8.1361932741432526 -0.61474275646521492  29.960167463724513 20.020074038324633 0.67604802986777368  
23.258394472565207 8.1361932741432526 -0.61580376791036007  29.970064817927387 20.020074038324633 0.67572902683426372  
23.27199547646331 8.1361932741432526 -0.61660573865733759  29.977432389618304 20.020074038324633 0.67548503246787928  
23.277474754351786 8.1361932741432526 -0.61693112120163884  29.980400521916287 20.020074038324633 0.67538540248514511  
23.296288100844937 8.1361932741432526 -0.6180557499173962  29.990591889632377 20.020074038324633 0.67503791585197892  
23.313948178897974 8.1361932741432526 -0.61913532687910944  30.000159017858643 20.020074038324633 0.67469353744803895  
23.33189789475022 8.1361932741432526 -0.62025899737858081  30.009883845493675 20.020074038324633 0.67432590800284875  
23.338605733811267 8.1361932741432526 -0.62068098755060397  30.013518097425685 20.020074038324633 0.67418730877160882  
23.350524130497625 8.1361932741432526 -0.62143516150372324  30.019975528621213 20.020074038324633 0.67393863715893509  
23.371781365789356 8.1361932741432526 -0.62280036648499748  30.031493417753325 20.020074038324633 0.67348623552793896  
23.390995420022719 8.1361932741432526 -0.62406492882852715  30.041905182342383 20.02007403832463 0.6730717205083121  
23.405199704911716 8.1361932741432526 -0.62501431784430139  30.049602526273645 20.020074038324633 0.67275536032137162  
23.409167170867903 8.1361932741432526 -0.62528083124036238  30.051752533653715 20.020074038324633 0.67266601597188136  
23.42641649202783 8.1361932741432526 -0.62644395900146965  30.061100185766964 20.020074038324633 0.67227378859923992  
23.444970682434693 8.1361932741432526 -0.62771926375430909  30.071155411227927 20.020074038324637 0.67183091607504297  
23.464469774920573 8.1361932741432526 -0.62909238867463224  30.08172354486981 20.020074038324633 0.67134988076245183  
23.471779432810195 8.1361932741432526 -0.62961058816649762  30.085685333647191 20.020074038324633 0.67116822296346323  
23.482188260545964 8.1361932741432526 -0.63035170770311399  30.09132694560617 20.020074038324633 0.6709083884096122  
23.503387426558589 8.1361932741432526 -0.6318794175587773  30.102817526877821 20.020074038324633 0.67037349515362954  
23.523541892151009 8.1361932741432526 -0.63336801430971812  30.113743304352905 20.020074038324633 0.6698592720197144  
23.537926147288967 8.1361932741432526 -0.63444862931860202  30.121541774167973 20.020074038324633 0.66947728676902785  
23.540804706219244 8.1361932741432526 -0.63466556920744699  30.123102420102171 20.020074038324633 0.66940023463959064  
23.556497688006171 8.1361932741432526 -0.63585088836128101  30.131610653922085 20.020074038324633 0.66897765572237822  
23.576355426033267 8.1361932741432526 -0.63737862765560682  30.142377848593533 20.020074038324633 0.66841689179153629  
23.596976914783887 8.1361932741432526 -0.63900555307438434  30.153560174727271 20.020074038324633 0.66782393790286287  
23.604878622449313 8.1361932741432526 -0.63963432633292772  30.157845098483641 20.020074038324633 0.66759538954998177  
23.613786279820886 8.1361932741432526 -0.64034536574615308  30.162675571166957 20.020074038324637 0.66733719779733069  
23.634924040640421 8.1361932741432526 -0.64204948774079718  30.174138588051044 20.020074038324633 0.66672041066623877  
23.655783478794426 8.1361932741432526 -0.64377493825723497  30.185451993053526 20.020074038324633 0.66610177354295452  
23.670393978882743 8.1361932741432526 -0.64500671112938512  30.193376986355538 20.020074038324633 0.66564881643226059  
23.672370409094981 8.1361932741432526 -0.64517360247919209  30.194449045629241 20.020074038324633 0.66558730828823187  
23.686749509780352 8.1361932741432526 -0.64638938743247853  30.202248639101747 20.020074038324633 0.66513841416694652  
23.707854040416358 8.1361932741432526 -0.64820700328527903  30.213697383566007 20.020074038324633 0.66445186738132855  
23.729409493219471 8.1361932741432526 -0.65011382916821125  30.225392824448523 20.020074038324633 0.66374398497575193  
23.737892217034659 8.1361932741432526 -0.65087234307844066  30.229995631277994 20.020074038324633 0.66346325280998308  
23.745308857478381 8.1361932741432526 -0.65153685633056735  30.234020019422822 20.020074038324633 0.66321741876554419  
23.765872750076163 8.1361932741432526 -0.65339427954624885  30.245178861466201 20.020074038324633 0.66253139985670861  
23.78664445126438 8.1361932741432526 -0.65532067949635242  30.256452272140763 20.020074038324633 0.66181821185982503  
23.80259760700628 8.1361932741432526 -0.6568295695601809  30.265111478348459 20.02007403832463 0.6612506796826163  
23.804357541377801 8.1361932741432526 -0.65699637395621013  30.26606676383069 20.02007403832463 0.66118784451984702  
23.818218474802066 8.1361932741432526 -0.65831224517531428  30.273590498378734 20.020074038324633 0.66069165053936707  
23.839433243992843 8.1361932741432526 -0.66035989004863915  30.285107073694103 20.020074038324633 0.65991184087913624  
23.861089860313932 8.1361932741432526 -0.66250716982932067  30.296866296648041 20.02007403832463 0.65910876908246996  
23.870790424115238 8.1361932741432526 -0.66348003883227458  30.302134059961112 20.020074038324633 0.65874486321628523  
23.876728321186743 8.1361932741432526 -0.66407650286591158  30.305358599251349 20.020074038324633 0.65852173054788388  
23.896407245419311 8.1361932741432526 -0.66606644049703689  30.316045700775113 20.020074038324637 0.65777673978471607  
23.917407157951143 8.1361932741432526 -0.66824061908743992  30.327452187294739 20.020074038324637 0.65695357514108577  
23.933915480392827 8.1361932741432526 -0.66998456306097998  30.336420211454936 20.020074038324637 0.65628900946389335  
23.937188503156392 8.1361932741432526 -0.67033123615860302  30.338198289718669 20.020074038324637 0.65615684126214169  
23.949572664424242 8.1361932741432526 -0.67164502384223257  30.344926093382284 20.020074038324633 0.65565583292016161  
23.971388425532265 8.1361932741432526 -0.67399376942146794  30.3567789806599 20.020074038324637 0.65475899443747509  
23.992351284071688 8.1361932741432526 -0.67630580507700633  30.368171137242385 20.020074038324637 0.65389045810418867  
24.003551749511704 8.1361932741432526 -0.67755499255773632  30.374258532785937 20.020074038324637 0.65341923126143775  
24.008301765211407 8.1361932741432526 -0.67808571177109478  30.376840180173946 20.020074038324637 0.65321888617716717  
24.027130180581516 8.1361932741432526 -0.6801999378420629  30.387073891880231 20.020074038324633 0.65241859816462133  
24.047335601060293 8.1361932741432526 -0.68251272833792798  30.398057660560788 20.020074038324633 0.65152824552501487  
24.065108514840176 8.1361932741432526 -0.68458368134565517  30.40772106722001 20.020074038324637 0.65073334805396343  
24.069878053146113 8.1361932741432526 -0.68514140502092302  30.410314447594594 20.020074038324633 0.65051944352630486  
24.081524780231568 8.1361932741432526 -0.68650619956976322  30.416647380556377 20.02007403832463 0.64999626503719876  
24.102592020506648 8.1361932741432526 -0.68900238718932827  30.428104268430886 20.020074038324633 0.64904216573158002  
24.123482719449726 8.1361932741432526 -0.69152505796216879  30.439467663613787 20.020074038324633 0.64808642871399613  
24.136165064650854 8.1361932741432526 -0.69307237237140962  30.446366707514301 20.020074038324633 0.64749657061764954  
24.140364537448622 8.1361932741432526 -0.69358590318270441  30.448651207945634 20.020074038324633 0.64730048105487648  
24.157734236562177 8.1361932741432526 -0.69571569407810352  30.458100450135053 20.020074038324633 0.64648530827327011  
24.176972649789242 8.1361932741432526 -0.69810799910404242  30.468567287978228 20.020074038324633 0.64555612468794987  
24.196168301360942 8.1361932741432526 -0.70052915244782021  30.479012906031123 20.02007403832463 0.64462318741841429  
24.202417917898028 8.1361932741432526 -0.70132044469463528  30.482413918622186 20.02007403832463 0.64431878508627061  
24.213516786887954 8.1361932741432526 -0.70272902690561545  30.488454075755175 20.020074038324633 0.64377738417397701  
24.233665494948102 8.1361932741432526 -0.7053047900722873  30.49942040921481 20.020074038324633 0.64278956773021212  
24.25448710862787 8.1361932741432526 -0.70800188493419636  30.51075488576566 20.02007403832463 0.64175421107856889  
24.268637038652486 8.1361932741432526 -0.70984934618575379  30.518458207735179 20.02007403832463 0.64104225190429132  
24.272301204209729 8.1361932741432526 -0.71032875995229727  30.520453048326772 20.02007403832463 0.64085727402262149  
24.288230054452239 8.1361932741432526 -0.71241484677798839  30.529125095042303 20.020074038324633 0.64005188425830828  
24.306505304336159 8.1361932741432526 -0.71482884583609185  30.53907541989323 20.020074038324633 0.63911473036609878  
24.327112434339003 8.1361932741432526 -0.7175755261920298  30.55029658299123 20.020074038324633 0.63805393441467728  
24.334828772520556 8.1361932741432526 -0.71860707754045527  30.554498477452086 20.020074038324637 0.63765593201065507  
24.345395238664256 8.1361932741432526 -0.72002219676948964  30.560252493628543 20.020074038324637 0.63711009366766058  
24.364632721242227 8.1361932741432526 -0.72260785254450877  30.570728713107265 20.020074038324637 0.63611293953587233  
24.385393522814624 8.1361932741432526 -0.72541825998894149  30.582035334609195 20.020074038324637 0.63502522405170714  
24.399719427122356 8.1361932741432526 -0.72736659196987286  30.589838053354654 20.020074038324637 0.63427053815368373  
24.404143789320177 8.1361932741432526 -0.72796889119295494  30.592247864136084 20.020074038324637 0.63403722251988603  
24.418647921952502 8.1361932741432526 -0.72994425943873764  30.600147878810663 20.020074038324633 0.63327199337911133  
24.437252144599128 8.1361932741432526 -0.73248878039130594  30.610281945251632 20.020074038324633 0.63228620129597535  
24.457983454622251 8.1361932741432526 -0.73533342883128872  30.621575231442197 20.020074038324633 0.63118651815735927  
24.467158772601298 8.1361932741432526 -0.73659388903851908  30.626573499448753 20.020074038324633 0.6306994221242872  
24.477203415483594 8.1361932741432526 -0.73797460691475558  30.632045342398598 20.020074038324633 0.63016580952679502  
24.495536229166767 8.1361932741432526 -0.74049656919326745  30.642032210123769 20.020074038324633 0.62919088901557418  
24.515008482366749 8.1361932741432526 -0.74317970226436914  30.652639876362151 20.020074038324633 0.62815171605494202  
24.530565849593394 8.1361932741432526 -0.74532503055461774  30.661115125602425 20.020074038324633 0.62732201270353838  
24.535933310446545 8.1361932741432526 -0.74606531585390634  30.664039205831397 20.020074038324633 0.62703586979995463  
24.55025642516317 8.1361932741432526 -0.74804098269422492  30.671842191526004 20.020074038324633 0.62627250914830657  
24.568139911973557 8.1361932741432526 -0.75050878377894026  30.681585080745201 20.020074038324633 0.62532066418099075  
24.588821134890786 8.1361932741432526 -0.75336176564791302  30.692852116416368 20.02007403832463 0.62422166209996321  
24.59945532983842 8.1361932741432526 -0.75482822094076618  30.698645511539507 20.020074038324633 0.62365714776980108  
24.608983600891442 8.1361932741432526 -0.75614171596454827  30.703836347655514 20.020074038324633 0.62315172407069586  
24.626419893753766 8.1361932741432526 -0.75854465436072915  30.713335246997708 20.020074038324637 0.62222747199989192  
24.644432275606139 8.1361932741432526 -0.76102513837050245  30.723147816721987 20.020074038324633 0.62127490369798843  
24.661401514049352 8.1361932741432526 -0.76336137166698104  30.732392271747702 20.020074038324633 0.62037956053266186  
24.6677129794056 8.1361932741432526 -0.76423024680227714  30.735830640204853 20.020074038324633 0.62004680846246274  
24.68203582560928 8.1361932741432526 -0.76620196266391083  30.743633528511992 20.020074038324633 0.61929225029787016  
24.699024285772833 8.1361932741432526 -0.7685407380626198  30.75288883958823 20.020074038324637 0.61839923772205818  
24.719657505857032 8.1361932741432526 -0.77138444509137893  30.764130244077801 20.020074038324637 0.61731886942718273  
24.731751867497639 8.1361932741432526 -0.77305320249392029  30.770719636230041 20.02007403832463 0.61668613080875267  
24.740762102683885 8.1361932741432526 -0.77429762230916288  30.775628745396794 20.02007403832463 0.61621445183732726  
24.757301215663279 8.1361932741432526 -0.77658334099061654  30.784639920128303 20.02007403832463 0.6153481684649893  
24.773849579193946 8.1361932741432526 -0.77887740051930554  30.793656384129378 20.02007403832463 0.61447858578165071  
24.792228456646058 8.1361932741432526 -0.7814404938791476  30.803670980438696 20.02007403832463 0.61351240019098474  
24.799482343479671 8.1361932741432526 -0.78245464083751137  30.807623731278007 20.02007403832463 0.61313104606889235  
24.81380156085968 8.1361932741432526 -0.7844623425451851  30.815426774942782 20.020074038324633 0.61237800610626536  
24.829888449905255 8.1361932741432526 -0.78673050809644818  30.824193795269686 20.020074038324633 0.6115313238889788  
24.850462695394448 8.1361932741432526 -0.7896626639304265  30.835408801598767 20.020074038324633 0.61044544597068062  
24.864008346296231 8.1361932741432526 -0.7916132137727887  30.842794150507679 20.020074038324637 0.60972426239388755  
24.872494314417075 8.1361932741432526 -0.7928446521097916  30.847421643881077 20.020074038324633 0.60926795198363559  
24.88812188063017 8.1361932741432526 -0.79511819215443624  30.855943948527813 20.020074038324633 0.60842475012279951  
24.903192609822348 8.1361932741432526 -0.7973440781269816  30.864164872769173 20.020074038324633 0.60759460766642326  
24.922953758216494 8.1361932741432526 -0.80032834406623099  30.874947013536328 20.020074038324633 0.60650087748488535  
24.931138326227021 8.1361932741432526 -0.80157709836205782  30.879413197421599 20.020074038324633 0.6060471629101355  
24.945438678200325 8.1361932741432526 -0.8037863032650685  30.887217293777255 20.020074038324633 0.60524902593205265  
24.960602979071759 8.1361932741432526 -0.80616613127618053  30.895494264187953 20.020074038324633 0.60439388240697278  
24.981080096387601 8.1361932741432526 -0.80946633250428124  30.906679017575765 20.020074038324633 0.60320589156026017  
24.995351756005455 8.1361932741432526 -0.81183192177030616  30.914482911810769 20.020074038324637 0.60234998261876993  
25.00397785282 8.1361932741432526 -0.81328791756284202  30.919204140002481 20.020074038324637 0.60182047236614689  
25.018647228889641 8.1361932741432526 -0.81577366413817054  30.927234363972889 20.020074038324637 0.60091556815283365  
25.032884876466817 8.1361932741432526 -0.81826552917696738  30.935038499792029 20.020074038324637 0.60000345106769704  
25.053272416267561 8.1361932741432526 -0.8219986073578408  30.946204665833978 20.020074038324633 0.59868913521352651  
25.062363495159723 8.1361932741432526 -0.82370380278828703  30.951181386065315 20.020074038324633 0.59810150683387775  
25.076645278573967 8.1361932741432526 -0.82646756965710555  30.958988539464958 20.020074038324633 0.59715561960843622  
25.090889229156751 8.1361932741432526 -0.82929610835414369  30.966770637297298 20.020074038324637 0.59618728150882927  
25.110886001264056 8.1361932741432526 -0.83342240944155221  30.977728165145535 20.020074038324633 0.59472720668383239  
25.125342655007884 8.1361932741432526 -0.83652071527293348  30.985720254870799 20.020074038324633 0.59358592446630443  
25.134717941146651 8.1361932741432526 -0.83856630281177702  30.990946133193514 20.020074038324633 0.59281380187778077  
25.148529411658792 8.1361932741432526 -0.84159391058638233  30.998661893242073 20.020074038324633 0.59166406454188747  
25.162027172015815 8.1361932741432526 -0.8446801065791808  31.006280985106518 20.020074038324633 0.59047388038427706  
25.182107127143958 8.1361932741432526 -0.84974191732819904  31.017398547888163 20.020074038324633 0.58875273274710127  
25.192137385970074 8.1361932741432526 -0.85242591645389909  31.02287937986268 20.020074038324633 0.5879098262834711  
25.206903177852251 8.1361932741432526 -0.85674518182549386  31.030696992764501 20.020074038324633 0.58660247650445507  
25.243329853209314 8.1361932741432526 -0.86791616636330426  31.049764606082849 20.020074038324633 0.58321444270428868  
25.27599994075603 8.1361932741432526 -0.88015773610822212  31.067771086234771 20.020074038324633 0.57850717742860802  
25.284000000000002 8.1361932741432526 -0.8844036540993746  31.083369224655055 20.020074038324633 0.57475349653887053  

0.50166434587376163 4
0.50167255192680926 1
0.50167563950773675 1
0.50707080535134863 1
0.50866953008644389 1
0.50883369854911686 1
0.50887547618272866 1
0.51218554491661905 1
0.5157326152044438 1
0.51605083893958703 1
0.51611652486986348 1
0.51699615247064967 1
0.52175556871066142 1
0.5228535560941534 1
0.52331611358801544 1
0.52338800196649815 1
0.52649078113382586 1
0.5299749704400003 1
0.5305838358556183 1
0.53066278607417028 1
0.53121200128245527 1
0.53592516874550855 1
0.53709651595479513 1
0.53785197903198323 1
0.53793830958691802 1
0.5406325820460709 1
0.54421806048915278 1
0.54512019230631947 1
0.54521410274590132 1
0.54533554203577972 1
0.55003528466108298 1
0.55133961645999174 1
0.55238848863034873 1
0.55249003420239806 1
0.55473242200286199 1
0.55846124781245177 1
0.55942730325748768 1
0.55965673768529889 1
0.55976607832058756 1
0.56412047426429679 1
0.56558285964160249 1
0.5669250540488564 1
0.56704215665595015 1
0.56881213313972312 1
0.57270441229588664 1
0.57350242588339995 1
0.57419331329425649 1
0.57431826569523758 1
0.5781916284236579 1
0.57982589268851592 1
0.58146168143624699 1
0.58159436040775681 1
0.58287982860679222 1
0.58694750270453222 1
0.58756710702450077 1
0.58873003298516791 1
0.5888704789618564 1
0.59225361274283561 1
0.59406922569486464 1
0.59599845782579797 1
0.59614665021241153 1
0.59693939943676178 1
0.60119090920738461 1
0.6016245197727742 1
0.60326676806067703 1
0.60342285411257934 1
0.60630906380938765 1
0.60831237090063583 1
0.61053509810503104 1
0.61069906793207551 1
0.61099305816616523 1
0.61543405167652032 1
0.61567655770840368 1
0.61780337104576477 1
0.6179752245537421 1
0.62035961317081045 1
0.62255563361576383 1
0.62504223465925823 1
0.62507171457175825 1
0.62525135740796844 1
0.6296774418312856 1
0.62972448821047555 1
0.632340066972499 1
0.63252750261802115 1
0.63440639756447226 1
0.63679888265058837 1
0.63908797352088176 1
0.63960834172404646 1
0.63980373596312423 1
0.64376926125803413 1
0.64392042359306179 1
0.6468766771530543 1
0.64707997075247736 1
0.64845027965891022 1
0.65104178131414858 1
0.65313104193619509 1
0.65414495163572783 1
0.65435617246021893 1
0.65781158033459719 1
0.65816349549752173 1
0.66141327239142944 1
0.66163230976015153 1
0.6624919068576437 1
0.66528495000625898 1
0.66717204101043437 1
0.66868157260699423 1
0.66890853727233068 1
0.67185200879699269 1
0.67240660226319282 1
0.67594986139662383 1
0.67618478038705254 1
0.67653181769865667 1
0.67952824951972257 1
0.68121149545831317 1
0.68321822515430808 1
0.68346098526705157 1
0.68589105941200057 1
0.68665002096273142 1
0.69048658688081943 1
0.6905705228371356 1
0.69073711497818613 1
0.69377171846891261 1
0.69524991099741784 1
0.69775495049064817 1
0.69801331366643471 1
0.69992924213610064 1
0.7008933144269659 1
0.70460853677389867 1
0.7050233240919902 1
0.70528949732439583 1
0.70801494917350616 1
0.70928781546402164 1
0.71229163347485502 1
0.71256575535374633 1
0.71396709748934706 1
0.71513643693672113 1
0.71864640839963112 1
0.71955996708661218 1
0.71984193810577768 1
0.72225784491842893 1
0.72332576563426976 1
0.72682824863933826 1
0.72711814518991302 1
0.72800519320626556 1
0.72937940863757011 1
0.7326847099835867 1
0.73409664076657488 1
0.73439431583417825 1
0.7365010358508518 1
0.73736433342607721 1
0.74136497254938893 1
0.74167047357778204 1
0.74204408964927171 1
0.7436228024252145 1
0.74672399016994229 1
0.74863331111522124 1
0.74894672411052643 1
0.75074444993948253 1
0.75140405206774252 1
0.75590155221403466 1
0.75608430079781874 1
0.75622293178905775 1
0.75786604764860266 1
0.76076473903735364 1
0.76316990725058353 1
0.76349912506478723 1
0.76498765624187504 1
0.76544538552934505 1
0.77012625289774284 1
0.7704382550904868 1
0.7707752492131702 1
0.77210916307839972 1
0.77480734476138702 1
0.77770663641667825 1
0.77805140970143061 1
0.77923077324497925 1
0.77948868466520194 1
0.78417026984239324 1
0.78497493016506548 1
0.78532763167236819 1
0.78635234202800741 1
0.78885210604640077 1
0.79224326525795097 1
0.79260386381302028 1
0.79347388002694053 1
0.79353421707626848 1
0.79821660031895869 1
0.79951161975329232 1
0.79988006415349366 1
0.80059554632199947 1
0.80289926301044201 1
0.80677990870264882 1
0.80715627983584237 1
0.80758223772265425 1
0.80771708074776438 1
0.81226551946436909 1
0.81404822889935535 1
0.81443248064786999 1
0.81483878795905074 1
0.81694912685331755 1
0.82131653525889892 1
0.82163308680374969 1
0.82170872081272373 1
0.82196039540076404 1
0.82631740237421136 1
0.82858496567293372 1
0.82898489257555674 1
0.82908195882709046 1
0.83100211453984052 1
0.83568722670223516 1
0.83585334520069909 1
0.83620353697833572 1
0.83626105171371889 1
0.84037275193145333 1
0.8431216584053528 1
0.84332503012776294 1
0.84353725183822814 1
0.84505873906179674 1
0.84974518068970317 1
0.85038996287321134 1
0.8504467570134352 1
0.85081346216055997 1
0.85443208713250574 1
0.85756829689207403 1
0.85765828306425007 1
0.85808973213537332 1
0.85911950208220855 1
0.86380739797544093 1
0.86469005105331886 1
0.86492660148241507 1
0.86536586667283022 1
0.86849578515158155 1
0.87181167737096421 1
0.87219492033616386 1
0.8726420772555924 1
0.8731846653262576 1
0.87787400415930716 1
0.87893323336552565 1
0.87946317927292739 1
0.87991825254395328 1
0.88256380916150312 1
0.88605484237540277 1
0.88673147925932816 1
0.88719449239902282 1
0.88725400943155208 1
0.8919445690894674 1
0.89317626761901581 1
0.89399984863869708 1
0.8944706428302851 1
0.89663545514423182 1
0.90029799054433324 1
0.9012682500734327 1
0.9013265813056659 1
0.90174681449430183 1
0.90601789636322072 1
0.90741947292425063 1
0.90853668629569562 1
0.90902301751478587 1
0.91070933054974013 1
0.91454115152568305 1
0.91540080757233422 1
0.91580500658419917 1
0.91629922894891636 1
0.92009227912428015 1
0.92166279901883219 1
0.92307335826725456 1
0.9235754550675801 1
0.92478368901035524 1
0.92878437440161887 1
0.92947501197304261 1
0.93034163733421682 1
0.93085158365851062 1
0.93416623724018244 1
0.93590604081908824 1
0.9376099601738539 1
0.938127794223376 1
0.93885741402659384 1
0.94302751904811377 1
0.94354859167539362 1
0.94487830738114509 1
0.94540395959532741 1
0.94823987832122403 1
0.95014916136094119 1
0.95214663257264309 1
0.95268022084393456 1
0.95293147654792498 1
0.9572707940154388 1
0.95762353842383863 1
0.95941498906728662 1
0.95995641324622827 1
0.96231644244710024 1
0.96439244697600346 1
0.96668323847094451 1
0.96701057927264811 1
0.96723262051459968 1
0.97151413092700523 1
0.97170629552937304 1
0.97395148439960033 1
0.97450874939367882 1
0.97640472601826522 1
0.97863554725241397 1
0.9811068229710822 1
0.98121961528572943 1
0.98178487479804633 1
0.98575701499244817 1
0.98581351559269403 1
0.98848696378873691 1
0.98906065002066301 1
0.99053021838637656 1
1 4

0.38941880679683821 2
0.74663060255248248 2

9 0 0 0 0 3 1 312 2 310 2 31.083369224655055 20.020074038324633 0.57475349653887053  34.00162315727836 26.000096153668355 1.3090051305073656  
31.067769236949999 20.020074038324633 0.5749437834330533  33.992720466171434 26.000096153668352 1.307828524011371  
31.049684534526197 20.020074038324637 0.57656839551529182  33.982021060779729 26.000096153668355 1.3063107201828856  
31.030728071017396 20.020074038324633 0.57703026939746194  33.970834854305885 26.000096153668352 1.3047800380191663  
31.02293106323728 20.020074038324633 0.57715864516267301  33.966241657704437 26.000096153668352 1.304158024022722  
31.017314362161599 20.020074038324633 0.57719412963249106  33.962943951765517 26.000096153668355 1.3037197141254773  
31.006052612708118 20.020074038324633 0.57728298183220139  33.956372182137869 26.000096153668355 1.302869245468953  
30.998377934609255 20.020074038324633 0.57735657911221994  33.951934519522752 26.000096153668359 1.3023181735701341  
30.990900835311127 20.020074038324633 0.57734989879500043  33.947609756341414 26.000096153668355 1.3018095749954028  
30.985548974336616 20.020074038324633 0.57733657817733808  33.944513559790835 26.000096153668352 1.3014481876899981  
30.977635185888136 20.020074038324633 0.57725722056688122  33.939930069103973 26.000096153668352 1.300931963816748  
30.96647682100793 20.020074038324633 0.57701915931051051  33.933407174389949 26.000096153668359 1.3002466117470666  
30.958861171264438 20.020074038324633 0.576790781326465  33.928932903277804 26.000096153668359 1.2997876935369725  
30.951069973521207 20.020074038324633 0.57652141758905928  33.924349886923572 26.000096153668363 1.2993135543874743  
30.946019802324159 20.020074038324633 0.57632347334973166  33.921376856377712 26.000096153668355 1.299001308219395  
30.934735211434539 20.020074038324633 0.57584098589877231  33.91474187791809 26.000096153668359 1.2982772769300044  
30.926944940505091 20.020074038324633 0.57545467441908571  33.910174693801217 26.000096153668359 1.2977407302394006  
30.919047736104105 20.020074038324633 0.57498594540288872  33.905548053853984 26.000096153668355 1.2971746578069407  
30.914259236571965 20.020074038324633 0.57469630471801914  33.90274289133292 26.000096153668355 1.2968298774276212  
30.906470634498312 20.020074038324633 0.57417647743278888  33.89818167787665 26.000096153668355 1.2962557054344361  
30.895186436342485 20.020074038324633 0.57333344533596375  33.891569831957852 26.000096153668352 1.2954046374471184  
30.887048536822885 20.02007403832463 0.57266761922440579  33.886800054264882 26.000096153668355 1.2947756269486999  
30.879262736202342 20.020074038324633 0.57200193973139257  33.882236906639157 26.000096153668352 1.2941630379115567  
30.874737574957898 20.020074038324633 0.57160404178731106  33.879584976453785 26.000096153668352 1.2938025131368591  
30.864208601709961 20.020074038324633 0.57065764556600262  33.873415849968481 26.000096153668355 1.2929522938570921  
30.855663708861762 20.02007403832463 0.56984997412594707  33.868411662840145 26.000096153668359 1.2922426026275844  
30.84728666319517 20.02007403832463 0.56898985195726914  33.863506303854223 26.000096153668363 1.2915291066031869  
30.842264666085054 20.02007403832463 0.56846625000473838  33.860565633758618 26.000096153668359 1.2910991924015949  
30.835239040165078 20.020074038324633 0.56770530367394989  33.856451993344557 26.000096153668359 1.2904895137311858  
30.823952871484678 20.020074038324633 0.56643612689764755  33.849844457695085 26.000096153668355 1.2894915242196121  
30.81533478830054 20.020074038324633 0.56543734980447558  33.844800185166612 26.000096153668359 1.288711847565756  
30.807552044454773 20.020074038324633 0.56451504657024898  33.840245792156161 26.000096153668359 1.2879960652518736  
30.803550079385538 20.020074038324633 0.56403592033969774  33.83790410767029 26.000096153668359 1.2876252218570181  
30.79383838905099 20.02007403832463 0.56285918140091662  33.832222161291789 26.000096153668359 1.2867173762482063  
30.784476120125088 20.020074038324633 0.56168883609440146  33.826746183741768 26.000096153668359 1.2858237706498548  
30.775618624105306 20.020074038324633 0.56053064770708072  33.821566220548505 26.000096153668359 1.2849605204064318  
30.770298717400632 20.020074038324633 0.55982729270519838  33.81845525451152 26.000096153668359 1.2844389381809176  
30.764095937235453 20.020074038324633 0.55899401068539456  33.814828363242398 26.000096153668359 1.2838250754347107  
30.752804347949752 20.02007403832463 0.55745330785765246  33.808227253143066 26.000096153668355 1.2826927139744326  
30.743704483485832 20.020074038324633 0.5561935758114398  33.802909458069465 26.000096153668355 1.2817621821360969  
30.735923819488139 20.020074038324633 0.55509773476215107  33.798363696695162 26.000096153668359 1.2809549114405032  
30.732442340998695 20.020074038324633 0.55460487413446846  33.796329823461754 26.000096153668359 1.2805922056640777  
30.723517143909376 20.020074038324633 0.5533316025887749  33.791116223720834 26.000096153668359 1.279657000303162  
30.713364656629075 20.020074038324633 0.551852141434375  33.785187305871659 26.000096153668359 1.2785759518160122  
30.704024754364166 20.020074038324633 0.55046260706759931  33.779734392254881 26.000096153668359 1.2775646412383024  
30.698430820495716 20.020074038324633 0.54962479604948677  33.776468812643877 26.000096153668359 1.2769553348059055  
30.693021992419482 20.020074038324633 0.54880935725926527  33.773311618912686 26.000096153668359 1.2763626220176745  
30.681720761451121 20.020074038324633 0.5470914458912508  33.76671596575666 26.000096153668352 1.2751136407902914  
30.672138487297705 20.020074038324633 0.54561493899888824  33.761125385779621 26.000096153668359 1.2740380854257558  
30.664359421323535 20.020074038324633 0.54440038013855674  33.7565882501072 26.000096153668359 1.2731545996222013  
30.661395606548624 20.020074038324633 0.54393669280819323  33.754859689328399 26.000096153668359 1.2728173969113858  
30.653231466354889 20.020074038324633 0.54265428421495598  33.75009863459902 26.000096153668359 1.2718853341887895  
30.64230891353197 20.020074038324633 0.54091630308818572  33.743731247409613 26.000096153668359 1.2706237171012309  
30.632485219644678 20.020074038324633 0.53933593784166811  33.738006165519224 26.000096153668359 1.2694751943497504  
30.626636682936997 20.020074038324633 0.53839078399093432  33.734598051856437 26.000096153668359 1.2687881100533944  
30.622000292061024 20.020074038324633 0.53763916236618359  33.731896449042821 26.000096153668359 1.2682416230492193  
30.610686320054427 20.020074038324633 0.53579683857854521  33.72530425842281 26.000096153668359 1.2669019517840061  
30.600976832420486 20.020074038324637 0.53419920819790634  33.719647895267229 26.000096153668355 1.2657400470180031  
30.592840957953968 20.020074038324633 0.53284864239084695  33.714909213183056 26.000096153668359 1.264758805951286  
30.59039324780867 20.020074038324633 0.53244198642626916  33.713483589057645 26.000096153668359 1.2644633826200866  
30.582614129590876 20.020074038324633 0.53114662266721413  33.708953039087227 26.000096153668355 1.2635225583085599  
30.571293760119168 20.020074038324633 0.52924811978247976  33.702361575747098 26.000096153668352 1.2621437026597377  
30.560983277534621 20.02007403832463 0.52751060270200401  33.696359666573926 26.000096153668348 1.2608781153667419  
30.55489346507742 20.02007403832463 0.52648147574540116  33.692814981517124 26.000096153668352 1.2601281598623137  
30.551014081271784 20.020074038324633 0.52582499535885507  33.690556999382366 26.000096153668352 1.2596496947428151  
30.540069414661122 20.020074038324633 0.52396901779301164  33.684186969004955 26.000096153668352 1.2582970357146988  
30.530217763810533 20.020074038324633 0.52228720533920336  33.678453761505175 26.000096153668352 1.2570723060870197  
30.521352314821051 20.020074038324633 0.52076780878766171  33.673294957270905 26.000096153668355 1.255965990391851  
30.519034064492175 20.020074038324633 0.52037030009891638  33.671945984402917 26.000096153668355 1.2556765533922749  
30.511640302442842 20.020074038324637 0.51910147492947512  33.667643705799478 26.000096153668355 1.2547526422977047  
30.500302386465243 20.020074038324633 0.51715129114845293  33.661046937180025 26.000096153668355 1.2533319219294292  
30.489503390749714 20.020074038324633 0.51529313502950691  33.654764743793578 26.000096153668355 1.2519740755569833  
30.483179492568695 20.020074038324633 0.51420367316886728  33.651086143588088 26.000096153668355 1.251177725228406  
30.48004824518507 20.020074038324633 0.51366399957629516  33.649264741072678 26.000096153668359 1.2507832361378002  
30.469830551786956 20.020074038324637 0.51190169442535316  33.643321426232724 26.000096153668359 1.2494951471037552  
30.459467548967666 20.020074038324637 0.51010843897070002  33.637294067466684 26.000096153668359 1.2481859565489954  
30.449877501952948 20.020074038324633 0.50845413079716129  33.631716511777398 26.000096153668355 1.2469737625664403  
30.447326703843707 20.020074038324633 0.50801436762026919  33.630232977950179 26.000096153668355 1.2466513164687103  
30.440679149627876 20.02007403832463 0.50686880762608499  33.626366792061333 26.000096153668352 1.2458109713253289  
30.4293195259703 20.020074038324633 0.5049145284365929  33.619760060315294 26.000096153668352 1.2443748763294562  
30.418028393453376 20.020074038324633 0.50297491729352706  33.613193049958632 26.000096153668352 1.242948321223031  
30.411472055392096 20.020074038324633 0.50185004341069561  33.609379841630499 26.000096153668352 1.2421206290223821  
30.409086787943721 20.020074038324633 0.50144090242872641  33.607992555777244 26.000096153668352 1.2418195544092754  
30.399593943637896 20.020074038324633 0.49981321588887556  33.602471468284968 26.000096153668352 1.2406216433448163  
30.38871560893017 20.020074038324633 0.49795184688111205  33.596144589672399 26.000096153668355 1.2392508320213116  
30.378398436232139 20.02007403832463 0.49620259185128912  33.590144396137909 26.000096153668359 1.2379536532964099  
30.375613789119086 20.02007403832463 0.49573139390030135  33.588524927386125 26.000096153668359 1.2376037585983819  
30.369713472689106 20.020074038324633 0.49473363541712922  33.585093479457065 26.000096153668359 1.2368625448357116  
30.358329176657932 20.02007403832463 0.49281554936290517  33.578472723211156 26.000096153668359 1.2354343176906786  
30.346542026687604 20.020074038324633 0.49083476297648287  33.571616751728108 26.000096153668355 1.2339611627112814  
30.339748538316094 20.02007403832463 0.48969982462210615  33.567665020638145 26.000096153668359 1.233114798350043  
30.338113796172919 20.020074038324633 0.48942688570054727  33.566714093866878 26.000096153668355 1.23291119802817  
30.329350097842074 20.020074038324633 0.48796503266390368  33.56161620696615 26.000096153668355 1.2318202323370482  
30.31795245772447 20.020074038324633 0.48608107546799922  33.554985554328205 26.000096153668355 1.2304074085829064  
30.307146104615128 20.020074038324633 0.48431862141570287  33.548698469423357 26.000096153668355 1.2290751229276584  
30.303873905481677 20.020074038324633 0.4837865382828147  33.546794662898485 26.000096153668355 1.2286723473434793  
30.298728252557304 20.020074038324633 0.48295032226144663  33.543800837677423 26.000096153668355 1.2280391823293213  
30.287070481501139 20.020074038324633 0.48106406949135583  33.53701781264175 26.000096153668355 1.2266083431238353  
30.275522484369716 20.02007403832463 0.47920385914237146  33.530297434561462 26.000096153668352 1.2252003960943298  
30.267988842991002 20.020074038324633 0.47800440149981621  33.525913247690262 26.000096153668352 1.2242863188978881  
30.267114739764867 20.020074038324633 0.477865380477215  33.525404565554325 26.000096153668352 1.2241803075763784  
30.258597577113413 20.020074038324633 0.47651256302600925  33.520448029625832 26.000096153668355 1.2231478766399646  
30.24729167515742 20.020074038324633 0.47474323404172153  33.513868671633645 26.000096153668355 1.2217850938004493  
30.236108966358469 20.02007403832463 0.47302088756722305  33.50735960328408 26.000096153668355 1.2204485954389055  
30.232090134968125 20.02007403832463 0.47240418470181827  33.505020141108687 26.000096153668355 1.2199695908110852  
30.227590278174421 20.020074038324633 0.47171421221092735  33.502400603960211 26.000096153668355 1.2194335702540067  
30.215910030780801 20.020074038324637 0.4699310924496386  33.495600203898917 26.000096153668352 1.2180471356936198  
30.204468177880109 20.020074038324637 0.4681953919827147  33.488936532263267 26.000096153668355 1.2167015112279762  
30.196687026404035 20.020074038324637 0.46703902083587084  33.484405051198962 26.000096153668355 1.2157928615609035  
30.195702043980369 20.020074038324637 0.46689283745222998  33.483831432440169 26.000096153668355 1.2156778905831167  
30.187822851765262 20.020074038324633 0.46572548731740931  33.479242890633898 26.000096153668352 1.2147587199876444  
30.176493002878491 20.020074038324633 0.4640827612344014  33.472645090883496 26.000096153668359 1.2134466124022738  
30.165033327000934 20.020074038324633 0.46244460326967096  33.465970248916264 26.000096153668359 1.2121336962652969  
30.160252501928937 20.020074038324637 0.46176423729367833  33.463185281119827 26.000096153668359 1.2115883279397095  
30.156020300889626 20.020074038324633 0.46116270836308004  33.460719820321216 26.000096153668359 1.2111061608171096  
30.144846100986697 20.020074038324633 0.45958013055630315  33.454209670409405 26.000096153668355 1.2098378757938544  
30.134065008715091 20.020074038324633 0.45806572520198158  33.447926633825347 26.000096153668355 1.2086279256646684  
30.125590956057835 20.020074038324633 0.4569108850374346  33.442988097507438 26.000096153668355 1.2076853178999114  
30.124111657141576 20.020074038324633 0.45671001342299544  33.442125987185328 26.000096153668355 1.2075209379578711  
30.116330318350254 20.020074038324633 0.45565846796574216  33.437591139312282 26.000096153668352 1.206657550764733  
30.105406601366195 20.02007403832463 0.45421919718624892  33.431224717760252 26.000096153668355 1.2054554717856469  
30.093915980095865 20.020074038324633 0.45271799004032126  33.424525462714051 26.000096153668355 1.2042068010718154  
30.088356219179161 20.020074038324633 0.45199640698008542  33.42128346237623 26.000096153668355 1.2036064380095592  
30.084406872290835 20.020074038324633 0.45148514359055908  33.418980397164077 26.000096153668352 1.2031809190613216  
30.073828469536977 20.020074038324633 0.45012168430682742  33.412811057822253 26.000096153668352 1.2020452803496893  
30.063733968030569 20.020074038324637 0.4488447706631834  33.406922349401391 26.000096153668355 1.2009758984345031  
30.054450326560705 20.020074038324637 0.44770786133597695  33.401506415497998 26.000096153668355 1.2000034362480023  
30.052386163237422 20.020074038324637 0.44745664646201111  33.400302203447332 26.000096153668355 1.1997876817154807  
30.044692790137066 20.020074038324637 0.44652691162160957  33.395813866965796 26.000096153668359 1.1989858307566725  
30.034275685652752 20.020074038324633 0.44529437228622315  33.38973598472942 26.000096153668355 1.1979099651235607  
30.022754285563931 20.020074038324633 0.44394256447788483  33.383011486516828 26.000096153668355 1.19673718782858  
30.016398511569104 20.020074038324633 0.4432054999603679  33.379301281864187 26.000096153668359 1.1960958769486547  
30.012748554908288 20.02007403832463 0.44278456758841128  33.377170479718757 26.000096153668359 1.1957288464232723  
30.002984576625373 20.020074038324633 0.44166447491583982  33.371470089070677 26.000096153668359 1.1947500168472416  
29.993375157417695 20.02007403832463 0.44059339274363207  33.365858709551787 26.000096153668359 1.1938005940957996  
29.983265260008842 20.020074038324633 0.43950361541822763  33.359954037030278 26.000096153668359 1.1928153382277009  
29.980397364664046 20.020074038324633 0.43919734583169695  33.358278958610647 26.000096153668359 1.1925369473492924  
29.97301055903683 20.020074038324633 0.43841477610895818  33.353964207332403 26.000096153668355 1.191822925355283  
29.963101254725906 20.020074038324633 0.43738229122151928  33.348175196356479 26.000096153668355 1.1908740615945055  
29.951549386362238 20.020074038324633 0.43618958293844212  33.34142448635545 26.000096153668352 1.1897861814141266  
29.944381438968779 20.020074038324633 0.43546479399488958  33.337235147319213 26.000096153668352 1.1891193932577049  
29.941046187021104 20.020074038324633 0.43513144440071622  33.335285755889387 26.000096153668352 1.1888107315398369  
29.932112577289832 20.020074038324633 0.43424323655267683  33.33006413317905 26.000096153668352 1.1879857820852457  
29.922989485900779 20.020074038324633 0.43337347173941154  33.324731056259168 26.000096153668352 1.1871569263741719  
29.912037790393615 20.020074038324637 0.43236216735572991  33.318327062496778 26.000096153668352 1.1861791098156111  
29.908350796965959 20.020074038324637 0.43202553747144246  33.316170834646201 26.000096153668352 1.1858520762984854  
29.901285351162002 20.02007403832463 0.431385683996863  33.312038347340732 26.000096153668352 1.1852292342958619  
29.891885056881137 20.02007403832463 0.43054450301635083  33.306539257205145 26.000096153668352 1.1844085536872957  
29.880303233176473 20.020074038324633 0.42951847263742149  33.299761651810456 26.000096153668352 1.1834161764026359  
29.872516860427027 20.020074038324633 0.42885276803851313  33.295204466767139 26.000096153668352 1.1827596414044554  
29.86930215714407 20.020074038324633 0.42858362584520715  33.293322910308007 26.000096153668352 1.18249038414568  
29.861213507791966 20.020074038324633 0.42790894661630452  33.288588621928071 26.000096153668359 1.1818136670603645  
29.852370000782056 20.020074038324637 0.42721259737398654  33.283412073103563 26.000096153668352 1.1810866734319374  
29.840771470684537 20.020074038324637 0.42632326461865855  33.276621301906843 26.000096153668352 1.180152726683692  
29.836252049324923 20.020074038324637 0.42598091035123198  33.273974959783644 26.000096153668352 1.1797923739409755  
29.829520970268163 20.020074038324633 0.42547579047222339  33.270033146556173 26.000096153668352 1.1792603255095053  
29.82063132532738 20.020074038324633 0.42481539808356411  33.264826601761406 26.000096153668352 1.1785643550622762  
29.809576328364621 20.020074038324633 0.42401013662273146  33.258349746519151 26.000096153668355 1.1777177341790792  
29.801232145454264 20.020074038324633 0.42343368642450963  33.253459745371828 26.000096153668355 1.1770923586019943  
29.797520217053439 20.020074038324633 0.42318494946521362  33.251284240144571 26.000096153668352 1.1768166646324492  
29.789732447122198 20.020074038324637 0.42266805036348287  33.246719823285048 26.000096153668359 1.1762399523681446  
29.781097395071868 20.020074038324633 0.42213102847187028  33.241657864478178 26.000096153668355 1.1756135435716772  
29.76947063720964 20.020074038324633 0.4214229674920616  33.23484046243393 26.000096153668352 1.1747895895794129  
29.764107395526281 20.020074038324633 0.42110101895455154  33.231695286214183 26.000096153668352 1.174414890211924  
29.757721230640037 20.020074038324633 0.42072340990180723  33.22794984329844 26.000096153668352 1.1739739739920025  
29.749343610822393 20.020074038324633 0.42023373730151514  33.223036049643142 26.000096153668352 1.1734006199033757  
29.739129363565446 20.020074038324633 0.41965831997077513  33.217043778446914 26.000096153668352 1.17271845753752  
29.729914755826588 20.020074038324633 0.41917443259843168  33.211637021954793 26.000096153668352 1.1721183406656837  
29.725705259636445 20.020074038324633 0.41896258787438168  33.209166874372968 26.000096153668352 1.1718475863097808  
29.717915719409568 20.020074038324633 0.41857800433045472  33.204595745843804 26.000096153668352 1.1713497662990562  
29.709793900857917 20.020074038324633 0.41820166464946534  33.199828905557936 26.000096153668355 1.1708419559882843  
29.698140139653372 20.020074038324633 0.41767426588922274  33.192987277692644 26.000096153668359 1.1701332523022425  
29.691925005001615 20.02007403832463 0.41739993783498847  33.189337818283242 26.000096153668359 1.1697633621507721  
29.685891813650983 20.020074038324633 0.41714208802375297  33.185794675269264 26.000096153668359 1.1694104686650273  
29.678027543652075 20.020074038324633 0.41681122022456707  33.181175878192576 26.000096153668359 1.1689541442297837  
29.668662062063923 20.020074038324633 0.41644320596725082  33.175674081665456 26.000096153668359 1.1684267490612488  
29.658569806595725 20.020074038324633 0.41608453020430647  33.169743755091993 26.000096153668359 1.1678770139415926  
29.65386296129698 20.020074038324633 0.4159276333495644  33.166977620016738 26.000096153668359 1.1676253008171678  
29.646071768826197 20.020074038324633 0.41567638425481296  33.162398547552868 26.000096153668359 1.1672135471667704  
29.638463986600378 20.020074038324633 0.41544655705393663  33.157926666694273 26.000096153668359 1.1668210199699949  
29.626784101365764 20.020074038324633 0.41510228978811203  33.151060353408276 26.000096153668359 1.166236747742861  
29.619711102824546 20.020074038324633 0.41490363475410863  33.146902051764528 26.000096153668359 1.1658930694241594  
29.614037158409928 20.020074038324633 0.41475656025466801  33.14356595364481 26.000096153668359 1.1656238186164913  
29.606686982469288 20.020074038324637 0.41456993123214819  33.139244184448074 26.000096153668359 1.1652769810760308  
29.598176268927634 20.020074038324633 0.4143829675251981  33.1342392904997 26.000096153668359 1.1648890715570881  
29.587202150047723 20.020074038324633 0.41417760228152622  33.12778357116018 26.000096153668355 1.1644103024530237  
29.581998428618217 20.020074038324637 0.41409010963426929  33.124721826580476 26.000096153668355 1.1641894559145813  
29.574205742565628 20.020074038324633 0.41396754494116067  33.120136313562064 26.000096153668352 1.1638656027480516  
29.567113145273126 20.020074038324633 0.41386540689238649  33.115962220302613 26.000096153668352 1.1635788180003566  
29.555408900999922 20.020074038324633 0.41370938881467528  33.109073380835952 26.000096153668352 1.1631241741145024  
29.547615796696789 20.020074038324633 0.41362184561895249  33.104486321661206 26.000096153668352 1.1628352497839622  
29.542163456213459 20.020074038324633 0.41357562424126137  33.101276815833046 26.000096153668352 1.1626399467917912  
29.535328874351151 20.020074038324633 0.41351919355080913  33.097253633939694 26.000096153668352 1.1623958016357501  
29.527535172239411 20.020074038324633 0.41348182714055315  33.092665434851824 26.000096153668352 1.1621294711259027  
29.515818961961376 20.020074038324633 0.4134559443194803  33.085766498430708 26.000096153668355 1.1617503432267284  
29.510118584730293 20.020074038324633 0.41345244865571956  33.082409403730367 26.000096153668355 1.1615731037123354  
29.502324419360221 20.020074038324633 0.41345765892948805  33.077818731932794 26.000096153668359 1.1613393490261763  
29.495748060922175 20.02007403832463 0.41346905954508084  33.073944992841923 26.000096153668359 1.1611481861053263  
29.484626574781906 20.02007403832463 0.41350712512015164  33.067393176183245 26.000096153668355 1.1608422997869576  
29.476225849026996 20.02007403832463 0.41355874134550907  33.062443533097714 26.000096153668355 1.1606281794491902  
29.470277206699457 20.02007403832463 0.4136111693113298  33.058938309991248 26.000096153668355 1.1604847603589978  
29.463353138724202 20.02007403832463 0.41367540332553526  33.054858250647392 26.000096153668355 1.1603195326708409  
29.456164019626154 20.02007403832463 0.41376267026850766  33.050621553931677 26.000096153668355 1.1601591571071856  
29.444425314058517 20.020074038324633 0.41392829402835429  33.043702871777064 26.000096153668359 1.1599159230783951  
29.438228973901339 20.02007403832463 0.41402530154795403  33.040050445687982 26.000096153668359 1.1597959832705278  
29.430433318599562 20.020074038324633 0.41416062689780697  33.035454958984012 26.000096153668355 1.1596550735513784  
29.424373930539161 20.020074038324637 0.41427141387983735  33.031882848421176 26.000096153668355 1.1595497142066986  
29.414107337243056 20.020074038324633 0.41447958029664933  33.025830091662527 26.000096153668355 1.1593854225986089  
29.404828249370905 20.020074038324637 0.41469566996494933  33.02035905533603 26.000096153668359 1.1592548645114831  
29.398384149106981 20.020074038324637 0.41486283410794822  33.016559296728552 26.000096153668359 1.1591739215299921  
29.391100876121488 20.020074038324637 0.41505717095792044  33.012264634532272 26.000096153668355 1.1590857983305061  
29.384787149489341 20.020074038324633 0.41523995208904524  33.008541444565779 26.000096153668355 1.1590185193717368  
29.373027490649665 20.02007403832463 0.41559829375176349  33.001606411441287 26.000096153668359 1.1589106557591404  
29.366335565505082 20.02007403832463 0.41581252555111303  32.997659734578804 26.000096153668359 1.1588598332250577  
29.358538439092484 20.020074038324633 0.41608121963301525  32.993060832828846 26.000096153668352 1.1588123572293896  
29.352997016987494 20.020074038324633 0.4162766298139628  32.989792294641653 26.000096153668359 1.1587812858162254  
29.343580485932137 20.020074038324633 0.41663054695363722  32.984237605740688 26.000096153668359 1.1587402838756478  
29.333429716503392 20.020074038324637 0.4170445773193332  32.978248941176126 26.000096153668355 1.1587149622703297  
29.326490636065706 20.020074038324637 0.41734436720053059  32.974154763024529 26.000096153668355 1.1587085504239645  
29.31885527024199 20.020074038324633 0.41768105744402562  32.969649671464197 26.000096153668355 1.1587064132231784  
29.313410239001911 20.020074038324633 0.41793050985706082  32.966436823117917 26.000096153668359 1.1587117423606734  
29.30163093351123 20.020074038324633 0.41848510761654356  32.959486489237001 26.000096153668359 1.158737560447193  
29.294444687656483 20.020074038324633 0.41883559158099137  32.955246321014847 26.000096153668359 1.1587650296391407  
29.286646171122747 20.020074038324633 0.41924077392686121  32.950644678052754 26.000096153668359 1.158807958743109  
29.281623067710271 20.020074038324633 0.41950435376811035  32.947680690321725 26.000096153668355 1.1588369513977708  
29.273048195452994 20.020074038324633 0.41997390875000296  32.942620719653902 26.000096153668355 1.1588960758669145  
29.262035369655269 20.02007403832463 0.42061183487496967  32.936121645608125 26.000096153668355 1.1589926772472456  
29.254602913154759 20.02007403832463 0.42105948876609889  32.931735327881555 26.000096153668352 1.1590704502931657  
29.246803104428544 20.02007403832463 0.42153827101035801  32.92713218396166 26.000096153668359 1.1591585923053809  
29.242039912445396 20.02007403832463 0.42183777708055026  32.924321112906448 26.000096153668359 1.1592175744126205  
29.230242399638005 20.020074038324633 0.42259676833503373  32.917358702533072 26.000096153668359 1.1593758711399791  
29.222442037373447 20.020074038324633 0.42311800136119815  32.91275533383034 26.000096153668359 1.1594942535812383  
29.214763165367302 20.020074038324633 0.42365430225434036  32.908223423051894 26.000096153668359 1.1596243324929094  
29.210259262493349 20.020074038324633 0.42396942915246871  32.905565306991775 26.000096153668359 1.1597009583479758  
29.20245823969649 20.020074038324633 0.42452842447790479  32.900961151898422 26.000096153668359 1.1598413334650237  
29.190652689241336 20.020074038324637 0.42540807571900058  32.893992932932186 26.000096153668359 1.1600748102046174  
29.182727477044658 20.020074038324637 0.42601934455439239  32.889314879619853 26.000096153668359 1.160245428174449  
29.174926184293454 20.020074038324633 0.42663366292318794  32.884709953624835 26.000096153668359 1.1604212020817521  
29.170681881867029 20.020074038324633 0.4269737903614424  32.882204632634547 26.000096153668359 1.1605204776843072  
29.159445679296748 20.020074038324633 0.42789168263556215  32.875572230658619 26.000096153668359 1.1607934466062066  
29.151066261359887 20.020074038324633 0.42860165504595271  32.870626267627067 26.000096153668352 1.1610120117596012  
29.142895850235409 20.02007403832463 0.42931414429359882  32.865803780810815 26.000096153668352 1.1612398842766107  
29.138332920980368 20.02007403832463 0.42971331730533185  32.863110572593861 26.000096153668352 1.1613680582442409  
29.131107941079627 20.020074038324633 0.43035460522409946  32.85884616324536 26.000096153668352 1.1615776158081066  
29.119286557327577 20.02007403832463 0.43143232669712173  32.851868799317998 26.000096153668352 1.1619392870287177  
29.11087069016688 20.02007403832463 0.43222496046678566  32.84690154009521 26.000096153668355 1.162212333314627  
29.103068008960157 20.02007403832463 0.43297666465555668  32.842296275126486 26.000096153668355 1.1624745485834924  
29.099342552379404 20.02007403832463 0.43334011864811284  32.840097473292829 26.000096153668355 1.16260217754134  
29.088912313722819 20.020074038324633 0.43437361252293327  32.833941531750895 26.000096153668359 1.1629674923498388  
29.07971078164104 20.020074038324633 0.43531586008007661  32.828511009959414 26.000096153668359 1.1633057216899529  
29.071050614630714 20.020074038324633 0.43622165851832417  32.823400238266814 26.000096153668359 1.1636403864287632  
29.066186183209521 20.02007403832463 0.43673269960848538  32.820529528511535 26.000096153668359 1.1638302026571001  
29.059780324050173 20.020074038324633 0.43741189465132646  32.816749206178343 26.000096153668359 1.1640851780956489  
29.047944654659624 20.020074038324633 0.43868968652647772  32.809764562397554 26.000096153668355 1.1645727612187877  
29.039039192851948 20.02007403832463 0.43967791908035508  32.804509247015901 26.000096153668359 1.1649570188125842  
29.031235161427716 20.020074038324633 0.44056662050405637  32.799903986772485 26.000096153668359 1.1653041660840855  
29.028028804395589 20.020074038324633 0.44093507996919945  32.79801188493829 26.000096153668355 1.165448301630603  
29.018384810958036 20.020074038324633 0.44205862234772425  32.792320921025528 26.000096153668355 1.1658881575499271  
29.008382723461601 20.02007403832463 0.44326198637549058  32.786418943170531 26.000096153668352 1.1663617105351789  
28.999234015126142 20.020074038324633 0.44437719232250061  32.781021225702055 26.000096153668352 1.1668129845004565  
28.994089192503026 20.020074038324633 0.4450075031000803  32.777985862633791 26.000096153668352 1.1670695727779119  
28.988480870663224 20.020074038324633 0.44569889410272978  32.77467712954985 26.000096153668352 1.1673529664417797  
28.976632553291026 20.020074038324633 0.44718173622420881  32.767687095073683 26.000096153668355 1.1679658735341287  
28.967239804972927 20.020074038324633 0.44839494623898696  32.762145789876904 26.000096153668355 1.1684710753273304  
28.959434683023982 20.02007403832463 0.44942806983727734  32.757541217220947 26.000096153668352 1.1689027919375734  
28.956746920410417 20.02007403832463 0.44978552056651111  32.755955599145956 26.000096153668352 1.169052258782814  
28.947865831018888 20.020074038324633 0.45097713017014718  32.750716340550454 26.000096153668352 1.1695510716875011  
28.937087539072635 20.020074038324633 0.45245985695972707  32.744358230504645 26.000096153668359 1.1701755732671844  
28.927452748052943 20.020074038324633 0.45380397616953905  32.738675723768033 26.000096153668359 1.1707545264831403  
28.922051921053388 20.02007403832463 0.45456311335050598  32.735490502363049 26.000096153668355 1.1710830348073009  
28.917216212464613 20.020074038324633 0.4552467906789307  32.732638655967882 26.000096153668352 1.1713798696615938  
28.905357206767565 20.020074038324633 0.45694685270354823  32.725645090497693 26.000096153668352 1.1721204300912738  
28.895480404751105 20.020074038324633 0.45841315394877907  32.719820631462881 26.000096153668355 1.1727595924222953  
28.887674244400849 20.020074038324633 0.45959940630717289  32.715217435291621 26.000096153668355 1.1732790259118784  
28.88550424598213 20.020074038324633 0.45992973108621671  32.713937817910917 26.000096153668355 1.1734237164933132  
28.877358212268863 20.020074038324633 0.46117713513004427  32.709134268735312 26.000096153668355 1.1739707782268705  
28.865834159564535 20.02007403832463 0.46297949257975923  32.702339222672862 26.000096153668352 1.1747669869963233  
28.855716785139506 20.02007403832463 0.46458603788909192  32.696375352599226 26.000096153668352 1.1754924235181468  
28.850089970664641 20.02007403832463 0.46548981408482626  32.693058797913984 26.000096153668352 1.1759019378540736  
28.845995775318023 20.020074038324633 0.4661511683273471  32.690645693653494 26.000096153668352 1.1762020627576046  
28.834297602775042 20.02007403832463 0.4680672798729798  32.683751278028254 26.000096153668359 1.1770723347653036  
28.824139103273399 20.02007403832463 0.46980375002099778  32.677764872194707 26.000096153668359 1.1778575217403608  
28.81596681603601 20.020074038324633 0.47123562044505496  32.672949948237616 26.000096153668359 1.178510184317308  
28.814146654158808 20.020074038324633 0.47155488494944048  32.671877561088934 26.000096153668359 1.178655762397649  
28.806502341630267 20.020074038324633 0.47290237045140426  32.667373953261297 26.000096153668359 1.1792712514239501  
28.794638823347508 20.020074038324633 0.47503633271940576  32.660386215989107 26.000096153668355 1.1802555855592416  
28.78404521365162 20.020074038324633 0.47697624274633693  32.654148370418341 26.000096153668355 1.1811813061218432  
28.778234498469836 20.020074038324633 0.47806264971981516  32.650726674199646 26.000096153668355 1.1817023740933359  
28.774838293687001 20.020074038324633 0.47870168658799461  32.648726751631386 26.000096153668352 1.1820092937479703  
28.763810357863214 20.020074038324633 0.480812156079783  32.642232248772494 26.000096153668355 1.1830243245365613  
28.753161605070737 20.020074038324633 0.48297975006087834  32.635962586741464 26.000096153668352 1.1840592109533112  
28.744345244366954 20.020074038324637 0.48484623962779883  32.630782134591144 26.000096153668355 1.1849566551378918  
28.742375483391811 20.020074038324637 0.48526506270651121  32.62962504280943 26.000096153668355 1.1851582228573403  
28.73539473617004 20.020074038324633 0.48675649703458462  32.625525725589803 26.000096153668355 1.1858767848858278  
28.723550857266435 20.020074038324633 0.48935626331274573  32.618587283727273 26.000096153668355 1.1871386216302739  
28.712485149733013 20.020074038324633 0.49185814277309509  32.612105781942894 26.000096153668355 1.1884642294926355  
28.706572180692184 20.020074038324637 0.49325846296885717  32.608623485527339 26.000096153668352 1.1892312611495495  
28.703787688559672 20.020074038324637 0.49392306663548019  32.606982070714345 26.000096153668352 1.1895972005577693  
28.693332134687257 20.020074038324633 0.49648237499893  32.600798775711354 26.000096153668355 1.1910271203205527  
28.682327524607828 20.02007403832463 0.49948929559803862  32.594250810937012 26.000096153668355 1.1927197100528681  
28.672916655592598 20.02007403832463 0.50252558480009368  32.588922226299907 26.000096153668352 1.194162772309654  
28.670930269336679 20.02007403832463 0.50317861465418945  32.587804997390748 26.000096153668355 1.1944672492176811  
28.664332223304431 20.020074038324633 0.50536378114773839  32.584103954490324 26.000096153668355 1.1954784571715495  
28.652557472896831 20.02007403832463 0.50952744903184144  32.57766827257047 26.000096153668355 1.1972805223767176  
28.642201585131374 20.02007403832463 0.51296415669092033  32.571229216601999 26.000096153668355 1.2000997142964551  
28.636552304717924 20.02007403832463 0.51554737463590883  32.567843662876029 26.000096153668355 1.2020061912470406  
28.633537495239725 20.02007403832463 0.51694714927388663  32.566040843519559 26.000096153668355 1.2030344188473123  
28.621255644497563 20.02007403832463 0.52340576789461279  32.558845351654547 26.000096153668352 1.2075922908336592  
28.605417772356443 20.02007403832463 0.53586229438543886  32.553045715059689 26.000096153668352 1.2135971694138659  
28.605190897813106 20.02007403832463 0.54562889109186608  32.553215830956582 26.000096153668348 1.2178540133774878  
28.605190273079302 20.02007403832463 0.5456615558076342  32.553216451775526 26.000096153668352 1.2178682455811298  
28.605189873657281 20.020074038324633 0.54568655821195888  32.553216957278359 26.000096153668352 1.2178791363862422  

0 4
0.0094187985986435158 1
0.010927159923939113 1
0.011447641272615324 1
0.014127056845544142 1
0.014318580212740876 1
0.018247843268420178 1
0.018761511778204204 1
0.018833995480635066 1
0.021479854339147897 1
0.023540858682621922 1
0.025573783590153044 1
0.026080608511525216 1
0.028248129419371725 1
0.028625295209091378 1
0.032899782599950564 1
0.032956521309560505 1
0.033399815669753113 1
0.035794936636593382 1
0.037666522781397344 1
0.040225734895285796 1
0.040719098578200469 1
0.042378376625890737 1
0.042964583976029098 1
0.04709229997361182 1
0.047551707401635585 1
0.048038390655982428 1
0.050134267461766448 1
0.051808213881211054 1
0.054877684687770378 1
0.055357765685647098 1
0.056526113801663558 1
0.05730384576958103 1
0.061245892721259181 1
0.062203667201386974 1
0.062677225258833694 1
0.064473497047564998 1
0.065967418998909802 1
0.069529715167540085 1
0.069996630963867934 1
0.070690630091039111 1
0.071643231045636135 1
0.075415285813167615 1
0.07685567385193097 1
0.077316052507404309 1
0.078813139672958221 1
0.080141321124955978 1
0.084181710882601193 1
0.084635375339321112 1
0.084868626873739389 1
0.085982850694081459 1
0.089597033957511271 1
0.091507676791023188 1
0.091954769097756711 1
0.093152612562360695 1
0.094326447807013561 1
0.098833663703968733 1
0.099056747364885983 1
0.099274259841919316 1
0.10032224828249185 1
0.10378778832412001 1
0.10615962502170075 1
0.10659377113332706 1
0.1074921556597159 1
0.10851945532337283 1
0.11325160124460676 1
0.11348562142016531 1
0.11391323162814733 1
0.11466204402675867 1
0.11798409726646468 1
0.12081160851959671 1
0.12123255574975121 1
0.12183185715787898 1
0.12271681936319365 1
0.12744958433440584 1
0.12813758665924757 1
0.12855196442049227 1
0.12900162651828981 1
0.13218229070760512 1
0.13546356640889756 1
0.13587141668488217 1
0.13617125339890634 1
0.13691478975261162 1
0.14164693969054679 1
0.14278953106193173 1
0.14319088984478273 1
0.14334084006359774 1
0.14637866139452982 1
0.1501155585259033 1
0.15051030521285927 1
0.15051044469290711 1
0.15110979693432702 1
0.15584025972135415 1
0.15744150755165709 1
0.15768018964064473 1
0.15782972242122961 1
0.16056998715037887 1
0.16476755782702934 1
0.16484997155447742 1
0.16514919301856559 1
0.16529886106464647 1
0.17002684898423148 1
0.17201991582448461 1
0.17209350206845456 1
0.1724686007478079 1
0.17475390384286849 1
0.17918975109031415 1
0.17941952655188989 1
0.17947992896395032 1
0.17978798985036773 1
0.18420494535680748 1
0.18635957307804185 1
0.18674551437402243 1
0.18710740682428126 1
0.18892893086627929 1
0.19352910794157394 1
0.19365182760123176 1
0.19407151313914262 1
0.19442680986143007 1
0.19837367727079153 1
0.20069875781888166 1
0.20139751709301038 1
0.20174628800733865 1
0.20309442445661005 1
0.20781413022940687 1
0.20786845453036687 1
0.20872347316614567 1
0.20906565991620474 1
0.21253281377658365 1
0.21503824146964798 1
0.21604945717287305 1
0.21638512547585548 1
0.21725044417664482 1
0.22196710453926033 1
0.22220802726809316 1
0.22337542750181985 1
0.22370449930029737 1
0.2266828145339998 1
0.22937774380261852 1
0.2307014164049789 1
0.23102394574877166 1
0.23139755807142223 1
0.23611143068012944 1
0.23654758090370059 1
0.23802742324494533 1
0.23834333186677908 1
0.24082446346674441 1
0.24371736226837637 1
0.24535343904185405 1
0.24553667293658329 1
0.24566270961385545 1
0.25024814327804346 1
0.25088709322424174 1
0.25267939332640377 1
0.25298212917095558 1
0.25495888903791286 1
0.2580567982201224 1
0.25966897558223212 1
0.26000535146331133 1
0.26030156133667109 1
0.26437846845347601 1
0.26522644133267786 1
0.26733127187901551 1
0.26762107491408854 1
0.26908739225198314 1
0.27239610527915764 1
0.27379584026038428 1
0.27465722439709944 1
0.27494040399363523 1
0.27850385691313856 1
0.2795656471213166 1
0.28198316682198055 1
0.28225976762322136 1
0.28321147644293904 1
0.28673542773274868 1
0.28791878699569995 1
0.28930913737328073 1
0.28957913306769834 1
0.29262583517714774 1
0.29390518082933709 1
0.29663513121628587 1
0.29689863269757844 1
0.29733267616273079 1
0.30107515592072398 1
0.30203938762874116 1
0.30396109083292272 1
0.30421814358033039 1
0.30674600995221979 1
0.30824479597755478 1
0.31128703601037616 1
0.31145261658000772 1
0.31153761509466293 1
0.3154146194118414 1
0.31615926877692468 1
0.3186129493322743 1
0.31885699937893452 1
0.32086602039982809 1
0.32258426316585603 1
0.3255729436081658 1
0.32593891429729849 1
0.32617640535880338 1
0.32975410024240853 1
0.33028009157856941 1
0.33326486172970854 1
0.33349578142162828 1
0.33498753215340082 1
0.33692385306539074 1
0.33969533038795113 1
0.34059081774719746 1
0.34081524625545101 1
0.34409349002171019 1
0.34440353896765979 1
0.34791671671407509 1
0.34813467872355291 1
0.34911224593201245 1
0.35126322040308977 1
0.35382150443841875 1
0.35524269375655287 1
0.35545412795226206 1
0.35843299034383569 1
0.35853136771464272 1
0.36256867946938592 1
0.36277349059255903 1
0.36324192136114342 1
0.36560282008315231 1
0.36795322422757387 1
0.36989469512009848 1
0.37009291937883609 1
0.37266535841910492 1
0.37277239134071033 1
0.37722063972229353 1
0.37737836263114927 1
0.37741232340856035 1
0.37994211577843207 1
0.38209230787435594 1
0.38454660598138862 1
0.38473177748375315 1
0.38680728871150299 1
0.38711189590992623 1
0.39152333064809686 1
0.39187254616933159 1
0.39205119339376132 1
0.39428180406844349 1
0.39624051160515783 1
0.39919853865782273 1
0.39937064302301134 1
0.40095893250356635 1
0.40145148602525099 1
0.40567861610178296 1
0.40652448359484356 1
0.40669003846754215 1
0.40862117368667167 1
0.41039961785861401 1
0.41385040702810838 1
0.41400946412434786 1
0.41512207182073263 1
0.41579075662667414 1
0.41984599879082291 1
0.42117633387464676 1
0.42132887566820559 1
0.42296047791620162 1
0.42457151944145033 1
0.42850228381992422 1
0.42864827125563698 1
0.42929868844997443 1
0.43013017793736019 1
0.43402759609371006 1
0.43582829649275706 1
0.43596763977538516 1
0.43729999913596723 1
0.43875842045636304 1
0.44315419971882625 1
0.44328702260806979 1
0.44349125986649207 1
0.44446988005474919 1
0.44822626690871298 1
0.45048007843772986 1
0.4506064885074022 1
0.45163955535203554 1
0.45296380571245076 1
0.45770415444817414 1
0.45780585897369747 1
0.4579258909919508 1
0.45880934283161878 1
0.46244770033886917 1
0.46513154422815806 1
0.46524530262807018 1
0.46597881364174254 1
0.46719554996065049 1
0.47194883945061272 1
0.47245701960420833 1
0.47256464669280585 1
0.47314852671353841 1
0.47670910289110474 1
0.47978207447322463 1
0.47988385033135045 1
0.48031776729869824 1
0.48148223945484686 1
0.48627828521657024 1
0.48710509221626069 1
0.4872018835055581 1
0.48748569113485174 1
0.4911163293880757 1
0.49439909506935747 1
0.494462013386683 1
0.49460109078335818 1
0.49624908570500859 1
0.50164623556356946 1
0.50165048445985572 1
0.50166434587376163 4

0.74663060255248248 2
0.999999999999997 2

9 0 0 0 0 3 1 312 2 310 2 28.605189873657281 20.020074038324633 0.54568655821195888  32.553216957278359 26.000096153668352 1.2178791363862422  
28.60518963581637 20.020074038324633 0.5457014462107983  32.553217257525368 26.000096153668352 1.2178856050574853  
28.605189346911228 20.020074038324633 0.54572193651311196  32.553217685470827 26.000096153668352 1.2178945064661821  
28.605076404574703 20.020074038324633 0.55553138372162036  32.553432241296825 26.000096153668352 1.2221550120359641  
28.620608577652831 20.020074038324633 0.56846035463713429  32.559701796881548 26.000096153668359 1.2272021750887394  
28.63273280865684 20.020074038324633 0.57556987697893358  32.567123603487786 26.000096153668359 1.2309903689208459  
28.63564854509054 20.020074038324633 0.57709869203671282  32.568928250230222 26.000096153668359 1.2318438011284534  
28.641299440484588 20.020074038324633 0.58002018443221659  32.572429561291145 26.000096153668359 1.2334839559441471  
28.65145454107962 20.020074038324633 0.58395361649638111  32.578835494984894 26.000096153668355 1.2359857769033362  
28.663179590928891 20.020074038324637 0.58822324483751753  32.585172644977696 26.000096153668355 1.2378278453023217  
28.669648816315345 20.020074038324637 0.59041726117219617  32.5887630038699 26.000096153668359 1.238855240943834  
28.671728785453556 20.020074038324637 0.59111728017817944  32.589920643787245 26.000096153668359 1.239185950862741  
28.681123803020977 20.020074038324633 0.59421860718672803  32.595186702103817 26.000096153668355 1.2406840845072364  
28.692054069478118 20.020074038324633 0.59734007939629585  32.601640838741645 26.000096153668355 1.2424651645661586  
28.702405318462546 20.020074038324633 0.59995307761177963  32.607699382302584 26.000096153668352 1.2440237375573204  
28.705084122259542 20.020074038324633 0.60060930332969165  32.609260989835093 26.000096153668352 1.2444166241690005  
28.711056133587505 20.020074038324633 0.60205812589752539  32.612738148822451 26.000096153668352 1.2452849620268727  
28.722025147466006 20.02007403832463 0.6045673936556456  32.619079835778216 26.000096153668352 1.2467985498601868  
28.733873545701062 20.020074038324633 0.60711504369056069  32.625921426434459 26.000096153668352 1.2483192757502082  
28.740747025640594 20.020074038324637 0.608545966790907  32.629901141903616 26.000096153668352 1.24918212035226  
28.742785314977855 20.020074038324633 0.60896805898567996  32.631081759929323 26.000096153668352 1.2494370138430546  
28.751587389637692 20.020074038324637 0.61078202858257979  32.636181860044353 26.000096153668355 1.2505338736822542  
28.762201723898468 20.020074038324637 0.61288456933522339  32.642346942411415 26.000096153668359 1.2518170908340673  
28.773170428969273 20.020074038324633 0.61487555700634788  32.648717198181714 26.000096153668359 1.2530949392474482  
28.776497125292039 20.020074038324633 0.61546463125337891  32.650648873475696 26.000096153668359 1.2534776805514036  
28.782341200985314 20.020074038324633 0.61648974503218668  32.65404210994555 26.000096153668359 1.2541464950326167  
28.792866892462662 20.020074038324633 0.61827933084865128  32.660152638617632 26.000096153668355 1.2553300453304372  
28.804746059542332 20.020074038324633 0.62024132883625938  32.667051670852246 26.000096153668359 1.2566197555306904  
28.812326185262226 20.020074038324633 0.62146635176630105  32.671456091493212 26.000096153668359 1.2574258827064282  
28.814175170476496 20.020074038324633 0.62176369965214673  32.672530547577551 26.000096153668359 1.2576216224707779  
28.8223077898976 20.020074038324633 0.62307016630923051  32.67725656000038 26.000096153668352 1.2584817192256481  
28.832446169566289 20.020074038324633 0.62465989155176027  32.683150909349294 26.000096153668352 1.2595302978053087  
28.844128603182842 20.020074038324633 0.62636202797978502  32.689942214866825 26.000096153668352 1.2607074010842805  
28.848195564055125 20.02007403832463 0.62694107352822614  32.692306446284512 26.000096153668352 1.2611130845662619  
28.853817141383239 20.020074038324633 0.62773459708271251  32.69557451846692 26.000096153668352 1.2616711520260702  
28.86388082546118 20.020074038324633 0.62913091913573815  32.701425389361113 26.000096153668355 1.2626604139055932  
28.87537832535552 20.02007403832463 0.63070700243179645  32.708113332209969 26.000096153668359 1.2637638941354603  
28.88354121766913 20.020074038324633 0.63180190098123057  32.712863131686099 26.000096153668359 1.2645336132746396  
28.88570431822825 20.020074038324633 0.63209018244855775  32.714121874556348 26.000096153668359 1.2647366740948895  
28.893484613446773 20.020074038324633 0.6331251277240767  32.718649434518937 26.000096153668359 1.2654661266592038  
28.903311020447372 20.020074038324633 0.63439928823774738  32.72436900227715 26.000096153668355 1.2663721128237984  
28.915186549853981 20.020074038324633 0.63585775377417386  32.731281152103989 26.000096153668355 1.2674450319420258  
28.920033828003326 20.020074038324637 0.6364412723962255  32.734102543946157 26.000096153668355 1.2678788134664103  
28.92539168999857 20.020074038324633 0.63708170493163485  32.737221227644788 26.000096153668352 1.2683559454739859  
28.934981129174783 20.02007403832463 0.63821786276238957  32.742803266646789 26.000096153668352 1.2692045017879563  
28.945700984679284 20.02007403832463 0.63947694842548741  32.749045031400172 26.000096153668355 1.2701354376005018  
28.954631717326457 20.02007403832463 0.64049991196998901  32.754245699666477 26.000096153668355 1.2708992945277466  
28.957310266073247 20.02007403832463 0.64080389196995657  32.755805560420193 26.000096153668352 1.2711272928948225  
28.965093294695137 20.020074038324633 0.64168261490918066  32.760338114235694 26.000096153668355 1.2717880523545793  
28.97444361155306 20.02007403832463 0.64271147253032845  32.765783898479164 26.000096153668355 1.2725716921119195  
28.986304550057689 20.020074038324633 0.64396747546562805  32.772692949696776 26.000096153668359 1.2735491482085761  
28.991954980122284 20.020074038324633 0.6445557004292356  32.775984777478143 26.000096153668359 1.274010262684476  
28.997026374724424 20.020074038324633 0.6450805623548016  32.778939504094396 26.000096153668359 1.274421959659424  
29.006136400507454 20.020074038324637 0.64601917228854822  32.78424758165076 26.000096153668359 1.2751584006295675  
29.016055492843627 20.020074038324637 0.6470322694472741  32.790028589676353 26.000096153668359 1.2759476240392722  
29.025772542902541 20.020074038324637 0.64799516614405883  32.795692142853859 26.000096153668359 1.2767102309419835  
29.028966764495983 20.020074038324637 0.64830757969429087  32.797553908486762 26.000096153668359 1.2769596110616308  
29.03675176528894 20.020074038324633 0.64906226170484138  32.802091483241796 26.000096153668359 1.2775651197162725  
29.045621981548511 20.020074038324633 0.6499016180267051  32.807261758781493 26.000096153668352 1.278248017366145  
29.057465362498299 20.020074038324633 0.65099234093083314  32.814165591077241 26.000096153668355 1.2791467701182022  
29.063934176663238 20.020074038324633 0.65157946492942709  32.817936717782558 26.000096153668359 1.2796327013232141  
29.068703463234936 20.020074038324633 0.65201018427843038  32.820717242946422 26.000096153668359 1.279988964531221  
29.077331691206798 20.020074038324633 0.65278773219959096  32.825747701274906 26.000096153668359 1.2806318507950702  
29.086434517901452 20.020074038324633 0.65360118726439698  32.831055795644552 26.000096153668359 1.281300891958868  
29.09695052051152 20.020074038324633 0.65450621660245545  32.837188512704067 26.000096153668359 1.2820641029751736  
29.100660240327564 20.020074038324633 0.65481962269965743  32.839352012115249 26.000096153668359 1.2823318311097571  
29.108446789252799 20.020074038324633 0.6554691453860062  32.843893222712389 26.000096153668359 1.2828910971369298  
29.11683411875417 20.020074038324633 0.65615406009312394  32.848785023369445 26.000096153668359 1.283488633421771  
29.128657494794751 20.020074038324637 0.65710326607339398  32.855681272086741 26.000096153668352 1.2843203371908571  
29.13595573500082 20.020074038324633 0.65768166676156881  32.859938194459694 26.000096153668352 1.2848281979095908  
29.140412381102145 20.020074038324633 0.65803272306598604  32.862537787119365 26.000096153668352 1.2851364246409065  
29.148556928992267 20.02007403832463 0.6586735410946134  32.867288602115856 26.000096153668352 1.2856990460119895  
29.156832363046753 20.020074038324633 0.65931710821307776  32.872116269370828 26.000096153668352 1.2862637290739731  
29.168156447576887 20.020074038324633 0.66016045106657539  32.878723390850439 26.000096153668352 1.2870270048106525  
29.172382155435734 20.02007403832463 0.66046783209991955  32.881189075973218 26.000096153668352 1.2873100514897013  
29.180169913799713 20.020074038324633 0.66102594215583965  32.88573346123362 26.000096153668355 1.2878285783213397  
29.188073106505435 20.020074038324633 0.66158330145961142  32.890345492046542 26.000096153668352 1.2883512837400621  
29.199826101236049 20.020074038324633 0.66240400443491421  32.897204771771953 26.000096153668352 1.2891194845935783  
29.207662997219625 20.020074038324633 0.66294300338793166  32.901778603265299 26.000096153668355 1.2896256066061795  
29.212146497993707 20.020074038324633 0.66324789624036495  32.904395365295244 26.000096153668359 1.2899133059652768  
29.219855746452748 20.020074038324637 0.66377165215260026  32.908894820530314 26.000096153668359 1.2904077317094316  
29.227594628730383 20.020074038324633 0.66428604714561512  32.913411789149549 26.000096153668359 1.2908982076051909  
29.239386183573497 20.020074038324633 0.66504004189459121  32.920294832469281 26.000096153668359 1.2916370844985461  
29.244127298408888 20.020074038324633 0.66533604732116225  32.923062498709093 26.000096153668359 1.2919321476546244  
29.251915960408134 20.020074038324633 0.66581515368665567  32.927609411476595 26.000096153668359 1.2924133663446431  
29.259333652388349 20.020074038324633 0.66626666988124139  32.931939905547118 26.000096153668359 1.2928692011904417  
29.270247871367236 20.020074038324633 0.66692450271046488  32.938312072082134 26.000096153668352 1.2935323954952755  
29.278902347557668 20.020074038324633 0.66743536405732318  32.943364880365728 26.000096153668352 1.2940517028759779  
29.283901698234146 20.020074038324633 0.66772504195586091  32.946283754064808 26.000096153668352 1.294349418287366  
29.291690301425945 20.020074038324633 0.66817414202940772  32.950831169424212 26.000096153668359 1.2948123370547091  
29.29886500717965 20.02007403832463 0.66857600182540688  32.955020363687638 26.000096153668359 1.2952339577133614  
29.310634058267755 20.02007403832463 0.66921319638527288  32.961893066591614 26.000096153668359 1.2959178414781065  
29.316143154837906 20.02007403832463 0.6695038778120953  32.965110526675431 26.000096153668359 1.2962352406054443  
29.323681105291428 20.02007403832463 0.66989600885196599  32.969513204704498 26.000096153668355 1.2966657298858331  
29.330612158136901 20.020074038324633 0.67025415992628856  32.97356155106182 26.000096153668355 1.297059819384748  
29.340681749077582 20.020074038324633 0.67076952909766097  32.979443454880524 26.000096153668352 1.2976259923195492  
29.350158646944088 20.020074038324633 0.67124071546780417  32.984979015793606 26.000096153668352 1.2981517222544998  
29.355674577322858 20.020074038324633 0.67150702945830387  32.988200972863034 26.000096153668352 1.298454944677125  
29.363464216199688 20.020074038324633 0.67187890546413609  32.992751109156792 26.000096153668352 1.2988816058376749  
29.370152418521933 20.020074038324633 0.67218748153061803  32.996658053327678 26.000096153668352 1.2992439475324247  
29.381898212527936 20.020074038324633 0.67271320042435434  33.003520408829004 26.000096153668352 1.299872922141033  
29.388257615355514 20.020074038324633 0.672989906986037  33.007236368551673 26.000096153668359 1.3002096829993186  
29.395462154788945 20.020074038324633 0.673298458416836  33.011446467195313 26.000096153668359 1.3005870894625  
29.401906505052359 20.020074038324633 0.67357315200471579  33.015212415157144 26.000096153668359 1.3009235313275365  
29.411127433918118 20.020074038324633 0.67396122175613127  33.020601219103426 26.000096153668355 1.3013994002167242  
29.421430609383805 20.020074038324633 0.67437723828431406  33.026622181273275 26.000096153668355 1.3019232056659824  
29.427462599675525 20.020074038324633 0.67461031036933172  33.030147108133818 26.000096153668352 1.302226504272586  
29.435253226349413 20.020074038324633 0.67490550327520205  33.034699791013281 26.000096153668352 1.3026160127715687  
29.441454383567624 20.020074038324633 0.67513223365540331  33.038323723607505 26.000096153668355 1.3029228309834251  
29.453176498680314 20.020074038324637 0.67555009380684983  33.04517480936353 26.000096153668359 1.3034961130956662  
29.460389691930608 20.020074038324633 0.67579947270203222  33.049391198643001 26.000096153668359 1.3038440538351201  
29.467257494283658 20.020074038324633 0.67603001720664491  33.053406104035247 26.000096153668352 1.304170915150243  
29.473214939307496 20.020074038324633 0.67622908021476891  33.056888870066317 26.000096153668352 1.3044538575510776  
29.481583777611615 20.020074038324633 0.676501268938145  33.061781779382152 26.000096153668352 1.3048465294907388  
29.492716185202575 20.020074038324633 0.67684378956688129  33.06829100111765 26.000096153668352 1.3053596277396231  
29.499264126563112 20.020074038324633 0.67703470862358128  33.072119839216604 26.000096153668352 1.3056571542260909  
29.507055646078491 20.020074038324633 0.67725556978999757  33.076675959556638 26.000096153668355 1.3060081034309299  
29.512769722098206 20.020074038324637 0.67741217917288254  33.080017382691281 26.000096153668352 1.3062627944903509  
29.524467802689433 20.020074038324637 0.67772313171804954  33.086858234242293 26.000096153668352 1.3067776888065061  
29.532259590040788 20.020074038324637 0.67792030108459134  33.091414858836615 26.000096153668352 1.307114399601073  
29.539065192027429 20.020074038324637 0.67808257115201198  33.095394952580421 26.000096153668359 1.3074037975599069  
29.544535419518063 20.020074038324637 0.67821248748659602  33.098594094264357 26.000096153668359 1.3076361694761707  
29.552327448603243 20.020074038324633 0.67838822229786411  33.103151274687797 26.000096153668355 1.307962777449946  
29.564013715249956 20.020074038324633 0.67863300476177302  33.109986617765792 26.000096153668352 1.3084432670970088  
29.571077070236591 20.020074038324633 0.67877117887065708  33.11411832670705 26.000096153668352 1.3087286428011575  
29.578869464902084 20.02007403832463 0.67891721021367246  33.11867673783977 26.000096153668352 1.3090395483375474  
29.584095767928837 20.02007403832463 0.6790118314748701  33.121734163663007 26.000096153668352 1.3092459954873561  
29.59507887969265 20.02007403832463 0.67920264556345911  33.128159735258883 26.000096153668352 1.3096739932948229  
29.603562288837871 20.02007403832463 0.67933805652835344  33.133123324157971 26.000096153668352 1.3099971869791576  
29.610883642523177 20.02007403832463 0.67944023936612852  33.137407253614974 26.000096153668352 1.3102704193010641  
29.616556666358338 20.020074038324633 0.67951762026001283  33.140726731143836 26.000096153668352 1.310481408350715  
29.62365885246669 20.020074038324637 0.67960489310884853  33.144882636123306 26.000096153668352 1.3107415451406883  
29.635320550708844 20.020074038324637 0.67973338031331032  33.151706961070374 26.000096153668355 1.3111598370699293  
29.642899774588763 20.020074038324637 0.6798086210386326  33.156142522004004 26.000096153668359 1.3114255333125082  
29.65069304844172 20.020074038324637 0.67987871713333858  33.160703520038666 26.000096153668355 1.3116938556423519  
29.655431050108646 20.020074038324637 0.67991905240161921  33.163476477638319 26.000096153668355 1.3118554686873709  
29.665558421022837 20.020074038324633 0.67999743067582419  33.169403761915675 26.000096153668355 1.3121959300088646  
29.674873534571681 20.020074038324633 0.68005427737001356  33.174855875385532 26.000096153668352 1.3125007279931142  
29.682710850620808 20.020074038324633 0.68008491053765407  33.179443313812612 26.000096153668352 1.3127503872901412  
29.688725957424669 20.020074038324633 0.68010526944667049  33.182964219129474 26.000096153668352 1.3129405853408604  
29.69499822378247 20.020074038324633 0.6801193832439606  33.186635812176547 26.000096153668352 1.3131355813284236  
29.706634615773027 20.02007403832463 0.68013470388977137  33.193447912683453 26.000096153668355 1.3134892466216312  
29.714729978078285 20.020074038324633 0.68013794198297284  33.198187538278177 26.000096153668352 1.3137279050376671  
29.722524142306426 20.020074038324633 0.68013050038886691  33.202751225243972 26.000096153668352 1.3139517892623036  
29.726773425563508 20.020074038324633 0.68012459190994046  33.205239360414488 26.000096153668352 1.3140728509408941  
29.736045303260667 20.020074038324633 0.68010310622889802  33.2106687274457 26.000096153668352 1.3143328259125413  
29.746191549152208 20.02007403832463 0.68006068757651084  33.216610783853241 26.000096153668355 1.314607855408144  
29.75454470907848 20.020074038324633 0.68001117934733357  33.221503023681706 26.000096153668355 1.3148264145376944  
29.760901446545539 20.02007403832463 0.67996996750809791  33.225226054171799 26.000096153668352 1.3149905665369666  
29.766344358181051 20.02007403832463 0.67993054536903463  33.22841391980478 26.000096153668355 1.3151285057044613  
29.777955231776925 20.020074038324633 0.67983785813471831  33.235214272860709 26.000096153668352 1.315415861088199  
29.786565884111809 20.020074038324637 0.6797598331680712  33.24025748377472 26.000096153668355 1.3156205452371366  
29.794360907886798 20.020074038324633 0.67967468314684787  33.244823361305556 26.000096153668355 1.3157989371799634  
29.798121754851536 20.020074038324633 0.67963245542520623  33.247026280128964 26.000096153668355 1.3158844793078441  
29.806539365135713 20.02007403832463 0.67953024583820465  33.251957113101255 26.000096153668355 1.3160725485246951  
29.817515014807885 20.02007403832463 0.67937643649289703  33.258387256431753 26.000096153668355 1.3163070713330605  
29.826383054179615 20.02007403832463 0.67924036037787405  33.263583158450231 26.000096153668352 1.3164875270583862  
29.833079919949736 20.02007403832463 0.67913380310142701  33.267507060177429 26.000096153668352 1.3166208214162376  
29.837695132640697 20.02007403832463 0.67905789966900798  33.270211328998528 26.000096153668352 1.3167107367976238  
29.84927976097692 20.020074038324633 0.67886044532811374  33.276999420240593 26.000096153668355 1.3169308305555922  
29.85817432443941 20.020074038324633 0.67869784328273575  33.282211421845396 26.000096153668355 1.3170907814012809  
29.86620106287576 20.020074038324633 0.67853230536586773  33.286914981016366 26.000096153668359 1.3172276856698018  
29.869473293247125 20.020074038324633 0.67846428370965073  33.288832465589948 26.000096153668359 1.3172832885881089  
29.877269411145608 20.020074038324633 0.67829527315249272  33.293400918047737 26.000096153668359 1.3174130107434499  
29.888840803071876 20.02007403832463 0.67802487918639653  33.300181704119709 26.000096153668352 1.3175951161557602  
29.898223637557933 20.02007403832463 0.67779839778694262  33.305680369101744 26.000096153668355 1.3177330112177044  
29.905257595279529 20.02007403832463 0.67762428392854968  33.309802758186095 26.000096153668352 1.317832647273292  
29.909047768716775 20.02007403832463 0.67752883845017753  33.31202415745814 26.000096153668352 1.3178849976661891  
29.920086285412122 20.020074038324637 0.67724473048397316  33.318494135398346 26.000096153668352 1.3180333178105652  
29.929165050276893 20.020074038324637 0.67699703741661577  33.323816183011495 26.000096153668352 1.3181463328696499  
29.938042584594818 20.020074038324633 0.67673470368906152  33.329020410871458 26.000096153668352 1.318248600406194  
29.94134535606441 20.020074038324633 0.67663618406795678  33.330956581150367 26.000096153668352 1.3182862500122177  
29.948622560175561 20.020074038324633 0.6764141977530933  33.335222681340177 26.000096153668352 1.3183669551950223  
29.960167463724513 20.020074038324633 0.67604802986777368  33.341990485663914 26.000096153668355 1.3184864578393114  
29.970064817927387 20.020074038324633 0.67572902683426372  33.347792472850465 26.000096153668352 1.3185788777651073  
29.977432389618304 20.020074038324633 0.67548503246787928  33.35211158043726 26.000096153668355 1.318643407088528  
29.980400521916287 20.020074038324633 0.67538540248514511  33.353851620345168 26.000096153668355 1.3186685971634127  
29.990591889632377 20.020074038324633 0.67503791585197892  33.35982632599373 26.000096153668355 1.3187524929835464  
30.000159017858643 20.020074038324633 0.67469353744803895  33.365435436134845 26.000096153668359 1.3188229050302496  
30.009883845493675 20.020074038324633 0.67432590800284875  33.371137490629962 26.000096153668363 1.3188857256184179  
30.013518097425685 20.020074038324633 0.67418730877160882  33.373268435813344 26.000096153668359 1.3189085212773082  
30.019975528621213 20.020074038324633 0.67393863715893509  33.377054834161072 26.000096153668359 1.3189475936277897  
30.031493417753325 20.020074038324633 0.67348623552793896  33.383808864746463 26.000096153668355 1.3190108633078705  
30.041905182342383 20.02007403832463 0.6730717205083121  33.389914469413178 26.000096153668355 1.3190584404976051  
30.049602526273645 20.020074038324633 0.67275536032137162  33.394428247778933 26.000096153668352 1.3190891426004963  
30.051752533653715 20.020074038324633 0.67266601597188136  33.395689021530103 26.000096153668352 1.3190973091303042  
30.061100185766964 20.020074038324633 0.67227378859923992  33.401170494082429 26.000096153668352 1.3191314745884131  
30.071155411227927 20.020074038324637 0.67183091607504297  33.407066723501416 26.000096153668352 1.3191608829776826  
30.08172354486981 20.020074038324633 0.67134988076245183  33.413264155131174 26.000096153668352 1.3191828138065018  
30.085685333647191 20.020074038324633 0.67116822296346323  33.415587516640791 26.000096153668352 1.3191901202550615  
30.09132694560617 20.020074038324633 0.6709083884096122  33.418896062474992 26.000096153668352 1.3191996813706559  
30.102817526877821 20.020074038324633 0.67037349515362954  33.425635179183068 26.000096153668355 1.3192144335914973  
30.113743304352905 20.020074038324633 0.6698592720197144  33.43204344890777 26.000096153668355 1.3192194547488056  
30.121541774167973 20.020074038324633 0.66947728676902785  33.436617472769996 26.000096153668355 1.3192187710729872  
30.123102420102171 20.020074038324633 0.66940023463959064  33.437532835433288 26.000096153668355 1.3192184738605734  
30.131610653922085 20.020074038324633 0.66897765572237822  33.442523148658594 26.000096153668352 1.3192162448169986  
30.142377848593533 20.020074038324633 0.66841689179153629  33.448838333149787 26.000096153668352 1.3192069988779449  
30.153560174727271 20.020074038324633 0.66782393790286287  33.45539721440732 26.000096153668355 1.319189067763914  
30.157845098483641 20.020074038324633 0.66759538954998177  33.457910547443845 26.000096153668355 1.3191811400139248  
30.162675571166957 20.020074038324637 0.66733719779733069  33.460743898106678 26.000096153668352 1.3191717714445845  
30.174138588051044 20.020074038324633 0.66672041066623877  33.467467821740669 26.000096153668355 1.3191463049173207  
30.185451993053526 20.020074038324633 0.66610177354295452  33.474104331716951 26.000096153668355 1.3191130787170873  
30.193376986355538 20.020074038324633 0.66564881643226059  33.478753348962968 26.000096153668352 1.3190858344999854  
30.194449045629241 20.020074038324633 0.66558730828823187  33.479382250092051 26.000096153668352 1.3190821041629368  
30.202248639101747 20.020074038324633 0.66513841416694652  33.483957729542865 26.000096153668352 1.319054692499628  
30.213697383566007 20.020074038324633 0.66445186738132855  33.490674116375594 26.000096153668352 1.31900884046609  
30.225392824448523 20.020074038324633 0.66374398497575193  33.497535106821651 26.000096153668352 1.3189542148015789  
30.229995631277994 20.020074038324633 0.66346325280998308  33.500235276384728 26.000096153668352 1.318931520415892  
30.234020019422822 20.020074038324633 0.66321741876554419  33.50259612330543 26.000096153668352 1.3189114841807492  
30.245178861466201 20.020074038324633 0.66253139985670861  33.509142271432793 26.000096153668352 1.3188537497420265  
30.256452272140763 20.020074038324633 0.66181821185982503  33.515755839027136 26.000096153668352 1.3187884056779529  
30.265111478348459 20.02007403832463 0.6612506796826163  33.52083630845749 26.000096153668352 1.3187345138323583  
30.26606676383069 20.02007403832463 0.66118784451984702  33.521396793187769 26.000096153668355 1.3187285251305874  
30.273590498378734 20.020074038324633 0.66069165053936707  33.525811155178694 26.000096153668355 1.318681090577122  
30.285107073694103 20.020074038324633 0.65991184087913624  33.532568822772284 26.000096153668355 1.3186042850128472  
30.296866296648041 20.02007403832463 0.65910876908246996  33.539468771111444 26.000096153668359 1.3185187645539327  
30.302134059961112 20.020074038324633 0.65874486321628523  33.542559652563838 26.000096153668359 1.3184790793840606  
30.305358599251349 20.020074038324633 0.65852173054788388  33.544451656846384 26.000096153668359 1.318454668526102  
30.316045700775113 20.020074038324637 0.65777673978471607  33.550722248466286 26.000096153668359 1.318372128749862  
30.327452187294739 20.020074038324637 0.65695357514108577  33.5574150217453 26.000096153668359 1.3182778843949958  
30.336420211454936 20.020074038324637 0.65628900946389335  33.562677728981129 26.000096153668359 1.3181998455377499  
30.338198289718669 20.020074038324637 0.65615684126214169  33.563721178970006 26.000096153668359 1.31818427078422  
30.344926093382284 20.020074038324633 0.65565583292016161  33.567669378887658 26.000096153668352 1.3181251067798687  
30.3567789806599 20.020074038324637 0.65475899443747509  33.574625914445605 26.000096153668352 1.3180170160481639  
30.368171137242385 20.020074038324637 0.65389045810418867  33.581311985302122 26.000096153668352 1.3179069498147331  
30.374258532785937 20.020074038324637 0.65341923126143775  33.58488455365945 26.000096153668352 1.3178465806170392  
30.376840180173946 20.020074038324637 0.65321888617716717  33.586399661409068 26.000096153668352 1.317820871681322  
30.387073891880231 20.020074038324633 0.65241859816462133  33.59240551956352 26.000096153668355 1.3177177820590591  
30.398057660560788 20.020074038324633 0.65152824552501487  33.598851582574376 26.000096153668355 1.3176022316730736  
30.40772106722001 20.020074038324637 0.65073334805396343  33.604523321145933 26.000096153668355 1.3174965568260393  
30.410314447594594 20.020074038324633 0.65051944352630486  33.606045489751438 26.000096153668355 1.3174679821540214  
30.416647380556377 20.02007403832463 0.64999626503719876  33.609762618223584 26.000096153668352 1.3173978875892538  
30.428104268430886 20.020074038324633 0.64904216573158002  33.616487726287595 26.000096153668352 1.3172680586168157  
30.439467663613787 20.020074038324633 0.64808642871399613  33.623158289851368 26.000096153668352 1.3171338947415705  
30.446366707514301 20.020074038324633 0.64749657061764954  33.627208261141853 26.000096153668355 1.3170505638686154  
30.448651207945634 20.020074038324633 0.64730048105487648  33.628549346335475 26.000096153668359 1.3170228320066861  
30.458100450135053 20.020074038324633 0.64648530827327011  33.634096431107736 26.000096153668359 1.3169074516005699  
30.468567287978228 20.020074038324633 0.64555612468794987  33.640241106510281 26.000096153668359 1.3167757434339376  
30.479012906031123 20.02007403832463 0.64462318741841429  33.646372944137767 26.000096153668359 1.3166405045750817  
30.482413918622186 20.02007403832463 0.64431878508627061  33.64836938717535 26.000096153668359 1.316596139567904  
30.488454075755175 20.020074038324633 0.64377738417397701  33.651915018162583 26.000096153668359 1.3165169863526447  
30.49942040921481 20.020074038324633 0.64278956773021212  33.658352263124392 26.000096153668355 1.3163712330590713  
30.51075488576566 20.02007403832463 0.64175421107856889  33.665006101246661 26.000096153668355 1.3162166530488157  
30.518458207735179 20.02007403832463 0.64104225190429132  33.669528929783283 26.000096153668355 1.3161099314098754  
30.520453048326772 20.02007403832463 0.64085727402262149  33.670700193570745 26.000096153668355 1.3160821804959968  
30.529125095042303 20.020074038324633 0.64005188425830828  33.675792025076433 26.000096153668355 1.3159613171440876  
30.53907541989323 20.020074038324633 0.63911473036609878  33.681635112977922 26.000096153668355 1.3158203128162191  
30.55029658299123 20.020074038324633 0.63805393441467728  33.688223813837823 26.000096153668352 1.3156587196521961  
30.554498477452086 20.020074038324637 0.63765593201065507  33.690690902494858 26.000096153668352 1.3155978971056281  
30.560252493628543 20.020074038324637 0.63711009366766058  33.694069219189615 26.000096153668352 1.3155143568416028  
30.570728713107265 20.020074038324637 0.63611293953587233  33.700219814312078 26.000096153668352 1.3153613664623134  
30.582035334609195 20.020074038324637 0.63502522405170714  33.706858044402168 26.000096153668352 1.3151945539591994  
30.589838053354654 20.020074038324637 0.63427053815368373  33.711439667252158 26.000096153668352 1.3150789075810505  
30.592247864136084 20.020074038324637 0.63403722251988603  33.712854697473517 26.000096153668352 1.3150431622156167  
30.600147878810663 20.020074038324633 0.63327199337911133  33.71749359699988 26.000096153668355 1.3149259358611534  
30.610281945251632 20.020074038324633 0.63228620129597535  33.723444841830556 26.000096153668355 1.314775075578541  
30.621575231442197 20.020074038324633 0.63118651815735927  33.730076564376176 26.000096153668352 1.3146071497938601  
30.626573499448753 20.020074038324633 0.6306994221242872  33.733011575840287 26.000096153668352 1.3145329195902287  
30.632045342398598 20.020074038324633 0.63016580952679502  33.736224619818628 26.000096153668352 1.3144517527769271  
30.642032210123769 20.020074038324633 0.62919088901557418  33.742088758383744 26.000096153668352 1.3143038860388914  
30.652639876362151 20.020074038324633 0.62815171605494202  33.748317334163858 26.000096153668352 1.3141478953938992  
30.661115125602425 20.020074038324633 0.62732201270353838  33.753293974238353 26.000096153668352 1.3140244981498634  
30.664039205831397 20.020074038324633 0.62703586979995463  33.755010998986052 26.000096153668355 1.3139820498211048  
30.671842191526004 20.020074038324633 0.62627250914830657  33.759592950989166 26.000096153668359 1.3138690227810066  
30.681585080745201 20.020074038324633 0.62532066418099075  33.765314174781558 26.000096153668355 1.3137294394245573  
30.692852116416368 20.02007403832463 0.62422166209996321  33.771930587857284 26.000096153668352 1.3135710188946221  
30.698645511539507 20.020074038324633 0.62365714776980108  33.775332724781535 26.000096153668352 1.3134905083623349  
30.703836347655514 20.020074038324633 0.62315172407069586  33.778381013653139 26.000096153668352 1.3134189416246789  
30.713335246997708 20.020074038324637 0.62222747199989192  33.783959175665856 26.000096153668352 1.3132889265935821  
30.723147816721987 20.020074038324633 0.62127490369798843  33.789721391364829 26.000096153668352 1.3131577107083761  
30.732392271747702 20.020074038324633 0.62037956053266186  33.795149572583526 26.000096153668352 1.3130370285391944  
30.735830640204853 20.020074038324633 0.62004680846246274  33.797168480797325 26.000096153668352 1.3129925090027068  
30.743633528511992 20.020074038324633 0.61929225029787016  33.801750049732696 26.000096153668352 1.3128922247254096  
30.75288883958823 20.020074038324637 0.61839923772205818  33.807184294055844 26.000096153668352 1.3127757542990945  
30.764130244077801 20.020074038324637 0.61731886942718273  33.813784991373453 26.000096153668355 1.3126384879639836  
30.770719636230041 20.02007403832463 0.61668613080875267  33.817654401545326 26.000096153668355 1.3125597472554826  
30.775628745396794 20.02007403832463 0.61621445183732726  33.820537202336695 26.000096153668355 1.3125019056173004  
30.784639920128303 20.02007403832463 0.6153481684649893  33.82582895094437 26.000096153668355 1.312396574679368  
30.793656384129378 20.02007403832463 0.61447858578165071  33.831124005944794 26.000096153668355 1.3122944845278703  
30.803670980438696 20.02007403832463 0.61351240019098474  33.837004784779857 26.000096153668355 1.3121845365762672  
30.807623731278007 20.02007403832463 0.61313104606889235  33.839325859955913 26.000096153668355 1.3121416697613948  
30.815426774942782 20.020074038324633 0.61237800610626536  33.843907768371714 26.000096153668359 1.3120580610790837  
30.824193795269686 20.020074038324633 0.6115313238889788  33.849055596327801 26.000096153668359 1.3119661598110146  
30.835408801598767 20.020074038324633 0.61044544597068062  33.855640965943586 26.000096153668359 1.3118520070018493  
30.842794150507679 20.020074038324637 0.60972426239388755  33.859977875468218 26.000096153668359 1.3117785842724472  
30.847421643881077 20.020074038324633 0.60926795198363559  33.862695436229501 26.000096153668359 1.3117332409342088  
30.855943948527813 20.020074038324633 0.60842475012279951  33.867700371283632 26.000096153668359 1.3116501040577708  
30.864164872769173 20.020074038324633 0.60759460766642326  33.872528843101641 26.000096153668359 1.3115719780202157  
30.874947013536328 20.020074038324633 0.60650087748488535  33.878861887954805 26.000096153668355 1.3114718448501053  
30.879413197421599 20.020074038324633 0.6060471629101355  33.881485205181185 26.000096153668352 1.3114307848377447  
30.887217293777255 20.020074038324633 0.60524902593205265  33.886069238308721 26.000096153668355 1.3113595928168273  
30.895494264187953 20.020074038324633 0.60439388240697278  33.890931199482466 26.000096153668352 1.3112847245886741  
30.906679017575765 20.020074038324633 0.60320589156026017  33.897501702229931 26.000096153668355 1.3111840173176124  
30.914482911810769 20.020074038324637 0.60234998261876993  33.902086482610947 26.000096153668352 1.3111135537161689  
30.919204140002481 20.020074038324637 0.60182047236614689  33.904860457425812 26.000096153668352 1.3110711663980243  
30.927234363972889 20.020074038324637 0.60091556815283365  33.909578743089718 26.000096153668352 1.3109991732061663  
30.935038499792029 20.020074038324637 0.60000345106769704  33.914164954393378 26.000096153668352 1.3109301100045885  
30.946204665833978 20.020074038324633 0.59868913521352651  33.920727557154812 26.000096153668355 1.3108349687430367  
30.951181386065315 20.020074038324633 0.59810150683387775  33.923652625766053 26.000096153668359 1.3107932801188875  
30.958988539464958 20.020074038324633 0.59715561960843622  33.928241966811044 26.000096153668359 1.3107254348708082  
30.966770637297298 20.020074038324637 0.59618728150882927  33.932817270372198 26.000096153668359 1.3106548619719449  
30.977728165145535 20.020074038324633 0.59472720668383239  33.939261886739246 26.000096153668355 1.3105419837898911  
30.985720254870799 20.020074038324633 0.59358592446630443  33.943964335667715 26.000096153668359 1.3104420424082761  
30.990946133193514 20.020074038324633 0.59281380187778077  33.94704003136458 26.000096153668359 1.3103723983002658  
30.998661893242073 20.020074038324633 0.59166406454188747  33.951581468804392 26.000096153668355 1.3102679441436109  
31.006280985106518 20.020074038324633 0.59047388038427706  33.956067763081684 26.000096153668352 1.3101552407664545  
31.017398547888163 20.020074038324633 0.58875273274710127  33.962613058807861 26.000096153668352 1.3099893778241087  
31.02287937986268 20.020074038324633 0.5879098262834711  33.96583947082145 26.000096153668352 1.3099071454879474  
31.030696992764501 20.020074038324633 0.58660247650445507  33.970445996448767 26.000096153668352 1.3097894525645923  
31.049764606082849 20.020074038324633 0.58321444270428868  33.981690207059209 26.000096153668355 1.3095019045152545  
31.067771086234771 20.020074038324633 0.57850717742860802  33.992374527963548 26.000096153668352 1.3092295334203912  
31.083369224655055 20.020074038324633 0.57475349653887053  34.00162315727836 26.000096153668355 1.3090051305073656  

0.50166434587376163 4
0.50167255192680926 1
0.50167563950773675 1
0.50707080535134863 1
0.50866953008644389 1
0.50883369854911686 1
0.50887547618272866 1
0.51218554491661905 1
0.5157326152044438 1
0.51605083893958703 1
0.51611652486986348 1
0.51699615247064967 1
0.52175556871066142 1
0.5228535560941534 1
0.52331611358801544 1
0.52338800196649815 1
0.52649078113382586 1
0.5299749704400003 1
0.5305838358556183 1
0.53066278607417028 1
0.53121200128245527 1
0.53592516874550855 1
0.53709651595479513 1
0.53785197903198323 1
0.53793830958691802 1
0.5406325820460709 1
0.54421806048915278 1
0.54512019230631947 1
0.54521410274590132 1
0.54533554203577972 1
0.55003528466108298 1
0.55133961645999174 1
0.55238848863034873 1
0.55249003420239806 1
0.55473242200286199 1
0.55846124781245177 1
0.55942730325748768 1
0.55965673768529889 1
0.55976607832058756 1
0.56412047426429679 1
0.56558285964160249 1
0.5669250540488564 1
0.56704215665595015 1
0.56881213313972312 1
0.57270441229588664 1
0.57350242588339995 1
0.57419331329425649 1
0.57431826569523758 1
0.5781916284236579 1
0.57982589268851592 1
0.58146168143624699 1
0.58159436040775681 1
0.58287982860679222 1
0.58694750270453222 1
0.58756710702450077 1
0.58873003298516791 1
0.5888704789618564 1
0.59225361274283561 1
0.59406922569486464 1
0.59599845782579797 1
0.59614665021241153 1
0.59693939943676178 1
0.60119090920738461 1
0.6016245197727742 1
0.60326676806067703 1
0.60342285411257934 1
0.60630906380938765 1
0.60831237090063583 1
0.61053509810503104 1
0.61069906793207551 1
0.61099305816616523 1
0.61543405167652032 1
0.61567655770840368 1
0.61780337104576477 1
0.6179752245537421 1
0.62035961317081045 1
0.62255563361576383 1
0.62504223465925823 1
0.62507171457175825 1
0.62525135740796844 1
0.6296774418312856 1
0.62972448821047555 1
0.632340066972499 1
0.63252750261802115 1
0.63440639756447226 1
0.63679888265058837 1
0.63908797352088176 1
0.63960834172404646 1
0.63980373596312423 1
0.64376926125803413 1
0.64392042359306179 1
0.6468766771530543 1
0.64707997075247736 1
0.64845027965891022 1
0.65104178131414858 1
0.65313104193619509 1
0.65414495163572783 1
0.65435617246021893 1
0.65781158033459719 1
0.65816349549752173 1
0.66141327239142944 1
0.66163230976015153 1
0.6624919068576437 1
0.66528495000625898 1
0.66717204101043437 1
0.66868157260699423 1
0.66890853727233068 1
0.67185200879699269 1
0.67240660226319282 1
0.67594986139662383 1
0.67618478038705254 1
0.67653181769865667 1
0.67952824951972257 1
0.68121149545831317 1
0.68321822515430808 1
0.68346098526705157 1
0.68589105941200057 1
0.68665002096273142 1
0.69048658688081943 1
0.6905705228371356 1
0.69073711497818613 1
0.69377171846891261 1
0.69524991099741784 1
0.69775495049064817 1
0.69801331366643471 1
0.69992924213610064 1
0.7008933144269659 1
0.70460853677389867 1
0.7050233240919902 1
0.70528949732439583 1
0.70801494917350616 1
0.70928781546402164 1
0.71229163347485502 1
0.71256575535374633 1
0.71396709748934706 1
0.71513643693672113 1
0.71864640839963112 1
0.71955996708661218 1
0.71984193810577768 1
0.72225784491842893 1
0.72332576563426976 1
0.72682824863933826 1
0.72711814518991302 1
0.72800519320626556 1
0.72937940863757011 1
0.7326847099835867 1
0.73409664076657488 1
0.73439431583417825 1
0.7365010358508518 1
0.73736433342607721 1
0.74136497254938893 1
0.74167047357778204 1
0.74204408964927171 1
0.7436228024252145 1
0.74672399016994229 1
0.74863331111522124 1
0.74894672411052643 1
0.75074444993948253 1
0.75140405206774252 1
0.75590155221403466 1
0.75608430079781874 1
0.75622293178905775 1
0.75786604764860266 1
0.76076473903735364 1
0.76316990725058353 1
0.76349912506478723 1
0.76498765624187504 1
0.76544538552934505 1
0.77012625289774284 1
0.7704382550904868 1
0.7707752492131702 1
0.77210916307839972 1
0.77480734476138702 1
0.77770663641667825 1
0.77805140970143061 1
0.77923077324497925 1
0.77948868466520194 1
0.78417026984239324 1
0.78497493016506548 1
0.78532763167236819 1
0.78635234202800741 1
0.78885210604640077 1
0.79224326525795097 1
0.79260386381302028 1
0.79347388002694053 1
0.79353421707626848 1
0.79821660031895869 1
0.79951161975329232 1
0.79988006415349366 1
0.80059554632199947 1
0.80289926301044201 1
0.80677990870264882 1
0.80715627983584237 1
0.80758223772265425 1
0.80771708074776438 1
0.81226551946436909 1
0.81404822889935535 1
0.81443248064786999 1
0.81483878795905074 1
0.81694912685331755 1
0.82131653525889892 1
0.82163308680374969 1
0.82170872081272373 1
0.82196039540076404 1
0.82631740237421136 1
0.82858496567293372 1
0.82898489257555674 1
0.82908195882709046 1
0.83100211453984052 1
0.83568722670223516 1
0.83585334520069909 1
0.83620353697833572 1
0.83626105171371889 1
0.84037275193145333 1
0.8431216584053528 1
0.84332503012776294 1
0.84353725183822814 1
0.84505873906179674 1
0.84974518068970317 1
0.85038996287321134 1
0.8504467570134352 1
0.85081346216055997 1
0.85443208713250574 1
0.85756829689207403 1
0.85765828306425007 1
0.85808973213537332 1
0.85911950208220855 1
0.86380739797544093 1
0.86469005105331886 1
0.86492660148241507 1
0.86536586667283022 1
0.86849578515158155 1
0.87181167737096421 1
0.87219492033616386 1
0.8726420772555924 1
0.8731846653262576 1
0.87787400415930716 1
0.87893323336552565 1
0.87946317927292739 1
0.87991825254395328 1
0.88256380916150312 1
0.88605484237540277 1
0.88673147925932816 1
0.88719449239902282 1
0.88725400943155208 1
0.8919445690894674 1
0.89317626761901581 1
0.89399984863869708 1
0.8944706428302851 1
0.89663545514423182 1
0.90029799054433324 1
0.9012682500734327 1
0.9013265813056659 1
0.90174681449430183 1
0.90601789636322072 1
0.90741947292425063 1
0.90853668629569562 1
0.90902301751478587 1
0.91070933054974013 1
0.91454115152568305 1
0.91540080757233422 1
0.91580500658419917 1
0.91629922894891636 1
0.92009227912428015 1
0.92166279901883219 1
0.92307335826725456 1
0.9235754550675801 1
0.92478368901035524 1
0.92878437440161887 1
0.92947501197304261 1
0.93034163733421682 1
0.93085158365851062 1
0.93416623724018244 1
0.93590604081908824 1
0.9376099601738539 1
0.938127794223376 1
0.93885741402659384 1
0.94302751904811377 1
0.94354859167539362 1
0.94487830738114509 1
0.94540395959532741 1
0.94823987832122403 1
0.95014916136094119 1
0.95214663257264309 1
0.95268022084393456 1
0.95293147654792498 1
0.9572707940154388 1
0.95762353842383863 1
0.95941498906728662 1
0.95995641324622827 1
0.96231644244710024 1
0.96439244697600346 1
0.96668323847094451 1
0.96701057927264811 1
0.96723262051459968 1
0.97151413092700523 1
0.97170629552937304 1
0.97395148439960033 1
0.97450874939367882 1
0.97640472601826522 1
0.97863554725241397 1
0.9811068229710822 1
0.98121961528572943 1
0.98178487479804633 1
0.98575701499244817 1
0.98581351559269403 1
0.98848696378873691 1
0.98906065002066301 1
0.99053021838637656 1
1 4

0.74663060255248248 2
0.999999999999997 2

1 34.00162315727836 26.000096153668355 1.3090051305073656 4.1400408996224204e-15 -1 -2.6817235323852827e-14 -0.99802672842827156 -2.4480033362848285e-15 -0.062790519529313374 0.062790519529313374 2.7024272954715814e-14 -0.99802672842827156 
Triangulations 0

TShapes 50
Ve
8.2648e-07
25.284 0 -1.58000188903458
0 0

0101101
*
Ve
1e-07
25.284 2.471 -1.58000188903458
0 0

0101101
*
Ed
 1e-07 1 1 0
1  1 0 0 0.151177993486273
2  1 1 0 0 0.151177993486273
2  2 2 0 0 0.151177993486273
4 C0 1 0 2 0
0

0101000
+50 0 -49 0 *
Ve
8.2648e-07
17.0192 0 -1.00207077368386
0 0

0101101
*
Ed
 1e-07 1 1 0
1  2 0 0 0.501664345873762
2  3 1 0 0 0.501664345873762
2  4 3 0 0 0.501664345873762
4 C0 1 0 3 0
0

0101000
+50 0 -47 0 *
Ve
1e-07
17.0192 2.471 -1.00207077368386
0 0

0101101
*
Ed
 1e-07 1 1 0
1  3 0 0 0.151177993486273
2  5 1 0 0 0.151177993486273
2  6 2 0 0 0.151177993486273
4 C1 1 0 2 0
0

0101000
+47 0 -45 0 *
Ed
 1e-07 1 1 0
1  4 0 0 0.501664345873762
2  7 1 0 0 0.501664345873762
2  8 4 0 0 0.501664345873762
4 C0 1 0 4 0
0

0101000
+49 0 -45 0 *
Wi

0101100
-48 0 +46 0 +44 0 -43 0 *
Fa
1  1e-07 1 0

0101000
+42 0 *
Ed
 1e-07 1 1 0
1  5 0 0.501664345873762 1
2  9 2 0 0.501664345873762 1
2  10 3 0 0.501664345873762 1
4 C0 2 0 3 0
0

0101000
+47 0 -50 0 *
Ed
 1e-07 1 1 0
1  6 0 0.501664345873762 1
2  11 2 0 0.501664345873762 1
2  12 5 0 0.501664345873762 1
4 C0 2 0 5 0
0

0101000
+45 0 -49 0 *
Wi

0101100
-44 0 +40 0 +48 0 -39 0 *
Fa
1  1e-07 2 0

0101000
+38 0 *
Ve
1e-07
25.284 8.13619327414325 -0.884403654099375
0 0

0101101
*
Ed
 1e-07 1 1 0
1  7 0 0.151177993486273 0.389418806796838
2  13 4 0 0.151177993486273 0.389418806796838
2  14 5 0 0.151177993486273 0.389418806796838
4 C0 4 0 5 0
0

0101000
+49 0 -36 0 *
Ve
1e-07
20.7593898658763 8.13619327414325 -0.813325398262384
0 0

0101101
*
Ed
 1e-07 1 1 0
1  8 0 0.151177993486273 0.389418806796838
2  15 4 0 0.151177993486273 0.389418806796838
2  16 5 0 0.151177993486273 0.389418806796838
4 C0 4 0 5 0
0

0101000
+45 0 -34 0 *
Ed
 1e-07 1 1 0
1  9 0 0 0.501664345873762
2  17 4 0 0 0.501664345873762
2  18 6 0 0 0.501664345873762
4 C0 4 0 6 0
0

0101000
+36 0 -34 0 *
Wi

0101100
-35 0 +43 0 +33 0 -32 0 *
Fa
1  1e-07 4 0

0101000
+31 0 *
Ed
 1e-07 1 1 0
1  10 0 0.501664345873762 1
2  19 5 0 0.501664345873762 1
2  20 7 0 0.501664345873762 1
4 C0 5 0 7 0
0

0101000
+34 0 -36 0 *
Wi

0101100
-33 0 +39 0 +35 0 -29 0 *
Fa
1  1e-07 5 0

0101000
+28 0 *
Ve
1e-07
31.0833692246551 20.0200740383246 0.574753496538871
0 0

0101101
*
Ed
 1e-07 1 1 0
1  11 0 0.389418806796838 0.746630602552482
2  21 6 0 0.389418806796838 0.746630602552482
2  22 7 0 0.389418806796838 0.746630602552482
4 C0 6 0 7 0
0

0101000
+36 0 -26 0 *
Ve
1e-07
28.6051898736573 20.0200740383246 0.545686558211959
0 0

0101101
*
Ed
 1e-07 1 1 0
1  12 0 0.389418806796838 0.746630602552482
2  23 6 0 0.389418806796838 0.746630602552482
2  24 7 0 0.389418806796838 0.746630602552482
4 C0 6 0 7 0
0

0101000
+34 0 -24 0 *
Ed
 1e-07 1 1 0
1  13 0 0 0.501664345873762
2  25 6 0 0 0.501664345873762
2  26 8 0 0 0.501664345873762
4 C0 6 0 8 0
0

0101000
+26 0 -24 0 *
Wi

0101100
-25 0 +32 0 +23 0 -22 0 *
Fa
1  1e-07 6 0

0101000
+21 0 *
Ed
 1e-07 1 1 0
1  14 0 0.501664345873762 1
2  27 7 0 0.501664345873762 1
2  28 9 0 0.501664345873762 1
4 C0 7 0 9 0
0

0101000
+24 0 -26 0 *
Wi

0101100
-23 0 +29 0 +25 0 -19 0 *
Fa
1  1e-07 7 0

0101000
+18 0 *
Ve
1.56753917748918e-07
34.0016231572784 26.0000961536684 1.30900513050737
0 0

0101101
*
Ed
 1e-07 1 1 0
1  15 0 0.746630602552482 0.999999999999997
2  29 8 0 0.746630602552482 0.999999999999997
2  30 9 0 0.746630602552482 0.999999999999997
4 C0 8 0 9 0
0

0101000
+26 0 -16 0 *
Ve
1.56753917748918e-07
32.5532169572784 26.0000961536684 1.21787913638624
0 0

0101101
*
Ed
 1e-07 1 1 0
1  16 0 0.746630602552482 0.999999999999997
2  31 8 0 0.746630602552482 0.999999999999997
2  32 9 0 0.746630602552482 0.999999999999997
4 C0 8 0 9 0
0

0101000
+24 0 -14 0 *
Ed
 1e-07 1 1 0
1  17 0 0 0.501664345873762
2  33 8 0 0 0.501664345873762
2  34 10 0 0 0.501664345873762
4 C0 8 0 10 0
0

0101000
+16 0 -14 0 *
Wi

0101100
-15 0 +22 0 +13 0 -12 0 *
Fa
1  1e-07 8 0

0101000
+11 0 *
Ed
 1e-07 1 1 0
1  18 0 0.500842152885935 1
2  35 10 0 0.500842152885935 1
2  36 9 0 0.500842152885935 1
4 C0 9 0 10 0
0

0101000
+14 0 -16 0 *
Wi

0101100
-13 0 +19 0 +15 0 -9 0 *
Fa
1  1e-07 9 0

0101000
+8 0 *
Wi

0101100
+46 0 +40 0 *
Fa
0  1e-07 3 0

0101000
-6 0 *
Wi

0101100
+12 0 +9 0 *
Fa
0  1e-07 10 0

0101000
-4 0 *
Sh

0101100
+41 0 +37 0 +30 0 +27 0 +20 0 +17 0 +10 0 +7 0 +5 0 -3 0 
*
So

0100000
+2 0 *

+1 0 