DBRep_DrawableShape

CASCADE Topology V3, (c) Open Cascade
Locations 2
1
              1               0               0            -100 
              0               1               0               0 
              0               0               1               0 
2  1 -1 0
Curve2ds 640
1 0 0 0 -1 
1 0 0 0 -1 
1 0 0 1 0 
1 1 0 0 -1 
1 0 0 0 -1 
1 62.470277313120008 0 0 -1 
1 62.470277313120008 0 0 1 
1 0 0 1 0 
1 0 -100 1 0 
1 1 0 0 -1 
1 0 0 0 -1 
1 0 0 0 -1 
1 0 1 1 0 
1 0 0 1 0 
1 0 0 1 0 
1 0 -100 1 0 
1 0 0 0 1 
1 0 0 1 0 
1 0 -100 1 0 
1 1 0 0 -1 
1 0 0 0 -1 
1 62.470277313120008 0 0 -1 
1 62.470277313120008 0 0 1 
1 0 0 1 0 
1 0 -100 1 0 
1 1 0 0 -1 
1 0 0 0 -1 
1 0 0 0 -1 
1 0 1 1 0 
1 0 0 1 0 
1 0 0 1 0 
1 0 -100 1 0 
1 0 0 0 1 
1 0 0 1 0 
1 0 -100 1 0 
1 1 0 0 -1 
1 0 0 0 -1 
1 62.470277313120008 0 0 -1 
1 62.470277313120008 0 0 1 
1 0 0 1 0 
1 0 -100 1 0 
1 1 0 0 -1 
1 0 0 0 -1 
1 0 0 0 -1 
1 0 1 1 0 
1 0 0 1 0 
1 0 0 1 0 
1 0 -100 1 0 
1 0 0 0 1 
1 0 0 1 0 
1 0 -100 1 0 
1 1 0 0 -1 
1 0 0 0 -1 
1 62.470277313120008 0 0 -1 
1 62.470277313120008 0 0 1 
1 0 0 1 0 
1 0 -100 1 0 
1 1 0 0 -1 
1 0 0 0 -1 
1 0 0 0 -1 
1 0 1 1 0 
1 0 0 1 0 
1 0 0 1 0 
1 0 -100 1 0 
1 0 0 0 1 
1 0 0 1 0 
1 0 -100 1 0 
1 1 0 0 -1 
1 0 0 0 -1 
1 62.470277313120008 0 0 -1 
1 62.470277313120008 0 0 1 
1 0 0 1 0 
1 0 -100 1 0 
1 1 0 0 -1 
1 0 0 0 -1 
1 0 0 0 -1 
1 0 1 1 0 
1 0 0 1 0 
1 0 0 1 0 
1 0 -100 1 0 
1 0 0 0 1 
1 0 0 1 0 
1 0 -100 1 0 
1 1 0 0 -1 
1 0 0 0 -1 
1 62.470277313120008 0 0 -1 
1 62.470277313120008 0 0 1 
1 0 0 1 0 
1 0 -100 1 0 
1 1 0 0 -1 
1 0 0 0 -1 
1 0 0 0 -1 
1 0 1 1 0 
1 0 0 1 0 
1 0 0 1 0 
1 0 -100 1 0 
1 0 0 0 1 
1 0 0 1 0 
1 0 -100 1 0 
1 1 0 0 -1 
1 0 0 0 -1 
1 62.470277313120008 0 0 -1 
1 62.470277313120008 0 0 1 
1 0 0 1 0 
1 0 -100 1 0 
1 1 0 0 -1 
1 0 0 0 -1 
1 0 0 0 -1 
1 0 1 1 0 
1 0 0 1 0 
1 0 0 1 0 
1 0 -100 1 0 
1 0 0 0 1 
1 0 0 1 0 
1 0 -100 1 0 
1 1 0 0 -1 
1 0 0 0 -1 
1 62.470277313120008 0 0 -1 
1 62.470277313120008 0 0 1 
1 0 0 1 0 
1 0 -100 1 0 
1 1 0 0 -1 
1 0 0 0 -1 
1 0 0 0 -1 
1 0 1 1 0 
1 0 0 1 0 
1 0 0 1 0 
1 0 -100 1 0 
1 0 0 0 1 
1 0 0 1 0 
1 0 -100 1 0 
1 1 0 0 -1 
1 0 0 0 -1 
1 62.470277313120008 0 0 -1 
1 62.470277313120008 0 0 1 
1 0 0 1 0 
1 0 -100 1 0 
1 1 0 0 -1 
1 0 0 0 -1 
1 0 0 0 -1 
1 0 1 1 0 
1 0 0 1 0 
1 0 0 1 0 
1 0 -100 1 0 
1 0 0 0 1 
1 0 0 1 0 
1 0 -100 1 0 
1 1 0 0 -1 
1 0 0 0 -1 
1 62.470277313120008 0 0 -1 
1 62.470277313120008 0 0 1 
1 0 0 1 0 
1 0 -100 1 0 
1 1 0 0 -1 
1 0 0 0 -1 
1 0 0 0 -1 
1 0 1 1 0 
1 0 0 1 0 
1 0 0 1 0 
1 0 -100 1 0 
1 0 0 0 1 
1 0 0 1 0 
1 0 -100 1 0 
1 1 0 0 -1 
1 0 0 0 -1 
1 62.470277313120008 0 0 -1 
1 62.470277313120008 0 0 1 
1 0 0 1 0 
1 0 -100 1 0 
1 1 0 0 -1 
1 0 0 0 -1 
1 0 0 0 -1 
1 0 1 1 0 
1 0 0 1 0 
1 0 0 1 0 
1 0 -100 1 0 
1 0 0 0 1 
1 0 0 1 0 
1 0 -100 1 0 
1 1 0 0 -1 
1 0 0 0 -1 
1 62.470277313120008 0 0 -1 
1 62.470277313120008 0 0 1 
1 0 0 1 0 
1 0 -100 1 0 
1 1 0 0 -1 
1 0 0 0 -1 
1 0 0 0 -1 
1 0 1 1 0 
1 0 0 1 0 
1 0 0 1 0 
1 0 -100 1 0 
1 0 0 0 1 
1 0 0 1 0 
1 0 -100 1 0 
1 1 0 0 -1 
1 0 0 0 -1 
1 62.470277313120008 0 0 -1 
1 62.470277313120008 0 0 1 
1 0 0 1 0 
1 0 -100 1 0 
1 1 0 0 -1 
1 0 0 0 -1 
1 0 0 0 -1 
1 0 1 1 0 
1 0 0 1 0 
1 0 0 1 0 
1 0 -100 1 0 
1 0 0 0 1 
1 0 0 1 0 
1 0 -100 1 0 
1 1 0 0 -1 
1 0 0 0 -1 
1 62.470277313120008 0 0 -1 
1 62.470277313120008 0 0 1 
1 0 0 1 0 
1 0 -100 1 0 
1 1 0 0 -1 
1 0 0 0 -1 
1 0 0 0 -1 
1 0 1 1 0 
1 0 0 1 0 
1 0 0 1 0 
1 0 -100 1 0 
1 0 0 0 1 
1 0 0 1 0 
1 0 -100 1 0 
1 1 0 0 -1 
1 0 0 0 -1 
1 62.470277313120008 0 0 -1 
1 62.470277313120008 0 0 1 
1 0 0 1 0 
1 0 -100 1 0 
1 1 0 0 -1 
1 0 0 0 -1 
1 0 0 0 -1 
1 0 1 1 0 
1 0 0 1 0 
1 0 0 1 0 
1 0 -100 1 0 
1 0 0 0 1 
1 0 0 1 0 
1 0 -100 1 0 
1 1 0 0 -1 
1 0 0 0 -1 
1 62.470277313120008 0 0 -1 
1 62.470277313120008 0 0 1 
1 0 0 1 0 
1 0 -100 1 0 
1 1 0 0 -1 
1 0 0 0 -1 
1 0 0 0 -1 
1 0 1 1 0 
1 0 0 1 0 
1 0 0 1 0 
1 0 -100 1 0 
1 0 0 0 1 
1 0 0 1 0 
1 0 -100 1 0 
1 1 0 0 -1 
1 0 0 0 -1 
1 62.470277313120008 0 0 -1 
1 62.470277313120008 0 0 1 
1 0 0 1 0 
1 0 -100 1 0 
1 1 0 0 -1 
1 0 0 0 -1 
1 0 0 0 -1 
1 0 1 1 0 
1 0 0 1 0 
1 0 0 1 0 
1 0 -100 1 0 
1 0 0 0 1 
1 0 0 1 0 
1 0 -100 1 0 
1 1 0 0 -1 
1 0 0 0 -1 
1 62.470277313120008 0 0 -1 
1 62.470277313120008 0 0 1 
1 0 0 1 0 
1 0 -100 1 0 
1 1 0 0 -1 
1 0 0 0 -1 
1 0 0 0 -1 
1 0 1 1 0 
1 0 0 1 0 
1 0 0 1 0 
1 0 -100 1 0 
1 0 0 0 1 
1 0 0 1 0 
1 0 -100 1 0 
1 1 0 0 -1 
1 0 0 0 -1 
1 62.470277313120008 0 0 -1 
1 62.470277313120008 0 0 1 
1 0 0 1 0 
1 0 -100 1 0 
1 1 0 0 -1 
1 0 0 0 -1 
1 0 0 0 -1 
1 0 1 1 0 
1 0 0 1 0 
1 0 0 1 0 
1 0 -100 1 0 
1 0 0 0 1 
1 0 0 1 0 
1 0 -100 1 0 
1 1 0 0 -1 
1 0 0 0 -1 
1 62.470277313120008 0 0 -1 
1 62.470277313120008 0 0 1 
1 0 0 1 0 
1 0 -100 1 0 
1 1 0 0 -1 
1 0 0 0 -1 
1 0 0 0 -1 
1 0 1 1 0 
1 0 0 1 0 
1 0 0 1 0 
1 0 -100 1 0 
1 0 0 0 1 
1 0 0 1 0 
1 0 -100 1 0 
1 1 0 0 -1 
1 0 0 0 -1 
1 62.470277313120008 0 0 -1 
1 62.470277313120008 0 0 1 
1 0 0 1 0 
1 0 -100 1 0 
1 1 0 0 -1 
1 0 0 0 -1 
1 0 0 0 -1 
1 0 1 1 0 
1 0 0 1 0 
1 0 0 1 0 
1 0 -100 1 0 
1 0 0 0 1 
1 0 0 1 0 
1 0 -100 1 0 
1 1 0 0 -1 
1 0 0 0 -1 
1 62.470277313120008 0 0 -1 
1 62.470277313120008 0 0 1 
1 0 0 1 0 
1 0 -100 1 0 
1 1 0 0 -1 
1 0 0 0 -1 
1 0 0 0 -1 
1 0 1 1 0 
1 0 0 1 0 
1 0 0 1 0 
1 0 -100 1 0 
1 0 0 0 1 
1 0 0 1 0 
1 0 -100 1 0 
1 1 0 0 -1 
1 0 0 0 -1 
1 62.470277313120008 0 0 -1 
1 62.470277313120008 0 0 1 
1 0 0 1 0 
1 0 -100 1 0 
1 1 0 0 -1 
1 0 0 0 -1 
1 0 0 0 -1 
1 0 1 1 0 
1 0 0 1 0 
1 0 0 1 0 
1 0 -100 1 0 
1 0 0 0 1 
1 0 0 1 0 
1 0 -100 1 0 
1 1 0 0 -1 
1 0 0 0 -1 
1 62.470277313120008 0 0 -1 
1 62.470277313120008 0 0 1 
1 0 0 1 0 
1 0 -100 1 0 
1 1 0 0 -1 
1 0 0 0 -1 
1 0 0 0 -1 
1 0 1 1 0 
1 0 0 1 0 
1 0 0 1 0 
1 0 -100 1 0 
1 0 0 0 1 
1 0 0 1 0 
1 0 -100 1 0 
1 1 0 0 -1 
1 0 0 0 -1 
1 62.470277313120008 0 0 -1 
1 62.470277313120008 0 0 1 
1 0 0 1 0 
1 0 -100 1 0 
1 1 0 0 -1 
1 0 0 0 -1 
1 0 0 0 -1 
1 0 1 1 0 
1 0 0 1 0 
1 0 0 1 0 
1 0 -100 1 0 
1 0 0 0 1 
1 0 0 1 0 
1 0 -100 1 0 
1 1 0 0 -1 
1 0 0 0 -1 
1 62.470277313120008 0 0 -1 
1 62.470277313120008 0 0 1 
1 0 0 1 0 
1 0 -100 1 0 
1 1 0 0 -1 
1 0 0 0 -1 
1 0 0 0 -1 
1 0 1 1 0 
1 0 0 1 0 
1 0 0 1 0 
1 0 -100 1 0 
1 0 0 0 1 
1 0 0 1 0 
1 0 -100 1 0 
1 1 0 0 -1 
1 0 0 0 -1 
1 62.470277313120008 0 0 -1 
1 62.470277313120008 0 0 1 
1 0 0 1 0 
1 0 -100 1 0 
1 1 0 0 -1 
1 0 0 0 -1 
1 0 0 0 -1 
1 0 1 1 0 
1 0 0 1 0 
1 0 0 1 0 
1 0 -100 1 0 
1 0 0 0 1 
1 0 0 1 0 
1 0 -100 1 0 
1 1 0 0 -1 
1 0 0 0 -1 
1 62.470277313120008 0 0 -1 
1 62.470277313120008 0 0 1 
1 0 0 1 0 
1 0 -100 1 0 
1 1 0 0 -1 
1 0 0 0 -1 
1 0 0 0 -1 
1 0 1 1 0 
1 0 0 1 0 
1 0 0 1 0 
1 0 -100 1 0 
1 0 0 0 1 
1 0 0 1 0 
1 0 -100 1 0 
1 1 0 0 -1 
1 0 0 0 -1 
1 62.470277313120008 0 0 -1 
1 62.470277313120008 0 0 1 
1 0 0 1 0 
1 0 -100 1 0 
1 1 0 0 -1 
1 0 0 0 -1 
1 0 0 0 -1 
1 0 1 1 0 
1 0 0 1 0 
1 0 0 1 0 
1 0 -100 1 0 
1 0 0 0 1 
1 0 0 1 0 
1 0 -100 1 0 
1 1 0 0 -1 
1 0 0 0 -1 
1 62.470277313120008 0 0 -1 
1 62.470277313120008 0 0 1 
1 0 0 1 0 
1 0 -100 1 0 
1 1 0 0 -1 
1 0 0 0 -1 
1 0 0 0 -1 
1 0 1 1 0 
1 0 0 1 0 
1 0 0 1 0 
1 0 -100 1 0 
1 0 0 0 1 
1 0 0 1 0 
1 0 -100 1 0 
1 1 0 0 -1 
1 0 0 0 -1 
1 62.470277313120008 0 0 -1 
1 62.470277313120008 0 0 1 
1 0 0 1 0 
1 0 -100 1 0 
1 1 0 0 -1 
1 0 0 0 -1 
1 0 0 0 -1 
1 0 1 1 0 
1 0 0 1 0 
1 0 0 1 0 
1 0 -100 1 0 
1 0 0 0 1 
1 0 0 1 0 
1 0 -100 1 0 
1 1 0 0 -1 
1 0 0 0 -1 
1 62.470277313120008 0 0 -1 
1 62.470277313120008 0 0 1 
1 0 0 1 0 
1 0 -100 1 0 
1 1 0 0 -1 
1 0 0 0 -1 
1 0 0 0 -1 
1 0 1 1 0 
1 0 0 1 0 
1 0 0 1 0 
1 0 -100 1 0 
1 0 0 0 1 
1 0 0 1 0 
1 0 -100 1 0 
1 1 0 0 -1 
1 0 0 0 -1 
1 62.470277313120008 0 0 -1 
1 62.470277313120008 0 0 1 
1 0 0 1 0 
1 0 -100 1 0 
1 1 0 0 -1 
1 0 0 0 -1 
1 0 0 0 -1 
1 0 1 1 0 
1 0 0 1 0 
1 0 0 1 0 
1 0 -100 1 0 
1 0 0 0 1 
1 0 0 1 0 
1 0 -100 1 0 
1 1 0 0 -1 
1 0 0 0 -1 
1 62.470277313120008 0 0 -1 
1 62.470277313120008 0 0 1 
1 0 0 1 0 
1 0 -100 1 0 
1 1 0 0 -1 
1 0 0 0 -1 
1 0 0 0 -1 
1 0 1 1 0 
1 0 0 1 0 
1 0 0 1 0 
1 0 -100 1 0 
1 0 0 0 1 
1 0 0 1 0 
1 0 -100 1 0 
1 1 0 0 -1 
1 0 0 0 -1 
1 62.470277313120008 0 0 -1 
1 62.470277313120008 0 0 1 
1 0 0 1 0 
1 0 -100 1 0 
1 1 0 0 -1 
1 0 0 0 -1 
1 0 0 0 -1 
1 0 1 1 0 
1 0 0 1 0 
1 0 0 1 0 
1 0 -100 1 0 
1 0 0 0 1 
1 0 0 1 0 
1 0 -100 1 0 
1 1 0 0 -1 
1 0 0 0 -1 
1 62.470277313120008 0 0 -1 
1 62.470277313120008 0 0 1 
1 0 0 1 0 
1 0 -100 1 0 
1 1 0 0 -1 
1 0 0 0 -1 
1 0 0 0 -1 
1 0 1 1 0 
1 0 0 1 0 
1 0 0 1 0 
1 0 -100 1 0 
1 0 0 0 1 
1 0 0 1 0 
1 0 -100 1 0 
1 1 0 0 -1 
1 0 0 0 -1 
1 62.47027731312 0 0 -1 
1 62.470277313120008 0 0 1 
1 0 0 1 0 
1 0 -100 1 0 
1 1 0 0 -1 
1 0 0 0 -1 
1 0 0 0 -1 
1 0 1 1 0 
1 0 0 1 0 
1 0 0 1 0 
1 0 -100 1 0 
1 0 0 0 1 
1 0 0 1 0 
1 0 -100 1 0 
1 1 0 0 -1 
1 0 0 0 -1 
1 62.470277313120008 0 0 -1 
1 62.470277313120008 0 0 1 
1 0 0 1 0 
1 0 -100 1 0 
1 1 0 0 -1 
1 0 0 0 -1 
1 0 0 0 -1 
1 0 1 1 0 
1 0 0 1 0 
1 0 0 1 0 
1 0 -100 1 0 
1 0 0 0 1 
1 0 0 1 0 
1 0 -100 1 0 
1 1 0 0 -1 
1 0 0 0 -1 
1 62.47027731312 0 0 -1 
1 62.470277313120008 0 0 1 
1 0 0 1 0 
1 0 -100 1 0 
1 1 0 0 -1 
1 0 0 0 -1 
1 0 0 0 -1 
1 0 1 1 0 
1 0 0 1 0 
1 0 0 1 0 
1 0 -100 1 0 
1 0 0 0 1 
1 0 0 1 0 
1 0 -100 1 0 
1 1 0 0 -1 
1 62.470277313120008 0 0 -1 
1 62.470277313120008 0 0 1 
1 0 0 1 0 
1 0 -100 1 0 
1 1 0 0 -1 
1 0 0 0 -1 
1 0 1 1 0 
1 0 0 1 0 
1 0 -100 1 0 
1 0 0 0 1 
1 0 0 1 0 
1 0 -100 1 0 
Curves 203
1 17.789562007999997 -0.92376433317190887 30.179198923614305 -1 0 0 
1 17.789562008000011 -0.92376433317190887 -32.291078389505707 -1 0 0 
1 17.789562007999997 -0.92376433317190887 30.179198923614305 2.6302589761357463e-16 0 -1 
1 17.901797991999999 0.92376433317190887 -32.29892669405217 -1 0 0 
7 0 0  1 2 2  17.789562008000011 -0.92376433317190887 -32.291078389505707  17.901797991999999 0.92376433317190887 -32.29892669405217 
 0 2 1 2
1 17.901797991999999 0.92376433317190887 30.171350619067841 -1 0 0 
1 17.901797991999999 0.92376433317190887 30.171350619067841 0 0 -1 
7 0 0  1 2 2  17.789562007999997 -0.92376433317190887 30.179198923614305  17.901797991999999 0.92376433317190887 30.171350619067841 
 0 2 1 2
1 17.957833336 1.8475257503658218 -32.302845067014246 -1 0 0 
7 0 0  1 2 2  17.901797991999999 0.92376433317190887 -32.29892669405217  17.957833336 1.8475257503658218 -32.302845067014246 
 0 2 1 2
1 17.957833336 1.8475257503658218 30.167432246105765 -1 0 0 
1 17.957833336 1.8475257503658218 30.167432246105765 0 0 -1 
7 0 0  1 2 2  17.901797991999999 0.92376433317190887 30.171350619067841  17.957833336 1.8475257503658218 30.167432246105765 
 0 2 1 2
1 18.014651467278952 2.7553753494038551 -32.282983855974045 -1 0 0 
7 0 0  1 2 2  17.957833336 1.8475257503658218 -32.302845067014246  18.014651467278952 2.7553753494038551 -32.282983855974045 
 0 2 1 2
1 18.014651467278952 2.7553753494038551 30.187293457145962 -1 0 0 
1 18.014651467278952 2.7553753494038551 30.187293457145962 0 0 -1 
7 0 0  1 2 2  17.957833336 1.8475257503658218 30.167432246105765  18.014651467278952 2.7553753494038551 30.187293457145962 
 0 2 1 2
1 18.468926148853409 3.4620161290758675 -32.255330259473936 -1 0 0 
7 0 0  1 2 2  18.014651467278952 2.7553753494038551 -32.282983855974045  18.468926148853409 3.4620161290758675 -32.255330259473936 
 0 2 1 2
1 18.468926148853409 3.4620161290758675 30.214947053646075 -1 0 0 
1 18.468926148853409 3.4620161290758675 30.214947053646075 0 0 -1 
7 0 0  1 2 2  18.014651467278952 2.7553753494038551 30.187293457145962  18.468926148853409 3.4620161290758675 30.214947053646075 
 0 2 1 2
1 18.923198377174927 4.16865690874788 -32.227356505956507 -1 0 0 
7 0 0  1 2 2  18.468926148853409 3.4620161290758675 -32.255330259473936  18.923198377174927 4.16865690874788 -32.227356505956507 
 0 2 1 2
1 18.923198377174927 4.16865690874788 30.242920807163504 -1 0 0 
1 18.923198377174927 4.16865690874788 30.242920807163504 0 0 -1 
7 0 0  1 2 2  18.468926148853409 3.4620161290758675 30.214947053646075  18.923198377174927 4.16865690874788 30.242920807163504 
 0 2 1 2
1 19.377577243706845 4.8752976884198933 -32.199001488406935 -1 0 0 
7 0 0  1 2 2  18.923198377174927 4.16865690874788 -32.227356505956507  19.377577243706845 4.8752976884198933 -32.199001488406935 
 0 2 1 2
1 19.377577243706845 4.8752976884198933 30.271275824713072 -1 0 0 
1 19.377577243706845 4.8752976884198933 30.271275824713072 0 0 -1 
7 0 0  1 2 2  18.923198377174927 4.16865690874788 30.242920807163504  19.377577243706845 4.8752976884198933 30.271275824713072 
 0 2 1 2
1 19.831972693715844 5.5819384680919057 -32.170171691703388 -1 0 0 
7 0 0  1 2 2  19.377577243706845 4.8752976884198933 -32.199001488406935  19.831972693715844 5.5819384680919057 -32.170171691703388 
 0 2 1 2
1 19.831972693715844 5.5819384680919057 30.30010562141662 -1 0 0 
1 19.831972693715844 5.5819384680919057 30.30010562141662 0 0 -1 
7 0 0  1 2 2  19.377577243706845 4.8752976884198933 30.271275824713072  19.831972693715844 5.5819384680919057 30.30010562141662 
 0 2 1 2
1 20.286416864744773 6.2885792477639182 -32.140752214356731 -1 0 0 
7 0 0  1 2 2  19.831972693715844 5.5819384680919057 -32.170171691703388  20.286416864744773 6.2885792477639182 -32.140752214356731 
 0 2 1 2
1 20.286416864744773 6.2885792477639182 30.329525098763277 -1 0 0 
1 20.286416864744773 6.2885792477639182 30.329525098763277 0 0 -1 
7 0 0  1 2 2  19.831972693715844 5.5819384680919057 30.30010562141662  20.286416864744773 6.2885792477639182 30.329525098763277 
 0 2 1 2
1 20.740899232548944 6.9952172659985514 -32.110584767328533 -1 0 0 
7 0 0  1 2 2  20.286416864744773 6.2885792477639182 -32.140752214356731  20.740899232548944 6.9952172659985514 -32.110584767328533 
 0 2 1 2
1 20.740899232548944 6.9952172659985514 30.359692545791479 -1 0 0 
1 20.740899232548944 6.9952172659985514 30.359692545791479 0 0 -1 
7 0 0  1 2 2  20.286416864744773 6.2885792477639182 30.329525098763277  20.740899232548944 6.9952172659985514 30.359692545791479 
 0 2 1 2
1 21.195450191544086 7.701858045670563 -32.079450540434436 -1 0 0 
7 0 0  1 2 2  20.740899232548944 6.9952172659985514 -32.110584767328533  21.195450191544086 7.701858045670563 -32.079450540434436 
 0 2 1 2
1 21.195450191544086 7.701858045670563 30.390826772685575 -1 0 0 
1 21.195450191544086 7.701858045670563 30.390826772685575 0 0 -1 
7 0 0  1 2 2  20.740899232548944 6.9952172659985514 30.359692545791479  21.195450191544086 7.701858045670563 30.390826772685575 
 0 2 1 2
1 21.635514345318995 8.3842561157642042 -32.031061112879769 -1 0 0 
7 0 0  1 2 2  21.195450191544086 7.701858045670563 -32.079450540434436  21.635514345318995 8.3842561157642042 -32.031061112879769 
 0 2 1 2
1 21.635514345318995 8.3842561157642042 30.439216200240239 -1 0 0 
1 21.635514345318995 8.3842561157642042 30.439216200240239 0 0 -1 
7 0 0  1 2 2  21.195450191544086 7.701858045670563 30.390826772685575  21.635514345318995 8.3842561157642042 30.439216200240239 
 0 2 1 2
1 21.849938547679116 8.7156754625255477 -31.992787064288613 -1 0 0 
7 0 0  1 2 2  21.635514345318995 8.3842561157642042 -32.031061112879769  21.849938547679116 8.7156754625255477 -31.992787064288613 
 0 2 1 2
1 21.849938547679116 8.7156754625255477 30.477490248831394 -1 0 0 
1 21.849938547679116 8.7156754625255477 30.477490248831394 0 0 -1 
7 0 0  1 2 2  21.635514345318995 8.3842561157642042 30.439216200240239  21.849938547679116 8.7156754625255477 30.477490248831394 
 0 2 1 2
1 22.047930003785208 9.0220646565666911 -31.957396457468619 -1 0 0 
7 0 0  1 2 2  21.849938547679116 8.7156754625255477 -31.992787064288613  22.047930003785208 9.0220646565666911 -31.957396457468619 
 0 2 1 2
1 22.047930003785208 9.0220646565666911 30.512880855651389 -1 0 0 
1 22.047930003785208 9.0220646565666911 30.512880855651389 0 0 -1 
7 0 0  1 2 2  21.849938547679116 8.7156754625255477 30.477490248831394  22.047930003785208 9.0220646565666911 30.512880855651389 
 0 2 1 2
1 22.466820181058416 9.6702072543917517 -31.882519459773921 -1 0 0 
7 0 0  1 2 2  22.047930003785208 9.0220646565666911 -31.957396457468619  22.466820181058416 9.6702072543917517 -31.882519459773921 
 0 2 1 2
1 22.466820181058416 9.6702072543917517 30.587757853346087 -1 0 0 
1 22.466820181058416 9.6702072543917517 30.587757853346087 0 0 -1 
7 0 0  1 2 2  22.047930003785208 9.0220646565666911 30.512880855651389  22.466820181058416 9.6702072543917517 30.587757853346087 
 0 2 1 2
1 22.885699550993291 10.31835236781005 -31.807625026810019 -1 0 0 
7 0 0  1 2 2  22.466820181058416 9.6702072543917517 -31.882519459773921  22.885699550993291 10.31835236781005 -31.807625026810019 
 0 2 1 2
1 22.885699550993291 10.31835236781005 30.662652286309989 -1 0 0 
1 22.885699550993291 10.31835236781005 30.662652286309989 0 0 -1 
7 0 0  1 2 2  22.466820181058416 9.6702072543917517 30.587757853346087  22.885699550993291 10.31835236781005 30.662652286309989 
 0 2 1 2
1 23.304568474577692 10.966494965635109 -31.732712410741023 -1 0 0 
7 0 0  1 2 2  22.885699550993291 10.31835236781005 -31.807625026810019  23.304568474577692 10.966494965635109 -31.732712410741023 
 0 2 1 2
1 23.304568474577692 10.966494965635109 30.737564902378985 -1 0 0 
1 23.304568474577692 10.966494965635109 30.737564902378985 0 0 -1 
7 0 0  1 2 2  22.885699550993291 10.31835236781005 30.662652286309989  23.304568474577692 10.966494965635109 30.737564902378985 
 0 2 1 2
1 23.723466874096424 11.614637563460171 -31.65778018946509 -1 0 0 
7 0 0  1 2 2  23.304568474577692 10.966494965635109 -31.732712410741023  23.723466874096424 11.614637563460171 -31.65778018946509 
 0 2 1 2
1 23.723466874096424 11.614637563460171 30.812497123654918 -1 0 0 
1 23.723466874096424 11.614637563460171 30.812497123654918 0 0 -1 
7 0 0  1 2 2  23.304568474577692 10.966494965635109 30.737564902378985  23.723466874096424 11.614637563460171 30.812497123654918 
 0 2 1 2
1 24.142349458685569 12.262782676878468 -31.582825777653778 -1 0 0 
7 0 0  1 2 2  23.723466874096424 11.614637563460171 -31.65778018946509  24.142349458685569 12.262782676878468 -31.582825777653778 
 0 2 1 2
1 24.142349458685569 12.262782676878468 30.88745153546623 -1 0 0 
1 24.142349458685569 12.262782676878468 30.88745153546623 0 0 -1 
7 0 0  1 2 2  23.723466874096424 11.614637563460171 30.812497123654918  24.142349458685569 12.262782676878468 30.88745153546623 
 0 2 1 2
1 24.561203202170102 12.91092527470353 -31.507847772350068 -1 0 0 
7 0 0  1 2 2  24.142349458685569 12.262782676878468 -31.582825777653778  24.561203202170102 12.91092527470353 -31.507847772350068 
 0 2 1 2
1 24.561203202170102 12.91092527470353 30.962429540769939 -1 0 0 
1 24.561203202170102 12.91092527470353 30.962429540769939 0 0 -1 
7 0 0  1 2 2  24.142349458685569 12.262782676878468 30.88745153546623  24.561203202170102 12.91092527470353 30.962429540769939 
 0 2 1 2
1 24.980088773379073 13.559070388121825 -31.432843894360378 -1 0 0 
7 0 0  1 2 2  24.561203202170102 12.91092527470353 -31.507847772350068  24.980088773379073 13.559070388121825 -31.432843894360378 
 0 2 1 2
1 24.980088773379073 13.559070388121825 31.03743341875963 -1 0 0 
1 24.980088773379073 13.559070388121825 31.03743341875963 0 0 -1 
7 0 0  1 2 2  24.561203202170102 12.91092527470353 30.962429540769939  24.980088773379073 13.559070388121825 31.03743341875963 
 0 2 1 2
1 25.398977525287023 14.207212985946885 -31.357811976297675 -1 0 0 
7 0 0  1 2 2  24.980088773379073 13.559070388121825 -31.432843894360378  25.398977525287023 14.207212985946885 -31.357811976297679 
 0 2 1 2
1 25.398977525287023 14.207212985946885 31.112465336822329 -1 0 0 
1 25.398977525287023 14.207212985946885 31.112465336822329 0 0 -1 
7 0 0  1 2 2  24.980088773379073 13.559070388121825 31.03743341875963  25.398977525287023 14.207212985946885 31.112465336822329 
 0 2 1 2
1 25.817874775202046 14.855355583771948 -31.282748902613108 -1 0 0 
7 0 0  1 2 2  25.398977525287023 14.207212985946885 -31.357811976297679  25.817874775202046 14.855355583771948 -31.282748902613111 
 0 2 1 2
1 25.817874775202046 14.855355583771948 31.187528410506896 -1 0 0 
1 25.817874775202046 14.855355583771948 31.187528410506896 0 0 -1 
7 0 0  1 2 2  25.398977525287023 14.207212985946885 31.112465336822329  25.817874775202046 14.855355583771948 31.187528410506896 
 0 2 1 2
1 26.236776905881314 15.503500697190244 -31.207651120532017 -1 0 0 
7 0 0  1 2 2  25.817874775202046 14.855355583771948 -31.282748902613111  26.236776905881314 15.503500697190244 -31.207651120532017 
 0 2 1 2
1 26.236776905881314 15.503500697190244 31.262626192587991 -1 0 0 
1 26.236776905881314 15.503500697190244 31.262626192587991 0 0 -1 
7 0 0  1 2 2  25.817874775202046 14.855355583771948 31.187528410506896  26.236776905881314 15.503500697190244 31.262626192587991 
 0 2 1 2
1 26.655666631928206 16.151643295015301 -31.132515515261876 -1 0 0 
7 0 0  1 2 2  26.236776905881314 15.503500697190244 -31.207651120532017  26.655666631928206 16.151643295015301 -31.132515515261876 
 0 2 1 2
1 26.655666631928206 16.151643295015301 31.337761797858132 -1 0 0 
1 26.655666631928206 16.151643295015301 31.337761797858132 0 0 -1 
7 0 0  1 2 2  26.236776905881314 15.503500697190244 31.262626192587991  26.655666631928206 16.151643295015301 31.337761797858132 
 0 2 1 2
1 27.07455438274247 16.799788408433599 -31.057337349066433 -1 0 0 
7 0 0  1 2 2  26.655666631928206 16.151643295015301 -31.132515515261876  27.07455438274247 16.799788408433599 -31.057337349066433 
 0 2 1 2
1 27.07455438274247 16.799788408433599 31.412939964053574 -1 0 0 
1 27.07455438274247 16.799788408433599 31.412939964053574 0 0 -1 
7 0 0  1 2 2  26.655666631928206 16.151643295015301 31.337761797858132  27.07455438274247 16.799788408433599 31.412939964053574 
 0 2 1 2
1 27.493460095487425 17.44793100625866 -30.982112321887517 -1 0 0 
7 0 0  1 2 2  27.07455438274247 16.799788408433599 -31.057337349066433  27.493460095487425 17.44793100625866 -30.982112321887517 
 0 2 1 2
1 27.493460095487425 17.44793100625866 31.488164991232491 -1 0 0 
1 27.493460095487425 17.44793100625866 31.488164991232491 0 0 -1 
7 0 0  1 2 2  27.07455438274247 16.799788408433599 31.412939964053574  27.493460095487425 17.44793100625866 31.488164991232491 
 0 2 1 2
1 27.912362485456708 18.096073604083724 -30.906834512962316 -1 0 0 
7 0 0  1 2 2  27.493460095487425 17.44793100625866 -30.982112321887517  27.912362485456708 18.096073604083724 -30.906834512962316 
 0 2 1 2
1 27.912362485456708 18.096073604083724 31.563442800157691 -1 0 0 
1 27.912362485456708 18.096073604083724 31.563442800157691 0 0 -1 
7 0 0  1 2 2  27.493460095487425 17.44793100625866 31.488164991232491  27.912362485456708 18.096073604083724 31.563442800157691 
 0 2 1 2
1 28.331280824253398 18.744218717502019 -30.831496979404452 -1 0 0 
7 0 0  1 2 2  27.912362485456708 18.096073604083724 -30.906834512962316  28.331280824253398 18.744218717502019 -30.831496979404452 
 0 2 1 2
1 28.331280824253398 18.744218717502019 31.638780333715555 -1 0 0 
1 28.331280824253398 18.744218717502019 31.638780333715555 0 0 -1 
7 0 0  1 2 2  27.912362485456708 18.096073604083724 31.563442800157691  28.331280824253398 18.744218717502019 31.638780333715555 
 0 2 1 2
1 28.750181487380544 19.392361315327079 -30.756092800034683 -1 0 0 
7 0 0  1 2 2  28.331280824253398 18.744218717502019 -30.831496979404452  28.750181487380544 19.392361315327079 -30.756092800034683 
 0 2 1 2
1 28.750181487380544 19.392361315327079 31.714184513085325 -1 0 0 
1 28.750181487380544 19.392361315327079 31.714184513085325 0 0 -1 
7 0 0  1 2 2  28.331280824253398 18.744218717502019 31.638780333715555  28.750181487380544 19.392361315327079 31.714184513085325 
 0 2 1 2
1 29.169117745123692 20.040505686858012 -30.680642929059729 -1 0 0 
7 0 0  1 2 2  28.750181487380544 19.392361315327079 -30.756092800034683  29.169117745123692 20.040505686858012 -30.680642929059726 
 0 2 1 2
1 29.169117745123692 20.040505686858012 31.789634384060282 -1 0 0 
1 29.169117745123692 20.040505686858012 31.789634384060282 0 0 -1 
7 0 0  1 2 2  28.750181487380544 19.392361315327079 31.714184513085325  29.169117745123692 20.040505686858012 31.789634384060282 
 0 2 1 2
1 29.281050638754039 20.213729381522928 -30.660718175069192 -1 0 0 
7 0 0  1 2 2  29.169117745123692 20.040505686858012 -30.680642929059726  29.281050638754039 20.213729381522928 -30.660718175069189 
 0 2 1 2
1 29.281050638754039 20.213729381522928 31.809559138050819 -1 0 0 
1 29.281050638754039 20.213729381522928 31.809559138050819 0 0 -1 
7 0 0  1 2 2  29.169117745123692 20.040505686858012 31.789634384060282  29.281050638754039 20.213729381522928 31.809559138050819 
 0 2 1 2
1 29.5882791023671 20.688707071731944 -30.606040229537602 -1 0 0 
7 0 0  1 2 2  29.281050638754039 20.213729381522928 -30.660718175069189  29.5882791023671 20.688707071731944 -30.606040229537602 
 0 2 1 2
1 29.5882791023671 20.688707071731944 31.864237083582406 -1 0 0 
1 29.5882791023671 20.688707071731944 31.864237083582406 0 0 -1 
7 0 0  1 2 2  29.281050638754039 20.213729381522928 31.809559138050819  29.5882791023671 20.688707071731944 31.864237083582406 
 0 2 1 2
1 30.007544098819452 21.336905940794235 -30.531315700706212 -1 0 0 
7 0 0  1 2 2  29.5882791023671 20.688707071731944 -30.606040229537602  30.007544098819452 21.336905940794235 -30.531315700706212 
 0 2 1 2
1 30.007544098819452 21.336905940794235 31.938961612413795 -1 0 0 
1 30.007544098819452 21.336905940794235 31.938961612413795 0 0 -1 
7 0 0  1 2 2  29.5882791023671 20.688707071731944 31.864237083582406  30.007544098819452 21.336905940794235 31.938961612413795 
 0 2 1 2
1 30.426824537632427 21.985107325668167 -30.456450772650431 -1 0 0 
7 0 0  1 2 2  30.007544098819452 21.336905940794235 -30.531315700706212  30.426824537632427 21.985107325668167 -30.456450772650431 
 0 2 1 2
1 30.426824537632427 21.985107325668167 32.013826540469573 -1 0 0 
1 30.426824537632427 21.985107325668167 32.013826540469573 0 0 -1 
7 0 0  1 2 2  30.007544098819452 21.336905940794235 31.938961612413795  30.426824537632427 21.985107325668167 32.013826540469573 
 0 2 1 2
1 30.846116425565981 22.633306194730459 -30.381422776693707 -1 0 0 
7 0 0  1 2 2  30.426824537632427 21.985107325668167 -30.456450772650431  30.846116425565981 22.633306194730459 -30.381422776693707 
 0 2 1 2
1 30.846116425565981 22.633306194730459 32.088854536426297 -1 0 0 
1 30.846116425565981 22.633306194730459 32.088854536426297 0 0 -1 
7 0 0  1 2 2  30.426824537632427 21.985107325668167 32.013826540469573  30.846116425565981 22.633306194730459 32.088854536426297 
 0 2 1 2
1 31.26540072929085 23.281505063792746 -30.306203420824801 -1 0 0 
7 0 0  1 2 2  30.846116425565981 22.633306194730459 -30.381422776693707  31.26540072929085 23.281505063792746 -30.306203420824797 
 0 2 1 2
1 31.26540072929085 23.281505063792746 32.164073892295207 -1 0 0 
1 31.26540072929085 23.281505063792746 32.164073892295207 0 0 -1 
7 0 0  1 2 2  30.846116425565981 22.633306194730459 32.088854536426297  31.26540072929085 23.281505063792746 32.164073892295207 
 0 2 1 2
1 31.684699721583911 23.929706448666678 -30.230756197503212 -1 0 0 
7 0 0  1 2 2  31.26540072929085 23.281505063792746 -30.306203420824797  31.684699721583911 23.929706448666678 -30.230756197503215 
 0 2 1 2
1 31.684699721583911 23.929706448666678 32.239521115616789 -1 0 0 
1 31.684699721583911 23.929706448666678 32.239521115616789 0 0 -1 
7 0 0  1 2 2  31.26540072929085 23.281505063792746 32.164073892295207  31.684699721583911 23.929706448666678 32.239521115616789 
 0 2 1 2
1 32.104005016123324 24.577905317728973 -30.155036763638687 -1 0 0 
7 0 0  1 2 2  31.684699721583911 23.929706448666678 -30.230756197503215  32.104005016123324 24.577905317728973 -30.155036763638687 
 0 2 1 2
1 32.104005016123324 24.577905317728973 32.315240549481317 -1 0 0 
1 32.104005016123324 24.577905317728973 32.315240549481317 0 0 -1 
7 0 0  1 2 2  31.684699721583911 23.929706448666678 32.239521115616789  32.104005016123324 24.577905317728973 32.315240549481317 
 0 2 1 2
1 32.523297670396431 25.226106702602902 -30.078987903582451 -1 0 0 
7 0 0  1 2 2  32.104005016123324 24.577905317728973 -30.155036763638687  32.523297670396431 25.226106702602902 -30.078987903582455 
 0 2 1 2
1 32.523297670396431 25.226106702602902 32.391289409537549 -1 0 0 
1 32.523297670396431 25.226106702602902 32.391289409537549 0 0 -1 
7 0 0  1 2 2  32.104005016123324 24.577905317728973 32.315240549481317  32.523297670396431 25.226106702602902 32.391289409537549 
 0 2 1 2
1 32.9425905983218 25.874305571665193 -30.00253444340024 -1 0 0 
7 0 0  1 2 2  32.523297670396431 25.226106702602902 -30.078987903582455  32.9425905983218 25.874305571665193 -30.00253444340024 
 0 2 1 2
1 32.9425905983218 25.874305571665193 32.467742869719764 -1 0 0 
1 32.9425905983218 25.874305571665193 32.467742869719764 0 0 -1 
7 0 0  1 2 2  32.523297670396431 25.226106702602902 32.391289409537549  32.9425905983218 25.874305571665193 32.467742869719764 
 0 2 1 2
Polygon3D 0
PolygonOnTriangulations 0
Surfaces 161
1 17.789562007999997 -0.92376433317190887 30.179198923614305 -0 -1 -0 2.6302589761357463e-16 0 -1 1 -0 2.6302589761357463e-16 
6 1 -0 -0 
7 0 0  1 2 2  17.789562007999997 -0.92376433317190887 30.179198923614305  17.901797991999999 0.92376433317190887 30.171350619067841 
 0 2 1 2
6 1 -0 -0 
7 0 0  1 2 2  17.789562008000011 -0.92376433317190887 -32.291078389505707  17.901797991999999 0.92376433317190887 -32.29892669405217 
 0 2 1 2
9 0 0 0 0 1 1 2 2 2 2 17.789562007999997 -0.92376433317190887 30.179198923614305  17.901797991999999 0.92376433317190887 30.171350619067841  
17.789562008000011 -0.92376433317190887 -32.291078389505707  17.901797991999999 0.92376433317190887 -32.29892669405217  

0 2
62.470277313120008 2

0 2
1 2

6 1 -0 -0 
7 0 0  1 2 2  17.901797991999999 0.92376433317190887 -32.29892669405217  17.957833336 1.8475257503658218 -32.302845067014246 
 0 2 1 2
1 17.901797991999999 0.92376433317190887 30.171350619067841 -0 -1 -0 0 0 -1 1 -0 0 
6 1 -0 -0 
7 0 0  1 2 2  17.901797991999999 0.92376433317190887 30.171350619067841  17.957833336 1.8475257503658218 30.167432246105765 
 0 2 1 2
9 0 0 0 0 1 1 2 2 2 2 17.901797991999999 0.92376433317190887 30.171350619067841  17.957833336 1.8475257503658218 30.167432246105765  
17.901797991999999 0.92376433317190887 -32.29892669405217  17.957833336 1.8475257503658218 -32.302845067014246  

0 2
62.470277313120008 2

0 2
1 2

6 1 -0 -0 
7 0 0  1 2 2  17.957833336 1.8475257503658218 -32.302845067014246  18.014651467278952 2.7553753494038551 -32.282983855974045 
 0 2 1 2
1 17.957833336 1.8475257503658218 30.167432246105765 -0 -1 -0 0 0 -1 1 -0 0 
6 1 -0 -0 
7 0 0  1 2 2  17.957833336 1.8475257503658218 30.167432246105765  18.014651467278952 2.7553753494038551 30.187293457145962 
 0 2 1 2
9 0 0 0 0 1 1 2 2 2 2 17.957833336 1.8475257503658218 30.167432246105765  18.014651467278952 2.7553753494038551 30.187293457145962  
17.957833336 1.8475257503658218 -32.302845067014246  18.014651467278952 2.7553753494038551 -32.282983855974045  

0 2
62.470277313120008 2

0 2
1 2

6 1 -0 -0 
7 0 0  1 2 2  18.014651467278952 2.7553753494038551 -32.282983855974045  18.468926148853409 3.4620161290758675 -32.255330259473936 
 0 2 1 2
1 18.014651467278952 2.7553753494038551 30.187293457145962 -0 -1 -0 0 0 -1 1 -0 0 
6 1 -0 -0 
7 0 0  1 2 2  18.014651467278952 2.7553753494038551 30.187293457145962  18.468926148853409 3.4620161290758675 30.214947053646075 
 0 2 1 2
9 0 0 0 0 1 1 2 2 2 2 18.014651467278952 2.7553753494038551 30.187293457145962  18.468926148853409 3.4620161290758675 30.214947053646075  
18.014651467278952 2.7553753494038551 -32.282983855974045  18.468926148853409 3.4620161290758675 -32.255330259473936  

0 2
62.470277313120008 2

0 2
1 2

6 1 -0 -0 
7 0 0  1 2 2  18.468926148853409 3.4620161290758675 -32.255330259473936  18.923198377174927 4.16865690874788 -32.227356505956507 
 0 2 1 2
1 18.468926148853409 3.4620161290758675 30.214947053646075 -0 -1 -0 0 0 -1 1 -0 0 
6 1 -0 -0 
7 0 0  1 2 2  18.468926148853409 3.4620161290758675 30.214947053646075  18.923198377174927 4.16865690874788 30.242920807163504 
 0 2 1 2
9 0 0 0 0 1 1 2 2 2 2 18.468926148853409 3.4620161290758675 30.214947053646075  18.923198377174927 4.16865690874788 30.242920807163504  
18.468926148853409 3.4620161290758675 -32.255330259473936  18.923198377174927 4.16865690874788 -32.227356505956507  

0 2
62.470277313120008 2

0 2
1 2

6 1 -0 -0 
7 0 0  1 2 2  18.923198377174927 4.16865690874788 -32.227356505956507  19.377577243706845 4.8752976884198933 -32.199001488406935 
 0 2 1 2
1 18.923198377174927 4.16865690874788 30.242920807163504 -0 -1 -0 0 0 -1 1 -0 0 
6 1 -0 -0 
7 0 0  1 2 2  18.923198377174927 4.16865690874788 30.242920807163504  19.377577243706845 4.8752976884198933 30.271275824713072 
 0 2 1 2
9 0 0 0 0 1 1 2 2 2 2 18.923198377174927 4.16865690874788 30.242920807163504  19.377577243706845 4.8752976884198933 30.271275824713072  
18.923198377174927 4.16865690874788 -32.227356505956507  19.377577243706845 4.8752976884198933 -32.199001488406935  

0 2
62.470277313120008 2

0 2
1 2

6 1 -0 -0 
7 0 0  1 2 2  19.377577243706845 4.8752976884198933 -32.199001488406935  19.831972693715844 5.5819384680919057 -32.170171691703388 
 0 2 1 2
1 19.377577243706845 4.8752976884198933 30.271275824713072 -0 -1 -0 0 0 -1 1 -0 0 
6 1 -0 -0 
7 0 0  1 2 2  19.377577243706845 4.8752976884198933 30.271275824713072  19.831972693715844 5.5819384680919057 30.30010562141662 
 0 2 1 2
9 0 0 0 0 1 1 2 2 2 2 19.377577243706845 4.8752976884198933 30.271275824713072  19.831972693715844 5.5819384680919057 30.30010562141662  
19.377577243706845 4.8752976884198933 -32.199001488406935  19.831972693715844 5.5819384680919057 -32.170171691703388  

0 2
62.470277313120008 2

0 2
1 2

6 1 -0 -0 
7 0 0  1 2 2  19.831972693715844 5.5819384680919057 -32.170171691703388  20.286416864744773 6.2885792477639182 -32.140752214356731 
 0 2 1 2
1 19.831972693715844 5.5819384680919057 30.30010562141662 -0 -1 -0 0 0 -1 1 -0 0 
6 1 -0 -0 
7 0 0  1 2 2  19.831972693715844 5.5819384680919057 30.30010562141662  20.286416864744773 6.2885792477639182 30.329525098763277 
 0 2 1 2
9 0 0 0 0 1 1 2 2 2 2 19.831972693715844 5.5819384680919057 30.30010562141662  20.286416864744773 6.2885792477639182 30.329525098763277  
19.831972693715844 5.5819384680919057 -32.170171691703388  20.286416864744773 6.2885792477639182 -32.140752214356731  

0 2
62.470277313120008 2

0 2
1 2

6 1 -0 -0 
7 0 0  1 2 2  20.286416864744773 6.2885792477639182 -32.140752214356731  20.740899232548944 6.9952172659985514 -32.110584767328533 
 0 2 1 2
1 20.286416864744773 6.2885792477639182 30.329525098763277 -0 -1 -0 0 0 -1 1 -0 0 
6 1 -0 -0 
7 0 0  1 2 2  20.286416864744773 6.2885792477639182 30.329525098763277  20.740899232548944 6.9952172659985514 30.359692545791479 
 0 2 1 2
9 0 0 0 0 1 1 2 2 2 2 20.286416864744773 6.2885792477639182 30.329525098763277  20.740899232548944 6.9952172659985514 30.359692545791479  
20.286416864744773 6.2885792477639182 -32.140752214356731  20.740899232548944 6.9952172659985514 -32.110584767328533  

0 2
62.470277313120008 2

0 2
1 2

6 1 -0 -0 
7 0 0  1 2 2  20.740899232548944 6.9952172659985514 -32.110584767328533  21.195450191544086 7.701858045670563 -32.079450540434436 
 0 2 1 2
1 20.740899232548944 6.9952172659985514 30.359692545791479 -0 -1 -0 0 0 -1 1 -0 0 
6 1 -0 -0 
7 0 0  1 2 2  20.740899232548944 6.9952172659985514 30.359692545791479  21.195450191544086 7.701858045670563 30.390826772685575 
 0 2 1 2
9 0 0 0 0 1 1 2 2 2 2 20.740899232548944 6.9952172659985514 30.359692545791479  21.195450191544086 7.701858045670563 30.390826772685575  
20.740899232548944 6.9952172659985514 -32.110584767328533  21.195450191544086 7.701858045670563 -32.079450540434436  

0 2
62.470277313120008 2

0 2
1 2

6 1 -0 -0 
7 0 0  1 2 2  21.195450191544086 7.701858045670563 -32.079450540434436  21.635514345318995 8.3842561157642042 -32.031061112879769 
 0 2 1 2
1 21.195450191544086 7.701858045670563 30.390826772685575 -0 -1 -0 0 0 -1 1 -0 0 
6 1 -0 -0 
7 0 0  1 2 2  21.195450191544086 7.701858045670563 30.390826772685575  21.635514345318995 8.3842561157642042 30.439216200240239 
 0 2 1 2
9 0 0 0 0 1 1 2 2 2 2 21.195450191544086 7.701858045670563 30.390826772685575  21.635514345318995 8.3842561157642042 30.439216200240239  
21.195450191544086 7.701858045670563 -32.079450540434436  21.635514345318995 8.3842561157642042 -32.031061112879769  

0 2
62.470277313120008 2

0 2
1 2

6 1 -0 -0 
7 0 0  1 2 2  21.635514345318995 8.3842561157642042 -32.031061112879769  21.849938547679116 8.7156754625255477 -31.992787064288613 
 0 2 1 2
1 21.635514345318995 8.3842561157642042 30.439216200240239 -0 -1 -0 0 0 -1 1 -0 0 
6 1 -0 -0 
7 0 0  1 2 2  21.635514345318995 8.3842561157642042 30.439216200240239  21.849938547679116 8.7156754625255477 30.477490248831394 
 0 2 1 2
9 0 0 0 0 1 1 2 2 2 2 21.635514345318995 8.3842561157642042 30.439216200240239  21.849938547679116 8.7156754625255477 30.477490248831394  
21.635514345318995 8.3842561157642042 -32.031061112879769  21.849938547679116 8.7156754625255477 -31.992787064288613  

0 2
62.470277313120008 2

0 2
1 2

6 1 -0 -0 
7 0 0  1 2 2  21.849938547679116 8.7156754625255477 -31.992787064288613  22.047930003785208 9.0220646565666911 -31.957396457468619 
 0 2 1 2
1 21.849938547679116 8.7156754625255477 30.477490248831394 -0 -1 -0 0 0 -1 1 -0 0 
6 1 -0 -0 
7 0 0  1 2 2  21.849938547679116 8.7156754625255477 30.477490248831394  22.047930003785208 9.0220646565666911 30.512880855651389 
 0 2 1 2
9 0 0 0 0 1 1 2 2 2 2 21.849938547679116 8.7156754625255477 30.477490248831394  22.047930003785208 9.0220646565666911 30.512880855651389  
21.849938547679116 8.7156754625255477 -31.992787064288613  22.047930003785208 9.0220646565666911 -31.957396457468619  

0 2
62.470277313120008 2

0 2
1 2

6 1 -0 -0 
7 0 0  1 2 2  22.047930003785208 9.0220646565666911 -31.957396457468619  22.466820181058416 9.6702072543917517 -31.882519459773921 
 0 2 1 2
1 22.047930003785208 9.0220646565666911 30.512880855651389 -0 -1 -0 0 0 -1 1 -0 0 
6 1 -0 -0 
7 0 0  1 2 2  22.047930003785208 9.0220646565666911 30.512880855651389  22.466820181058416 9.6702072543917517 30.587757853346087 
 0 2 1 2
9 0 0 0 0 1 1 2 2 2 2 22.047930003785208 9.0220646565666911 30.512880855651389  22.466820181058416 9.6702072543917517 30.587757853346087  
22.047930003785208 9.0220646565666911 -31.957396457468619  22.466820181058416 9.6702072543917517 -31.882519459773921  

0 2
62.470277313120008 2

0 2
1 2

6 1 -0 -0 
7 0 0  1 2 2  22.466820181058416 9.6702072543917517 -31.882519459773921  22.885699550993291 10.31835236781005 -31.807625026810019 
 0 2 1 2
1 22.466820181058416 9.6702072543917517 30.587757853346087 -0 -1 -0 0 0 -1 1 -0 0 
6 1 -0 -0 
7 0 0  1 2 2  22.466820181058416 9.6702072543917517 30.587757853346087  22.885699550993291 10.31835236781005 30.662652286309989 
 0 2 1 2
9 0 0 0 0 1 1 2 2 2 2 22.466820181058416 9.6702072543917517 30.587757853346087  22.885699550993291 10.31835236781005 30.662652286309989  
22.466820181058416 9.6702072543917517 -31.882519459773921  22.885699550993291 10.31835236781005 -31.807625026810019  

0 2
62.470277313120008 2

0 2
1 2

6 1 -0 -0 
7 0 0  1 2 2  22.885699550993291 10.31835236781005 -31.807625026810019  23.304568474577692 10.966494965635109 -31.732712410741023 
 0 2 1 2
1 22.885699550993291 10.31835236781005 30.662652286309989 -0 -1 -0 0 0 -1 1 -0 0 
6 1 -0 -0 
7 0 0  1 2 2  22.885699550993291 10.31835236781005 30.662652286309989  23.304568474577692 10.966494965635109 30.737564902378985 
 0 2 1 2
9 0 0 0 0 1 1 2 2 2 2 22.885699550993291 10.31835236781005 30.662652286309989  23.304568474577692 10.966494965635109 30.737564902378985  
22.885699550993291 10.31835236781005 -31.807625026810019  23.304568474577692 10.966494965635109 -31.732712410741023  

0 2
62.470277313120008 2

0 2
1 2

6 1 -0 -0 
7 0 0  1 2 2  23.304568474577692 10.966494965635109 -31.732712410741023  23.723466874096424 11.614637563460171 -31.65778018946509 
 0 2 1 2
1 23.304568474577692 10.966494965635109 30.737564902378985 -0 -1 -0 0 0 -1 1 -0 0 
6 1 -0 -0 
7 0 0  1 2 2  23.304568474577692 10.966494965635109 30.737564902378985  23.723466874096424 11.614637563460171 30.812497123654918 
 0 2 1 2
9 0 0 0 0 1 1 2 2 2 2 23.304568474577692 10.966494965635109 30.737564902378985  23.723466874096424 11.614637563460171 30.812497123654918  
23.304568474577692 10.966494965635109 -31.732712410741023  23.723466874096424 11.614637563460171 -31.65778018946509  

0 2
62.470277313120008 2

0 2
1 2

6 1 -0 -0 
7 0 0  1 2 2  23.723466874096424 11.614637563460171 -31.65778018946509  24.142349458685569 12.262782676878468 -31.582825777653778 
 0 2 1 2
1 23.723466874096424 11.614637563460171 30.812497123654918 -0 -1 -0 0 0 -1 1 -0 0 
6 1 -0 -0 
7 0 0  1 2 2  23.723466874096424 11.614637563460171 30.812497123654918  24.142349458685569 12.262782676878468 30.88745153546623 
 0 2 1 2
9 0 0 0 0 1 1 2 2 2 2 23.723466874096424 11.614637563460171 30.812497123654918  24.142349458685569 12.262782676878468 30.88745153546623  
23.723466874096424 11.614637563460171 -31.65778018946509  24.142349458685569 12.262782676878468 -31.582825777653778  

0 2
62.470277313120008 2

0 2
1 2

6 1 -0 -0 
7 0 0  1 2 2  24.142349458685569 12.262782676878468 -31.582825777653778  24.561203202170102 12.91092527470353 -31.507847772350068 
 0 2 1 2
1 24.142349458685569 12.262782676878468 30.88745153546623 -0 -1 -0 0 0 -1 1 -0 0 
6 1 -0 -0 
7 0 0  1 2 2  24.142349458685569 12.262782676878468 30.88745153546623  24.561203202170102 12.91092527470353 30.962429540769939 
 0 2 1 2
9 0 0 0 0 1 1 2 2 2 2 24.142349458685569 12.262782676878468 30.88745153546623  24.561203202170102 12.91092527470353 30.962429540769939  
24.142349458685569 12.262782676878468 -31.582825777653778  24.561203202170102 12.91092527470353 -31.507847772350068  

0 2
62.470277313120008 2

0 2
1 2

6 1 -0 -0 
7 0 0  1 2 2  24.561203202170102 12.91092527470353 -31.507847772350068  24.980088773379073 13.559070388121825 -31.432843894360378 
 0 2 1 2
1 24.561203202170102 12.91092527470353 30.962429540769939 -0 -1 -0 0 0 -1 1 -0 0 
6 1 -0 -0 
7 0 0  1 2 2  24.561203202170102 12.91092527470353 30.962429540769939  24.980088773379073 13.559070388121825 31.03743341875963 
 0 2 1 2
9 0 0 0 0 1 1 2 2 2 2 24.561203202170102 12.91092527470353 30.962429540769939  24.980088773379073 13.559070388121825 31.03743341875963  
24.561203202170102 12.91092527470353 -31.507847772350068  24.980088773379073 13.559070388121825 -31.432843894360378  

0 2
62.470277313120008 2

0 2
1 2

6 1 -0 -0 
7 0 0  1 2 2  24.980088773379073 13.559070388121825 -31.432843894360378  25.398977525287023 14.207212985946885 -31.357811976297679 
 0 2 1 2
1 24.980088773379073 13.559070388121825 31.03743341875963 -0 -1 -0 0 0 -1 1 -0 0 
6 1 -0 -0 
7 0 0  1 2 2  24.980088773379073 13.559070388121825 31.03743341875963  25.398977525287023 14.207212985946885 31.112465336822329 
 0 2 1 2
9 0 0 0 0 1 1 2 2 2 2 24.980088773379073 13.559070388121825 31.03743341875963  25.398977525287023 14.207212985946885 31.112465336822329  
24.980088773379073 13.559070388121825 -31.432843894360378  25.398977525287023 14.207212985946885 -31.357811976297679  

0 2
62.470277313120008 2

0 2
1 2

6 1 -0 -0 
7 0 0  1 2 2  25.398977525287023 14.207212985946885 -31.357811976297679  25.817874775202046 14.855355583771948 -31.282748902613111 
 0 2 1 2
1 25.398977525287023 14.207212985946885 31.112465336822329 -0 -1 -0 0 0 -1 1 -0 0 
6 1 -0 -0 
7 0 0  1 2 2  25.398977525287023 14.207212985946885 31.112465336822329  25.817874775202046 14.855355583771948 31.187528410506896 
 0 2 1 2
9 0 0 0 0 1 1 2 2 2 2 25.398977525287023 14.207212985946885 31.112465336822329  25.817874775202046 14.855355583771948 31.187528410506896  
25.398977525287023 14.207212985946885 -31.357811976297679  25.817874775202046 14.855355583771948 -31.282748902613111  

0 2
62.470277313120008 2

0 2
1 2

6 1 -0 -0 
7 0 0  1 2 2  25.817874775202046 14.855355583771948 -31.282748902613111  26.236776905881314 15.503500697190244 -31.207651120532017 
 0 2 1 2
1 25.817874775202046 14.855355583771948 31.187528410506896 -0 -1 -0 0 0 -1 1 -0 0 
6 1 -0 -0 
7 0 0  1 2 2  25.817874775202046 14.855355583771948 31.187528410506896  26.236776905881314 15.503500697190244 31.262626192587991 
 0 2 1 2
9 0 0 0 0 1 1 2 2 2 2 25.817874775202046 14.855355583771948 31.187528410506896  26.236776905881314 15.503500697190244 31.262626192587991  
25.817874775202046 14.855355583771948 -31.282748902613111  26.236776905881314 15.503500697190244 -31.207651120532017  

0 2
62.470277313120008 2

0 2
1 2

6 1 -0 -0 
7 0 0  1 2 2  26.236776905881314 15.503500697190244 -31.207651120532017  26.655666631928206 16.151643295015301 -31.132515515261876 
 0 2 1 2
1 26.236776905881314 15.503500697190244 31.262626192587991 -0 -1 -0 0 0 -1 1 -0 0 
6 1 -0 -0 
7 0 0  1 2 2  26.236776905881314 15.503500697190244 31.262626192587991  26.655666631928206 16.151643295015301 31.337761797858132 
 0 2 1 2
9 0 0 0 0 1 1 2 2 2 2 26.236776905881314 15.503500697190244 31.262626192587991  26.655666631928206 16.151643295015301 31.337761797858132  
26.236776905881314 15.503500697190244 -31.207651120532017  26.655666631928206 16.151643295015301 -31.132515515261876  

0 2
62.470277313120008 2

0 2
1 2

6 1 -0 -0 
7 0 0  1 2 2  26.655666631928206 16.151643295015301 -31.132515515261876  27.07455438274247 16.799788408433599 -31.057337349066433 
 0 2 1 2
1 26.655666631928206 16.151643295015301 31.337761797858132 -0 -1 -0 0 0 -1 1 -0 0 
6 1 -0 -0 
7 0 0  1 2 2  26.655666631928206 16.151643295015301 31.337761797858132  27.07455438274247 16.799788408433599 31.412939964053574 
 0 2 1 2
9 0 0 0 0 1 1 2 2 2 2 26.655666631928206 16.151643295015301 31.337761797858132  27.07455438274247 16.799788408433599 31.412939964053574  
26.655666631928206 16.151643295015301 -31.132515515261876  27.07455438274247 16.799788408433599 -31.057337349066433  

0 2
62.470277313120008 2

0 2
1 2

6 1 -0 -0 
7 0 0  1 2 2  27.07455438274247 16.799788408433599 -31.057337349066433  27.493460095487425 17.44793100625866 -30.982112321887517 
 0 2 1 2
1 27.07455438274247 16.799788408433599 31.412939964053574 -0 -1 -0 0 0 -1 1 -0 0 
6 1 -0 -0 
7 0 0  1 2 2  27.07455438274247 16.799788408433599 31.412939964053574  27.493460095487425 17.44793100625866 31.488164991232491 
 0 2 1 2
9 0 0 0 0 1 1 2 2 2 2 27.07455438274247 16.799788408433599 31.412939964053574  27.493460095487425 17.44793100625866 31.488164991232491  
27.07455438274247 16.799788408433599 -31.057337349066433  27.493460095487425 17.44793100625866 -30.982112321887517  

0 2
62.470277313120008 2

0 2
1 2

6 1 -0 -0 
7 0 0  1 2 2  27.493460095487425 17.44793100625866 -30.982112321887517  27.912362485456708 18.096073604083724 -30.906834512962316 
 0 2 1 2
1 27.493460095487425 17.44793100625866 31.488164991232491 -0 -1 -0 0 0 -1 1 -0 0 
6 1 -0 -0 
7 0 0  1 2 2  27.493460095487425 17.44793100625866 31.488164991232491  27.912362485456708 18.096073604083724 31.563442800157691 
 0 2 1 2
9 0 0 0 0 1 1 2 2 2 2 27.493460095487425 17.44793100625866 31.488164991232491  27.912362485456708 18.096073604083724 31.563442800157691  
27.493460095487425 17.44793100625866 -30.982112321887517  27.912362485456708 18.096073604083724 -30.906834512962316  

0 2
62.470277313120008 2

0 2
1 2

6 1 -0 -0 
7 0 0  1 2 2  27.912362485456708 18.096073604083724 -30.906834512962316  28.331280824253398 18.744218717502019 -30.831496979404452 
 0 2 1 2
1 27.912362485456708 18.096073604083724 31.563442800157691 -0 -1 -0 0 0 -1 1 -0 0 
6 1 -0 -0 
7 0 0  1 2 2  27.912362485456708 18.096073604083724 31.563442800157691  28.331280824253398 18.744218717502019 31.638780333715555 
 0 2 1 2
9 0 0 0 0 1 1 2 2 2 2 27.912362485456708 18.096073604083724 31.563442800157691  28.331280824253398 18.744218717502019 31.638780333715555  
27.912362485456708 18.096073604083724 -30.906834512962316  28.331280824253398 18.744218717502019 -30.831496979404452  

0 2
62.470277313120008 2

0 2
1 2

6 1 -0 -0 
7 0 0  1 2 2  28.331280824253398 18.744218717502019 -30.831496979404452  28.750181487380544 19.392361315327079 -30.756092800034683 
 0 2 1 2
1 28.331280824253398 18.744218717502019 31.638780333715555 -0 -1 -0 0 0 -1 1 -0 0 
6 1 -0 -0 
7 0 0  1 2 2  28.331280824253398 18.744218717502019 31.638780333715555  28.750181487380544 19.392361315327079 31.714184513085325 
 0 2 1 2
9 0 0 0 0 1 1 2 2 2 2 28.331280824253398 18.744218717502019 31.638780333715555  28.750181487380544 19.392361315327079 31.714184513085325  
28.331280824253398 18.744218717502019 -30.831496979404452  28.750181487380544 19.392361315327079 -30.756092800034683  

0 2
62.470277313120008 2

0 2
1 2

6 1 -0 -0 
7 0 0  1 2 2  28.750181487380544 19.392361315327079 -30.756092800034683  29.169117745123692 20.040505686858012 -30.680642929059726 
 0 2 1 2
1 28.750181487380544 19.392361315327079 31.714184513085325 -0 -1 -0 0 0 -1 1 -0 0 
6 1 -0 -0 
7 0 0  1 2 2  28.750181487380544 19.392361315327079 31.714184513085325  29.169117745123692 20.040505686858012 31.789634384060282 
 0 2 1 2
9 0 0 0 0 1 1 2 2 2 2 28.750181487380544 19.392361315327079 31.714184513085325  29.169117745123692 20.040505686858012 31.789634384060282  
28.750181487380544 19.392361315327079 -30.756092800034683  29.169117745123692 20.040505686858012 -30.680642929059726  

0 2
62.470277313120008 2

0 2
1 2

6 1 -0 -0 
7 0 0  1 2 2  29.169117745123692 20.040505686858012 -30.680642929059726  29.281050638754039 20.213729381522928 -30.660718175069189 
 0 2 1 2
1 29.169117745123692 20.040505686858012 31.789634384060282 -0 -1 -0 0 0 -1 1 -0 0 
6 1 -0 -0 
7 0 0  1 2 2  29.169117745123692 20.040505686858012 31.789634384060282  29.281050638754039 20.213729381522928 31.809559138050819 
 0 2 1 2
9 0 0 0 0 1 1 2 2 2 2 29.169117745123692 20.040505686858012 31.789634384060282  29.281050638754039 20.213729381522928 31.809559138050819  
29.169117745123692 20.040505686858012 -30.680642929059726  29.281050638754039 20.213729381522928 -30.660718175069189  

0 2
62.470277313120008 2

0 2
1 2

6 1 -0 -0 
7 0 0  1 2 2  29.281050638754039 20.213729381522928 -30.660718175069189  29.5882791023671 20.688707071731944 -30.606040229537602 
 0 2 1 2
1 29.281050638754039 20.213729381522928 31.809559138050819 -0 -1 -0 0 0 -1 1 -0 0 
6 1 -0 -0 
7 0 0  1 2 2  29.281050638754039 20.213729381522928 31.809559138050819  29.5882791023671 20.688707071731944 31.864237083582406 
 0 2 1 2
9 0 0 0 0 1 1 2 2 2 2 29.281050638754039 20.213729381522928 31.809559138050819  29.5882791023671 20.688707071731944 31.864237083582406  
29.281050638754039 20.213729381522928 -30.660718175069189  29.5882791023671 20.688707071731944 -30.606040229537602  

0 2
62.470277313120008 2

0 2
1 2

6 1 -0 -0 
7 0 0  1 2 2  29.5882791023671 20.688707071731944 -30.606040229537602  30.007544098819452 21.336905940794235 -30.531315700706212 
 0 2 1 2
1 29.5882791023671 20.688707071731944 31.864237083582406 -0 -1 -0 0 0 -1 1 -0 0 
6 1 -0 -0 
7 0 0  1 2 2  29.5882791023671 20.688707071731944 31.864237083582406  30.007544098819452 21.336905940794235 31.938961612413795 
 0 2 1 2
9 0 0 0 0 1 1 2 2 2 2 29.5882791023671 20.688707071731944 31.864237083582406  30.007544098819452 21.336905940794235 31.938961612413795  
29.5882791023671 20.688707071731944 -30.606040229537602  30.007544098819452 21.336905940794235 -30.531315700706212  

0 2
62.470277313120008 2

0 2
1 2

6 1 -0 -0 
7 0 0  1 2 2  30.007544098819452 21.336905940794235 -30.531315700706212  30.426824537632427 21.985107325668167 -30.456450772650431 
 0 2 1 2
1 30.007544098819452 21.336905940794235 31.938961612413795 -0 -1 -0 0 0 -1 1 -0 0 
6 1 -0 -0 
7 0 0  1 2 2  30.007544098819452 21.336905940794235 31.938961612413795  30.426824537632427 21.985107325668167 32.013826540469573 
 0 2 1 2
9 0 0 0 0 1 1 2 2 2 2 30.007544098819452 21.336905940794235 31.938961612413795  30.426824537632427 21.985107325668167 32.013826540469573  
30.007544098819452 21.336905940794235 -30.531315700706212  30.426824537632427 21.985107325668167 -30.456450772650431  

0 2
62.470277313120008 2

0 2
1 2

6 1 -0 -0 
7 0 0  1 2 2  30.426824537632427 21.985107325668167 -30.456450772650431  30.846116425565981 22.633306194730459 -30.381422776693707 
 0 2 1 2
1 30.426824537632427 21.985107325668167 32.013826540469573 -0 -1 -0 0 0 -1 1 -0 0 
6 1 -0 -0 
7 0 0  1 2 2  30.426824537632427 21.985107325668167 32.013826540469573  30.846116425565981 22.633306194730459 32.088854536426297 
 0 2 1 2
9 0 0 0 0 1 1 2 2 2 2 30.426824537632427 21.985107325668167 32.013826540469573  30.846116425565981 22.633306194730459 32.088854536426297  
30.426824537632427 21.985107325668167 -30.456450772650431  30.846116425565981 22.633306194730459 -30.381422776693707  

0 2
62.470277313120008 2

0 2
1 2

6 1 -0 -0 
7 0 0  1 2 2  30.846116425565981 22.633306194730459 -30.381422776693707  31.26540072929085 23.281505063792746 -30.306203420824797 
 0 2 1 2
1 30.846116425565981 22.633306194730459 32.088854536426297 -0 -1 -0 0 0 -1 1 -0 0 
6 1 -0 -0 
7 0 0  1 2 2  30.846116425565981 22.633306194730459 32.088854536426297  31.26540072929085 23.281505063792746 32.164073892295207 
 0 2 1 2
9 0 0 0 0 1 1 2 2 2 2 30.846116425565981 22.633306194730459 32.088854536426297  31.26540072929085 23.281505063792746 32.164073892295207  
30.846116425565981 22.633306194730459 -30.381422776693707  31.26540072929085 23.281505063792746 -30.306203420824797  

0 2
62.470277313120008 2

0 2
1 2

6 1 -0 -0 
7 0 0  1 2 2  31.26540072929085 23.281505063792746 -30.306203420824797  31.684699721583911 23.929706448666678 -30.230756197503215 
 0 2 1 2
1 31.26540072929085 23.281505063792746 32.164073892295207 -0 -1 -0 0 0 -1 1 -0 0 
6 1 -0 -0 
7 0 0  1 2 2  31.26540072929085 23.281505063792746 32.164073892295207  31.684699721583911 23.929706448666678 32.239521115616789 
 0 2 1 2
9 0 0 0 0 1 1 2 2 2 2 31.26540072929085 23.281505063792746 32.164073892295207  31.684699721583911 23.929706448666678 32.239521115616789  
31.26540072929085 23.281505063792746 -30.306203420824797  31.684699721583911 23.929706448666678 -30.230756197503215  

0 2
62.470277313120008 2

0 2
1 2

6 1 -0 -0 
7 0 0  1 2 2  31.684699721583911 23.929706448666678 -30.230756197503215  32.104005016123324 24.577905317728973 -30.155036763638687 
 0 2 1 2
1 31.684699721583911 23.929706448666678 32.239521115616789 -0 -1 -0 0 0 -1 1 -0 0 
6 1 -0 -0 
7 0 0  1 2 2  31.684699721583911 23.929706448666678 32.239521115616789  32.104005016123324 24.577905317728973 32.315240549481317 
 0 2 1 2
9 0 0 0 0 1 1 2 2 2 2 31.684699721583911 23.929706448666678 32.239521115616789  32.104005016123324 24.577905317728973 32.315240549481317  
31.684699721583911 23.929706448666678 -30.230756197503215  32.104005016123324 24.577905317728973 -30.155036763638687  

0 2
62.470277313120008 2

0 2
1 2

6 1 -0 -0 
7 0 0  1 2 2  32.104005016123324 24.577905317728973 -30.155036763638687  32.523297670396431 25.226106702602902 -30.078987903582455 
 0 2 1 2
1 32.104005016123324 24.577905317728973 32.315240549481317 -0 -1 -0 0 0 -1 1 -0 0 
6 1 -0 -0 
7 0 0  1 2 2  32.104005016123324 24.577905317728973 32.315240549481317  32.523297670396431 25.226106702602902 32.391289409537549 
 0 2 1 2
9 0 0 0 0 1 1 2 2 2 2 32.104005016123324 24.577905317728973 32.315240549481317  32.523297670396431 25.226106702602902 32.391289409537549  
32.104005016123324 24.577905317728973 -30.155036763638687  32.523297670396431 25.226106702602902 -30.078987903582455  

0 2
62.470277313120008 2

0 2
1 2

6 1 -0 -0 
7 0 0  1 2 2  32.523297670396431 25.226106702602902 -30.078987903582455  32.9425905983218 25.874305571665193 -30.00253444340024 
 0 2 1 2
1 32.523297670396431 25.226106702602902 32.391289409537549 -0 -1 -0 0 0 -1 1 -0 0 
6 1 -0 -0 
7 0 0  1 2 2  32.523297670396431 25.226106702602902 32.391289409537549  32.9425905983218 25.874305571665193 32.467742869719764 
 0 2 1 2
9 0 0 0 0 1 1 2 2 2 2 32.523297670396431 25.226106702602902 32.391289409537549  32.9425905983218 25.874305571665193 32.467742869719764  
32.523297670396431 25.226106702602902 -30.078987903582455  32.9425905983218 25.874305571665193 -30.00253444340024  

0 2
62.470277313120008 2

0 2
1 2

1 32.9425905983218 25.874305571665193 32.467742869719764 -0 -1 -0 0 0 -1 1 -0 0 
Triangulations 0

TShapes 688
Ve
1e-07
17.789562008 -0.923764333171909 30.1791989236143
0 0

0101101
*
Ed
 1e-07 1 1 0
1  1 0 0 100
2  1 2 0 0 100
0

0101000
+688 0 -688 1 *
Ve
1e-07
17.789562008 -0.923764333171909 -32.2910783895057
0 0

0101101
*
Ed
 1e-07 1 1 0
1  2 0 0 100
2  2 3 0 0 100
0

0101000
+686 0 -686 1 *
Ed
 1e-07 1 1 0
1  3 0 0 62.47027731312
2  3 4 0 0 62.47027731312
0

0101000
+688 0 -686 0 *
Wi

0101100
+687 0 -685 0 -684 0 +684 1 *
Fa
0  1e-07 1 0

0101000
+683 0 *
Ve
1e-07
17.901797992 0.923764333171909 -32.2989266940522
0 0

0101101
*
Ed
 1e-07 1 1 0
1  4 0 0 100
2  4 3 0 0 100
2  5 5 0 0 100
2  6 6 0 0 100
0

0101000
+681 0 -681 1 *
Ed
 1e-07 1 1 0
1  5 0 0 1
2  7 4 0 0 1
2  8 3 0 0 1
2  9 3 2 0 1
0

0101000
+686 0 -681 0 *
Wi

0101100
+685 0 -680 0 -679 0 +679 1 *
Fa
0  1e-07 3 0

0101000
+678 0 *
Ve
1e-07
17.901797992 0.923764333171909 30.1713506190678
0 0

0101101
*
Ed
 1e-07 1 1 0
1  6 0 0 100
2  10 2 0 0 100
2  11 7 0 0 100
2  12 6 0 0 100
0

0101000
+676 0 -676 1 *
Ed
 1e-07 1 1 0
1  7 0 0 62.47027731312
2  13 4 0 0 62.47027731312
2  14 8 0 0 62.47027731312
2  15 6 0 0 62.47027731312
2  16 6 2 0 62.47027731312
0

0101000
+676 0 -681 0 *
Wi

0101100
+675 0 -680 0 -674 0 +674 1 *
Fa
0  1e-07 6 0

0101000
+673 0 *
Ed
 1e-07 1 1 0
1  8 0 0 1
2  17 4 0 0 1
2  18 2 0 0 1
2  19 2 2 0 1
0

0101000
+688 0 -676 0 *
Wi

0101100
+687 0 -675 0 -671 0 +671 1 *
Fa
0  1e-07 2 0

0101000
+670 0 *
Wi

0101100
+684 0 +679 0 -674 0 -671 0 *
Fa
0  1e-07 4 0

0101000
+668 0 *
Sh

0101100
+682 0 +677 0 -672 0 -669 0 +667 0 -667 1 *
So

0100000
+666 0 *
Ve
1e-07
17.957833336 1.84752575036582 -32.3028450670142
0 0

0101101
*
Ed
 1e-07 1 1 0
1  9 0 0 100
2  20 5 0 0 100
2  21 9 0 0 100
2  22 10 0 0 100
0

0101000
+664 0 -664 1 *
Ed
 1e-07 1 1 0
1  10 0 0 1
2  23 8 0 0 1
2  24 5 0 0 1
2  25 5 2 0 1
0

0101000
+681 0 -664 0 *
Wi

0101100
+680 0 -663 0 -662 0 +662 1 *
Fa
0  1e-07 5 0

0101000
+661 0 *
Ve
1e-07
17.957833336 1.84752575036582 30.1674322461058
0 0

0101101
*
Ed
 1e-07 1 1 0
1  11 0 0 100
2  26 7 0 0 100
2  27 11 0 0 100
2  28 10 0 0 100
0

0101000
+659 0 -659 1 *
Ed
 1e-07 1 1 0
1  12 0 0 62.47027731312
2  29 8 0 0 62.47027731312
2  30 12 0 0 62.47027731312
2  31 10 0 0 62.47027731312
2  32 10 2 0 62.47027731312
0

0101000
+659 0 -664 0 *
Wi

0101100
+658 0 -663 0 -657 0 +657 1 *
Fa
0  1e-07 10 0

0101000
+656 0 *
Ed
 1e-07 1 1 0
1  13 0 0 1
2  33 8 0 0 1
2  34 7 0 0 1
2  35 7 2 0 1
0

0101000
+676 0 -659 0 *
Wi

0101100
+675 0 -658 0 -654 0 +654 1 *
Fa
0  1e-07 7 0

0101000
+653 0 *
Wi

0101100
+674 0 +662 0 -657 0 -654 0 *
Fa
0  1e-07 8 0

0101000
+651 0 *
Sh

0101100
+672 0 +660 0 -655 0 -652 0 +650 0 -650 1 *
So

0100000
+649 0 *
Ve
1e-07
18.014651467279 2.75537534940386 -32.282983855974
0 0

0101101
*
Ed
 1e-07 1 1 0
1  14 0 0 100
2  36 9 0 0 100
2  37 13 0 0 100
2  38 14 0 0 100
0

0101000
+647 0 -647 1 *
Ed
 1e-07 1 1 0
1  15 0 0 1
2  39 12 0 0 1
2  40 9 0 0 1
2  41 9 2 0 1
0

0101000
+664 0 -647 0 *
Wi

0101100
+663 0 -646 0 -645 0 +645 1 *
Fa
0  1e-07 9 0

0101000
+644 0 *
Ve
1e-07
18.014651467279 2.75537534940386 30.187293457146
0 0

0101101
*
Ed
 1e-07 1 1 0
1  16 0 0 100
2  42 11 0 0 100
2  43 15 0 0 100
2  44 14 0 0 100
0

0101000
+642 0 -642 1 *
Ed
 1e-07 1 1 0
1  17 0 0 62.47027731312
2  45 12 0 0 62.47027731312
2  46 16 0 0 62.47027731312
2  47 14 0 0 62.47027731312
2  48 14 2 0 62.47027731312
0

0101000
+642 0 -647 0 *
Wi

0101100
+641 0 -646 0 -640 0 +640 1 *
Fa
0  1e-07 14 0

0101000
+639 0 *
Ed
 1e-07 1 1 0
1  18 0 0 1
2  49 12 0 0 1
2  50 11 0 0 1
2  51 11 2 0 1
0

0101000
+659 0 -642 0 *
Wi

0101100
+658 0 -641 0 -637 0 +637 1 *
Fa
0  1e-07 11 0

0101000
+636 0 *
Wi

0101100
+657 0 +645 0 -640 0 -637 0 *
Fa
0  1e-07 12 0

0101000
+634 0 *
Sh

0101100
+655 0 +643 0 -638 0 -635 0 +633 0 -633 1 *
So

0100000
+632 0 *
Ve
1e-07
18.4689261488534 3.46201612907587 -32.2553302594739
0 0

0101101
*
Ed
 1e-07 1 1 0
1  19 0 0 100
2  52 13 0 0 100
2  53 17 0 0 100
2  54 18 0 0 100
0

0101000
+630 0 -630 1 *
Ed
 1e-07 1 1 0
1  20 0 0 1
2  55 16 0 0 1
2  56 13 0 0 1
2  57 13 2 0 1
0

0101000
+647 0 -630 0 *
Wi

0101100
+646 0 -629 0 -628 0 +628 1 *
Fa
0  1e-07 13 0

0101000
+627 0 *
Ve
1e-07
18.4689261488534 3.46201612907587 30.2149470536461
0 0

0101101
*
Ed
 1e-07 1 1 0
1  21 0 0 100
2  58 15 0 0 100
2  59 19 0 0 100
2  60 18 0 0 100
0

0101000
+625 0 -625 1 *
Ed
 1e-07 1 1 0
1  22 0 0 62.47027731312
2  61 16 0 0 62.47027731312
2  62 20 0 0 62.47027731312
2  63 18 0 0 62.47027731312
2  64 18 2 0 62.47027731312
0

0101000
+625 0 -630 0 *
Wi

0101100
+624 0 -629 0 -623 0 +623 1 *
Fa
0  1e-07 18 0

0101000
+622 0 *
Ed
 1e-07 1 1 0
1  23 0 0 1
2  65 16 0 0 1
2  66 15 0 0 1
2  67 15 2 0 1
0

0101000
+642 0 -625 0 *
Wi

0101100
+641 0 -624 0 -620 0 +620 1 *
Fa
0  1e-07 15 0

0101000
+619 0 *
Wi

0101100
+640 0 +628 0 -623 0 -620 0 *
Fa
0  1e-07 16 0

0101000
+617 0 *
Sh

0101100
+638 0 +626 0 -621 0 -618 0 +616 0 -616 1 *
So

0100000
+615 0 *
Ve
1e-07
18.9231983771749 4.16865690874788 -32.2273565059565
0 0

0101101
*
Ed
 1e-07 1 1 0
1  24 0 0 100
2  68 17 0 0 100
2  69 21 0 0 100
2  70 22 0 0 100
0

0101000
+613 0 -613 1 *
Ed
 1e-07 1 1 0
1  25 0 0 1
2  71 20 0 0 1
2  72 17 0 0 1
2  73 17 2 0 1
0

0101000
+630 0 -613 0 *
Wi

0101100
+629 0 -612 0 -611 0 +611 1 *
Fa
0  1e-07 17 0

0101000
+610 0 *
Ve
1e-07
18.9231983771749 4.16865690874788 30.2429208071635
0 0

0101101
*
Ed
 1e-07 1 1 0
1  26 0 0 100
2  74 19 0 0 100
2  75 23 0 0 100
2  76 22 0 0 100
0

0101000
+608 0 -608 1 *
Ed
 1e-07 1 1 0
1  27 0 0 62.47027731312
2  77 20 0 0 62.47027731312
2  78 24 0 0 62.47027731312
2  79 22 0 0 62.47027731312
2  80 22 2 0 62.47027731312
0

0101000
+608 0 -613 0 *
Wi

0101100
+607 0 -612 0 -606 0 +606 1 *
Fa
0  1e-07 22 0

0101000
+605 0 *
Ed
 1e-07 1 1 0
1  28 0 0 1
2  81 20 0 0 1
2  82 19 0 0 1
2  83 19 2 0 1
0

0101000
+625 0 -608 0 *
Wi

0101100
+624 0 -607 0 -603 0 +603 1 *
Fa
0  1e-07 19 0

0101000
+602 0 *
Wi

0101100
+623 0 +611 0 -606 0 -603 0 *
Fa
0  1e-07 20 0

0101000
+600 0 *
Sh

0101100
+621 0 +609 0 -604 0 -601 0 +599 0 -599 1 *
So

0100000
+598 0 *
Ve
1e-07
19.3775772437068 4.87529768841989 -32.1990014884069
0 0

0101101
*
Ed
 1e-07 1 1 0
1  29 0 0 100
2  84 21 0 0 100
2  85 25 0 0 100
2  86 26 0 0 100
0

0101000
+596 0 -596 1 *
Ed
 1e-07 1 1 0
1  30 0 0 1
2  87 24 0 0 1
2  88 21 0 0 1
2  89 21 2 0 1
0

0101000
+613 0 -596 0 *
Wi

0101100
+612 0 -595 0 -594 0 +594 1 *
Fa
0  1e-07 21 0

0101000
+593 0 *
Ve
1e-07
19.3775772437068 4.87529768841989 30.2712758247131
0 0

0101101
*
Ed
 1e-07 1 1 0
1  31 0 0 100
2  90 23 0 0 100
2  91 27 0 0 100
2  92 26 0 0 100
0

0101000
+591 0 -591 1 *
Ed
 1e-07 1 1 0
1  32 0 0 62.47027731312
2  93 24 0 0 62.47027731312
2  94 28 0 0 62.47027731312
2  95 26 0 0 62.47027731312
2  96 26 2 0 62.47027731312
0

0101000
+591 0 -596 0 *
Wi

0101100
+590 0 -595 0 -589 0 +589 1 *
Fa
0  1e-07 26 0

0101000
+588 0 *
Ed
 1e-07 1 1 0
1  33 0 0 1
2  97 24 0 0 1
2  98 23 0 0 1
2  99 23 2 0 1
0

0101000
+608 0 -591 0 *
Wi

0101100
+607 0 -590 0 -586 0 +586 1 *
Fa
0  1e-07 23 0

0101000
+585 0 *
Wi

0101100
+606 0 +594 0 -589 0 -586 0 *
Fa
0  1e-07 24 0

0101000
+583 0 *
Sh

0101100
+604 0 +592 0 -587 0 -584 0 +582 0 -582 1 *
So

0100000
+581 0 *
Ve
1e-07
19.8319726937158 5.58193846809191 -32.1701716917034
0 0

0101101
*
Ed
 1e-07 1 1 0
1  34 0 0 100
2  100 25 0 0 100
2  101 29 0 0 100
2  102 30 0 0 100
0

0101000
+579 0 -579 1 *
Ed
 1e-07 1 1 0
1  35 0 0 1
2  103 28 0 0 1
2  104 25 0 0 1
2  105 25 2 0 1
0

0101000
+596 0 -579 0 *
Wi

0101100
+595 0 -578 0 -577 0 +577 1 *
Fa
0  1e-07 25 0

0101000
+576 0 *
Ve
1e-07
19.8319726937158 5.58193846809191 30.3001056214166
0 0

0101101
*
Ed
 1e-07 1 1 0
1  36 0 0 100
2  106 27 0 0 100
2  107 31 0 0 100
2  108 30 0 0 100
0

0101000
+574 0 -574 1 *
Ed
 1e-07 1 1 0
1  37 0 0 62.47027731312
2  109 28 0 0 62.47027731312
2  110 32 0 0 62.47027731312
2  111 30 0 0 62.47027731312
2  112 30 2 0 62.47027731312
0

0101000
+574 0 -579 0 *
Wi

0101100
+573 0 -578 0 -572 0 +572 1 *
Fa
0  1e-07 30 0

0101000
+571 0 *
Ed
 1e-07 1 1 0
1  38 0 0 1
2  113 28 0 0 1
2  114 27 0 0 1
2  115 27 2 0 1
0

0101000
+591 0 -574 0 *
Wi

0101100
+590 0 -573 0 -569 0 +569 1 *
Fa
0  1e-07 27 0

0101000
+568 0 *
Wi

0101100
+589 0 +577 0 -572 0 -569 0 *
Fa
0  1e-07 28 0

0101000
+566 0 *
Sh

0101100
+587 0 +575 0 -570 0 -567 0 +565 0 -565 1 *
So

0100000
+564 0 *
Ve
1e-07
20.2864168647448 6.28857924776392 -32.1407522143567
0 0

0101101
*
Ed
 1e-07 1 1 0
1  39 0 0 100
2  116 29 0 0 100
2  117 33 0 0 100
2  118 34 0 0 100
0

0101000
+562 0 -562 1 *
Ed
 1e-07 1 1 0
1  40 0 0 1
2  119 32 0 0 1
2  120 29 0 0 1
2  121 29 2 0 1
0

0101000
+579 0 -562 0 *
Wi

0101100
+578 0 -561 0 -560 0 +560 1 *
Fa
0  1e-07 29 0

0101000
+559 0 *
Ve
1e-07
20.2864168647448 6.28857924776392 30.3295250987633
0 0

0101101
*
Ed
 1e-07 1 1 0
1  41 0 0 100
2  122 31 0 0 100
2  123 35 0 0 100
2  124 34 0 0 100
0

0101000
+557 0 -557 1 *
Ed
 1e-07 1 1 0
1  42 0 0 62.47027731312
2  125 32 0 0 62.47027731312
2  126 36 0 0 62.47027731312
2  127 34 0 0 62.47027731312
2  128 34 2 0 62.47027731312
0

0101000
+557 0 -562 0 *
Wi

0101100
+556 0 -561 0 -555 0 +555 1 *
Fa
0  1e-07 34 0

0101000
+554 0 *
Ed
 1e-07 1 1 0
1  43 0 0 1
2  129 32 0 0 1
2  130 31 0 0 1
2  131 31 2 0 1
0

0101000
+574 0 -557 0 *
Wi

0101100
+573 0 -556 0 -552 0 +552 1 *
Fa
0  1e-07 31 0

0101000
+551 0 *
Wi

0101100
+572 0 +560 0 -555 0 -552 0 *
Fa
0  1e-07 32 0

0101000
+549 0 *
Sh

0101100
+570 0 +558 0 -553 0 -550 0 +548 0 -548 1 *
So

0100000
+547 0 *
Ve
1e-07
20.7408992325489 6.99521726599855 -32.1105847673285
0 0

0101101
*
Ed
 1e-07 1 1 0
1  44 0 0 100
2  132 33 0 0 100
2  133 37 0 0 100
2  134 38 0 0 100
0

0101000
+545 0 -545 1 *
Ed
 1e-07 1 1 0
1  45 0 0 1
2  135 36 0 0 1
2  136 33 0 0 1
2  137 33 2 0 1
0

0101000
+562 0 -545 0 *
Wi

0101100
+561 0 -544 0 -543 0 +543 1 *
Fa
0  1e-07 33 0

0101000
+542 0 *
Ve
1e-07
20.7408992325489 6.99521726599855 30.3596925457915
0 0

0101101
*
Ed
 1e-07 1 1 0
1  46 0 0 100
2  138 35 0 0 100
2  139 39 0 0 100
2  140 38 0 0 100
0

0101000
+540 0 -540 1 *
Ed
 1e-07 1 1 0
1  47 0 0 62.47027731312
2  141 36 0 0 62.47027731312
2  142 40 0 0 62.47027731312
2  143 38 0 0 62.47027731312
2  144 38 2 0 62.47027731312
0

0101000
+540 0 -545 0 *
Wi

0101100
+539 0 -544 0 -538 0 +538 1 *
Fa
0  1e-07 38 0

0101000
+537 0 *
Ed
 1e-07 1 1 0
1  48 0 0 1
2  145 36 0 0 1
2  146 35 0 0 1
2  147 35 2 0 1
0

0101000
+557 0 -540 0 *
Wi

0101100
+556 0 -539 0 -535 0 +535 1 *
Fa
0  1e-07 35 0

0101000
+534 0 *
Wi

0101100
+555 0 +543 0 -538 0 -535 0 *
Fa
0  1e-07 36 0

0101000
+532 0 *
Sh

0101100
+553 0 +541 0 -536 0 -533 0 +531 0 -531 1 *
So

0100000
+530 0 *
Ve
1e-07
21.1954501915441 7.70185804567056 -32.0794505404344
0 0

0101101
*
Ed
 1e-07 1 1 0
1  49 0 0 100
2  148 37 0 0 100
2  149 41 0 0 100
2  150 42 0 0 100
0

0101000
+528 0 -528 1 *
Ed
 1e-07 1 1 0
1  50 0 0 1
2  151 40 0 0 1
2  152 37 0 0 1
2  153 37 2 0 1
0

0101000
+545 0 -528 0 *
Wi

0101100
+544 0 -527 0 -526 0 +526 1 *
Fa
0  1e-07 37 0

0101000
+525 0 *
Ve
1e-07
21.1954501915441 7.70185804567056 30.3908267726856
0 0

0101101
*
Ed
 1e-07 1 1 0
1  51 0 0 100
2  154 39 0 0 100
2  155 43 0 0 100
2  156 42 0 0 100
0

0101000
+523 0 -523 1 *
Ed
 1e-07 1 1 0
1  52 0 0 62.47027731312
2  157 40 0 0 62.47027731312
2  158 44 0 0 62.47027731312
2  159 42 0 0 62.47027731312
2  160 42 2 0 62.47027731312
0

0101000
+523 0 -528 0 *
Wi

0101100
+522 0 -527 0 -521 0 +521 1 *
Fa
0  1e-07 42 0

0101000
+520 0 *
Ed
 1e-07 1 1 0
1  53 0 0 1
2  161 40 0 0 1
2  162 39 0 0 1
2  163 39 2 0 1
0

0101000
+540 0 -523 0 *
Wi

0101100
+539 0 -522 0 -518 0 +518 1 *
Fa
0  1e-07 39 0

0101000
+517 0 *
Wi

0101100
+538 0 +526 0 -521 0 -518 0 *
Fa
0  1e-07 40 0

0101000
+515 0 *
Sh

0101100
+536 0 +524 0 -519 0 -516 0 +514 0 -514 1 *
So

0100000
+513 0 *
Ve
1e-07
21.635514345319 8.3842561157642 -32.0310611128798
0 0

0101101
*
Ed
 1e-07 1 1 0
1  54 0 0 100
2  164 41 0 0 100
2  165 45 0 0 100
2  166 46 0 0 100
0

0101000
+511 0 -511 1 *
Ed
 1e-07 1 1 0
1  55 0 0 1
2  167 44 0 0 1
2  168 41 0 0 1
2  169 41 2 0 1
0

0101000
+528 0 -511 0 *
Wi

0101100
+527 0 -510 0 -509 0 +509 1 *
Fa
0  1e-07 41 0

0101000
+508 0 *
Ve
1e-07
21.635514345319 8.3842561157642 30.4392162002402
0 0

0101101
*
Ed
 1e-07 1 1 0
1  56 0 0 100
2  170 43 0 0 100
2  171 47 0 0 100
2  172 46 0 0 100
0

0101000
+506 0 -506 1 *
Ed
 1e-07 1 1 0
1  57 0 0 62.47027731312
2  173 44 0 0 62.47027731312
2  174 48 0 0 62.47027731312
2  175 46 0 0 62.47027731312
2  176 46 2 0 62.47027731312
0

0101000
+506 0 -511 0 *
Wi

0101100
+505 0 -510 0 -504 0 +504 1 *
Fa
0  1e-07 46 0

0101000
+503 0 *
Ed
 1e-07 1 1 0
1  58 0 0 1
2  177 44 0 0 1
2  178 43 0 0 1
2  179 43 2 0 1
0

0101000
+523 0 -506 0 *
Wi

0101100
+522 0 -505 0 -501 0 +501 1 *
Fa
0  1e-07 43 0

0101000
+500 0 *
Wi

0101100
+521 0 +509 0 -504 0 -501 0 *
Fa
0  1e-07 44 0

0101000
+498 0 *
Sh

0101100
+519 0 +507 0 -502 0 -499 0 +497 0 -497 1 *
So

0100000
+496 0 *
Ve
1e-07
21.8499385476791 8.71567546252555 -31.9927870642886
0 0

0101101
*
Ed
 1e-07 1 1 0
1  59 0 0 100
2  180 45 0 0 100
2  181 49 0 0 100
2  182 50 0 0 100
0

0101000
+494 0 -494 1 *
Ed
 1e-07 1 1 0
1  60 0 0 1
2  183 48 0 0 1
2  184 45 0 0 1
2  185 45 2 0 1
0

0101000
+511 0 -494 0 *
Wi

0101100
+510 0 -493 0 -492 0 +492 1 *
Fa
0  1e-07 45 0

0101000
+491 0 *
Ve
1e-07
21.8499385476791 8.71567546252555 30.4774902488314
0 0

0101101
*
Ed
 1e-07 1 1 0
1  61 0 0 100
2  186 47 0 0 100
2  187 51 0 0 100
2  188 50 0 0 100
0

0101000
+489 0 -489 1 *
Ed
 1e-07 1 1 0
1  62 0 0 62.47027731312
2  189 48 0 0 62.47027731312
2  190 52 0 0 62.47027731312
2  191 50 0 0 62.47027731312
2  192 50 2 0 62.47027731312
0

0101000
+489 0 -494 0 *
Wi

0101100
+488 0 -493 0 -487 0 +487 1 *
Fa
0  1e-07 50 0

0101000
+486 0 *
Ed
 1e-07 1 1 0
1  63 0 0 1
2  193 48 0 0 1
2  194 47 0 0 1
2  195 47 2 0 1
0

0101000
+506 0 -489 0 *
Wi

0101100
+505 0 -488 0 -484 0 +484 1 *
Fa
0  1e-07 47 0

0101000
+483 0 *
Wi

0101100
+504 0 +492 0 -487 0 -484 0 *
Fa
0  1e-07 48 0

0101000
+481 0 *
Sh

0101100
+502 0 +490 0 -485 0 -482 0 +480 0 -480 1 *
So

0100000
+479 0 *
Ve
1e-07
22.0479300037852 9.02206465656669 -31.9573964574686
0 0

0101101
*
Ed
 1e-07 1 1 0
1  64 0 0 100
2  196 49 0 0 100
2  197 53 0 0 100
2  198 54 0 0 100
0

0101000
+477 0 -477 1 *
Ed
 1e-07 1 1 0
1  65 0 0 1
2  199 52 0 0 1
2  200 49 0 0 1
2  201 49 2 0 1
0

0101000
+494 0 -477 0 *
Wi

0101100
+493 0 -476 0 -475 0 +475 1 *
Fa
0  1e-07 49 0

0101000
+474 0 *
Ve
1e-07
22.0479300037852 9.02206465656669 30.5128808556514
0 0

0101101
*
Ed
 1e-07 1 1 0
1  66 0 0 100
2  202 51 0 0 100
2  203 55 0 0 100
2  204 54 0 0 100
0

0101000
+472 0 -472 1 *
Ed
 1e-07 1 1 0
1  67 0 0 62.47027731312
2  205 52 0 0 62.47027731312
2  206 56 0 0 62.47027731312
2  207 54 0 0 62.47027731312
2  208 54 2 0 62.47027731312
0

0101000
+472 0 -477 0 *
Wi

0101100
+471 0 -476 0 -470 0 +470 1 *
Fa
0  1e-07 54 0

0101000
+469 0 *
Ed
 1e-07 1 1 0
1  68 0 0 1
2  209 52 0 0 1
2  210 51 0 0 1
2  211 51 2 0 1
0

0101000
+489 0 -472 0 *
Wi

0101100
+488 0 -471 0 -467 0 +467 1 *
Fa
0  1e-07 51 0

0101000
+466 0 *
Wi

0101100
+487 0 +475 0 -470 0 -467 0 *
Fa
0  1e-07 52 0

0101000
+464 0 *
Sh

0101100
+485 0 +473 0 -468 0 -465 0 +463 0 -463 1 *
So

0100000
+462 0 *
Ve
1e-07
22.4668201810584 9.67020725439175 -31.8825194597739
0 0

0101101
*
Ed
 1e-07 1 1 0
1  69 0 0 100
2  212 53 0 0 100
2  213 57 0 0 100
2  214 58 0 0 100
0

0101000
+460 0 -460 1 *
Ed
 1e-07 1 1 0
1  70 0 0 1
2  215 56 0 0 1
2  216 53 0 0 1
2  217 53 2 0 1
0

0101000
+477 0 -460 0 *
Wi

0101100
+476 0 -459 0 -458 0 +458 1 *
Fa
0  1e-07 53 0

0101000
+457 0 *
Ve
1e-07
22.4668201810584 9.67020725439175 30.5877578533461
0 0

0101101
*
Ed
 1e-07 1 1 0
1  71 0 0 100
2  218 55 0 0 100
2  219 59 0 0 100
2  220 58 0 0 100
0

0101000
+455 0 -455 1 *
Ed
 1e-07 1 1 0
1  72 0 0 62.47027731312
2  221 56 0 0 62.47027731312
2  222 60 0 0 62.47027731312
2  223 58 0 0 62.47027731312
2  224 58 2 0 62.47027731312
0

0101000
+455 0 -460 0 *
Wi

0101100
+454 0 -459 0 -453 0 +453 1 *
Fa
0  1e-07 58 0

0101000
+452 0 *
Ed
 1e-07 1 1 0
1  73 0 0 1
2  225 56 0 0 1
2  226 55 0 0 1
2  227 55 2 0 1
0

0101000
+472 0 -455 0 *
Wi

0101100
+471 0 -454 0 -450 0 +450 1 *
Fa
0  1e-07 55 0

0101000
+449 0 *
Wi

0101100
+470 0 +458 0 -453 0 -450 0 *
Fa
0  1e-07 56 0

0101000
+447 0 *
Sh

0101100
+468 0 +456 0 -451 0 -448 0 +446 0 -446 1 *
So

0100000
+445 0 *
Ve
1e-07
22.8856995509933 10.31835236781 -31.80762502681
0 0

0101101
*
Ed
 1e-07 1 1 0
1  74 0 0 100
2  228 57 0 0 100
2  229 61 0 0 100
2  230 62 0 0 100
0

0101000
+443 0 -443 1 *
Ed
 1e-07 1 1 0
1  75 0 0 1
2  231 60 0 0 1
2  232 57 0 0 1
2  233 57 2 0 1
0

0101000
+460 0 -443 0 *
Wi

0101100
+459 0 -442 0 -441 0 +441 1 *
Fa
0  1e-07 57 0

0101000
+440 0 *
Ve
1e-07
22.8856995509933 10.31835236781 30.66265228631
0 0

0101101
*
Ed
 1e-07 1 1 0
1  76 0 0 100
2  234 59 0 0 100
2  235 63 0 0 100
2  236 62 0 0 100
0

0101000
+438 0 -438 1 *
Ed
 1e-07 1 1 0
1  77 0 0 62.47027731312
2  237 60 0 0 62.47027731312
2  238 64 0 0 62.47027731312
2  239 62 0 0 62.47027731312
2  240 62 2 0 62.47027731312
0

0101000
+438 0 -443 0 *
Wi

0101100
+437 0 -442 0 -436 0 +436 1 *
Fa
0  1e-07 62 0

0101000
+435 0 *
Ed
 1e-07 1 1 0
1  78 0 0 1
2  241 60 0 0 1
2  242 59 0 0 1
2  243 59 2 0 1
0

0101000
+455 0 -438 0 *
Wi

0101100
+454 0 -437 0 -433 0 +433 1 *
Fa
0  1e-07 59 0

0101000
+432 0 *
Wi

0101100
+453 0 +441 0 -436 0 -433 0 *
Fa
0  1e-07 60 0

0101000
+430 0 *
Sh

0101100
+451 0 +439 0 -434 0 -431 0 +429 0 -429 1 *
So

0100000
+428 0 *
Ve
1e-07
23.3045684745777 10.9664949656351 -31.732712410741
0 0

0101101
*
Ed
 1e-07 1 1 0
1  79 0 0 100
2  244 61 0 0 100
2  245 65 0 0 100
2  246 66 0 0 100
0

0101000
+426 0 -426 1 *
Ed
 1e-07 1 1 0
1  80 0 0 1
2  247 64 0 0 1
2  248 61 0 0 1
2  249 61 2 0 1
0

0101000
+443 0 -426 0 *
Wi

0101100
+442 0 -425 0 -424 0 +424 1 *
Fa
0  1e-07 61 0

0101000
+423 0 *
Ve
1e-07
23.3045684745777 10.9664949656351 30.737564902379
0 0

0101101
*
Ed
 1e-07 1 1 0
1  81 0 0 100
2  250 63 0 0 100
2  251 67 0 0 100
2  252 66 0 0 100
0

0101000
+421 0 -421 1 *
Ed
 1e-07 1 1 0
1  82 0 0 62.47027731312
2  253 64 0 0 62.47027731312
2  254 68 0 0 62.47027731312
2  255 66 0 0 62.47027731312
2  256 66 2 0 62.47027731312
0

0101000
+421 0 -426 0 *
Wi

0101100
+420 0 -425 0 -419 0 +419 1 *
Fa
0  1e-07 66 0

0101000
+418 0 *
Ed
 1e-07 1 1 0
1  83 0 0 1
2  257 64 0 0 1
2  258 63 0 0 1
2  259 63 2 0 1
0

0101000
+438 0 -421 0 *
Wi

0101100
+437 0 -420 0 -416 0 +416 1 *
Fa
0  1e-07 63 0

0101000
+415 0 *
Wi

0101100
+436 0 +424 0 -419 0 -416 0 *
Fa
0  1e-07 64 0

0101000
+413 0 *
Sh

0101100
+434 0 +422 0 -417 0 -414 0 +412 0 -412 1 *
So

0100000
+411 0 *
Ve
1e-07
23.7234668740964 11.6146375634602 -31.6577801894651
0 0

0101101
*
Ed
 1e-07 1 1 0
1  84 0 0 100
2  260 65 0 0 100
2  261 69 0 0 100
2  262 70 0 0 100
0

0101000
+409 0 -409 1 *
Ed
 1e-07 1 1 0
1  85 0 0 1
2  263 68 0 0 1
2  264 65 0 0 1
2  265 65 2 0 1
0

0101000
+426 0 -409 0 *
Wi

0101100
+425 0 -408 0 -407 0 +407 1 *
Fa
0  1e-07 65 0

0101000
+406 0 *
Ve
1e-07
23.7234668740964 11.6146375634602 30.8124971236549
0 0

0101101
*
Ed
 1e-07 1 1 0
1  86 0 0 100
2  266 67 0 0 100
2  267 71 0 0 100
2  268 70 0 0 100
0

0101000
+404 0 -404 1 *
Ed
 1e-07 1 1 0
1  87 0 0 62.47027731312
2  269 68 0 0 62.47027731312
2  270 72 0 0 62.47027731312
2  271 70 0 0 62.47027731312
2  272 70 2 0 62.47027731312
0

0101000
+404 0 -409 0 *
Wi

0101100
+403 0 -408 0 -402 0 +402 1 *
Fa
0  1e-07 70 0

0101000
+401 0 *
Ed
 1e-07 1 1 0
1  88 0 0 1
2  273 68 0 0 1
2  274 67 0 0 1
2  275 67 2 0 1
0

0101000
+421 0 -404 0 *
Wi

0101100
+420 0 -403 0 -399 0 +399 1 *
Fa
0  1e-07 67 0

0101000
+398 0 *
Wi

0101100
+419 0 +407 0 -402 0 -399 0 *
Fa
0  1e-07 68 0

0101000
+396 0 *
Sh

0101100
+417 0 +405 0 -400 0 -397 0 +395 0 -395 1 *
So

0100000
+394 0 *
Ve
1e-07
24.1423494586856 12.2627826768785 -31.5828257776538
0 0

0101101
*
Ed
 1e-07 1 1 0
1  89 0 0 100
2  276 69 0 0 100
2  277 73 0 0 100
2  278 74 0 0 100
0

0101000
+392 0 -392 1 *
Ed
 1e-07 1 1 0
1  90 0 0 1
2  279 72 0 0 1
2  280 69 0 0 1
2  281 69 2 0 1
0

0101000
+409 0 -392 0 *
Wi

0101100
+408 0 -391 0 -390 0 +390 1 *
Fa
0  1e-07 69 0

0101000
+389 0 *
Ve
1e-07
24.1423494586856 12.2627826768785 30.8874515354662
0 0

0101101
*
Ed
 1e-07 1 1 0
1  91 0 0 100
2  282 71 0 0 100
2  283 75 0 0 100
2  284 74 0 0 100
0

0101000
+387 0 -387 1 *
Ed
 1e-07 1 1 0
1  92 0 0 62.47027731312
2  285 72 0 0 62.47027731312
2  286 76 0 0 62.47027731312
2  287 74 0 0 62.47027731312
2  288 74 2 0 62.47027731312
0

0101000
+387 0 -392 0 *
Wi

0101100
+386 0 -391 0 -385 0 +385 1 *
Fa
0  1e-07 74 0

0101000
+384 0 *
Ed
 1e-07 1 1 0
1  93 0 0 1
2  289 72 0 0 1
2  290 71 0 0 1
2  291 71 2 0 1
0

0101000
+404 0 -387 0 *
Wi

0101100
+403 0 -386 0 -382 0 +382 1 *
Fa
0  1e-07 71 0

0101000
+381 0 *
Wi

0101100
+402 0 +390 0 -385 0 -382 0 *
Fa
0  1e-07 72 0

0101000
+379 0 *
Sh

0101100
+400 0 +388 0 -383 0 -380 0 +378 0 -378 1 *
So

0100000
+377 0 *
Ve
1e-07
24.5612032021701 12.9109252747035 -31.5078477723501
0 0

0101101
*
Ed
 1e-07 1 1 0
1  94 0 0 100
2  292 73 0 0 100
2  293 77 0 0 100
2  294 78 0 0 100
0

0101000
+375 0 -375 1 *
Ed
 1e-07 1 1 0
1  95 0 0 1
2  295 76 0 0 1
2  296 73 0 0 1
2  297 73 2 0 1
0

0101000
+392 0 -375 0 *
Wi

0101100
+391 0 -374 0 -373 0 +373 1 *
Fa
0  1e-07 73 0

0101000
+372 0 *
Ve
1e-07
24.5612032021701 12.9109252747035 30.9624295407699
0 0

0101101
*
Ed
 1e-07 1 1 0
1  96 0 0 100
2  298 75 0 0 100
2  299 79 0 0 100
2  300 78 0 0 100
0

0101000
+370 0 -370 1 *
Ed
 1e-07 1 1 0
1  97 0 0 62.47027731312
2  301 76 0 0 62.47027731312
2  302 80 0 0 62.47027731312
2  303 78 0 0 62.47027731312
2  304 78 2 0 62.47027731312
0

0101000
+370 0 -375 0 *
Wi

0101100
+369 0 -374 0 -368 0 +368 1 *
Fa
0  1e-07 78 0

0101000
+367 0 *
Ed
 1e-07 1 1 0
1  98 0 0 1
2  305 76 0 0 1
2  306 75 0 0 1
2  307 75 2 0 1
0

0101000
+387 0 -370 0 *
Wi

0101100
+386 0 -369 0 -365 0 +365 1 *
Fa
0  1e-07 75 0

0101000
+364 0 *
Wi

0101100
+385 0 +373 0 -368 0 -365 0 *
Fa
0  1e-07 76 0

0101000
+362 0 *
Sh

0101100
+383 0 +371 0 -366 0 -363 0 +361 0 -361 1 *
So

0100000
+360 0 *
Ve
1e-07
24.9800887733791 13.5590703881218 -31.4328438943604
0 0

0101101
*
Ed
 1e-07 1 1 0
1  99 0 0 100
2  308 77 0 0 100
2  309 81 0 0 100
2  310 82 0 0 100
0

0101000
+358 0 -358 1 *
Ed
 1e-07 1 1 0
1  100 0 0 1
2  311 80 0 0 1
2  312 77 0 0 1
2  313 77 2 0 1
0

0101000
+375 0 -358 0 *
Wi

0101100
+374 0 -357 0 -356 0 +356 1 *
Fa
0  1e-07 77 0

0101000
+355 0 *
Ve
1e-07
24.9800887733791 13.5590703881218 31.0374334187596
0 0

0101101
*
Ed
 1e-07 1 1 0
1  101 0 0 100
2  314 79 0 0 100
2  315 83 0 0 100
2  316 82 0 0 100
0

0101000
+353 0 -353 1 *
Ed
 1e-07 1 1 0
1  102 0 0 62.47027731312
2  317 80 0 0 62.47027731312
2  318 84 0 0 62.47027731312
2  319 82 0 0 62.47027731312
2  320 82 2 0 62.47027731312
0

0101000
+353 0 -358 0 *
Wi

0101100
+352 0 -357 0 -351 0 +351 1 *
Fa
0  1e-07 82 0

0101000
+350 0 *
Ed
 1e-07 1 1 0
1  103 0 0 1
2  321 80 0 0 1
2  322 79 0 0 1
2  323 79 2 0 1
0

0101000
+370 0 -353 0 *
Wi

0101100
+369 0 -352 0 -348 0 +348 1 *
Fa
0  1e-07 79 0

0101000
+347 0 *
Wi

0101100
+368 0 +356 0 -351 0 -348 0 *
Fa
0  1e-07 80 0

0101000
+345 0 *
Sh

0101100
+366 0 +354 0 -349 0 -346 0 +344 0 -344 1 *
So

0100000
+343 0 *
Ve
1e-07
25.398977525287 14.2072129859469 -31.3578119762977
0 0

0101101
*
Ed
 1e-07 1 1 0
1  104 0 0 100
2  324 81 0 0 100
2  325 85 0 0 100
2  326 86 0 0 100
0

0101000
+341 0 -341 1 *
Ed
 1e-07 1 1 0
1  105 0 0 1
2  327 84 0 0 1
2  328 81 0 0 1
2  329 81 2 0 1
0

0101000
+358 0 -341 0 *
Wi

0101100
+357 0 -340 0 -339 0 +339 1 *
Fa
0  1e-07 81 0

0101000
+338 0 *
Ve
1e-07
25.398977525287 14.2072129859469 31.1124653368223
0 0

0101101
*
Ed
 1e-07 1 1 0
1  106 0 0 100
2  330 83 0 0 100
2  331 87 0 0 100
2  332 86 0 0 100
0

0101000
+336 0 -336 1 *
Ed
 1e-07 1 1 0
1  107 0 0 62.47027731312
2  333 84 0 0 62.47027731312
2  334 88 0 0 62.47027731312
2  335 86 0 0 62.47027731312
2  336 86 2 0 62.47027731312
0

0101000
+336 0 -341 0 *
Wi

0101100
+335 0 -340 0 -334 0 +334 1 *
Fa
0  1e-07 86 0

0101000
+333 0 *
Ed
 1e-07 1 1 0
1  108 0 0 1
2  337 84 0 0 1
2  338 83 0 0 1
2  339 83 2 0 1
0

0101000
+353 0 -336 0 *
Wi

0101100
+352 0 -335 0 -331 0 +331 1 *
Fa
0  1e-07 83 0

0101000
+330 0 *
Wi

0101100
+351 0 +339 0 -334 0 -331 0 *
Fa
0  1e-07 84 0

0101000
+328 0 *
Sh

0101100
+349 0 +337 0 -332 0 -329 0 +327 0 -327 1 *
So

0100000
+326 0 *
Ve
1e-07
25.817874775202 14.8553555837719 -31.2827489026131
0 0

0101101
*
Ed
 1e-07 1 1 0
1  109 0 0 100
2  340 85 0 0 100
2  341 89 0 0 100
2  342 90 0 0 100
0

0101000
+324 0 -324 1 *
Ed
 1e-07 1 1 0
1  110 0 0 1
2  343 88 0 0 1
2  344 85 0 0 1
2  345 85 2 0 1
0

0101000
+341 0 -324 0 *
Wi

0101100
+340 0 -323 0 -322 0 +322 1 *
Fa
0  1e-07 85 0

0101000
+321 0 *
Ve
1e-07
25.817874775202 14.8553555837719 31.1875284105069
0 0

0101101
*
Ed
 1e-07 1 1 0
1  111 0 0 100
2  346 87 0 0 100
2  347 91 0 0 100
2  348 90 0 0 100
0

0101000
+319 0 -319 1 *
Ed
 1e-07 1 1 0
1  112 0 0 62.47027731312
2  349 88 0 0 62.47027731312
2  350 92 0 0 62.47027731312
2  351 90 0 0 62.47027731312
2  352 90 2 0 62.47027731312
0

0101000
+319 0 -324 0 *
Wi

0101100
+318 0 -323 0 -317 0 +317 1 *
Fa
0  1e-07 90 0

0101000
+316 0 *
Ed
 1e-07 1 1 0
1  113 0 0 1
2  353 88 0 0 1
2  354 87 0 0 1
2  355 87 2 0 1
0

0101000
+336 0 -319 0 *
Wi

0101100
+335 0 -318 0 -314 0 +314 1 *
Fa
0  1e-07 87 0

0101000
+313 0 *
Wi

0101100
+334 0 +322 0 -317 0 -314 0 *
Fa
0  1e-07 88 0

0101000
+311 0 *
Sh

0101100
+332 0 +320 0 -315 0 -312 0 +310 0 -310 1 *
So

0100000
+309 0 *
Ve
1e-07
26.2367769058813 15.5035006971902 -31.207651120532
0 0

0101101
*
Ed
 1e-07 1 1 0
1  114 0 0 100
2  356 89 0 0 100
2  357 93 0 0 100
2  358 94 0 0 100
0

0101000
+307 0 -307 1 *
Ed
 1e-07 1 1 0
1  115 0 0 1
2  359 92 0 0 1
2  360 89 0 0 1
2  361 89 2 0 1
0

0101000
+324 0 -307 0 *
Wi

0101100
+323 0 -306 0 -305 0 +305 1 *
Fa
0  1e-07 89 0

0101000
+304 0 *
Ve
1e-07
26.2367769058813 15.5035006971902 31.262626192588
0 0

0101101
*
Ed
 1e-07 1 1 0
1  116 0 0 100
2  362 91 0 0 100
2  363 95 0 0 100
2  364 94 0 0 100
0

0101000
+302 0 -302 1 *
Ed
 1e-07 1 1 0
1  117 0 0 62.47027731312
2  365 92 0 0 62.47027731312
2  366 96 0 0 62.47027731312
2  367 94 0 0 62.47027731312
2  368 94 2 0 62.47027731312
0

0101000
+302 0 -307 0 *
Wi

0101100
+301 0 -306 0 -300 0 +300 1 *
Fa
0  1e-07 94 0

0101000
+299 0 *
Ed
 1e-07 1 1 0
1  118 0 0 1
2  369 92 0 0 1
2  370 91 0 0 1
2  371 91 2 0 1
0

0101000
+319 0 -302 0 *
Wi

0101100
+318 0 -301 0 -297 0 +297 1 *
Fa
0  1e-07 91 0

0101000
+296 0 *
Wi

0101100
+317 0 +305 0 -300 0 -297 0 *
Fa
0  1e-07 92 0

0101000
+294 0 *
Sh

0101100
+315 0 +303 0 -298 0 -295 0 +293 0 -293 1 *
So

0100000
+292 0 *
Ve
1e-07
26.6556666319282 16.1516432950153 -31.1325155152619
0 0

0101101
*
Ed
 1e-07 1 1 0
1  119 0 0 100
2  372 93 0 0 100
2  373 97 0 0 100
2  374 98 0 0 100
0

0101000
+290 0 -290 1 *
Ed
 1e-07 1 1 0
1  120 0 0 1
2  375 96 0 0 1
2  376 93 0 0 1
2  377 93 2 0 1
0

0101000
+307 0 -290 0 *
Wi

0101100
+306 0 -289 0 -288 0 +288 1 *
Fa
0  1e-07 93 0

0101000
+287 0 *
Ve
1e-07
26.6556666319282 16.1516432950153 31.3377617978581
0 0

0101101
*
Ed
 1e-07 1 1 0
1  121 0 0 100
2  378 95 0 0 100
2  379 99 0 0 100
2  380 98 0 0 100
0

0101000
+285 0 -285 1 *
Ed
 1e-07 1 1 0
1  122 0 0 62.47027731312
2  381 96 0 0 62.47027731312
2  382 100 0 0 62.47027731312
2  383 98 0 0 62.47027731312
2  384 98 2 0 62.47027731312
0

0101000
+285 0 -290 0 *
Wi

0101100
+284 0 -289 0 -283 0 +283 1 *
Fa
0  1e-07 98 0

0101000
+282 0 *
Ed
 1e-07 1 1 0
1  123 0 0 1
2  385 96 0 0 1
2  386 95 0 0 1
2  387 95 2 0 1
0

0101000
+302 0 -285 0 *
Wi

0101100
+301 0 -284 0 -280 0 +280 1 *
Fa
0  1e-07 95 0

0101000
+279 0 *
Wi

0101100
+300 0 +288 0 -283 0 -280 0 *
Fa
0  1e-07 96 0

0101000
+277 0 *
Sh

0101100
+298 0 +286 0 -281 0 -278 0 +276 0 -276 1 *
So

0100000
+275 0 *
Ve
1e-07
27.0745543827425 16.7997884084336 -31.0573373490664
0 0

0101101
*
Ed
 1e-07 1 1 0
1  124 0 0 100
2  388 97 0 0 100
2  389 101 0 0 100
2  390 102 0 0 100
0

0101000
+273 0 -273 1 *
Ed
 1e-07 1 1 0
1  125 0 0 1
2  391 100 0 0 1
2  392 97 0 0 1
2  393 97 2 0 1
0

0101000
+290 0 -273 0 *
Wi

0101100
+289 0 -272 0 -271 0 +271 1 *
Fa
0  1e-07 97 0

0101000
+270 0 *
Ve
1e-07
27.0745543827425 16.7997884084336 31.4129399640536
0 0

0101101
*
Ed
 1e-07 1 1 0
1  126 0 0 100
2  394 99 0 0 100
2  395 103 0 0 100
2  396 102 0 0 100
0

0101000
+268 0 -268 1 *
Ed
 1e-07 1 1 0
1  127 0 0 62.47027731312
2  397 100 0 0 62.47027731312
2  398 104 0 0 62.47027731312
2  399 102 0 0 62.47027731312
2  400 102 2 0 62.47027731312
0

0101000
+268 0 -273 0 *
Wi

0101100
+267 0 -272 0 -266 0 +266 1 *
Fa
0  1e-07 102 0

0101000
+265 0 *
Ed
 1e-07 1 1 0
1  128 0 0 1
2  401 100 0 0 1
2  402 99 0 0 1
2  403 99 2 0 1
0

0101000
+285 0 -268 0 *
Wi

0101100
+284 0 -267 0 -263 0 +263 1 *
Fa
0  1e-07 99 0

0101000
+262 0 *
Wi

0101100
+283 0 +271 0 -266 0 -263 0 *
Fa
0  1e-07 100 0

0101000
+260 0 *
Sh

0101100
+281 0 +269 0 -264 0 -261 0 +259 0 -259 1 *
So

0100000
+258 0 *
Ve
1e-07
27.4934600954874 17.4479310062587 -30.9821123218875
0 0

0101101
*
Ed
 1e-07 1 1 0
1  129 0 0 100
2  404 101 0 0 100
2  405 105 0 0 100
2  406 106 0 0 100
0

0101000
+256 0 -256 1 *
Ed
 1e-07 1 1 0
1  130 0 0 1
2  407 104 0 0 1
2  408 101 0 0 1
2  409 101 2 0 1
0

0101000
+273 0 -256 0 *
Wi

0101100
+272 0 -255 0 -254 0 +254 1 *
Fa
0  1e-07 101 0

0101000
+253 0 *
Ve
1e-07
27.4934600954874 17.4479310062587 31.4881649912325
0 0

0101101
*
Ed
 1e-07 1 1 0
1  131 0 0 100
2  410 103 0 0 100
2  411 107 0 0 100
2  412 106 0 0 100
0

0101000
+251 0 -251 1 *
Ed
 1e-07 1 1 0
1  132 0 0 62.47027731312
2  413 104 0 0 62.47027731312
2  414 108 0 0 62.47027731312
2  415 106 0 0 62.47027731312
2  416 106 2 0 62.47027731312
0

0101000
+251 0 -256 0 *
Wi

0101100
+250 0 -255 0 -249 0 +249 1 *
Fa
0  1e-07 106 0

0101000
+248 0 *
Ed
 1e-07 1 1 0
1  133 0 0 1
2  417 104 0 0 1
2  418 103 0 0 1
2  419 103 2 0 1
0

0101000
+268 0 -251 0 *
Wi

0101100
+267 0 -250 0 -246 0 +246 1 *
Fa
0  1e-07 103 0

0101000
+245 0 *
Wi

0101100
+266 0 +254 0 -249 0 -246 0 *
Fa
0  1e-07 104 0

0101000
+243 0 *
Sh

0101100
+264 0 +252 0 -247 0 -244 0 +242 0 -242 1 *
So

0100000
+241 0 *
Ve
1e-07
27.9123624854567 18.0960736040837 -30.9068345129623
0 0

0101101
*
Ed
 1e-07 1 1 0
1  134 0 0 100
2  420 105 0 0 100
2  421 109 0 0 100
2  422 110 0 0 100
0

0101000
+239 0 -239 1 *
Ed
 1e-07 1 1 0
1  135 0 0 1
2  423 108 0 0 1
2  424 105 0 0 1
2  425 105 2 0 1
0

0101000
+256 0 -239 0 *
Wi

0101100
+255 0 -238 0 -237 0 +237 1 *
Fa
0  1e-07 105 0

0101000
+236 0 *
Ve
1e-07
27.9123624854567 18.0960736040837 31.5634428001577
0 0

0101101
*
Ed
 1e-07 1 1 0
1  136 0 0 100
2  426 107 0 0 100
2  427 111 0 0 100
2  428 110 0 0 100
0

0101000
+234 0 -234 1 *
Ed
 1e-07 1 1 0
1  137 0 0 62.47027731312
2  429 108 0 0 62.47027731312
2  430 112 0 0 62.47027731312
2  431 110 0 0 62.47027731312
2  432 110 2 0 62.47027731312
0

0101000
+234 0 -239 0 *
Wi

0101100
+233 0 -238 0 -232 0 +232 1 *
Fa
0  1e-07 110 0

0101000
+231 0 *
Ed
 1e-07 1 1 0
1  138 0 0 1
2  433 108 0 0 1
2  434 107 0 0 1
2  435 107 2 0 1
0

0101000
+251 0 -234 0 *
Wi

0101100
+250 0 -233 0 -229 0 +229 1 *
Fa
0  1e-07 107 0

0101000
+228 0 *
Wi

0101100
+249 0 +237 0 -232 0 -229 0 *
Fa
0  1e-07 108 0

0101000
+226 0 *
Sh

0101100
+247 0 +235 0 -230 0 -227 0 +225 0 -225 1 *
So

0100000
+224 0 *
Ve
1e-07
28.3312808242534 18.744218717502 -30.8314969794045
0 0

0101101
*
Ed
 1e-07 1 1 0
1  139 0 0 100
2  436 109 0 0 100
2  437 113 0 0 100
2  438 114 0 0 100
0

0101000
+222 0 -222 1 *
Ed
 1e-07 1 1 0
1  140 0 0 1
2  439 112 0 0 1
2  440 109 0 0 1
2  441 109 2 0 1
0

0101000
+239 0 -222 0 *
Wi

0101100
+238 0 -221 0 -220 0 +220 1 *
Fa
0  1e-07 109 0

0101000
+219 0 *
Ve
1e-07
28.3312808242534 18.744218717502 31.6387803337156
0 0

0101101
*
Ed
 1e-07 1 1 0
1  141 0 0 100
2  442 111 0 0 100
2  443 115 0 0 100
2  444 114 0 0 100
0

0101000
+217 0 -217 1 *
Ed
 1e-07 1 1 0
1  142 0 0 62.47027731312
2  445 112 0 0 62.47027731312
2  446 116 0 0 62.47027731312
2  447 114 0 0 62.47027731312
2  448 114 2 0 62.47027731312
0

0101000
+217 0 -222 0 *
Wi

0101100
+216 0 -221 0 -215 0 +215 1 *
Fa
0  1e-07 114 0

0101000
+214 0 *
Ed
 1e-07 1 1 0
1  143 0 0 1
2  449 112 0 0 1
2  450 111 0 0 1
2  451 111 2 0 1
0

0101000
+234 0 -217 0 *
Wi

0101100
+233 0 -216 0 -212 0 +212 1 *
Fa
0  1e-07 111 0

0101000
+211 0 *
Wi

0101100
+232 0 +220 0 -215 0 -212 0 *
Fa
0  1e-07 112 0

0101000
+209 0 *
Sh

0101100
+230 0 +218 0 -213 0 -210 0 +208 0 -208 1 *
So

0100000
+207 0 *
Ve
1e-07
28.7501814873805 19.3923613153271 -30.7560928000347
0 0

0101101
*
Ed
 1e-07 1 1 0
1  144 0 0 100
2  452 113 0 0 100
2  453 117 0 0 100
2  454 118 0 0 100
0

0101000
+205 0 -205 1 *
Ed
 1e-07 1 1 0
1  145 0 0 1
2  455 116 0 0 1
2  456 113 0 0 1
2  457 113 2 0 1
0

0101000
+222 0 -205 0 *
Wi

0101100
+221 0 -204 0 -203 0 +203 1 *
Fa
0  1e-07 113 0

0101000
+202 0 *
Ve
1e-07
28.7501814873805 19.3923613153271 31.7141845130853
0 0

0101101
*
Ed
 1e-07 1 1 0
1  146 0 0 100
2  458 115 0 0 100
2  459 119 0 0 100
2  460 118 0 0 100
0

0101000
+200 0 -200 1 *
Ed
 1e-07 1 1 0
1  147 0 0 62.47027731312
2  461 116 0 0 62.47027731312
2  462 120 0 0 62.47027731312
2  463 118 0 0 62.47027731312
2  464 118 2 0 62.47027731312
0

0101000
+200 0 -205 0 *
Wi

0101100
+199 0 -204 0 -198 0 +198 1 *
Fa
0  1e-07 118 0

0101000
+197 0 *
Ed
 1e-07 1 1 0
1  148 0 0 1
2  465 116 0 0 1
2  466 115 0 0 1
2  467 115 2 0 1
0

0101000
+217 0 -200 0 *
Wi

0101100
+216 0 -199 0 -195 0 +195 1 *
Fa
0  1e-07 115 0

0101000
+194 0 *
Wi

0101100
+215 0 +203 0 -198 0 -195 0 *
Fa
0  1e-07 116 0

0101000
+192 0 *
Sh

0101100
+213 0 +201 0 -196 0 -193 0 +191 0 -191 1 *
So

0100000
+190 0 *
Ve
1e-07
29.1691177451237 20.040505686858 -30.6806429290597
0 0

0101101
*
Ed
 1e-07 1 1 0
1  149 0 0 100
2  468 117 0 0 100
2  469 121 0 0 100
2  470 122 0 0 100
0

0101000
+188 0 -188 1 *
Ed
 1e-07 1 1 0
1  150 0 0 1
2  471 120 0 0 1
2  472 117 0 0 1
2  473 117 2 0 1
0

0101000
+205 0 -188 0 *
Wi

0101100
+204 0 -187 0 -186 0 +186 1 *
Fa
0  1e-07 117 0

0101000
+185 0 *
Ve
1e-07
29.1691177451237 20.040505686858 31.7896343840603
0 0

0101101
*
Ed
 1e-07 1 1 0
1  151 0 0 100
2  474 119 0 0 100
2  475 123 0 0 100
2  476 122 0 0 100
0

0101000
+183 0 -183 1 *
Ed
 1e-07 1 1 0
1  152 0 0 62.47027731312
2  477 120 0 0 62.47027731312
2  478 124 0 0 62.47027731312
2  479 122 0 0 62.47027731312
2  480 122 2 0 62.47027731312
0

0101000
+183 0 -188 0 *
Wi

0101100
+182 0 -187 0 -181 0 +181 1 *
Fa
0  1e-07 122 0

0101000
+180 0 *
Ed
 1e-07 1 1 0
1  153 0 0 1
2  481 120 0 0 1
2  482 119 0 0 1
2  483 119 2 0 1
0

0101000
+200 0 -183 0 *
Wi

0101100
+199 0 -182 0 -178 0 +178 1 *
Fa
0  1e-07 119 0

0101000
+177 0 *
Wi

0101100
+198 0 +186 0 -181 0 -178 0 *
Fa
0  1e-07 120 0

0101000
+175 0 *
Sh

0101100
+196 0 +184 0 -179 0 -176 0 +174 0 -174 1 *
So

0100000
+173 0 *
Ve
1e-07
29.281050638754 20.2137293815229 -30.6607181750692
0 0

0101101
*
Ed
 1e-07 1 1 0
1  154 0 0 100
2  484 121 0 0 100
2  485 125 0 0 100
2  486 126 0 0 100
0

0101000
+171 0 -171 1 *
Ed
 1e-07 1 1 0
1  155 0 0 1
2  487 124 0 0 1
2  488 121 0 0 1
2  489 121 2 0 1
0

0101000
+188 0 -171 0 *
Wi

0101100
+187 0 -170 0 -169 0 +169 1 *
Fa
0  1e-07 121 0

0101000
+168 0 *
Ve
1e-07
29.281050638754 20.2137293815229 31.8095591380508
0 0

0101101
*
Ed
 1e-07 1 1 0
1  156 0 0 100
2  490 123 0 0 100
2  491 127 0 0 100
2  492 126 0 0 100
0

0101000
+166 0 -166 1 *
Ed
 1e-07 1 1 0
1  157 0 0 62.47027731312
2  493 124 0 0 62.47027731312
2  494 128 0 0 62.47027731312
2  495 126 0 0 62.47027731312
2  496 126 2 0 62.47027731312
0

0101000
+166 0 -171 0 *
Wi

0101100
+165 0 -170 0 -164 0 +164 1 *
Fa
0  1e-07 126 0

0101000
+163 0 *
Ed
 1e-07 1 1 0
1  158 0 0 1
2  497 124 0 0 1
2  498 123 0 0 1
2  499 123 2 0 1
0

0101000
+183 0 -166 0 *
Wi

0101100
+182 0 -165 0 -161 0 +161 1 *
Fa
0  1e-07 123 0

0101000
+160 0 *
Wi

0101100
+181 0 +169 0 -164 0 -161 0 *
Fa
0  1e-07 124 0

0101000
+158 0 *
Sh

0101100
+179 0 +167 0 -162 0 -159 0 +157 0 -157 1 *
So

0100000
+156 0 *
Ve
1e-07
29.5882791023671 20.6887070717319 -30.6060402295376
0 0

0101101
*
Ed
 1e-07 1 1 0
1  159 0 0 100
2  500 125 0 0 100
2  501 129 0 0 100
2  502 130 0 0 100
0

0101000
+154 0 -154 1 *
Ed
 1e-07 1 1 0
1  160 0 0 1
2  503 128 0 0 1
2  504 125 0 0 1
2  505 125 2 0 1
0

0101000
+171 0 -154 0 *
Wi

0101100
+170 0 -153 0 -152 0 +152 1 *
Fa
0  1e-07 125 0

0101000
+151 0 *
Ve
1e-07
29.5882791023671 20.6887070717319 31.8642370835824
0 0

0101101
*
Ed
 1e-07 1 1 0
1  161 0 0 100
2  506 127 0 0 100
2  507 131 0 0 100
2  508 130 0 0 100
0

0101000
+149 0 -149 1 *
Ed
 1e-07 1 1 0
1  162 0 0 62.47027731312
2  509 128 0 0 62.47027731312
2  510 132 0 0 62.47027731312
2  511 130 0 0 62.47027731312
2  512 130 2 0 62.47027731312
0

0101000
+149 0 -154 0 *
Wi

0101100
+148 0 -153 0 -147 0 +147 1 *
Fa
0  1e-07 130 0

0101000
+146 0 *
Ed
 1e-07 1 1 0
1  163 0 0 1
2  513 128 0 0 1
2  514 127 0 0 1
2  515 127 2 0 1
0

0101000
+166 0 -149 0 *
Wi

0101100
+165 0 -148 0 -144 0 +144 1 *
Fa
0  1e-07 127 0

0101000
+143 0 *
Wi

0101100
+164 0 +152 0 -147 0 -144 0 *
Fa
0  1e-07 128 0

0101000
+141 0 *
Sh

0101100
+162 0 +150 0 -145 0 -142 0 +140 0 -140 1 *
So

0100000
+139 0 *
Ve
1e-07
30.0075440988195 21.3369059407942 -30.5313157007062
0 0

0101101
*
Ed
 1e-07 1 1 0
1  164 0 0 100
2  516 129 0 0 100
2  517 133 0 0 100
2  518 134 0 0 100
0

0101000
+137 0 -137 1 *
Ed
 1e-07 1 1 0
1  165 0 0 1
2  519 132 0 0 1
2  520 129 0 0 1
2  521 129 2 0 1
0

0101000
+154 0 -137 0 *
Wi

0101100
+153 0 -136 0 -135 0 +135 1 *
Fa
0  1e-07 129 0

0101000
+134 0 *
Ve
1e-07
30.0075440988195 21.3369059407942 31.9389616124138
0 0

0101101
*
Ed
 1e-07 1 1 0
1  166 0 0 100
2  522 131 0 0 100
2  523 135 0 0 100
2  524 134 0 0 100
0

0101000
+132 0 -132 1 *
Ed
 1e-07 1 1 0
1  167 0 0 62.47027731312
2  525 132 0 0 62.47027731312
2  526 136 0 0 62.47027731312
2  527 134 0 0 62.47027731312
2  528 134 2 0 62.47027731312
0

0101000
+132 0 -137 0 *
Wi

0101100
+131 0 -136 0 -130 0 +130 1 *
Fa
0  1e-07 134 0

0101000
+129 0 *
Ed
 1e-07 1 1 0
1  168 0 0 1
2  529 132 0 0 1
2  530 131 0 0 1
2  531 131 2 0 1
0

0101000
+149 0 -132 0 *
Wi

0101100
+148 0 -131 0 -127 0 +127 1 *
Fa
0  1e-07 131 0

0101000
+126 0 *
Wi

0101100
+147 0 +135 0 -130 0 -127 0 *
Fa
0  1e-07 132 0

0101000
+124 0 *
Sh

0101100
+145 0 +133 0 -128 0 -125 0 +123 0 -123 1 *
So

0100000
+122 0 *
Ve
1e-07
30.4268245376324 21.9851073256682 -30.4564507726504
0 0

0101101
*
Ed
 1e-07 1 1 0
1  169 0 0 100
2  532 133 0 0 100
2  533 137 0 0 100
2  534 138 0 0 100
0

0101000
+120 0 -120 1 *
Ed
 1e-07 1 1 0
1  170 0 0 1
2  535 136 0 0 1
2  536 133 0 0 1
2  537 133 2 0 1
0

0101000
+137 0 -120 0 *
Wi

0101100
+136 0 -119 0 -118 0 +118 1 *
Fa
0  1e-07 133 0

0101000
+117 0 *
Ve
1e-07
30.4268245376324 21.9851073256682 32.0138265404696
0 0

0101101
*
Ed
 1e-07 1 1 0
1  171 0 0 100
2  538 135 0 0 100
2  539 139 0 0 100
2  540 138 0 0 100
0

0101000
+115 0 -115 1 *
Ed
 1e-07 1 1 0
1  172 0 0 62.47027731312
2  541 136 0 0 62.47027731312
2  542 140 0 0 62.47027731312
2  543 138 0 0 62.47027731312
2  544 138 2 0 62.47027731312
0

0101000
+115 0 -120 0 *
Wi

0101100
+114 0 -119 0 -113 0 +113 1 *
Fa
0  1e-07 138 0

0101000
+112 0 *
Ed
 1e-07 1 1 0
1  173 0 0 1
2  545 136 0 0 1
2  546 135 0 0 1
2  547 135 2 0 1
0

0101000
+132 0 -115 0 *
Wi

0101100
+131 0 -114 0 -110 0 +110 1 *
Fa
0  1e-07 135 0

0101000
+109 0 *
Wi

0101100
+130 0 +118 0 -113 0 -110 0 *
Fa
0  1e-07 136 0

0101000
+107 0 *
Sh

0101100
+128 0 +116 0 -111 0 -108 0 +106 0 -106 1 *
So

0100000
+105 0 *
Ve
1e-07
30.846116425566 22.6333061947305 -30.3814227766937
0 0

0101101
*
Ed
 1e-07 1 1 0
1  174 0 0 100
2  548 137 0 0 100
2  549 141 0 0 100
2  550 142 0 0 100
0

0101000
+103 0 -103 1 *
Ed
 1e-07 1 1 0
1  175 0 0 1
2  551 140 0 0 1
2  552 137 0 0 1
2  553 137 2 0 1
0

0101000
+120 0 -103 0 *
Wi

0101100
+119 0 -102 0 -101 0 +101 1 *
Fa
0  1e-07 137 0

0101000
+100 0 *
Ve
1e-07
30.846116425566 22.6333061947305 32.0888545364263
0 0

0101101
*
Ed
 1e-07 1 1 0
1  176 0 0 100
2  554 139 0 0 100
2  555 143 0 0 100
2  556 142 0 0 100
0

0101000
+98 0 -98 1 *
Ed
 1e-07 1 1 0
1  177 0 0 62.47027731312
2  557 140 0 0 62.47027731312
2  558 144 0 0 62.47027731312
2  559 142 0 0 62.47027731312
2  560 142 2 0 62.47027731312
0

0101000
+98 0 -103 0 *
Wi

0101100
+97 0 -102 0 -96 0 +96 1 *
Fa
0  1e-07 142 0

0101000
+95 0 *
Ed
 1e-07 1 1 0
1  178 0 0 1
2  561 140 0 0 1
2  562 139 0 0 1
2  563 139 2 0 1
0

0101000
+115 0 -98 0 *
Wi

0101100
+114 0 -97 0 -93 0 +93 1 *
Fa
0  1e-07 139 0

0101000
+92 0 *
Wi

0101100
+113 0 +101 0 -96 0 -93 0 *
Fa
0  1e-07 140 0

0101000
+90 0 *
Sh

0101100
+111 0 +99 0 -94 0 -91 0 +89 0 -89 1 *
So

0100000
+88 0 *
Ve
1e-07
31.2654007292908 23.2815050637927 -30.3062034208248
0 0

0101101
*
Ed
 1e-07 1 1 0
1  179 0 0 100
2  564 141 0 0 100
2  565 145 0 0 100
2  566 146 0 0 100
0

0101000
+86 0 -86 1 *
Ed
 1e-07 1 1 0
1  180 0 0 1
2  567 144 0 0 1
2  568 141 0 0 1
2  569 141 2 0 1
0

0101000
+103 0 -86 0 *
Wi

0101100
+102 0 -85 0 -84 0 +84 1 *
Fa
0  1e-07 141 0

0101000
+83 0 *
Ve
1e-07
31.2654007292908 23.2815050637927 32.1640738922952
0 0

0101101
*
Ed
 1e-07 1 1 0
1  181 0 0 100
2  570 143 0 0 100
2  571 147 0 0 100
2  572 146 0 0 100
0

0101000
+81 0 -81 1 *
Ed
 1e-07 1 1 0
1  182 0 0 62.47027731312
2  573 144 0 0 62.47027731312
2  574 148 0 0 62.47027731312
2  575 146 0 0 62.47027731312
2  576 146 2 0 62.47027731312
0

0101000
+81 0 -86 0 *
Wi

0101100
+80 0 -85 0 -79 0 +79 1 *
Fa
0  1e-07 146 0

0101000
+78 0 *
Ed
 1e-07 1 1 0
1  183 0 0 1
2  577 144 0 0 1
2  578 143 0 0 1
2  579 143 2 0 1
0

0101000
+98 0 -81 0 *
Wi

0101100
+97 0 -80 0 -76 0 +76 1 *
Fa
0  1e-07 143 0

0101000
+75 0 *
Wi

0101100
+96 0 +84 0 -79 0 -76 0 *
Fa
0  1e-07 144 0

0101000
+73 0 *
Sh

0101100
+94 0 +82 0 -77 0 -74 0 +72 0 -72 1 *
So

0100000
+71 0 *
Ve
1e-07
31.6846997215839 23.9297064486667 -30.2307561975032
0 0

0101101
*
Ed
 1e-07 1 1 0
1  184 0 0 100
2  580 145 0 0 100
2  581 149 0 0 100
2  582 150 0 0 100
0

0101000
+69 0 -69 1 *
Ed
 1e-07 1 1 0
1  185 0 0 1
2  583 148 0 0 1
2  584 145 0 0 1
2  585 145 2 0 1
0

0101000
+86 0 -69 0 *
Wi

0101100
+85 0 -68 0 -67 0 +67 1 *
Fa
0  1e-07 145 0

0101000
+66 0 *
Ve
1e-07
31.6846997215839 23.9297064486667 32.2395211156168
0 0

0101101
*
Ed
 1e-07 1 1 0
1  186 0 0 100
2  586 147 0 0 100
2  587 151 0 0 100
2  588 150 0 0 100
0

0101000
+64 0 -64 1 *
Ed
 1e-07 1 1 0
1  187 0 0 62.47027731312
2  589 148 0 0 62.47027731312
2  590 152 0 0 62.47027731312
2  591 150 0 0 62.47027731312
2  592 150 2 0 62.47027731312
0

0101000
+64 0 -69 0 *
Wi

0101100
+63 0 -68 0 -62 0 +62 1 *
Fa
0  1e-07 150 0

0101000
+61 0 *
Ed
 1e-07 1 1 0
1  188 0 0 1
2  593 148 0 0 1
2  594 147 0 0 1
2  595 147 2 0 1
0

0101000
+81 0 -64 0 *
Wi

0101100
+80 0 -63 0 -59 0 +59 1 *
Fa
0  1e-07 147 0

0101000
+58 0 *
Wi

0101100
+79 0 +67 0 -62 0 -59 0 *
Fa
0  1e-07 148 0

0101000
+56 0 *
Sh

0101100
+77 0 +65 0 -60 0 -57 0 +55 0 -55 1 *
So

0100000
+54 0 *
Ve
1e-07
32.1040050161233 24.577905317729 -30.1550367636387
0 0

0101101
*
Ed
 1e-07 1 1 0
1  189 0 0 100
2  596 149 0 0 100
2  597 153 0 0 100
2  598 154 0 0 100
0

0101000
+52 0 -52 1 *
Ed
 1e-07 1 1 0
1  190 0 0 1
2  599 152 0 0 1
2  600 149 0 0 1
2  601 149 2 0 1
0

0101000
+69 0 -52 0 *
Wi

0101100
+68 0 -51 0 -50 0 +50 1 *
Fa
0  1e-07 149 0

0101000
+49 0 *
Ve
1e-07
32.1040050161233 24.577905317729 32.3152405494813
0 0

0101101
*
Ed
 1e-07 1 1 0
1  191 0 0 100
2  602 151 0 0 100
2  603 155 0 0 100
2  604 154 0 0 100
0

0101000
+47 0 -47 1 *
Ed
 1e-07 1 1 0
1  192 0 0 62.47027731312
2  605 152 0 0 62.47027731312
2  606 156 0 0 62.47027731312
2  607 154 0 0 62.47027731312
2  608 154 2 0 62.47027731312
0

0101000
+47 0 -52 0 *
Wi

0101100
+46 0 -51 0 -45 0 +45 1 *
Fa
0  1e-07 154 0

0101000
+44 0 *
Ed
 1e-07 1 1 0
1  193 0 0 1
2  609 152 0 0 1
2  610 151 0 0 1
2  611 151 2 0 1
0

0101000
+64 0 -47 0 *
Wi

0101100
+63 0 -46 0 -42 0 +42 1 *
Fa
0  1e-07 151 0

0101000
+41 0 *
Wi

0101100
+62 0 +50 0 -45 0 -42 0 *
Fa
0  1e-07 152 0

0101000
+39 0 *
Sh

0101100
+60 0 +48 0 -43 0 -40 0 +38 0 -38 1 *
So

0100000
+37 0 *
Ve
1e-07
32.5232976703964 25.2261067026029 -30.0789879035825
0 0

0101101
*
Ed
 1e-07 1 1 0
1  194 0 0 100
2  612 153 0 0 100
2  613 157 0 0 100
2  614 158 0 0 100
0

0101000
+35 0 -35 1 *
Ed
 1e-07 1 1 0
1  195 0 0 1
2  615 156 0 0 1
2  616 153 0 0 1
2  617 153 2 0 1
0

0101000
+52 0 -35 0 *
Wi

0101100
+51 0 -34 0 -33 0 +33 1 *
Fa
0  1e-07 153 0

0101000
+32 0 *
Ve
1e-07
32.5232976703964 25.2261067026029 32.3912894095375
0 0

0101101
*
Ed
 1e-07 1 1 0
1  196 0 0 100
2  618 155 0 0 100
2  619 159 0 0 100
2  620 158 0 0 100
0

0101000
+30 0 -30 1 *
Ed
 1e-07 1 1 0
1  197 0 0 62.47027731312
2  621 156 0 0 62.47027731312
2  622 160 0 0 62.47027731312
2  623 158 0 0 62.47027731312
2  624 158 2 0 62.47027731312
0

0101000
+30 0 -35 0 *
Wi

0101100
+29 0 -34 0 -28 0 +28 1 *
Fa
0  1e-07 158 0

0101000
+27 0 *
Ed
 1e-07 1 1 0
1  198 0 0 1
2  625 156 0 0 1
2  626 155 0 0 1
2  627 155 2 0 1
0

0101000
+47 0 -30 0 *
Wi

0101100
+46 0 -29 0 -25 0 +25 1 *
Fa
0  1e-07 155 0

0101000
+24 0 *
Wi

0101100
+45 0 +33 0 -28 0 -25 0 *
Fa
0  1e-07 156 0

0101000
+22 0 *
Sh

0101100
+43 0 +31 0 -26 0 -23 0 +21 0 -21 1 *
So

0100000
+20 0 *
Ve
1e-07
32.9425905983218 25.8743055716652 -30.0025344434002
0 0

0101101
*
Ed
 1e-07 1 1 0
1  199 0 0 100
2  628 157 0 0 100
2  629 161 0 0 100
0

0101000
+18 0 -18 1 *
Ed
 1e-07 1 1 0
1  200 0 0 1
2  630 160 0 0 1
2  631 157 0 0 1
2  632 157 2 0 1
0

0101000
+35 0 -18 0 *
Wi

0101100
+34 0 -17 0 -16 0 +16 1 *
Fa
0  1e-07 157 0

0101000
+15 0 *
Ve
1e-07
32.9425905983218 25.8743055716652 32.4677428697198
0 0

0101101
*
Ed
 1e-07 1 1 0
1  201 0 0 100
2  633 159 0 0 100
2  634 161 0 0 100
0

0101000
+13 0 -13 1 *
Ed
 1e-07 1 1 0
1  202 0 0 62.47027731312
2  635 160 0 0 62.47027731312
2  636 161 0 0 62.47027731312
2  637 161 2 0 62.47027731312
0

0101000
+13 0 -18 0 *
Wi

0101100
+12 0 -17 0 -11 0 +11 1 *
Fa
0  1e-07 161 0

0101000
+10 0 *
Ed
 1e-07 1 1 0
1  203 0 0 1
2  638 160 0 0 1
2  639 159 0 0 1
2  640 159 2 0 1
0

0101000
+30 0 -13 0 *
Wi

0101100
+29 0 -12 0 -8 0 +8 1 *
Fa
0  1e-07 159 0

0101000
+7 0 *
Wi

0101100
+28 0 +16 0 -11 0 -8 0 *
Fa
0  1e-07 160 0

0101000
+5 0 *
Sh

0101100
+26 0 +14 0 -9 0 -6 0 +4 0 -4 1 *
So

0100000
+3 0 *
CS

1101000
+665 0 +648 0 +631 0 +614 0 +597 0 +580 0 +563 0 +546 0 +529 0 +512 0 
+495 0 +478 0 +461 0 +444 0 +427 0 +410 0 +393 0 +376 0 +359 0 +342 0 
+325 0 +308 0 +291 0 +274 0 +257 0 +240 0 +223 0 +206 0 +189 0 +172 0 
+155 0 +138 0 +121 0 +104 0 +87 0 +70 0 +53 0 +36 0 +19 0 +2 0 
*

+1 0 