ISO-10303-21;
HEADER;
FILE_DESCRIPTION(('Open CASCADE Model'),'2;1');
FILE_NAME('Open CASCADE Shape Model','2023-11-02T17:05:38',('Author'),(
    'Open CASCADE'),'Open CASCADE STEP processor 7.6','Open CASCADE 7.6'
  ,'Unknown');
FILE_SCHEMA(('AUTOMOTIVE_DESIGN { 1 0 10303 214 1 1 1 1 }'));
ENDSEC;
DATA;
#1 = APPLICATION_PROTOCOL_DEFINITION('international standard',
  'automotive_design',2000,#2);
#2 = APPLICATION_CONTEXT(
  'core data for automotive mechanical design processes');
#3 = SHAPE_DEFINITION_REPRESENTATION(#4,#10);
#4 = PRODUCT_DEFINITION_SHAPE('','',#5);
#5 = PRODUCT_DEFINITION('design','',#6,#9);
#6 = PRODUCT_DEFINITION_FORMATION('','',#7);
#7 = PRODUCT('Open CASCADE STEP translator 7.6 3',
  'Open CASCADE STEP translator 7.6 3','',(#8));
#8 = PRODUCT_CONTEXT('',#2,'mechanical');
#9 = PRODUCT_DEFINITION_CONTEXT('part definition',#2,'design');
#10 = SHAPE_REPRESENTATION('',(#11,#15,#19,#23,#27,#31,#35),#39);
#11 = AXIS2_PLACEMENT_3D('',#12,#13,#14);
#12 = CARTESIAN_POINT('',(0.,0.,0.));
#13 = DIRECTION('',(0.,0.,1.));
#14 = DIRECTION('',(1.,0.,-0.));
#15 = AXIS2_PLACEMENT_3D('',#16,#17,#18);
#16 = CARTESIAN_POINT('',(0.,0.,0.));
#17 = DIRECTION('',(0.,0.,1.));
#18 = DIRECTION('',(1.,0.,-0.));
#19 = AXIS2_PLACEMENT_3D('',#20,#21,#22);
#20 = CARTESIAN_POINT('',(0.,0.,0.));
#21 = DIRECTION('',(0.,0.,1.));
#22 = DIRECTION('',(1.,0.,-0.));
#23 = AXIS2_PLACEMENT_3D('',#24,#25,#26);
#24 = CARTESIAN_POINT('',(0.,0.,0.));
#25 = DIRECTION('',(0.,0.,1.));
#26 = DIRECTION('',(1.,0.,-0.));
#27 = AXIS2_PLACEMENT_3D('',#28,#29,#30);
#28 = CARTESIAN_POINT('',(0.,0.,0.));
#29 = DIRECTION('',(0.,0.,1.));
#30 = DIRECTION('',(1.,0.,-0.));
#31 = AXIS2_PLACEMENT_3D('',#32,#33,#34);
#32 = CARTESIAN_POINT('',(0.,0.,0.));
#33 = DIRECTION('',(0.,0.,1.));
#34 = DIRECTION('',(1.,0.,-0.));
#35 = AXIS2_PLACEMENT_3D('',#36,#37,#38);
#36 = CARTESIAN_POINT('',(0.,0.,0.));
#37 = DIRECTION('',(0.,0.,1.));
#38 = DIRECTION('',(1.,0.,-0.));
#39 = ( GEOMETRIC_REPRESENTATION_CONTEXT(3) 
GLOBAL_UNCERTAINTY_ASSIGNED_CONTEXT((#43)) GLOBAL_UNIT_ASSIGNED_CONTEXT(
(#40,#41,#42)) REPRESENTATION_CONTEXT('Context #1',
  '3D Context with UNIT and UNCERTAINTY') );
#40 = ( LENGTH_UNIT() NAMED_UNIT(*) SI_UNIT(.MILLI.,.METRE.) );
#41 = ( NAMED_UNIT(*) PLANE_ANGLE_UNIT() SI_UNIT($,.RADIAN.) );
#42 = ( NAMED_UNIT(*) SI_UNIT($,.STERADIAN.) SOLID_ANGLE_UNIT() );
#43 = UNCERTAINTY_MEASURE_WITH_UNIT(LENGTH_MEASURE(2.E-03),#40,
  'distance_accuracy_value','confusion accuracy');
#44 = PRODUCT_RELATED_PRODUCT_CATEGORY('part',$,(#7));
#45 = ADVANCED_BREP_SHAPE_REPRESENTATION('',(#11,#46),#4354);
#46 = MANIFOLD_SOLID_BREP('',#47);
#47 = CLOSED_SHELL('',(#48,#2105,#4256));
#48 = ADVANCED_FACE('',(#49),#573,.T.);
#49 = FACE_BOUND('',#50,.T.);
#50 = EDGE_LOOP('',(#51,#2012,#2038,#2081));
#51 = ORIENTED_EDGE('',*,*,#52,.T.);
#52 = EDGE_CURVE('',#53,#55,#57,.T.);
#53 = VERTEX_POINT('',#54);
#54 = CARTESIAN_POINT('',(1.867014206766E+04,-1.442316376667E+03,
    -1.385540858149E+03));
#55 = VERTEX_POINT('',#56);
#56 = CARTESIAN_POINT('',(1.318682261608E+04,-1.612115019937E+03,
    -1.183674432643E+03));
#57 = SURFACE_CURVE('',#58,(#572,#1480),.PCURVE_S1.);
#58 = B_SPLINE_CURVE_WITH_KNOTS('',8,(#59,#60,#61,#62,#63,#64,#65,#66,
    #67,#68,#69,#70,#71,#72,#73,#74,#75,#76,#77,#78,#79,#80,#81,#82,#83,
    #84,#85,#86,#87,#88,#89,#90,#91,#92,#93,#94,#95,#96,#97,#98,#99,#100
    ,#101,#102,#103,#104,#105,#106,#107,#108,#109,#110,#111,#112,#113,
    #114,#115,#116,#117,#118,#119,#120,#121,#122,#123,#124,#125,#126,
    #127,#128,#129,#130,#131,#132,#133,#134,#135,#136,#137,#138,#139,
    #140,#141,#142,#143,#144,#145,#146,#147,#148,#149,#150,#151,#152,
    #153,#154,#155,#156,#157,#158,#159,#160,#161,#162,#163,#164,#165,
    #166,#167,#168,#169,#170,#171,#172,#173,#174,#175,#176,#177,#178,
    #179,#180,#181,#182,#183,#184,#185,#186,#187,#188,#189,#190,#191,
    #192,#193,#194,#195,#196,#197,#198,#199,#200,#201,#202,#203,#204,
    #205,#206,#207,#208,#209,#210,#211,#212,#213,#214,#215,#216,#217,
    #218,#219,#220,#221,#222,#223,#224,#225,#226,#227,#228,#229,#230,
    #231,#232,#233,#234,#235,#236,#237,#238,#239,#240,#241,#242,#243,
    #244,#245,#246,#247,#248,#249,#250,#251,#252,#253,#254,#255,#256,
    #257,#258,#259,#260,#261,#262,#263,#264,#265,#266,#267,#268,#269,
    #270,#271,#272,#273,#274,#275,#276,#277,#278,#279,#280,#281,#282,
    #283,#284,#285,#286,#287,#288,#289,#290,#291,#292,#293,#294,#295,
    #296,#297,#298,#299,#300,#301,#302,#303,#304,#305,#306,#307,#308,
    #309,#310,#311,#312,#313,#314,#315,#316,#317,#318,#319,#320,#321,
    #322,#323,#324,#325,#326,#327,#328,#329,#330,#331,#332,#333,#334,
    #335,#336,#337,#338,#339,#340,#341,#342,#343,#344,#345,#346,#347,
    #348,#349,#350,#351,#352,#353,#354,#355,#356,#357,#358,#359,#360,
    #361,#362,#363,#364,#365,#366,#367,#368,#369,#370,#371,#372,#373,
    #374,#375,#376,#377,#378,#379,#380,#381,#382,#383,#384,#385,#386,
    #387,#388,#389,#390,#391,#392,#393,#394,#395,#396,#397,#398,#399,
    #400,#401,#402,#403,#404,#405,#406,#407,#408,#409,#410,#411,#412,
    #413,#414,#415,#416,#417,#418,#419,#420,#421,#422,#423,#424,#425,
    #426,#427,#428,#429,#430,#431,#432,#433,#434,#435,#436,#437,#438,
    #439,#440,#441,#442,#443,#444,#445,#446,#447,#448,#449,#450,#451,
    #452,#453,#454,#455,#456,#457,#458,#459,#460,#461,#462,#463,#464,
    #465,#466,#467,#468,#469,#470,#471,#472,#473,#474,#475,#476,#477,
    #478,#479,#480,#481,#482,#483,#484,#485,#486,#487,#488,#489,#490,
    #491,#492,#493,#494,#495,#496,#497,#498,#499,#500,#501,#502,#503,
    #504,#505,#506,#507,#508,#509,#510,#511,#512,#513,#514,#515,#516,
    #517,#518,#519,#520,#521,#522,#523,#524,#525,#526,#527,#528,#529,
    #530,#531,#532,#533,#534,#535,#536,#537,#538,#539,#540,#541,#542,
    #543,#544,#545,#546,#547,#548,#549,#550,#551,#552,#553,#554,#555,
    #556,#557,#558,#559,#560,#561,#562,#563,#564,#565,#566,#567,#568,
    #569,#570,#571),.UNSPECIFIED.,.F.,.F.,(9,7,7,7,7,7,7,7,7,7,7,7,7,7,7
    ,7,7,7,7,7,7,7,7,7,7,7,7,7,7,7,7,7,7,7,7,7,7,7,7,7,7,7,7,7,7,7,7,7,7
    ,7,7,7,7,7,7,7,7,7,7,7,7,7,7,7,7,7,7,7,7,7,7,7,7,9),(0.,
    1.449385143329E-02,2.06550951622E-02,2.621184470177E-02,
    4.820041370714E-02,5.37601996514E-02,5.794517525333E-02,
    7.126260403974E-02,8.118702584917E-02,8.979534318927E-02,
    0.122139365824,0.130688570813,0.157149291,0.162874621346,
    0.184802773144,0.193183818769,0.200354547488,0.226858525164,
    0.240298410885,0.253849424027,0.278583635473,0.28793569749,
    0.321626095717,0.355683989273,0.363902528234,0.395532590192,
    0.407491780068,0.428225678199,0.443911150262,0.455450189993,
    0.491442451657,0.523206272496,0.535142488714,0.555743505755,
    0.571248777885,0.576710819099,0.617876453641,0.658866013042,
    0.665911683633,0.691224584802,0.697281257286,0.706756693246,
    0.716175990571,0.734398439299,0.738183772715,0.745728095834,
    0.773785414585,0.77867952624,0.79878123939,0.81298663716,
    0.823411392711,0.838937616846,0.84679904861,0.850530713335,
    0.85463246496,0.869737227644,0.87725226951,0.880782841433,
    0.884632026259,0.901536855204,0.914373423359,0.929072978965,
    0.943522022447,0.94552165955,0.948854489926,0.952187246609,
    0.970227346217,0.976054205449,0.979034901671,0.982324728792,
    0.993225417844,0.996672224215,0.99806342665,1.),.UNSPECIFIED.);
#59 = CARTESIAN_POINT('',(1.867014206766E+04,-1.442316376667E+03,
    -1.385540858149E+03));
#60 = CARTESIAN_POINT('',(1.866019762854E+04,-1.444425245419E+03,
    -1.383345573951E+03));
#61 = CARTESIAN_POINT('',(1.865024965821E+04,-1.446522302187E+03,
    -1.381154942296E+03));
#62 = CARTESIAN_POINT('',(1.864029829389E+04,-1.448607865006E+03,
    -1.378968733358E+03));
#63 = CARTESIAN_POINT('',(1.863034363676E+04,-1.45068216908E+03,
    -1.37678679783E+03));
#64 = CARTESIAN_POINT('',(1.862038576569E+04,-1.452745399198E+03,
    -1.374609035113E+03));
#65 = CARTESIAN_POINT('',(1.861042474605E+04,-1.454797710565E+03,
    -1.372435372938E+03));
#66 = CARTESIAN_POINT('',(1.860046063355E+04,-1.456839238028E+03,
    -1.370265758444E+03));
#67 = CARTESIAN_POINT('',(1.858625649706E+04,-1.459733397541E+03,
    -1.367179578863E+03));
#68 = CARTESIAN_POINT('',(1.858201897031E+04,-1.460594773124E+03,
    -1.366259722694E+03));
#69 = CARTESIAN_POINT('',(1.857778089654E+04,-1.461454229116E+03,
    -1.36534058976E+03));
#70 = CARTESIAN_POINT('',(1.857354227907E+04,-1.462311773692E+03,
    -1.364422178098E+03));
#71 = CARTESIAN_POINT('',(1.856930312103E+04,-1.463167414554E+03,
    -1.363504486204E+03));
#72 = CARTESIAN_POINT('',(1.85650634253E+04,-1.464021158924E+03,
    -1.362587513032E+03));
#73 = CARTESIAN_POINT('',(1.856082319458E+04,-1.46487301355E+03,
    -1.361671257992E+03));
#74 = CARTESIAN_POINT('',(1.855275773937E+04,-1.466489563094E+03,
    -1.359930009516E+03));
#75 = CARTESIAN_POINT('',(1.85489326145E+04,-1.467254610021E+03,
    -1.359104881504E+03));
#76 = CARTESIAN_POINT('',(1.854510705801E+04,-1.468018128866E+03,
    -1.358280338162E+03));
#77 = CARTESIAN_POINT('',(1.854128107209E+04,-1.468780125117E+03,
    -1.357456378406E+03));
#78 = CARTESIAN_POINT('',(1.853745465855E+04,-1.469540603317E+03,
    -1.356633002157E+03));
#79 = CARTESIAN_POINT('',(1.853362781846E+04,-1.470299566375E+03,
    -1.355810211083E+03));
#80 = CARTESIAN_POINT('',(1.852980055292E+04,-1.471057017275E+03,
    -1.354988006751E+03));
#81 = CARTESIAN_POINT('',(1.851082635133E+04,-1.474804311102E+03,
    -1.350915157422E+03));
#82 = CARTESIAN_POINT('',(1.849567322702E+04,-1.47777210034E+03,
    -1.347673061298E+03));
#83 = CARTESIAN_POINT('',(1.848051365428E+04,-1.480716741141E+03,
    -1.34443994746E+03));
#84 = CARTESIAN_POINT('',(1.846534774007E+04,-1.483638509615E+03,
    -1.341215801349E+03));
#85 = CARTESIAN_POINT('',(1.845017555018E+04,-1.486537583754E+03,
    -1.338000710115E+03));
#86 = CARTESIAN_POINT('',(1.843499711731E+04,-1.489414064783E+03,
    -1.334794843714E+03));
#87 = CARTESIAN_POINT('',(1.841981244317E+04,-1.492267983832E+03,
    -1.331598451145E+03));
#88 = CARTESIAN_POINT('',(1.840078047959E+04,-1.495815187658E+03,
    -1.327606148698E+03));
#89 = CARTESIAN_POINT('',(1.839693906363E+04,-1.496529635954E+03,
    -1.326801052921E+03));
#90 = CARTESIAN_POINT('',(1.839309724618E+04,-1.497242638082E+03,
    -1.325996589984E+03));
#91 = CARTESIAN_POINT('',(1.838925502664E+04,-1.497954193E+03,
    -1.325192765711E+03));
#92 = CARTESIAN_POINT('',(1.838541240426E+04,-1.498664299353E+03,
    -1.324389586298E+03));
#93 = CARTESIAN_POINT('',(1.838156937819E+04,-1.499372955471E+03,
    -1.323587058317E+03));
#94 = CARTESIAN_POINT('',(1.837772594743E+04,-1.500080159374E+03,
    -1.322785188709E+03));
#95 = CARTESIAN_POINT('',(1.837098876879E+04,-1.501317142062E+03,
    -1.321380900753E+03));
#96 = CARTESIAN_POINT('',(1.8368093347E+04,-1.501847891293E+03,
    -1.320777807845E+03));
#97 = CARTESIAN_POINT('',(1.836519617639E+04,-1.502378091799E+03,
    -1.320174780249E+03));
#98 = CARTESIAN_POINT('',(1.836229751509E+04,-1.502907693918E+03,
    -1.319571875481E+03));
#99 = CARTESIAN_POINT('',(1.835939754804E+04,-1.503436662003E+03,
    -1.318969135393E+03));
#100 = CARTESIAN_POINT('',(1.835649638665E+04,-1.503964973429E+03,
    -1.318366587186E+03));
#101 = CARTESIAN_POINT('',(1.835359406839E+04,-1.504492617604E+03,
    -1.317764244413E+03));
#102 = CARTESIAN_POINT('',(1.834145100104E+04,-1.506696542888E+03,
    -1.315245989012E+03));
#103 = CARTESIAN_POINT('',(1.833220905437E+04,-1.508364988142E+03,
    -1.313333959412E+03));
#104 = CARTESIAN_POINT('',(1.832296467455E+04,-1.510024835464E+03,
    -1.311426195574E+03));
#105 = CARTESIAN_POINT('',(1.831371782277E+04,-1.511675995978E+03,
    -1.309522868216E+03));
#106 = CARTESIAN_POINT('',(1.830446846319E+04,-1.513318387213E+03,
    -1.307624142392E+03));
#107 = CARTESIAN_POINT('',(1.829521656299E+04,-1.514951933105E+03,
    -1.305730177483E+03));
#108 = CARTESIAN_POINT('',(1.828596209234E+04,-1.516576563993E+03,
    -1.303841127206E+03));
#109 = CARTESIAN_POINT('',(1.826980646706E+04,-1.519396234245E+03,
    -1.300553153188E+03));
#110 = CARTESIAN_POINT('',(1.826290646733E+04,-1.520595265853E+03,
    -1.299151978002E+03));
#111 = CARTESIAN_POINT('',(1.825600501415E+04,-1.52178928537E+03,
    -1.297753675132E+03));
#112 = CARTESIAN_POINT('',(1.824910209742E+04,-1.522978268755E+03,
    -1.296358303623E+03));
#113 = CARTESIAN_POINT('',(1.824219770793E+04,-1.524162194004E+03,
    -1.294965920488E+03));
#114 = CARTESIAN_POINT('',(1.823529183744E+04,-1.525341041152E+03,
    -1.293576580703E+03));
#115 = CARTESIAN_POINT('',(1.822838447862E+04,-1.526514792271E+03,
    -1.292190337211E+03));
#116 = CARTESIAN_POINT('',(1.821548297334E+04,-1.528697094216E+03,
    -1.289607560804E+03));
#117 = CARTESIAN_POINT('',(1.820948919708E+04,-1.529706911131E+03,
    -1.288410248254E+03));
#118 = CARTESIAN_POINT('',(1.820349429196E+04,-1.530712871372E+03,
    -1.287215336993E+03));
#119 = CARTESIAN_POINT('',(1.819749825448E+04,-1.531714966059E+03,
    -1.286022858571E+03));
#120 = CARTESIAN_POINT('',(1.819150108152E+04,-1.53271318723E+03,
    -1.28483284359E+03));
#121 = CARTESIAN_POINT('',(1.818550277032E+04,-1.533707527575E+03,
    -1.283645322007E+03));
#122 = CARTESIAN_POINT('',(1.817950331858E+04,-1.534697980928E+03,
    -1.282460322517E+03));
#123 = CARTESIAN_POINT('',(1.81509567014E+04,-1.53939135579E+03,
    -1.276835045285E+03));
#124 = CARTESIAN_POINT('',(1.812839456784E+04,-1.543043283177E+03,
    -1.272428139927E+03));
#125 = CARTESIAN_POINT('',(1.810581645425E+04,-1.546640588541E+03,
    -1.268057973193E+03));
#126 = CARTESIAN_POINT('',(1.80832225629E+04,-1.550183735718E+03,
    -1.263725117086E+03));
#127 = CARTESIAN_POINT('',(1.806061316219E+04,-1.55367336586E+03,
    -1.25942991074E+03));
#128 = CARTESIAN_POINT('',(1.803798857892E+04,-1.557110271346E+03,
    -1.255172480085E+03));
#129 = CARTESIAN_POINT('',(1.801534918884E+04,-1.56049536727E+03,
    -1.250952763777E+03));
#130 = CARTESIAN_POINT('',(1.798670753454E+04,-1.564710983832E+03,
    -1.24566509778E+03));
#131 = CARTESIAN_POINT('',(1.798071865873E+04,-1.565588761655E+03,
    -1.244562265105E+03));
#132 = CARTESIAN_POINT('',(1.797472877979E+04,-1.56646299665E+03,
    -1.243462063416E+03));
#133 = CARTESIAN_POINT('',(1.79687379148E+04,-1.56733373306E+03,
    -1.242364456337E+03));
#134 = CARTESIAN_POINT('',(1.79627460741E+04,-1.568200997235E+03,
    -1.241269429593E+03));
#135 = CARTESIAN_POINT('',(1.795675326514E+04,-1.569064808039E+03,
    -1.240176978006E+03));
#136 = CARTESIAN_POINT('',(1.795075950054E+04,-1.569925198192E+03,
    -1.239087078803E+03));
#137 = CARTESIAN_POINT('',(1.792621050048E+04,-1.573434663545E+03,
    -1.234634246089E+03));
#138 = CARTESIAN_POINT('',(1.790764713912E+04,-1.576054571138E+03,
    -1.231293139226E+03));
#139 = CARTESIAN_POINT('',(1.788907497556E+04,-1.578642621583E+03,
    -1.227976046072E+03));
#140 = CARTESIAN_POINT('',(1.787049424483E+04,-1.581199426092E+03,
    -1.224682711918E+03));
#141 = CARTESIAN_POINT('',(1.785190515003E+04,-1.58372551128E+03,
    -1.221412971397E+03));
#142 = CARTESIAN_POINT('',(1.783330786572E+04,-1.58622133069E+03,
    -1.218166738254E+03));
#143 = CARTESIAN_POINT('',(1.781470254006E+04,-1.588687272427E+03,
    -1.21494399922E+03));
#144 = CARTESIAN_POINT('',(1.779206193088E+04,-1.591650826993E+03,
    -1.211052600834E+03));
#145 = CARTESIAN_POINT('',(1.778803419542E+04,-1.59217660739E+03,
    -1.210361492584E+03));
#146 = CARTESIAN_POINT('',(1.778400609074E+04,-1.592701007909E+03,
    -1.209671487135E+03));
#147 = CARTESIAN_POINT('',(1.777997761797E+04,-1.59322403144E+03,
    -1.208982585596E+03));
#148 = CARTESIAN_POINT('',(1.777594877813E+04,-1.593745680596E+03,
    -1.208294789434E+03));
#149 = CARTESIAN_POINT('',(1.77719195724E+04,-1.594265958343E+03,
    -1.207608099619E+03));
#150 = CARTESIAN_POINT('',(1.776789000226E+04,-1.59478486865E+03,
    -1.206922515778E+03));
#151 = CARTESIAN_POINT('',(1.77484253322E+04,-1.597284639337E+03,
    -1.203616459926E+03));
#152 = CARTESIAN_POINT('',(1.773298527606E+04,-1.599246873847E+03,
    -1.201011085037E+03));
#153 = CARTESIAN_POINT('',(1.771753998896E+04,-1.601189351983E+03,
    -1.198421876654E+03));
#154 = CARTESIAN_POINT('',(1.770208955682E+04,-1.603112301766E+03,
    -1.195848799431E+03));
#155 = CARTESIAN_POINT('',(1.768663406392E+04,-1.605015947905E+03,
    -1.193291816707E+03));
#156 = CARTESIAN_POINT('',(1.76711735929E+04,-1.606900511797E+03,
    -1.190750890504E+03));
#157 = CARTESIAN_POINT('',(1.765570822476E+04,-1.608766211529E+03,
    -1.188225981526E+03));
#158 = CARTESIAN_POINT('',(1.763432525901E+04,-1.611319213459E+03,
    -1.184758123097E+03));
#159 = CARTESIAN_POINT('',(1.762841177539E+04,-1.612022440741E+03,
    -1.183801530922E+03));
#160 = CARTESIAN_POINT('',(1.762249759244E+04,-1.612722955718E+03,
    -1.182847270377E+03));
#161 = CARTESIAN_POINT('',(1.761658271455E+04,-1.61342077032E+03,
    -1.181895339179E+03));
#162 = CARTESIAN_POINT('',(1.76106671461E+04,-1.614115896405E+03,
    -1.180945735019E+03));
#163 = CARTESIAN_POINT('',(1.760475089142E+04,-1.614808345769E+03,
    -1.179998455567E+03));
#164 = CARTESIAN_POINT('',(1.759883395481E+04,-1.615498130134E+03,
    -1.179053498467E+03));
#165 = CARTESIAN_POINT('',(1.758785329607E+04,-1.616773162671E+03,
    -1.17730435171E+03));
#166 = CARTESIAN_POINT('',(1.758278975566E+04,-1.617359122271E+03,
    -1.176499539795E+03));
#167 = CARTESIAN_POINT('',(1.757772572165E+04,-1.617943146173E+03,
    -1.175696425614E+03));
#168 = CARTESIAN_POINT('',(1.757266119698E+04,-1.618525242551E+03,
    -1.174895006408E+03));
#169 = CARTESIAN_POINT('',(1.756759618441E+04,-1.619105418933E+03,
    -1.174095280251E+03));
#170 = CARTESIAN_POINT('',(1.756253068625E+04,-1.619683681622E+03,
    -1.173297246851E+03));
#171 = CARTESIAN_POINT('',(1.755746470491E+04,-1.620260037138E+03,
    -1.172500905557E+03));
#172 = CARTESIAN_POINT('',(1.753367192324E+04,-1.622957772139E+03,
    -1.168769098234E+03));
#173 = CARTESIAN_POINT('',(1.751493905258E+04,-1.625055136822E+03,
    -1.165854978249E+03));
#174 = CARTESIAN_POINT('',(1.749619980296E+04,-1.627127074003E+03,
    -1.162963639355E+03));
#175 = CARTESIAN_POINT('',(1.747745433674E+04,-1.629174045279E+03,
    -1.160094846461E+03));
#176 = CARTESIAN_POINT('',(1.745870280801E+04,-1.631196491004E+03,
    -1.157248379699E+03));
#177 = CARTESIAN_POINT('',(1.743994536287E+04,-1.633194831712E+03,
    -1.154424033496E+03));
#178 = CARTESIAN_POINT('',(1.742118213974E+04,-1.635169469547E+03,
    -1.151621615636E+03));
#179 = CARTESIAN_POINT('',(1.739289577485E+04,-1.638110283257E+03,
    -1.147430898673E+03));
#180 = CARTESIAN_POINT('',(1.738337682847E+04,-1.639093781998E+03,
    -1.146026441856E+03));
#181 = CARTESIAN_POINT('',(1.737385644612E+04,-1.640071330979E+03,
    -1.144627559887E+03));
#182 = CARTESIAN_POINT('',(1.736433464859E+04,-1.641042992363E+03,
    -1.143234211224E+03));
#183 = CARTESIAN_POINT('',(1.7354811445E+04,-1.6420087908E+03,
    -1.141846407807E+03));
#184 = CARTESIAN_POINT('',(1.734528686057E+04,-1.642968803271E+03,
    -1.140464085132E+03));
#185 = CARTESIAN_POINT('',(1.733576090186E+04,-1.643923046655E+03,
    -1.139087264896E+03));
#186 = CARTESIAN_POINT('',(1.731662750273E+04,-1.645827969946E+03,
    -1.136333190507E+03));
#187 = CARTESIAN_POINT('',(1.730702003989E+04,-1.646778555263E+03,
    -1.134956026763E+03));
#188 = CARTESIAN_POINT('',(1.729741122163E+04,-1.647723402282E+03,
    -1.133584366359E+03));
#189 = CARTESIAN_POINT('',(1.728780106717E+04,-1.648662569454E+03,
    -1.132218170279E+03));
#190 = CARTESIAN_POINT('',(1.727818959525E+04,-1.649596114092E+03,
    -1.13085740027E+03));
#191 = CARTESIAN_POINT('',(1.726857682419E+04,-1.650524092371E+03,
    -1.129502018842E+03));
#192 = CARTESIAN_POINT('',(1.725896277183E+04,-1.651446559327E+03,
    -1.128151989269E+03));
#193 = CARTESIAN_POINT('',(1.723179694004E+04,-1.654037355743E+03,
    -1.124352814617E+03));
#194 = CARTESIAN_POINT('',(1.721424221402E+04,-1.655692960859E+03,
    -1.121916063976E+03));
#195 = CARTESIAN_POINT('',(1.7196683383E+04,-1.657330712415E+03,
    -1.119496804667E+03));
#196 = CARTESIAN_POINT('',(1.717912054818E+04,-1.658950926814E+03,
    -1.117094825706E+03));
#197 = CARTESIAN_POINT('',(1.716155380655E+04,-1.660553909249E+03,
    -1.114709923755E+03));
#198 = CARTESIAN_POINT('',(1.7143983251E+04,-1.662139954313E+03,
    -1.112341902744E+03));
#199 = CARTESIAN_POINT('',(1.712640897038E+04,-1.663709346599E+03,
    -1.109990573503E+03));
#200 = CARTESIAN_POINT('',(1.710218479765E+04,-1.665849559908E+03,
    -1.106772952279E+03));
#201 = CARTESIAN_POINT('',(1.709553802514E+04,-1.666434416729E+03,
    -1.105892511955E+03));
#202 = CARTESIAN_POINT('',(1.708889073594E+04,-1.667016943759E+03,
    -1.10501442692E+03));
#203 = CARTESIAN_POINT('',(1.708224293923E+04,-1.667597171782E+03,
    -1.104138663178E+03));
#204 = CARTESIAN_POINT('',(1.707559464117E+04,-1.668175121332E+03,
    -1.103265201902E+03));
#205 = CARTESIAN_POINT('',(1.706894584718E+04,-1.668750810369E+03,
    -1.102394027902E+03));
#206 = CARTESIAN_POINT('',(1.706229656519E+04,-1.669324265769E+03,
    -1.101525112359E+03));
#207 = CARTESIAN_POINT('',(1.703169131205E+04,-1.671953373541E+03,
    -1.097536286085E+03));
#208 = CARTESIAN_POINT('',(1.700772956557E+04,-1.673982501962E+03,
    -1.094443217093E+03));
#209 = CARTESIAN_POINT('',(1.698376185501E+04,-1.675983891199E+03,
    -1.0913782594E+03));
#210 = CARTESIAN_POINT('',(1.695978845802E+04,-1.677958495992E+03,
    -1.08834047149E+03));
#211 = CARTESIAN_POINT('',(1.693580963666E+04,-1.679907228876E+03,
    -1.085328940861E+03));
#212 = CARTESIAN_POINT('',(1.691182563799E+04,-1.681830963414E+03,
    -1.082342781685E+03));
#213 = CARTESIAN_POINT('',(1.688783669458E+04,-1.683730537438E+03,
    -1.079381132467E+03));
#214 = CARTESIAN_POINT('',(1.68395876325E+04,-1.687503441678E+03,
    -1.07347312622E+03));
#215 = CARTESIAN_POINT('',(1.681532741892E+04,-1.689376280447E+03,
    -1.07052725574E+03));
#216 = CARTESIAN_POINT('',(1.679106269243E+04,-1.691226410771E+03,
    -1.067604194333E+03));
#217 = CARTESIAN_POINT('',(1.676679374634E+04,-1.693054927369E+03,
    -1.064702620011E+03));
#218 = CARTESIAN_POINT('',(1.674252085966E+04,-1.694862884306E+03,
    -1.061821234781E+03));
#219 = CARTESIAN_POINT('',(1.671824429752E+04,-1.696651297785E+03,
    -1.058958762689E+03));
#220 = CARTESIAN_POINT('',(1.669396431163E+04,-1.698421148949E+03,
    -1.056113947864E+03));
#221 = CARTESIAN_POINT('',(1.666382134831E+04,-1.700596220687E+03,
    -1.052603030021E+03));
#222 = CARTESIAN_POINT('',(1.665796137048E+04,-1.70101802879E+03,
    -1.051921464019E+03));
#223 = CARTESIAN_POINT('',(1.665210121074E+04,-1.701438824937E+03,
    -1.051240836153E+03));
#224 = CARTESIAN_POINT('',(1.664624087234E+04,-1.701858621859E+03,
    -1.05056112989E+03));
#225 = CARTESIAN_POINT('',(1.664038035852E+04,-1.702277432468E+03,
    -1.049882328281E+03));
#226 = CARTESIAN_POINT('',(1.663451967269E+04,-1.702695270216E+03,
    -1.049204413387E+03));
#227 = CARTESIAN_POINT('',(1.662865881817E+04,-1.703112148382E+03,
    -1.048527367438E+03));
#228 = CARTESIAN_POINT('',(1.660024093685E+04,-1.705128834254E+03,
    -1.045248771115E+03));
#229 = CARTESIAN_POINT('',(1.657768160907E+04,-1.706715504434E+03,
    -1.042659084959E+03));
#230 = CARTESIAN_POINT('',(1.655511987087E+04,-1.708288329238E+03,
    -1.040081938814E+03));
#231 = CARTESIAN_POINT('',(1.653255577653E+04,-1.709847541113E+03,
    -1.037517160108E+03));
#232 = CARTESIAN_POINT('',(1.650998937821E+04,-1.711393364958E+03,
    -1.034964581845E+03));
#233 = CARTESIAN_POINT('',(1.648742072603E+04,-1.71292601851E+03,
    -1.032424042331E+03));
#234 = CARTESIAN_POINT('',(1.646484986811E+04,-1.714445712735E+03,
    -1.029895384913E+03));
#235 = CARTESIAN_POINT('',(1.643374209023E+04,-1.716522419595E+03,
    -1.026426818276E+03));
#236 = CARTESIAN_POINT('',(1.642520702102E+04,-1.7170903633E+03,
    -1.025476856267E+03));
#237 = CARTESIAN_POINT('',(1.641667164573E+04,-1.717656495161E+03,
    -1.024528562158E+03));
#238 = CARTESIAN_POINT('',(1.640813596667E+04,-1.718220825465E+03,
    -1.023581928916E+03));
#239 = CARTESIAN_POINT('',(1.639959998622E+04,-1.71878336479E+03,
    -1.022636948899E+03));
#240 = CARTESIAN_POINT('',(1.639106370692E+04,-1.719344124418E+03,
    -1.021693613148E+03));
#241 = CARTESIAN_POINT('',(1.638252713126E+04,-1.71990311536E+03,
    -1.020751913059E+03));
#242 = CARTESIAN_POINT('',(1.635918971018E+04,-1.721426428074E+03,
    -1.018182028083E+03));
#243 = CARTESIAN_POINT('',(1.634438827366E+04,-1.72238721785E+03,
    -1.016557117457E+03));
#244 = CARTESIAN_POINT('',(1.63295859609E+04,-1.723342758746E+03,
    -1.01493709056E+03));
#245 = CARTESIAN_POINT('',(1.63147827811E+04,-1.724293093423E+03,
    -1.01332192606E+03));
#246 = CARTESIAN_POINT('',(1.629997874325E+04,-1.725238263725E+03,
    -1.011711603277E+03));
#247 = CARTESIAN_POINT('',(1.628517385613E+04,-1.726178310687E+03,
    -1.010106102182E+03));
#248 = CARTESIAN_POINT('',(1.627036812829E+04,-1.727113274525E+03,
    -1.008505403401E+03));
#249 = CARTESIAN_POINT('',(1.624436020667E+04,-1.728746691697E+03,
    -1.005702156951E+03));
#250 = CARTESIAN_POINT('',(1.623315836888E+04,-1.729447302192E+03,
    -1.00449756339E+03));
#251 = CARTESIAN_POINT('',(1.622195605835E+04,-1.730145043202E+03,
    -1.00329569941E+03));
#252 = CARTESIAN_POINT('',(1.621075327861E+04,-1.730839931553E+03,
    -1.002096557102E+03));
#253 = CARTESIAN_POINT('',(1.619955003317E+04,-1.731531983833E+03,
    -1.000900128756E+03));
#254 = CARTESIAN_POINT('',(1.618834632546E+04,-1.732221216385E+03,
    -999.7064068648));
#255 = CARTESIAN_POINT('',(1.617714215883E+04,-1.73290764531E+03,
    -998.5153841219));
#256 = CARTESIAN_POINT('',(1.615769484044E+04,-1.73409420828E+03,
    -996.4528558623));
#257 = CARTESIAN_POINT('',(1.614945189734E+04,-1.734595619851E+03,
    -995.5801179051));
#258 = CARTESIAN_POINT('',(1.614120871011E+04,-1.735095533627E+03,
    -994.7088260096));
#259 = CARTESIAN_POINT('',(1.61329652774E+04,-1.735593945026E+03,
    -993.8389963075));
#260 = CARTESIAN_POINT('',(1.612472160203E+04,-1.73609086646E+03,
    -992.9706152466));
#261 = CARTESIAN_POINT('',(1.611647768761E+04,-1.736586313741E+03,
    -992.103663221));
#262 = CARTESIAN_POINT('',(1.610823353448E+04,-1.737080289173E+03,
    -991.238144042));
#263 = CARTESIAN_POINT('',(1.607427346977E+04,-1.739109049139E+03,
    -987.6787634498));
#264 = CARTESIAN_POINT('',(1.604855549778E+04,-1.740631088946E+03,
    -984.997297292));
#265 = CARTESIAN_POINT('',(1.602283529066E+04,-1.742139204957E+03,
    -982.3293919472));
#266 = CARTESIAN_POINT('',(1.599711290729E+04,-1.743633668475E+03,
    -979.6748005506));
#267 = CARTESIAN_POINT('',(1.597138840441E+04,-1.745114742609E+03,
    -977.0332817091));
#268 = CARTESIAN_POINT('',(1.594566183669E+04,-1.746582682716E+03,
    -974.4045991576));
#269 = CARTESIAN_POINT('',(1.591993325679E+04,-1.748037736845E+03,
    -971.7885214155));
#270 = CARTESIAN_POINT('',(1.5871495048E+04,-1.75075309833E+03,
    -966.8870094122));
#271 = CARTESIAN_POINT('',(1.584878585139E+04,-1.752016195421E+03,
    -964.5988500292));
#272 = CARTESIAN_POINT('',(1.582607512348E+04,-1.753269448019E+03,
    -962.3204674135));
#273 = CARTESIAN_POINT('',(1.580336286199E+04,-1.754512865365E+03,
    -960.0519888898));
#274 = CARTESIAN_POINT('',(1.578064906451E+04,-1.755746455373E+03,
    -957.793544989));
#275 = CARTESIAN_POINT('',(1.575793372844E+04,-1.756970224629E+03,
    -955.5452694485));
#276 = CARTESIAN_POINT('',(1.573521685104E+04,-1.758184178394E+03,
    -953.3072992116));
#277 = CARTESIAN_POINT('',(1.57039612955E+04,-1.759840813626E+03,
    -950.242714316));
#278 = CARTESIAN_POINT('',(1.569542394322E+04,-1.760291919732E+03,
    -949.4071318752));
#279 = CARTESIAN_POINT('',(1.568688637391E+04,-1.760741645652E+03,
    -948.5730223719));
#280 = CARTESIAN_POINT('',(1.567834858348E+04,-1.761189974702E+03,
    -947.7404248117));
#281 = CARTESIAN_POINT('',(1.566981057887E+04,-1.761636937382E+03,
    -946.9092901027));
#282 = CARTESIAN_POINT('',(1.566127235058E+04,-1.762082493828E+03,
    -946.0797005749));
#283 = CARTESIAN_POINT('',(1.565273390764E+04,-1.7625266836E+03,
    -945.251590257));
#284 = CARTESIAN_POINT('',(1.562945814602E+04,-1.763733705697E+03,
    -942.9984276893));
#285 = CARTESIAN_POINT('',(1.561472038955E+04,-1.764493779004E+03,
    -941.5764202093));
#286 = CARTESIAN_POINT('',(1.55999819546E+04,-1.765249619561E+03,
    -940.1591856911));
#287 = CARTESIAN_POINT('',(1.558524282241E+04,-1.766001150076E+03,
    -938.7469115594));
#288 = CARTESIAN_POINT('',(1.557050297448E+04,-1.766748293454E+03,
    -937.3397868086));
#289 = CARTESIAN_POINT('',(1.555576239253E+04,-1.7674909728E+03,
    -935.9380020031));
#290 = CARTESIAN_POINT('',(1.554102105852E+04,-1.768229111416E+03,
    -934.541749277));
#291 = CARTESIAN_POINT('',(1.551518336985E+04,-1.769514714688E+03,
    -932.10464789));
#292 = CARTESIAN_POINT('',(1.550408734894E+04,-1.770064180936E+03,
    -931.06131711));
#293 = CARTESIAN_POINT('',(1.549299088435E+04,-1.770610998905E+03,
    -930.0213126245));
#294 = CARTESIAN_POINT('',(1.548189396858E+04,-1.771155135934E+03,
    -928.9847177043));
#295 = CARTESIAN_POINT('',(1.547079659422E+04,-1.771696559341E+03,
    -927.9516162611));
#296 = CARTESIAN_POINT('',(1.545969875394E+04,-1.772235236429E+03,
    -926.9220928474));
#297 = CARTESIAN_POINT('',(1.54486004405E+04,-1.772771134478E+03,
    -925.8962326566));
#298 = CARTESIAN_POINT('',(1.543359187538E+04,-1.773492010999E+03,
    -924.5140625378));
#299 = CARTESIAN_POINT('',(1.542968283581E+04,-1.77367941434E+03,
    -924.1545416108));
#300 = CARTESIAN_POINT('',(1.542577453493E+04,-1.773866429211E+03,
    -923.7955628935));
#301 = CARTESIAN_POINT('',(1.542186697959E+04,-1.774053054071E+03,
    -923.4371305008));
#302 = CARTESIAN_POINT('',(1.541796017659E+04,-1.774239287405E+03,
    -923.079248511));
#303 = CARTESIAN_POINT('',(1.541405413271E+04,-1.774425127719E+03,
    -922.7219209656));
#304 = CARTESIAN_POINT('',(1.541014885467E+04,-1.774610573547E+03,
    -922.3651518694));
#305 = CARTESIAN_POINT('',(1.537681735647E+04,-1.776190285487E+03,
    -919.3243290511));
#306 = CARTESIAN_POINT('',(1.534738689076E+04,-1.777564729646E+03,
    -916.6672862987));
#307 = CARTESIAN_POINT('',(1.531795290148E+04,-1.778918705055E+03,
    -914.0387432908));
#308 = CARTESIAN_POINT('',(1.5288515341E+04,-1.780251955518E+03,
    -911.4396492478));
#309 = CARTESIAN_POINT('',(1.525907416435E+04,-1.78156421831E+03,
    -908.8709783708));
#310 = CARTESIAN_POINT('',(1.522962932895E+04,-1.782855222982E+03,
    -906.3337319595));
#311 = CARTESIAN_POINT('',(1.520018079437E+04,-1.784124690166E+03,
    -903.8289405295));
#312 = CARTESIAN_POINT('',(1.514140222427E+04,-1.786614634308E+03,
    -898.8969611697));
#313 = CARTESIAN_POINT('',(1.51120722181E+04,-1.787835278575E+03,
    -896.4695249047));
#314 = CARTESIAN_POINT('',(1.508273867969E+04,-1.789035003319E+03,
    -894.0743735107));
#315 = CARTESIAN_POINT('',(1.505340177683E+04,-1.790214524672E+03,
    -891.7105378607));
#316 = CARTESIAN_POINT('',(1.502406166939E+04,-1.791374537208E+03,
    -889.3770602009));
#317 = CARTESIAN_POINT('',(1.499471850964E+04,-1.792515716398E+03,
    -887.0729910256));
#318 = CARTESIAN_POINT('',(1.496537244264E+04,-1.793638721066E+03,
    -884.7973859514));
#319 = CARTESIAN_POINT('',(1.493097885273E+04,-1.79493421449E+03,
    -882.1628823981));
#320 = CARTESIAN_POINT('',(1.492593401813E+04,-1.795123720543E+03,
    -881.7772645017));
#321 = CARTESIAN_POINT('',(1.492088910007E+04,-1.795312699654E+03,
    -881.3924799147));
#322 = CARTESIAN_POINT('',(1.491584409549E+04,-1.795501135644E+03,
    -881.0085634901));
#323 = CARTESIAN_POINT('',(1.491079900138E+04,-1.795689012246E+03,
    -880.6255503757));
#324 = CARTESIAN_POINT('',(1.490575381483E+04,-1.795876313801E+03,
    -880.2434745885));
#325 = CARTESIAN_POINT('',(1.490070853305E+04,-1.796063024919E+03,
    -879.8623697076));
#326 = CARTESIAN_POINT('',(1.487753667319E+04,-1.796917743669E+03,
    -878.1166974178));
#327 = CARTESIAN_POINT('',(1.485940892795E+04,-1.797578527298E+03,
    -876.7641129485));
#328 = CARTESIAN_POINT('',(1.484127978087E+04,-1.798230743032E+03,
    -875.4261277235));
#329 = CARTESIAN_POINT('',(1.48231491022E+04,-1.79887364993E+03,
    -874.1043777494));
#330 = CARTESIAN_POINT('',(1.480501676886E+04,-1.799506502388E+03,
    -872.8005262318));
#331 = CARTESIAN_POINT('',(1.478688266433E+04,-1.800128549473E+03,
    -871.5162642093));
#332 = CARTESIAN_POINT('',(1.476874667858E+04,-1.800739034246E+03,
    -870.2533111884));
#333 = CARTESIAN_POINT('',(1.474626879667E+04,-1.801480315841E+03,
    -868.7167433273));
#334 = CARTESIAN_POINT('',(1.47419287718E+04,-1.801622732914E+03,
    -868.4213909599));
#335 = CARTESIAN_POINT('',(1.473758863205E+04,-1.801764433844E+03,
    -868.127382631));
#336 = CARTESIAN_POINT('',(1.473324837606E+04,-1.801905408145E+03,
    -867.8347423924));
#337 = CARTESIAN_POINT('',(1.472890800252E+04,-1.802045645309E+03,
    -867.5434943929));
#338 = CARTESIAN_POINT('',(1.472456751015E+04,-1.8021851348E+03,
    -867.2536628781));
#339 = CARTESIAN_POINT('',(1.47202268977E+04,-1.802323866061E+03,
    -866.9652721904));
#340 = CARTESIAN_POINT('',(1.47090952495E+04,-1.802677665369E+03,
    -866.2294631692));
#341 = CARTESIAN_POINT('',(1.470230403837E+04,-1.80289162169E+03,
    -865.7841634466));
#342 = CARTESIAN_POINT('',(1.469551252533E+04,-1.803103653318E+03,
    -865.3425487499));
#343 = CARTESIAN_POINT('',(1.468872070644E+04,-1.803313722559E+03,
    -864.9047070456));
#344 = CARTESIAN_POINT('',(1.468192857813E+04,-1.803521792466E+03,
    -864.4707249876));
#345 = CARTESIAN_POINT('',(1.467513613679E+04,-1.803727824179E+03,
    -864.0406934322));
#346 = CARTESIAN_POINT('',(1.46683433788E+04,-1.803931777324E+03,
    -863.6147065995));
#347 = CARTESIAN_POINT('',(1.465479746999E+04,-1.804334253765E+03,
    -862.7735026145));
#348 = CARTESIAN_POINT('',(1.464804432292E+04,-1.804532801653E+03,
    -862.3582374624));
#349 = CARTESIAN_POINT('',(1.464129085672E+04,-1.804729218342E+03,
    -861.9471504273));
#350 = CARTESIAN_POINT('',(1.463453706844E+04,-1.80492346458E+03,
    -861.5403336451));
#351 = CARTESIAN_POINT('',(1.462778295535E+04,-1.80511550066E+03,
    -861.1378803852));
#352 = CARTESIAN_POINT('',(1.462102851497E+04,-1.805305286421E+03,
    -860.7398850507));
#353 = CARTESIAN_POINT('',(1.461427374503E+04,-1.80549278125E+03,
    -860.3464431781));
#354 = CARTESIAN_POINT('',(1.459445031294E+04,-1.806036157614E+03,
    -859.2055001163));
#355 = CARTESIAN_POINT('',(1.458138074227E+04,-1.806385643205E+03,
    -858.470752762));
#356 = CARTESIAN_POINT('',(1.45683099158E+04,-1.806726103033E+03,
    -857.754110102));
#357 = CARTESIAN_POINT('',(1.455523782248E+04,-1.807057232226E+03,
    -857.0562899854));
#358 = CARTESIAN_POINT('',(1.454216445576E+04,-1.807378717966E+03,
    -856.3780288894));
#359 = CARTESIAN_POINT('',(1.452908981351E+04,-1.807690238594E+03,
    -855.7200834244));
#360 = CARTESIAN_POINT('',(1.451601389793E+04,-1.807991462708E+03,
    -855.0832318402));
#361 = CARTESIAN_POINT('',(1.45002202037E+04,-1.808342411359E+03,
    -854.3405311954));
#362 = CARTESIAN_POINT('',(1.449750494137E+04,-1.808402286396E+03,
    -854.2137929981));
#363 = CARTESIAN_POINT('',(1.449479093625E+04,-1.80846167092E+03,
    -854.0880668963));
#364 = CARTESIAN_POINT('',(1.449207819613E+04,-1.808520562466E+03,
    -853.9633588469));
#365 = CARTESIAN_POINT('',(1.448936672881E+04,-1.808578958565E+03,
    -853.8396748072));
#366 = CARTESIAN_POINT('',(1.448665654208E+04,-1.808636856751E+03,
    -853.7170207346));
#367 = CARTESIAN_POINT('',(1.448394764373E+04,-1.808694254555E+03,
    -853.5954025865));
#368 = CARTESIAN_POINT('',(1.447584368045E+04,-1.80886454343E+03,
    -853.2345129754));
#369 = CARTESIAN_POINT('',(1.447044710619E+04,-1.808976053413E+03,
    -852.9980976749));
#370 = CARTESIAN_POINT('',(1.446505031889E+04,-1.809085647092E+03,
    -852.7656544092));
#371 = CARTESIAN_POINT('',(1.44596533226E+04,-1.809193325561E+03,
    -852.5371862456));
#372 = CARTESIAN_POINT('',(1.445425611727E+04,-1.809299051311E+03,
    -852.312778009));
#373 = CARTESIAN_POINT('',(1.444885870673E+04,-1.809402820798E+03,
    -852.0924425131));
#374 = CARTESIAN_POINT('',(1.444346109249E+04,-1.809504607415E+03,
    -851.8762413973));
#375 = CARTESIAN_POINT('',(1.441798881672E+04,-1.809975508553E+03,
    -850.8756770675));
#376 = CARTESIAN_POINT('',(1.439791158192E+04,-1.810318975041E+03,
    -850.1448652036));
#377 = CARTESIAN_POINT('',(1.437783169791E+04,-1.810633843855E+03,
    -849.4740597251));
#378 = CARTESIAN_POINT('',(1.435774932653E+04,-1.810919141096E+03,
    -848.8655815094));
#379 = CARTESIAN_POINT('',(1.433766466675E+04,-1.81117387004E+03,
    -848.3217843174));
#380 = CARTESIAN_POINT('',(1.431757795477E+04,-1.811397010733E+03,
    -847.8450498608));
#381 = CARTESIAN_POINT('',(1.429748946415E+04,-1.811587519582E+03,
    -847.4377828709));
#382 = CARTESIAN_POINT('',(1.427389516191E+04,-1.811771681884E+03,
    -847.0439049373));
#383 = CARTESIAN_POINT('',(1.427039272625E+04,-1.811797992359E+03,
    -846.9876276595));
#384 = CARTESIAN_POINT('',(1.426689216124E+04,-1.811823265132E+03,
    -846.9335648837));
#385 = CARTESIAN_POINT('',(1.426339344236E+04,-1.811847476975E+03,
    -846.8817670284));
#386 = CARTESIAN_POINT('',(1.425989656118E+04,-1.811870657267E+03,
    -846.8321718907));
#387 = CARTESIAN_POINT('',(1.425640152092E+04,-1.811892763675E+03,
    -846.7848706983));
#388 = CARTESIAN_POINT('',(1.425290834139E+04,-1.811913820312E+03,
    -846.7398124532));
#389 = CARTESIAN_POINT('',(1.423507720559E+04,-1.812015968955E+03,
    -846.5212140627));
#390 = CARTESIAN_POINT('',(1.422073679574E+04,-1.812080502968E+03,
    -846.3830603562));
#391 = CARTESIAN_POINT('',(1.420639595963E+04,-1.812127330378E+03,
    -846.2827859857));
#392 = CARTESIAN_POINT('',(1.419205483613E+04,-1.812156327705E+03,
    -846.2206823544));
#393 = CARTESIAN_POINT('',(1.417771356927E+04,-1.812167337843E+03,
    -846.1971015606));
#394 = CARTESIAN_POINT('',(1.416337230825E+04,-1.812160167573E+03,
    -846.2124611388));
#395 = CARTESIAN_POINT('',(1.414903120744E+04,-1.812134585096E+03,
    -846.267248801));
#396 = CARTESIAN_POINT('',(1.412455614086E+04,-1.812059034657E+03,
    -846.4290049214));
#397 = CARTESIAN_POINT('',(1.411442201682E+04,-1.812018420522E+03,
    -846.515953823));
#398 = CARTESIAN_POINT('',(1.410428811087E+04,-1.811968378456E+03,
    -846.6230731446));
#399 = CARTESIAN_POINT('',(1.409415448263E+04,-1.81190880147E+03,
    -846.7505809386));
#400 = CARTESIAN_POINT('',(1.408402119476E+04,-1.811839571375E+03,
    -846.8987157116));
#401 = CARTESIAN_POINT('',(1.407388831293E+04,-1.811760557885E+03,
    -847.0677380891));
#402 = CARTESIAN_POINT('',(1.406375590591E+04,-1.81167161772E+03,
    -847.2579324788));
#403 = CARTESIAN_POINT('',(1.404618869109E+04,-1.811499923886E+03,
    -847.6249495939));
#404 = CARTESIAN_POINT('',(1.40387536313E+04,-1.811421824338E+03,
    -847.7918575107));
#405 = CARTESIAN_POINT('',(1.403131889522E+04,-1.81133822998E+03,
    -847.9704612665));
#406 = CARTESIAN_POINT('',(1.402388451285E+04,-1.81124907598E+03,
    -848.1608878395));
#407 = CARTESIAN_POINT('',(1.401645051502E+04,-1.811154299222E+03,
    -848.3632592153));
#408 = CARTESIAN_POINT('',(1.400901693339E+04,-1.81105383903E+03,
    -848.5776907959));
#409 = CARTESIAN_POINT('',(1.400158380037E+04,-1.810947637149E+03,
    -848.8042914066));
#410 = CARTESIAN_POINT('',(1.398308124867E+04,-1.810668828324E+03,
    -849.3989336915));
#411 = CARTESIAN_POINT('',(1.397201241572E+04,-1.810489158329E+03,
    -849.7819252273));
#412 = CARTESIAN_POINT('',(1.396094476129E+04,-1.810296441288E+03,
    -850.192479944));
#413 = CARTESIAN_POINT('',(1.394987839821E+04,-1.81009050355E+03,
    -850.6309052871));
#414 = CARTESIAN_POINT('',(1.393881344106E+04,-1.809871184865E+03,
    -851.0974727818));
#415 = CARTESIAN_POINT('',(1.392775000603E+04,-1.809638339739E+03,
    -851.5924151006));
#416 = CARTESIAN_POINT('',(1.391668821077E+04,-1.809391838784E+03,
    -852.1159231315));
#417 = CARTESIAN_POINT('',(1.390002811838E+04,-1.808999787543E+03,
    -852.9477499875));
#418 = CARTESIAN_POINT('',(1.389442851306E+04,-1.808864475356E+03,
    -853.2347178549));
#419 = CARTESIAN_POINT('',(1.388882937357E+04,-1.808725618896E+03,
    -853.5290658073));
#420 = CARTESIAN_POINT('',(1.388323071513E+04,-1.808583204735E+03,
    -853.8308100028));
#421 = CARTESIAN_POINT('',(1.387763255283E+04,-1.808437220634E+03,
    -854.1399635986));
#422 = CARTESIAN_POINT('',(1.38720349017E+04,-1.808287655543E+03,
    -854.4565367506));
#423 = CARTESIAN_POINT('',(1.386643777667E+04,-1.808134499603E+03,
    -854.7805366136));
#424 = CARTESIAN_POINT('',(1.385818460581E+04,-1.807903335455E+03,
    -855.269290893));
#425 = CARTESIAN_POINT('',(1.385552814108E+04,-1.807828115065E+03,
    -855.428290147));
#426 = CARTESIAN_POINT('',(1.385287179932E+04,-1.807752085929E+03,
    -855.588957388));
#427 = CARTESIAN_POINT('',(1.385021558328E+04,-1.807675239251E+03,
    -855.7513096145));
#428 = CARTESIAN_POINT('',(1.384755949405E+04,-1.807597577196E+03,
    -855.9153406889));
#429 = CARTESIAN_POINT('',(1.384490353128E+04,-1.807519111226E+03,
    -856.0810248675));
#430 = CARTESIAN_POINT('',(1.384224769733E+04,-1.80743983606E+03,
    -856.2483717106));
#431 = CARTESIAN_POINT('',(1.383667293493E+04,-1.807271577129E+03,
    -856.6034606734));
#432 = CARTESIAN_POINT('',(1.383375485042E+04,-1.807182455609E+03,
    -856.79148375));
#433 = CARTESIAN_POINT('',(1.383083790107E+04,-1.807092282393E+03,
    -856.9816675708));
#434 = CARTESIAN_POINT('',(1.382792223617E+04,-1.807001025088E+03,
    -857.1740781145));
#435 = CARTESIAN_POINT('',(1.382500800492E+04,-1.806908651217E+03,
    -857.3687813705));
#436 = CARTESIAN_POINT('',(1.382209535649E+04,-1.806815128224E+03,
    -857.5658433387));
#437 = CARTESIAN_POINT('',(1.381918443995E+04,-1.806720423471E+03,
    -857.7653300292));
#438 = CARTESIAN_POINT('',(1.380556283638E+04,-1.806271280289E+03,
    -858.7110922983));
#439 = CARTESIAN_POINT('',(1.379485333118E+04,-1.805900846399E+03,
    -859.4902128984));
#440 = CARTESIAN_POINT('',(1.378414734685E+04,-1.805511212284E+03,
    -860.3087097891));
#441 = CARTESIAN_POINT('',(1.377344547653E+04,-1.805100275459E+03,
    -861.1708210101));
#442 = CARTESIAN_POINT('',(1.376274845363E+04,-1.804665794652E+03,
    -862.0810318988));
#443 = CARTESIAN_POINT('',(1.375205715922E+04,-1.804205351628E+03,
    -863.0441440437));
#444 = CARTESIAN_POINT('',(1.374137263148E+04,-1.803716301428E+03,
    -864.065363408));
#445 = CARTESIAN_POINT('',(1.372538419305E+04,-1.802936702625E+03,
    -865.6902476109));
#446 = CARTESIAN_POINT('',(1.372007429803E+04,-1.802669887773E+03,
    -866.245884767));
#447 = CARTESIAN_POINT('',(1.371476654609E+04,-1.802394905042E+03,
    -866.8180234294));
#448 = CARTESIAN_POINT('',(1.370946111002E+04,-1.80211137617E+03,
    -867.4073977839));
#449 = CARTESIAN_POINT('',(1.370415818218E+04,-1.801818903546E+03,
    -868.0147761192));
#450 = CARTESIAN_POINT('',(1.369885797512E+04,-1.801517067725E+03,
    -868.6409650818));
#451 = CARTESIAN_POINT('',(1.369356072222E+04,-1.801205424936E+03,
    -869.2868139308));
#452 = CARTESIAN_POINT('',(1.368577953271E+04,-1.80073226617E+03,
    -870.2662962996));
#453 = CARTESIAN_POINT('',(1.368329807759E+04,-1.800579062271E+03,
    -870.5832836973));
#454 = CARTESIAN_POINT('',(1.368082242324E+04,-1.800423865376E+03,
    -870.9042309766));
#455 = CARTESIAN_POINT('',(1.367835267993E+04,-1.800266647819E+03,
    -871.2291881472));
#456 = CARTESIAN_POINT('',(1.367588895787E+04,-1.800107381786E+03,
    -871.5582052388));
#457 = CARTESIAN_POINT('',(1.367343136721E+04,-1.799946039314E+03,
    -871.8913323007));
#458 = CARTESIAN_POINT('',(1.367098001804E+04,-1.799782592294E+03,
    -872.2286194021));
#459 = CARTESIAN_POINT('',(1.366586937713E+04,-1.79943648793E+03,
    -872.9424362946));
#460 = CARTESIAN_POINT('',(1.366320475662E+04,-1.799252999302E+03,
    -873.3206450641));
#461 = CARTESIAN_POINT('',(1.36605412192E+04,-1.799066429942E+03,
    -873.7049705579));
#462 = CARTESIAN_POINT('',(1.365787877893E+04,-1.79887679157E+03,
    -874.0953759493));
#463 = CARTESIAN_POINT('',(1.365521750929E+04,-1.798683941486E+03,
    -874.4921410358));
#464 = CARTESIAN_POINT('',(1.365255747368E+04,-1.798487766571E+03,
    -874.8954838344));
#465 = CARTESIAN_POINT('',(1.364989866703E+04,-1.79828833908E+03,
    -875.3052404688));
#466 = CARTESIAN_POINT('',(1.363556990489E+04,-1.797194950199E+03,
    -877.5502538357));
#467 = CARTESIAN_POINT('',(1.3623923302E+04,-1.796239824606E+03,
    -879.5059775611));
#468 = CARTESIAN_POINT('',(1.361230491146E+04,-1.795216566926E+03,
    -881.5948708003));
#469 = CARTESIAN_POINT('',(1.360071835814E+04,-1.794121865659E+03,
    -883.8221753656));
#470 = CARTESIAN_POINT('',(1.358916723436E+04,-1.792952879022E+03,
    -886.1919198534));
#471 = CARTESIAN_POINT('',(1.357765500567E+04,-1.79170742718E+03,
    -888.7065402783));
#472 = CARTESIAN_POINT('',(1.356618494734E+04,-1.790384138105E+03,
    -891.366628713));
#473 = CARTESIAN_POINT('',(1.354608479541E+04,-1.787918147623E+03,
    -896.3003764288));
#474 = CARTESIAN_POINT('',(1.35374353517E+04,-1.786808602935E+03,
    -898.5130170323));
#475 = CARTESIAN_POINT('',(1.352881310764E+04,-1.785653607857E+03,
    -900.8083400887));
#476 = CARTESIAN_POINT('',(1.352021909346E+04,-1.784453177446E+03,
    -903.185256736));
#477 = CARTESIAN_POINT('',(1.351165408142E+04,-1.783207582268E+03,
    -905.6421356395));
#478 = CARTESIAN_POINT('',(1.350311860233E+04,-1.781917333198E+03,
    -908.1768536244));
#479 = CARTESIAN_POINT('',(1.34946129715E+04,-1.780583152838E+03,
    -910.7868730585));
#480 = CARTESIAN_POINT('',(1.347643159697E+04,-1.777628834274E+03,
    -916.5411341863));
#481 = CARTESIAN_POINT('',(1.346676522329E+04,-1.775995451708E+03,
    -919.7076308109));
#482 = CARTESIAN_POINT('',(1.345714107534E+04,-1.774303124853E+03,
    -922.9723557751));
#483 = CARTESIAN_POINT('',(1.344756282181E+04,-1.772548770335E+03,
    -926.3394733353));
#484 = CARTESIAN_POINT('',(1.34380349514E+04,-1.770728837839E+03,
    -929.8138319804));
#485 = CARTESIAN_POINT('',(1.342856282065E+04,-1.768839236346E+03,
    -933.4010571795));
#486 = CARTESIAN_POINT('',(1.341915274859E+04,-1.766875196915E+03,
    -937.1077402544));
#487 = CARTESIAN_POINT('',(1.340063079671E+04,-1.762821715232E+03,
    -944.7104532839));
#488 = CARTESIAN_POINT('',(1.339151752404E+04,-1.760735190513E+03,
    -948.60178636));
#489 = CARTESIAN_POINT('',(1.338247881634E+04,-1.75856595924E+03,
    -952.6234635863));
#490 = CARTESIAN_POINT('',(1.337352333696E+04,-1.756307899914E+03,
    -956.7839484873));
#491 = CARTESIAN_POINT('',(1.33646621131E+04,-1.753954102493E+03,
    -961.0926922585));
#492 = CARTESIAN_POINT('',(1.335590869937E+04,-1.751496687764E+03,
    -965.5603706814));
#493 = CARTESIAN_POINT('',(1.334727950808E+04,-1.748926450839E+03,
    -970.199367546));
#494 = CARTESIAN_POINT('',(1.333762019828E+04,-1.745859293179E+03,
    -975.6925301556));
#495 = CARTESIAN_POINT('',(1.333645071593E+04,-1.745484690379E+03,
    -976.3627438262));
#496 = CARTESIAN_POINT('',(1.333528608438E+04,-1.745108348361E+03,
    -977.0353774179));
#497 = CARTESIAN_POINT('',(1.333412637151E+04,-1.744730261691E+03,
    -977.7104313128));
#498 = CARTESIAN_POINT('',(1.333297164522E+04,-1.744350424896E+03,
    -978.3879059004));
#499 = CARTESIAN_POINT('',(1.333182197342E+04,-1.743968832463E+03,
    -979.0678015767));
#500 = CARTESIAN_POINT('',(1.333067742401E+04,-1.743585478835E+03,
    -979.7501187452));
#501 = CARTESIAN_POINT('',(1.332763908744E+04,-1.74255846259E+03,
    -981.57614014));
#502 = CARTESIAN_POINT('',(1.332575458088E+04,-1.741911737894E+03,
    -982.7240098241));
#503 = CARTESIAN_POINT('',(1.332388494729E+04,-1.741260030606E+03,
    -983.8786960302));
#504 = CARTESIAN_POINT('',(1.332203029729E+04,-1.740603333712E+03,
    -985.0401661936));
#505 = CARTESIAN_POINT('',(1.332019063752E+04,-1.739941660576E+03,
    -986.2083512839));
#506 = CARTESIAN_POINT('',(1.331836596486E+04,-1.739274981007E+03,
    -987.3832594174));
#507 = CARTESIAN_POINT('',(1.331655626763E+04,-1.738603219729E+03,
    -988.5649778197));
#508 = CARTESIAN_POINT('',(1.331296663987E+04,-1.737249429227E+03,
    -990.9421231926));
#509 = CARTESIAN_POINT('',(1.331118680015E+04,-1.736567428579E+03,
    -992.1375002946));
#510 = CARTESIAN_POINT('',(1.330942191466E+04,-1.735880277234E+03,
    -993.3397146232));
#511 = CARTESIAN_POINT('',(1.330767198365E+04,-1.735187936628E+03,
    -994.548786435));
#512 = CARTESIAN_POINT('',(1.330593700727E+04,-1.734490367717E+03,
    -995.7647360653));
#513 = CARTESIAN_POINT('',(1.330421698553E+04,-1.73378753098E+03,
    -996.9875839279));
#514 = CARTESIAN_POINT('',(1.330251191835E+04,-1.733079386418E+03,
    -998.2173505152));
#515 = CARTESIAN_POINT('',(1.329167328209E+04,-1.728503780481E+03,
    -1.006148303891E+03));
#516 = CARTESIAN_POINT('',(1.32828308768E+04,-1.724429218028E+03,
    -1.013142494619E+03));
#517 = CARTESIAN_POINT('',(1.32743323147E+04,-1.720134453436E+03,
    -1.020438742878E+03));
#518 = CARTESIAN_POINT('',(1.326621545338E+04,-1.715613573037E+03,
    -1.028034947647E+03));
#519 = CARTESIAN_POINT('',(1.325851667077E+04,-1.710863310279E+03,
    -1.035923652061E+03));
#520 = CARTESIAN_POINT('',(1.325126872913E+04,-1.705884224412E+03,
    -1.044090607639E+03));
#521 = CARTESIAN_POINT('',(1.324449852505E+04,-1.700682117174E+03,
    -1.052513373213E+03));
#522 = CARTESIAN_POINT('',(1.323619886307E+04,-1.693521324962E+03,
    -1.063953184361E+03));
#523 = CARTESIAN_POINT('',(1.32342242324E+04,-1.691750976309E+03,
    -1.066769734016E+03));
#524 = CARTESIAN_POINT('',(1.323230182308E+04,-1.68995885496E+03,
    -1.069608979737E+03));
#525 = CARTESIAN_POINT('',(1.323043209678E+04,-1.688145337851E+03,
    -1.072469938776E+03));
#526 = CARTESIAN_POINT('',(1.322861540056E+04,-1.68631083273E+03,
    -1.075351595472E+03));
#527 = CARTESIAN_POINT('',(1.32268519702E+04,-1.684455778138E+03,
    -1.078252903397E+03));
#528 = CARTESIAN_POINT('',(1.322514193359E+04,-1.682580643396E+03,
    -1.081172787519E+03));
#529 = CARTESIAN_POINT('',(1.322263781922E+04,-1.679716713749E+03,
    -1.085612711123E+03));
#530 = CARTESIAN_POINT('',(1.322180452028E+04,-1.678742318025E+03,
    -1.087119937581E+03));
#531 = CARTESIAN_POINT('',(1.322098508923E+04,-1.677762892769E+03,
    -1.088631546387E+03));
#532 = CARTESIAN_POINT('',(1.322017913425E+04,-1.676778598276E+03,
    -1.090147247974E+03));
#533 = CARTESIAN_POINT('',(1.321938623581E+04,-1.675789594871E+03,
    -1.091666756006E+03));
#534 = CARTESIAN_POINT('',(1.321860598252E+04,-1.674796033999E+03,
    -1.093189800848E+03));
#535 = CARTESIAN_POINT('',(1.321783800721E+04,-1.673798049309E+03,
    -1.094716143025E+03));
#536 = CARTESIAN_POINT('',(1.321624762289E+04,-1.671689499119E+03,
    -1.097933646388E+03));
#537 = CARTESIAN_POINT('',(1.321542779194E+04,-1.67057800436E+03,
    -1.099625464797E+03));
#538 = CARTESIAN_POINT('',(1.321462206701E+04,-1.669461425552E+03,
    -1.101320750271E+03));
#539 = CARTESIAN_POINT('',(1.321383001304E+04,-1.668339913057E+03,
    -1.103019232741E+03));
#540 = CARTESIAN_POINT('',(1.321305122055E+04,-1.667213605833E+03,
    -1.104720662848E+03));
#541 = CARTESIAN_POINT('',(1.321228530329E+04,-1.666082631756E+03,
    -1.106424811074E+03));
#542 = CARTESIAN_POINT('',(1.321153189591E+04,-1.66494710794E+03,
    -1.108131466872E+03));
#543 = CARTESIAN_POINT('',(1.320833457399E+04,-1.660029913711E+03,
    -1.115503033619E+03));
#544 = CARTESIAN_POINT('',(1.32060122086E+04,-1.656204175914E+03,
    -1.121190642683E+03));
#545 = CARTESIAN_POINT('',(1.32038107266E+04,-1.652333492334E+03,
    -1.126896750058E+03));
#546 = CARTESIAN_POINT('',(1.320172005971E+04,-1.648420785634E+03,
    -1.132616078931E+03));
#547 = CARTESIAN_POINT('',(1.319973209781E+04,-1.644468435814E+03,
    -1.13834436432E+03));
#548 = CARTESIAN_POINT('',(1.319784025231E+04,-1.640478326724E+03,
    -1.144078225123E+03));
#549 = CARTESIAN_POINT('',(1.319603939484E+04,-1.636451831448E+03,
    -1.14981512964E+03));
#550 = CARTESIAN_POINT('',(1.319378446166E+04,-1.631105288006E+03,
    -1.157367911035E+03));
#551 = CARTESIAN_POINT('',(1.31932515139E+04,-1.629817308415E+03,
    -1.15918248447E+03));
#552 = CARTESIAN_POINT('',(1.319272723654E+04,-1.628525822308E+03,
    -1.160997107173E+03));
#553 = CARTESIAN_POINT('',(1.319221154531E+04,-1.627230860108E+03,
    -1.16281172054E+03));
#554 = CARTESIAN_POINT('',(1.319170437758E+04,-1.625932449146E+03,
    -1.164626271036E+03));
#555 = CARTESIAN_POINT('',(1.319120569404E+04,-1.624630613381E+03,
    -1.16644071048E+03));
#556 = CARTESIAN_POINT('',(1.319071547749E+04,-1.623325373506E+03,
    -1.16825499578E+03));
#557 = CARTESIAN_POINT('',(1.319003928612E+04,-1.621488558301E+03,
    -1.170801293328E+03));
#558 = CARTESIAN_POINT('',(1.318983274061E+04,-1.62092322068E+03,
    -1.171584204655E+03));
#559 = CARTESIAN_POINT('',(1.318962893549E+04,-1.620359911773E+03,
    -1.172363299506E+03));
#560 = CARTESIAN_POINT('',(1.318943628002E+04,-1.619822333722E+03,
    -1.173105878012E+03));
#561 = CARTESIAN_POINT('',(1.318925719709E+04,-1.619318536824E+03,
    -1.173801051887E+03));
#562 = CARTESIAN_POINT('',(1.318908850722E+04,-1.618840766919E+03,
    -1.174459734271E+03));
#563 = CARTESIAN_POINT('',(1.318892174874E+04,-1.618365336993E+03,
    -1.175114630568E+03));
#564 = CARTESIAN_POINT('',(1.318849522041E+04,-1.61713867777E+03,
    -1.176802435057E+03));
#565 = CARTESIAN_POINT('',(1.318824947427E+04,-1.616423853861E+03,
    -1.177784553525E+03));
#566 = CARTESIAN_POINT('',(1.318800620568E+04,-1.615708054169E+03,
    -1.178766579502E+03));
#567 = CARTESIAN_POINT('',(1.318776534347E+04,-1.614991290323E+03,
    -1.179748495075E+03));
#568 = CARTESIAN_POINT('',(1.318752686893E+04,-1.61427356677E+03,
    -1.180730292091E+03));
#569 = CARTESIAN_POINT('',(1.318729071515E+04,-1.613554892714E+03,
    -1.181711955959E+03));
#570 = CARTESIAN_POINT('',(1.318705643187E+04,-1.612835321854E+03,
    -1.182693411755E+03));
#571 = CARTESIAN_POINT('',(1.318682261608E+04,-1.612115019937E+03,
    -1.183674432643E+03));
#572 = PCURVE('',#573,#964);
#573 = B_SPLINE_SURFACE_WITH_KNOTS('',3,3,(
    (#574,#575,#576,#577,#578,#579,#580,#581,#582,#583,#584,#585,#586
      ,#587,#588,#589,#590,#591,#592,#593,#594,#595,#596,#597,#598,#599
      ,#600,#601,#602,#603)
    ,(#604,#605,#606,#607,#608,#609,#610,#611,#612,#613,#614,#615,#616
      ,#617,#618,#619,#620,#621,#622,#623,#624,#625,#626,#627,#628,#629
      ,#630,#631,#632,#633)
    ,(#634,#635,#636,#637,#638,#639,#640,#641,#642,#643,#644,#645,#646
      ,#647,#648,#649,#650,#651,#652,#653,#654,#655,#656,#657,#658,#659
      ,#660,#661,#662,#663)
    ,(#664,#665,#666,#667,#668,#669,#670,#671,#672,#673,#674,#675,#676
      ,#677,#678,#679,#680,#681,#682,#683,#684,#685,#686,#687,#688,#689
      ,#690,#691,#692,#693)
    ,(#694,#695,#696,#697,#698,#699,#700,#701,#702,#703,#704,#705,#706
      ,#707,#708,#709,#710,#711,#712,#713,#714,#715,#716,#717,#718,#719
      ,#720,#721,#722,#723)
    ,(#724,#725,#726,#727,#728,#729,#730,#731,#732,#733,#734,#735,#736
      ,#737,#738,#739,#740,#741,#742,#743,#744,#745,#746,#747,#748,#749
      ,#750,#751,#752,#753)
    ,(#754,#755,#756,#757,#758,#759,#760,#761,#762,#763,#764,#765,#766
      ,#767,#768,#769,#770,#771,#772,#773,#774,#775,#776,#777,#778,#779
      ,#780,#781,#782,#783)
    ,(#784,#785,#786,#787,#788,#789,#790,#791,#792,#793,#794,#795,#796
      ,#797,#798,#799,#800,#801,#802,#803,#804,#805,#806,#807,#808,#809
      ,#810,#811,#812,#813)
    ,(#814,#815,#816,#817,#818,#819,#820,#821,#822,#823,#824,#825,#826
      ,#827,#828,#829,#830,#831,#832,#833,#834,#835,#836,#837,#838,#839
      ,#840,#841,#842,#843)
    ,(#844,#845,#846,#847,#848,#849,#850,#851,#852,#853,#854,#855,#856
      ,#857,#858,#859,#860,#861,#862,#863,#864,#865,#866,#867,#868,#869
      ,#870,#871,#872,#873)
    ,(#874,#875,#876,#877,#878,#879,#880,#881,#882,#883,#884,#885,#886
      ,#887,#888,#889,#890,#891,#892,#893,#894,#895,#896,#897,#898,#899
      ,#900,#901,#902,#903)
    ,(#904,#905,#906,#907,#908,#909,#910,#911,#912,#913,#914,#915,#916
      ,#917,#918,#919,#920,#921,#922,#923,#924,#925,#926,#927,#928,#929
      ,#930,#931,#932,#933)
    ,(#934,#935,#936,#937,#938,#939,#940,#941,#942,#943,#944,#945,#946
      ,#947,#948,#949,#950,#951,#952,#953,#954,#955,#956,#957,#958,#959
      ,#960,#961,#962,#963
    )),.UNSPECIFIED.,.F.,.F.,.F.,(4,1,1,1,1,1,1,1,1,1,4),(4,1,1,1,1,1,1,
    1,1,1,1,1,1,1,1,1,1,1,1,1,1,1,1,1,1,1,1,4),(0.,0.1,0.2,0.3,0.4,0.5,
    0.6,0.7,0.8,0.9,1.),(0.,3.703703703704E-02,7.407407407407E-02,
    0.111111111111,0.148148148148,0.185185185185,0.222222222222,
    0.259259259259,0.296296296296,0.333333333333,0.37037037037,
    0.407407407407,0.444444444444,0.481481481481,0.518518518519,
    0.555555555556,0.592592592593,0.62962962963,0.666666666667,
    0.703703703704,0.740740740741,0.777777777778,0.814814814815,
    0.851851851852,0.888888888889,0.925925925926,0.962962962963,1.),
  .QUASI_UNIFORM_KNOTS.);
#574 = CARTESIAN_POINT('',(1.2743744E+04,-375.046,-1.2423E+03));
#575 = CARTESIAN_POINT('',(1.274333227808E+04,-375.046,
    -1.230514887103E+03));
#576 = CARTESIAN_POINT('',(1.273988932313E+04,-375.046,
    -1.129945447058E+03));
#577 = CARTESIAN_POINT('',(1.282994148438E+04,-375.046,
    -1.018387481421E+03));
#578 = CARTESIAN_POINT('',(1.30113584504E+04,-375.046,-941.4873442716));
#579 = CARTESIAN_POINT('',(1.318742759474E+04,-375.046,-899.8776946392)
  );
#580 = CARTESIAN_POINT('',(1.340482205982E+04,-375.046,-881.7916980233)
  );
#581 = CARTESIAN_POINT('',(1.362717101171E+04,-375.046,-872.5016732381)
  );
#582 = CARTESIAN_POINT('',(1.386720623202E+04,-375.046,-871.5601226677)
  );
#583 = CARTESIAN_POINT('',(1.411525557976E+04,-375.046,-879.0234991802)
  );
#584 = CARTESIAN_POINT('',(1.437277641536E+04,-375.046,-893.4284100251)
  );
#585 = CARTESIAN_POINT('',(1.46360768136E+04,-375.0459999999,
    -912.321005355));
#586 = CARTESIAN_POINT('',(1.49049952826E+04,-375.046,-933.3237764507));
#587 = CARTESIAN_POINT('',(1.517749879745E+04,-375.046,-956.7404808751)
  );
#588 = CARTESIAN_POINT('',(1.545264543866E+04,-375.046,-982.1708785354)
  );
#589 = CARTESIAN_POINT('',(1.572910361434E+04,-375.046,
    -1.008900766418E+03));
#590 = CARTESIAN_POINT('',(1.600579462989E+04,-375.046,
    -1.03671605815E+03));
#591 = CARTESIAN_POINT('',(1.628148028121E+04,-375.046,
    -1.065640654924E+03));
#592 = CARTESIAN_POINT('',(1.655501127069E+04,-375.046,
    -1.09559765411E+03));
#593 = CARTESIAN_POINT('',(1.682506482679E+04,-375.046,
    -1.126550790893E+03));
#594 = CARTESIAN_POINT('',(1.709043730115E+04,-375.0459999999,
    -1.159186134878E+03));
#595 = CARTESIAN_POINT('',(1.734941904823E+04,-375.046,
    -1.193797941982E+03));
#596 = CARTESIAN_POINT('',(1.760042106562E+04,-375.0459999999,
    -1.230318452232E+03));
#597 = CARTESIAN_POINT('',(1.784136105542E+04,-375.046,
    -1.268417223092E+03));
#598 = CARTESIAN_POINT('',(1.807262799167E+04,-375.046,
    -1.307925836594E+03));
#599 = CARTESIAN_POINT('',(1.828269162823E+04,-375.0459999999,
    -1.346536585412E+03));
#600 = CARTESIAN_POINT('',(1.848012590593E+04,-375.046,
    -1.385159392816E+03));
#601 = CARTESIAN_POINT('',(1.867194019547E+04,-375.046,
    -1.424146844257E+03));
#602 = CARTESIAN_POINT('',(1.877417408609E+04,-375.046,
    -1.445545897537E+03));
#603 = CARTESIAN_POINT('',(1.8815763E+04,-375.046,-1.45434E+03));
#604 = CARTESIAN_POINT('',(1.288395619626E+04,-780.7932818731,
    -1.223747945584E+03));
#605 = CARTESIAN_POINT('',(1.288356766199E+04,-780.8044718179,
    -1.21237748883E+03));
#606 = CARTESIAN_POINT('',(1.288026352805E+04,-780.8268517073,
    -1.115350891785E+03));
#607 = CARTESIAN_POINT('',(1.296716788389E+04,-780.8604215415,
    -1.00772255628E+03));
#608 = CARTESIAN_POINT('',(1.314221666017E+04,-780.8939913756,
    -933.5303905064));
#609 = CARTESIAN_POINT('',(1.331210599583E+04,-780.9275612098,
    -893.3846846805));
#610 = CARTESIAN_POINT('',(1.352186424687E+04,-780.9611310439,
    -875.9336173387));
#611 = CARTESIAN_POINT('',(1.373640216109E+04,-780.9947008781,
    -866.9683999429));
#612 = CARTESIAN_POINT('',(1.396800299742E+04,-781.0282707123,
    -866.0574556856));
#613 = CARTESIAN_POINT('',(1.420733554094E+04,-781.0618405464,
    -873.2552612201));
#614 = CARTESIAN_POINT('',(1.445580572833E+04,-781.0954103806,
    -887.1498929123));
#615 = CARTESIAN_POINT('',(1.47098517375E+04,-781.1289802147,
    -905.3739933057));
#616 = CARTESIAN_POINT('',(1.496931775814E+04,-781.1625500489,
    -925.6338590181));
#617 = CARTESIAN_POINT('',(1.523224249126E+04,-781.1961198831,
    -948.222585698));
#618 = CARTESIAN_POINT('',(1.549771722395E+04,-781.2296897172,
    -972.7540508094));
#619 = CARTESIAN_POINT('',(1.57644572057E+04,-781.2632595514,
    -998.5391912861));
#620 = CARTESIAN_POINT('',(1.603142180298E+04,-781.2968293855,
    -1.025371462559E+03));
#621 = CARTESIAN_POINT('',(1.629741656446E+04,-781.3303992197,
    -1.053273916119E+03));
#622 = CARTESIAN_POINT('',(1.65613326096E+04,-781.3639690539,
    -1.08217241681E+03));
#623 = CARTESIAN_POINT('',(1.682189369419E+04,-781.397538888,
    -1.112032036901E+03));
#624 = CARTESIAN_POINT('',(1.707793871879E+04,-781.4311087222,
    -1.143514491658E+03));
#625 = CARTESIAN_POINT('',(1.732781833924E+04,-781.4646785563,
    -1.176903621359E+03));
#626 = CARTESIAN_POINT('',(1.756999944616E+04,-781.4982483905,
    -1.212134313323E+03));
#627 = CARTESIAN_POINT('',(1.780247316564E+04,-781.5318182246,
    -1.248887702223E+03));
#628 = CARTESIAN_POINT('',(1.802561481156E+04,-781.5653880588,
    -1.287001161171E+03));
#629 = CARTESIAN_POINT('',(1.822830054561E+04,-781.598957893,
    -1.324248375965E+03));
#630 = CARTESIAN_POINT('',(1.841880204753E+04,-781.6325277271,
    -1.36150723795E+03));
#631 = CARTESIAN_POINT('',(1.860388159985E+04,-781.6660975613,
    -1.399117937365E+03));
#632 = CARTESIAN_POINT('',(1.870252948486E+04,-781.6884774507,
    -1.419761007463E+03));
#633 = CARTESIAN_POINT('',(1.874266123458E+04,-781.6996673954,
    -1.428244266095E+03));
#634 = CARTESIAN_POINT('',(1.318913284256E+04,-1.631951861571E+03,
    -1.183368759038E+03));
#635 = CARTESIAN_POINT('',(1.318878384263E+04,-1.631977716658E+03,
    -1.172804332989E+03));
#636 = CARTESIAN_POINT('',(1.318573832925E+04,-1.632029426832E+03,
    -1.082661084517E+03));
#637 = CARTESIAN_POINT('',(1.326651125414E+04,-1.632106992093E+03,
    -982.6679730842));
#638 = CARTESIAN_POINT('',(1.342917278169E+04,-1.632184557354E+03,
    -913.7378729415));
#639 = CARTESIAN_POINT('',(1.358704081506E+04,-1.632262122615E+03,
    -876.4376319625));
#640 = CARTESIAN_POINT('',(1.378194856547E+04,-1.632339687876E+03,
    -860.2215902113));
#641 = CARTESIAN_POINT('',(1.398129639797E+04,-1.632417253138E+03,
    -851.8889754072));
#642 = CARTESIAN_POINT('',(1.41964962518E+04,-1.632494818399E+03,
    -851.0391217485));
#643 = CARTESIAN_POINT('',(1.441887918117E+04,-1.63257238366E+03,
    -857.7226643227));
#644 = CARTESIAN_POINT('',(1.464975124027E+04,-1.632649948921E+03,
    -870.6276687983));
#645 = CARTESIAN_POINT('',(1.488580334284E+04,-1.632727514182E+03,
    -887.5548008476));
#646 = CARTESIAN_POINT('',(1.512689071581E+04,-1.632805079443E+03,
    -906.3731594428));
#647 = CARTESIAN_POINT('',(1.537119138457E+04,-1.632882644705E+03,
    -927.3551187289));
#648 = CARTESIAN_POINT('',(1.561786114227E+04,-1.632960209966E+03,
    -950.1419773109));
#649 = CARTESIAN_POINT('',(1.586570624535E+04,-1.633037775227E+03,
    -974.0935090982));
#650 = CARTESIAN_POINT('',(1.611375999041E+04,-1.633115340488E+03,
    -999.0178242197));
#651 = CARTESIAN_POINT('',(1.636091290186E+04,-1.633192905749E+03,
    -1.024936333364E+03));
#652 = CARTESIAN_POINT('',(1.660613462717E+04,-1.633270471011E+03,
    -1.051780262806E+03));
#653 = CARTESIAN_POINT('',(1.684823932052E+04,-1.633348036272E+03,
    -1.079517267009E+03));
#654 = CARTESIAN_POINT('',(1.70861485154E+04,-1.633425601533E+03,
    -1.108761781305E+03));
#655 = CARTESIAN_POINT('',(1.731833000067E+04,-1.633503166794E+03,
    -1.139777421725E+03));
#656 = CARTESIAN_POINT('',(1.754335926549E+04,-1.633580732055E+03,
    -1.17250418327E+03));
#657 = CARTESIAN_POINT('',(1.775937006134E+04,-1.633658297316E+03,
    -1.206645695869E+03));
#658 = CARTESIAN_POINT('',(1.796671115502E+04,-1.633735862578E+03,
    -1.242050594211E+03));
#659 = CARTESIAN_POINT('',(1.815504818938E+04,-1.633813427839E+03,
    -1.276650685175E+03));
#660 = CARTESIAN_POINT('',(1.833206568677E+04,-1.6338909931E+03,
    -1.311261623332E+03));
#661 = CARTESIAN_POINT('',(1.850404594532E+04,-1.633968558361E+03,
    -1.346199504584E+03));
#662 = CARTESIAN_POINT('',(1.859571670386E+04,-1.634020268535E+03,
    -1.365375110315E+03));
#663 = CARTESIAN_POINT('',(1.863301228146E+04,-1.634046123622E+03,
    -1.373255079392E+03));
#664 = CARTESIAN_POINT('',(1.372102899006E+04,-3.027480024404E+03,
    -1.112991362546E+03));
#665 = CARTESIAN_POINT('',(1.372072261843E+04,-3.027509662094E+03,
    -1.103565757821E+03));
#666 = CARTESIAN_POINT('',(1.371801567091E+04,-3.027568937473E+03,
    -1.023139759934E+03));
#667 = CARTESIAN_POINT('',(1.379009553802E+04,-3.027657850541E+03,
    -933.9262360679));
#668 = CARTESIAN_POINT('',(1.393523513376E+04,-3.02774676361E+03,
    -872.4264630333));
#669 = CARTESIAN_POINT('',(1.407609770794E+04,-3.027835676678E+03,
    -839.146011051));
#670 = CARTESIAN_POINT('',(1.425000703888E+04,-3.027924589747E+03,
    -824.6768688379));
#671 = CARTESIAN_POINT('',(1.442787727861E+04,-3.028013502815E+03,
    -817.2409813843));
#672 = CARTESIAN_POINT('',(1.461989056414E+04,-3.028102415884E+03,
    -816.4812575656));
#673 = CARTESIAN_POINT('',(1.481831260419E+04,-3.028191328952E+03,
    -822.4429027119));
#674 = CARTESIAN_POINT('',(1.502430852422E+04,-3.028280242021E+03,
    -833.9551196536));
#675 = CARTESIAN_POINT('',(1.523492593067E+04,-3.028369155089E+03,
    -849.0557237996));
#676 = CARTESIAN_POINT('',(1.54500356283E+04,-3.028458068158E+03,
    -865.8435926908));
#677 = CARTESIAN_POINT('',(1.566801224686E+04,-3.028546981226E+03,
    -884.561825197));
#678 = CARTESIAN_POINT('',(1.588810261731E+04,-3.028635894295E+03,
    -904.8904097159));
#679 = CARTESIAN_POINT('',(1.610924147896E+04,-3.028724807363E+03,
    -926.2580468634));
#680 = CARTESIAN_POINT('',(1.633056644774E+04,-3.028813720432E+03,
    -948.4935420797));
#681 = CARTESIAN_POINT('',(1.655108792208E+04,-3.0289026335E+03,
    -971.6160206692));
#682 = CARTESIAN_POINT('',(1.676988642326E+04,-3.028991546569E+03,
    -995.5642304799));
#683 = CARTESIAN_POINT('',(1.69859037341E+04,-3.029080459637E+03,
    -1.020309423363E+03));
#684 = CARTESIAN_POINT('',(1.719817794281E+04,-3.029169372706E+03,
    -1.04639940098E+03));
#685 = CARTESIAN_POINT('',(1.740534212862E+04,-3.029258285774E+03,
    -1.07406926408E+03));
#686 = CARTESIAN_POINT('',(1.760612511586E+04,-3.029347198843E+03,
    -1.103266108482E+03));
#687 = CARTESIAN_POINT('',(1.779886192631E+04,-3.029436111911E+03,
    -1.133725329505E+03));
#688 = CARTESIAN_POINT('',(1.798386382601E+04,-3.02952502498E+03,
    -1.165311492472E+03));
#689 = CARTESIAN_POINT('',(1.815191067589E+04,-3.029613938048E+03,
    -1.196179590363E+03));
#690 = CARTESIAN_POINT('',(1.830985835654E+04,-3.029702851117E+03,
    -1.22705740384E+03));
#691 = CARTESIAN_POINT('',(1.846331176554E+04,-3.029791764185E+03,
    -1.258226975528E+03));
#692 = CARTESIAN_POINT('',(1.854510918801E+04,-3.029851039564E+03,
    -1.275334130726E+03));
#693 = CARTESIAN_POINT('',(1.857838882583E+04,-3.029880677254E+03,
    -1.2823639798E+03));
#694 = CARTESIAN_POINT('',(1.432693080082E+04,-4.541596836114E+03,
    -1.032821956785E+03));
#695 = CARTESIAN_POINT('',(1.43266542344E+04,-4.541616970398E+03,
    -1.024464568671E+03));
#696 = CARTESIAN_POINT('',(1.432424418793E+04,-4.541657238966E+03,
    -953.1472891484));
#697 = CARTESIAN_POINT('',(1.438814663618E+04,-4.541717641819E+03,
    -874.0389643795));
#698 = CARTESIAN_POINT('',(1.451683479167E+04,-4.541778044671E+03,
    -819.5056071889));
#699 = CARTESIAN_POINT('',(1.464172995121E+04,-4.541838447524E+03,
    -789.9953960034));
#700 = CARTESIAN_POINT('',(1.479592974442E+04,-4.541898850376E+03,
    -777.1663745543));
#701 = CARTESIAN_POINT('',(1.495364147148E+04,-4.541959253229E+03,
    -770.5738979883));
#702 = CARTESIAN_POINT('',(1.512389464446E+04,-4.542019656081E+03,
    -769.9016580256));
#703 = CARTESIAN_POINT('',(1.529983087737E+04,-4.542080058934E+03,
    -775.1897628303));
#704 = CARTESIAN_POINT('',(1.5482483262E+04,-4.542140461787E+03,
    -785.3997056029));
#705 = CARTESIAN_POINT('',(1.566923368636E+04,-4.542200864639E+03,
    -798.7915665321));
#706 = CARTESIAN_POINT('',(1.585996755513E+04,-4.542261267492E+03,
    -813.6795767653));
#707 = CARTESIAN_POINT('',(1.605324372011E+04,-4.542321670344E+03,
    -830.2793668761));
#708 = CARTESIAN_POINT('',(1.62483943288E+04,-4.542382073197E+03,
    -848.3071731367));
#709 = CARTESIAN_POINT('',(1.64444745759E+04,-4.542442476049E+03,
    -867.2562941124));
#710 = CARTESIAN_POINT('',(1.664071982072E+04,-4.542502878902E+03,
    -886.9749438193));
#711 = CARTESIAN_POINT('',(1.683625274615E+04,-4.542563281754E+03,
    -907.4801379951));
#712 = CARTESIAN_POINT('',(1.703025782911E+04,-4.542623684607E+03,
    -928.7176254929));
#713 = CARTESIAN_POINT('',(1.722179651211E+04,-4.542684087459E+03,
    -950.6619796414));
#714 = CARTESIAN_POINT('',(1.741001604334E+04,-4.542744490312E+03,
    -973.7986546663));
#715 = CARTESIAN_POINT('',(1.759370438327E+04,-4.542804893164E+03,
    -998.3360571196));
#716 = CARTESIAN_POINT('',(1.777173412879E+04,-4.542865296017E+03,
    -1.024227822937E+03));
#717 = CARTESIAN_POINT('',(1.794262890417E+04,-4.542925698869E+03,
    -1.051239135334E+03));
#718 = CARTESIAN_POINT('',(1.810666479453E+04,-4.542986101722E+03,
    -1.079249528535E+03));
#719 = CARTESIAN_POINT('',(1.825566587527E+04,-4.543046504575E+03,
    -1.106623186101E+03));
#720 = CARTESIAN_POINT('',(1.839571147954E+04,-4.543106907427E+03,
    -1.13400549603E+03));
#721 = CARTESIAN_POINT('',(1.853177168037E+04,-4.54316731028E+03,
    -1.161646535912E+03));
#722 = CARTESIAN_POINT('',(1.86042958206E+04,-4.543207578848E+03,
    -1.176817226643E+03));
#723 = CARTESIAN_POINT('',(1.863380168714E+04,-4.543227713132E+03,
    -1.183051390067E+03));
#724 = CARTESIAN_POINT('',(1.50067128306E+04,-6.174100765554E+03,
    -942.877139823));
#725 = CARTESIAN_POINT('',(1.500645709681E+04,-6.174103039509E+03,
    -935.5169836529));
#726 = CARTESIAN_POINT('',(1.500430998765E+04,-6.174107587419E+03,
    -872.699130353));
#727 = CARTESIAN_POINT('',(1.506056220751E+04,-6.174114409283E+03,
    -803.0204763351));
#728 = CARTESIAN_POINT('',(1.517388096591E+04,-6.174121231147E+03,
    -754.988483847));
#729 = CARTESIAN_POINT('',(1.52838583069E+04,-6.174128053011E+03,
    -728.9978253816));
#730 = CARTESIAN_POINT('',(1.541964899569E+04,-6.174134874876E+03,
    -717.7010060452));
#731 = CARTESIAN_POINT('',(1.555853284175E+04,-6.17414169674E+03,
    -711.8974840269));
#732 = CARTESIAN_POINT('',(1.570846390947E+04,-6.174148518604E+03,
    -711.308942059));
#733 = CARTESIAN_POINT('',(1.586340096902E+04,-6.174155340468E+03,
    -715.9707237314));
#734 = CARTESIAN_POINT('',(1.602425397348E+04,-6.174162162333E+03,
    -724.9677658227));
#735 = CARTESIAN_POINT('',(1.618871668137E+04,-6.174168984197E+03,
    -736.7675283447));
#736 = CARTESIAN_POINT('',(1.635668811928E+04,-6.174175806061E+03,
    -749.8851710885));
#737 = CARTESIAN_POINT('',(1.652689897888E+04,-6.174182627925E+03,
    -764.5106633116));
#738 = CARTESIAN_POINT('',(1.669876100289E+04,-6.17418944979E+03,
    -780.3940472415));
#739 = CARTESIAN_POINT('',(1.687144181389E+04,-6.174196271654E+03,
    -797.0888906363));
#740 = CARTESIAN_POINT('',(1.704426793863E+04,-6.174203093518E+03,
    -814.4615293526));
#741 = CARTESIAN_POINT('',(1.721646675494E+04,-6.174209915382E+03,
    -832.5270453792));
#742 = CARTESIAN_POINT('',(1.738731977714E+04,-6.174216737247E+03,
    -851.2376680049));
#743 = CARTESIAN_POINT('',(1.755600013851E+04,-6.174223559111E+03,
    -870.5710161277));
#744 = CARTESIAN_POINT('',(1.772175685253E+04,-6.174230380975E+03,
    -890.9544827684));
#745 = CARTESIAN_POINT('',(1.788352235175E+04,-6.174237202839E+03,
    -912.5716013728));
#746 = CARTESIAN_POINT('',(1.804030344296E+04,-6.174244024703E+03,
    -935.3819872876));
#747 = CARTESIAN_POINT('',(1.819079968517E+04,-6.174250846568E+03,
    -959.178634133));
#748 = CARTESIAN_POINT('',(1.83352543024E+04,-6.174257668432E+03,
    -983.8550832983));
#749 = CARTESIAN_POINT('',(1.846646558091E+04,-6.174264490296E+03,
    -1.007970713408E+03));
#750 = CARTESIAN_POINT('',(1.858978840072E+04,-6.17427131216E+03,
    -1.032094001046E+03));
#751 = CARTESIAN_POINT('',(1.870960058633E+04,-6.174278134025E+03,
    -1.056445147002E+03));
#752 = CARTESIAN_POINT('',(1.877345919919E+04,-6.174282681934E+03,
    -1.069810599413E+03));
#753 = CARTESIAN_POINT('',(1.879943731347E+04,-6.174284955889E+03,
    -1.075303131582E+03));
#754 = CARTESIAN_POINT('',(1.576024970673E+04,-7.924790396597E+03,
    -843.1735002617));
#755 = CARTESIAN_POINT('',(1.576000968394E+04,-7.924771382357E+03,
    -836.7392114231));
#756 = CARTESIAN_POINT('',(1.575809925024E+04,-7.924733353878E+03,
    -781.8107323213));
#757 = CARTESIAN_POINT('',(1.58072399851E+04,-7.924676311158E+03,
    -720.8850808816));
#758 = CARTESIAN_POINT('',(1.590628294238E+04,-7.924619268439E+03,
    -678.8882621284));
#759 = CARTESIAN_POINT('',(1.60024036138E+04,-7.924562225719E+03,
    -656.1653284796));
#760 = CARTESIAN_POINT('',(1.612109718435E+04,-7.924505183E+03,
    -646.2916527784));
#761 = CARTESIAN_POINT('',(1.624249533395E+04,-7.92444814028E+03,
    -641.2214891411));
#762 = CARTESIAN_POINT('',(1.637355385659E+04,-7.924391097561E+03,
    -640.7117194805));
#763 = CARTESIAN_POINT('',(1.650898992939E+04,-7.924334054841E+03,
    -644.7932554033));
#764 = CARTESIAN_POINT('',(1.664959926178E+04,-7.924277012122E+03,
    -652.6656304745));
#765 = CARTESIAN_POINT('',(1.679336507168E+04,-7.924219969402E+03,
    -662.9887995723));
#766 = CARTESIAN_POINT('',(1.694019902964E+04,-7.924162926682E+03,
    -674.4644261692));
#767 = CARTESIAN_POINT('',(1.70889912849E+04,-7.924105883963E+03,
    -687.2586251857));
#768 = CARTESIAN_POINT('',(1.723922745416E+04,-7.924048841243E+03,
    -701.1528028861));
#769 = CARTESIAN_POINT('',(1.739017956038E+04,-7.923991798524E+03,
    -715.7564674645));
#770 = CARTESIAN_POINT('',(1.754125872179E+04,-7.923934755804E+03,
    -730.9527898824));
#771 = CARTESIAN_POINT('',(1.769178942164E+04,-7.923877713085E+03,
    -746.7550941975));
#772 = CARTESIAN_POINT('',(1.78411432934E+04,-7.923820670365E+03,
    -763.1215695654));
#773 = CARTESIAN_POINT('',(1.798859719224E+04,-7.923763627646E+03,
    -780.032604545));
#774 = CARTESIAN_POINT('',(1.813349450218E+04,-7.923706584926E+03,
    -797.8618171835));
#775 = CARTESIAN_POINT('',(1.827490171871E+04,-7.923649542207E+03,
    -816.76968891));
#776 = CARTESIAN_POINT('',(1.84119502959E+04,-7.923592499487E+03,
    -836.7212537778));
#777 = CARTESIAN_POINT('',(1.854350305971E+04,-7.923535456768E+03,
    -857.535338318));
#778 = CARTESIAN_POINT('',(1.86697726929E+04,-7.923478414048E+03,
    -879.118529352));
#779 = CARTESIAN_POINT('',(1.878446168894E+04,-7.923421371329E+03,
    -900.2114050501));
#780 = CARTESIAN_POINT('',(1.889225256908E+04,-7.923364328609E+03,
    -921.3110118261));
#781 = CARTESIAN_POINT('',(1.899697348527E+04,-7.92330728589E+03,
    -942.6097619093));
#782 = CARTESIAN_POINT('',(1.905278202755E+04,-7.92326925741E+03,
    -954.3004422639));
#783 = CARTESIAN_POINT('',(1.907548225956E+04,-7.92325024317E+03,
    -959.1050176313));
#784 = CARTESIAN_POINT('',(1.658741612584E+04,-9.793464424441E+03,
    -733.7276175303));
#785 = CARTESIAN_POINT('',(1.658719054381E+04,-9.793425623179E+03,
    -728.1474514856));
#786 = CARTESIAN_POINT('',(1.658549822649E+04,-9.793348020656E+03,
    -680.4975347052));
#787 = CARTESIAN_POINT('',(1.662807777381E+04,-9.79323161687E+03,
    -627.6470778929));
#788 = CARTESIAN_POINT('',(1.671395008011E+04,-9.793115213085E+03,
    -591.2181021289));
#789 = CARTESIAN_POINT('',(1.679728678506E+04,-9.792998809299E+03,
    -571.5099256155));
#790 = CARTESIAN_POINT('',(1.690020677767E+04,-9.792882405514E+03,
    -562.9491952939));
#791 = CARTESIAN_POINT('',(1.700547296947E+04,-9.792766001729E+03,
    -558.5556540932));
#792 = CARTESIAN_POINT('',(1.711912006133E+04,-9.792649597943E+03,
    -558.1185912742));
#793 = CARTESIAN_POINT('',(1.723656488814E+04,-9.792533194158E+03,
    -561.6648190523));
#794 = CARTESIAN_POINT('',(1.735849781068E+04,-9.792416790372E+03,
    -568.4996209867));
#795 = CARTESIAN_POINT('',(1.748316909518E+04,-9.792300386587E+03,
    -577.4605618654));
#796 = CARTESIAN_POINT('',(1.761050207821E+04,-9.792183982802E+03,
    -587.4213838797));
#797 = CARTESIAN_POINT('',(1.773953398432E+04,-9.792067579016E+03,
    -598.5261545926));
#798 = CARTESIAN_POINT('',(1.786981858291E+04,-9.791951175231E+03,
    -610.5852023866));
#799 = CARTESIAN_POINT('',(1.800072426978E+04,-9.791834771445E+03,
    -623.2596471352));
#800 = CARTESIAN_POINT('',(1.813174017874E+04,-9.79171836766E+03,
    -636.4482081691));
#801 = CARTESIAN_POINT('',(1.826228030889E+04,-9.791601963875E+03,
    -650.1626274326));
#802 = CARTESIAN_POINT('',(1.839179949469E+04,-9.791485560089E+03,
    -664.3665333792));
#803 = CARTESIAN_POINT('',(1.85196703442E+04,-9.791369156304E+03,
    -679.0428083197));
#804 = CARTESIAN_POINT('',(1.864532321733E+04,-9.791252752518E+03,
    -694.5155815603));
#805 = CARTESIAN_POINT('',(1.87679482633E+04,-9.791136348733E+03,
    -710.9241036017));
#806 = CARTESIAN_POINT('',(1.888679202088E+04,-9.791019944948E+03,
    -728.2382665001));
#807 = CARTESIAN_POINT('',(1.90008679152E+04,-9.790903541162E+03,
    -746.3007522039));
#808 = CARTESIAN_POINT('',(1.911036040755E+04,-9.790787137377E+03,
    -765.0302312331));
#809 = CARTESIAN_POINT('',(1.920980619502E+04,-9.790670733591E+03,
    -783.334485785));
#810 = CARTESIAN_POINT('',(1.93032675344E+04,-9.790554329806E+03,
    -801.6446133511));
#811 = CARTESIAN_POINT('',(1.939406548113E+04,-9.790437926021E+03,
    -820.1273258375));
#812 = CARTESIAN_POINT('',(1.944244711236E+04,-9.790360323497E+03,
    -830.2729405462));
#813 = CARTESIAN_POINT('',(1.946212318345E+04,-9.790321522235E+03,
    -834.4428536388));
#814 = CARTESIAN_POINT('',(1.748808685616E+04,-1.177992165928E+04,
    -614.5560615884));
#815 = CARTESIAN_POINT('',(1.748787829643E+04,-1.177986950118E+04,
    -609.7578938907));
#816 = CARTESIAN_POINT('',(1.748639324001E+04,-1.177976518499E+04,
    -568.7749677366));
#817 = CARTESIAN_POINT('',(1.752297345271E+04,-1.17796087107E+04,
    -523.3207578735));
#818 = CARTESIAN_POINT('',(1.759679181359E+04,-1.177945223641E+04,
    -491.9911546253));
#819 = CARTESIAN_POINT('',(1.766842881059E+04,-1.177929576212E+04,
    -475.0436278383));
#820 = CARTESIAN_POINT('',(1.775691032099E+04,-1.177913928783E+04,
    -467.684504913));
#821 = CARTESIAN_POINT('',(1.784740984908E+04,-1.177898281354E+04,
    -463.9097104768));
#822 = CARTESIAN_POINT('',(1.794511817988E+04,-1.177882633925E+04,
    -463.5381493064));
#823 = CARTESIAN_POINT('',(1.804609305687E+04,-1.177866986496E+04,
    -466.5928668168));
#824 = CARTESIAN_POINT('',(1.815092838722E+04,-1.177851339067E+04,
    -472.4760497703));
#825 = CARTESIAN_POINT('',(1.825811907437E+04,-1.177835691638E+04,
    -480.1879879073));
#826 = CARTESIAN_POINT('',(1.83675991429E+04,-1.177820044209E+04,
    -488.7600771757));
#827 = CARTESIAN_POINT('',(1.847854051048E+04,-1.17780439678E+04,
    -498.3161447606));
#828 = CARTESIAN_POINT('',(1.859055937788E+04,-1.177788749351E+04,
    -508.6929992439));
#829 = CARTESIAN_POINT('',(1.870311248626E+04,-1.177773101922E+04,
    -519.5990434216));
#830 = CARTESIAN_POINT('',(1.881576040908E+04,-1.177757454493E+04,
    -530.9472582582));
#831 = CARTESIAN_POINT('',(1.892799907175E+04,-1.177741807064E+04,
    -542.7479794023));
#832 = CARTESIAN_POINT('',(1.903935959145E+04,-1.177726159635E+04,
    -554.9697540363));
#833 = CARTESIAN_POINT('',(1.914930236029E+04,-1.177710512206E+04,
    -567.5976823144));
#834 = CARTESIAN_POINT('',(1.925733731928E+04,-1.177694864777E+04,
    -580.9106910337));
#835 = CARTESIAN_POINT('',(1.936276786228E+04,-1.177679217348E+04,
    -595.0286208555));
#836 = CARTESIAN_POINT('',(1.946494605009E+04,-1.177663569919E+04,
    -609.9256611343));
#837 = CARTESIAN_POINT('',(1.956302323923E+04,-1.17764792249E+04,
    -625.4663717431));
#838 = CARTESIAN_POINT('',(1.965715798937E+04,-1.177632275061E+04,
    -641.5805451664));
#839 = CARTESIAN_POINT('',(1.97426511976E+04,-1.177616627632E+04,
    -657.3291721098));
#840 = CARTESIAN_POINT('',(1.982299695057E+04,-1.177600980203E+04,
    -673.0828823903));
#841 = CARTESIAN_POINT('',(1.99010517832E+04,-1.177585332774E+04,
    -688.984775828));
#842 = CARTESIAN_POINT('',(1.994263736652E+04,-1.177574901154E+04,
    -697.7142714834));
#843 = CARTESIAN_POINT('',(1.995954684986E+04,-1.177569685345E+04,
    -701.302436919));
#844 = CARTESIAN_POINT('',(1.846213673612E+04,-1.388396102416E+04,
    -485.6753931003));
#845 = CARTESIAN_POINT('',(1.84619516325E+04,-1.38839068684E+04,
    -481.5867194103));
#846 = CARTESIAN_POINT('',(1.846067068598E+04,-1.38837985569E+04,
    -446.6584524016));
#847 = CARTESIAN_POINT('',(1.849182497367E+04,-1.388363608964E+04,
    -407.920402131));
#848 = CARTESIAN_POINT('',(1.855471765139E+04,-1.388347362238E+04,
    -381.2205612471));
#849 = CARTESIAN_POINT('',(1.861575075565E+04,-1.388331115513E+04,
    -366.7784370992));
#850 = CARTESIAN_POINT('',(1.869114043629E+04,-1.388314868787E+04,
    -360.5084439089));
#851 = CARTESIAN_POINT('',(1.876825015146E+04,-1.388298622061E+04,
    -357.2933808869));
#852 = CARTESIAN_POINT('',(1.885150394762E+04,-1.388282375336E+04,
    -356.9789764935));
#853 = CARTESIAN_POINT('',(1.893754172768E+04,-1.38826612861E+04,
    -359.5848419353));
#854 = CARTESIAN_POINT('',(1.902686984019E+04,-1.388249881884E+04,
    -364.6012203851));
#855 = CARTESIAN_POINT('',(1.911820541471E+04,-1.388233635159E+04,
    -371.1762415796));
#856 = CARTESIAN_POINT('',(1.921149218591E+04,-1.388217388433E+04,
    -378.4845302607));
#857 = CARTESIAN_POINT('',(1.930602438225E+04,-1.388201141707E+04,
    -386.6314802147));
#858 = CARTESIAN_POINT('',(1.940147491466E+04,-1.388184894981E+04,
    -395.4779383046));
#859 = CARTESIAN_POINT('',(1.949738084212E+04,-1.388168648256E+04,
    -404.7752614921));
#860 = CARTESIAN_POINT('',(1.95933676018E+04,-1.38815240153E+04,
    -414.4494056398));
#861 = CARTESIAN_POINT('',(1.968900545589E+04,-1.388136154804E+04,
    -424.5094759185));
#862 = CARTESIAN_POINT('',(1.97838948861E+04,-1.388119908079E+04,
    -434.9284176705));
#863 = CARTESIAN_POINT('',(1.98775760996E+04,-1.388103661353E+04,
    -445.6932729846));
#864 = CARTESIAN_POINT('',(1.996963122384E+04,-1.388087414627E+04,
    -457.0420523809));
#865 = CARTESIAN_POINT('',(2.005946648815E+04,-1.388071167902E+04,
    -469.0770077701));
#866 = CARTESIAN_POINT('',(2.014652991272E+04,-1.388054921176E+04,
    -481.7760651009));
#867 = CARTESIAN_POINT('',(2.023009811771E+04,-1.38803867445E+04,
    -495.0236846777));
#868 = CARTESIAN_POINT('',(2.031030608098E+04,-1.388022427724E+04,
    -508.7598192156));
#869 = CARTESIAN_POINT('',(2.038314889599E+04,-1.388006180999E+04,
    -522.1846724104));
#870 = CARTESIAN_POINT('',(2.04516045736E+04,-1.387989934273E+04,
    -535.6138876511));
#871 = CARTESIAN_POINT('',(2.05181077042E+04,-1.387973687547E+04,
    -549.1690409098));
#872 = CARTESIAN_POINT('',(2.055353580723E+04,-1.387962856397E+04,
    -556.6106043191));
#873 = CARTESIAN_POINT('',(2.056794012822E+04,-1.387957440822E+04,
    -559.6695568226));
#874 = CARTESIAN_POINT('',(1.950944067472E+04,-1.61053815554E+04,
    -347.1021634007));
#875 = CARTESIAN_POINT('',(1.950928931366E+04,-1.610534169015E+04,
    -343.6500995025));
#876 = CARTESIAN_POINT('',(1.950821703135E+04,-1.610526195963E+04,
    -314.1634004059));
#877 = CARTESIAN_POINT('',(1.953453036163E+04,-1.610514236385E+04,
    -281.4602827426));
#878 = CARTESIAN_POINT('',(1.958763717642E+04,-1.610502276807E+04,
    -258.9194544425));
#879 = CARTESIAN_POINT('',(1.963917376117E+04,-1.61049031723E+04,
    -246.7263462179));
#880 = CARTESIAN_POINT('',(1.970282982245E+04,-1.610478357652E+04,
    -241.4318654723));
#881 = CARTESIAN_POINT('',(1.976793813348E+04,-1.610466398074E+04,
    -238.7163788853));
#882 = CARTESIAN_POINT('',(1.983823317942E+04,-1.610454438496E+04,
    -238.4496467688));
#883 = CARTESIAN_POINT('',(1.991087827341E+04,-1.610442478919E+04,
    -240.648178712));
#884 = CARTESIAN_POINT('',(1.998630110041E+04,-1.610430519341E+04,
    -244.8814275069));
#885 = CARTESIAN_POINT('',(2.006341860503E+04,-1.610418559763E+04,
    -250.4304779294));
#886 = CARTESIAN_POINT('',(2.014218325401E+04,-1.610406600186E+04,
    -256.5987585528));
#887 = CARTESIAN_POINT('',(2.022199920443E+04,-1.610394640608E+04,
    -263.4750367446));
#888 = CARTESIAN_POINT('',(2.030259035602E+04,-1.61038268103E+04,
    -270.9417557296));
#889 = CARTESIAN_POINT('',(2.038356605811E+04,-1.610370721452E+04,
    -278.7888978787));
#890 = CARTESIAN_POINT('',(2.046461003565E+04,-1.610358761875E+04,
    -286.9541072172));
#891 = CARTESIAN_POINT('',(2.054535929804E+04,-1.610346802297E+04,
    -295.4454342558));
#892 = CARTESIAN_POINT('',(2.062547677333E+04,-1.610334842719E+04,
    -304.2397019274));
#893 = CARTESIAN_POINT('',(2.070457451482E+04,-1.610322883142E+04,
    -313.3256183473));
#894 = CARTESIAN_POINT('',(2.078229944169E+04,-1.610310923564E+04,
    -322.9045639901));
#895 = CARTESIAN_POINT('',(2.085815020956E+04,-1.610298963986E+04,
    -333.063023105));
#896 = CARTESIAN_POINT('',(2.093166123543E+04,-1.610287004408E+04,
    -343.7820975306));
#897 = CARTESIAN_POINT('',(2.100222173527E+04,-1.610275044831E+04,
    -354.9641705098));
#898 = CARTESIAN_POINT('',(2.1069945425E+04,-1.610263085253E+04,
    -366.5583932541));
#899 = CARTESIAN_POINT('',(2.11314515908E+04,-1.610251125675E+04,
    -377.8901869313));
#900 = CARTESIAN_POINT('',(2.118925426206E+04,-1.610239166098E+04,
    -389.2256897494));
#901 = CARTESIAN_POINT('',(2.124540866069E+04,-1.61022720652E+04,
    -400.6670420701));
#902 = CARTESIAN_POINT('',(2.127532555638E+04,-1.610219233468E+04,
    -406.9481002879));
#903 = CARTESIAN_POINT('',(2.128748999308E+04,-1.610215246942E+04,
    -409.5299947079));
#904 = CARTESIAN_POINT('',(2.025639599302E+04,-1.766444878768E+04,
    -248.2693307322));
#905 = CARTESIAN_POINT('',(2.025627655336E+04,-1.766443259414E+04,
    -245.1928306449));
#906 = CARTESIAN_POINT('',(2.02553515542E+04,-1.766440020708E+04,
    -218.9246095216));
#907 = CARTESIAN_POINT('',(2.027883526411E+04,-1.766435162648E+04,
    -189.7898692204));
#908 = CARTESIAN_POINT('',(2.032618575663E+04,-1.766430304588E+04,
    -169.7071230702));
#909 = CARTESIAN_POINT('',(2.037213728337E+04,-1.766425446528E+04,
    -158.8416745981));
#910 = CARTESIAN_POINT('',(2.042888411154E+04,-1.766420588468E+04,
    -154.1210309029));
#911 = CARTESIAN_POINT('',(2.048692479851E+04,-1.766415730408E+04,
    -151.6977322341));
#912 = CARTESIAN_POINT('',(2.054958557342E+04,-1.766410872348E+04,
    -151.4556989162));
#913 = CARTESIAN_POINT('',(2.061433952346E+04,-1.766406014288E+04,
    -153.4095945215));
#914 = CARTESIAN_POINT('',(2.068156782121E+04,-1.766401156228E+04,
    -157.1757803931));
#915 = CARTESIAN_POINT('',(2.075030568055E+04,-1.766396298168E+04,
    -162.1140546954));
#916 = CARTESIAN_POINT('',(2.082051073766E+04,-1.766391440108E+04,
    -167.6040985811));
#917 = CARTESIAN_POINT('',(2.089165218051E+04,-1.766386582048E+04,
    -173.7247997911));
#918 = CARTESIAN_POINT('',(2.096348408719E+04,-1.766381723988E+04,
    -180.3713711796));
#919 = CARTESIAN_POINT('',(2.103565864892E+04,-1.766376865929E+04,
    -187.3566595518));
#920 = CARTESIAN_POINT('',(2.110789406521E+04,-1.766372007869E+04,
    -194.6252432182));
#921 = CARTESIAN_POINT('',(2.117986678392E+04,-1.766367149809E+04,
    -202.1845867945));
#922 = CARTESIAN_POINT('',(2.125127675183E+04,-1.766362291749E+04,
    -210.0137512279));
#923 = CARTESIAN_POINT('',(2.132177860705E+04,-1.766357433689E+04,
    -218.1023713789));
#924 = CARTESIAN_POINT('',(2.139105753343E+04,-1.766352575629E+04,
    -226.63026518));
#925 = CARTESIAN_POINT('',(2.14586668647E+04,-1.766347717569E+04,
    -235.6746191651));
#926 = CARTESIAN_POINT('',(2.152419224063E+04,-1.766342859509E+04,
    -245.21827863));
#927 = CARTESIAN_POINT('',(2.158708949591E+04,-1.766338001449E+04,
    -255.1742571145));
#928 = CARTESIAN_POINT('',(2.164745971833E+04,-1.766333143389E+04,
    -265.4971970053));
#929 = CARTESIAN_POINT('',(2.170229165352E+04,-1.766328285329E+04,
    -275.5866674388));
#930 = CARTESIAN_POINT('',(2.175382473942E+04,-1.766323427269E+04,
    -285.6794573342));
#931 = CARTESIAN_POINT('',(2.180388966962E+04,-1.766318569209E+04,
    -295.8661421378));
#932 = CARTESIAN_POINT('',(2.183056841317E+04,-1.766315330503E+04,
    -301.4579751183));
#933 = CARTESIAN_POINT('',(2.184141901444E+04,-1.766313711149E+04,
    -303.7563474754));
#934 = CARTESIAN_POINT('',(2.0642041E+04,-1.8463479E+04,-197.243));
#935 = CARTESIAN_POINT('',(2.064194051988E+04,-1.8463479E+04,
    -194.3420078316));
#936 = CARTESIAN_POINT('',(2.064109249022E+04,-1.8463479E+04,
    -169.5805905883));
#937 = CARTESIAN_POINT('',(2.066326273785E+04,-1.8463479E+04,
    -142.1161212857));
#938 = CARTESIAN_POINT('',(2.070792889257E+04,-1.8463479E+04,
    -123.1835780621));
#939 = CARTESIAN_POINT('',(2.07512763058E+04,-1.8463479E+04,
    -112.9388484952));
#940 = CARTESIAN_POINT('',(2.080479873912E+04,-1.8463479E+04,
    -108.4858072587));
#941 = CARTESIAN_POINT('',(2.085954086882E+04,-1.8463479E+04,
    -106.1981968675));
#942 = CARTESIAN_POINT('',(2.091863765892E+04,-1.8463479E+04,
    -105.9665523473));
#943 = CARTESIAN_POINT('',(2.09797072921E+04,-1.8463479E+04,
    -107.8046696936));
#944 = CARTESIAN_POINT('',(2.104310916723E+04,-1.8463479E+04,
    -111.3508900601));
#945 = CARTESIAN_POINT('',(2.110793389769E+04,-1.8463479E+04,
    -116.0018874791));
#946 = CARTESIAN_POINT('',(2.117414154136E+04,-1.8463479E+04,
    -121.1730652326));
#947 = CARTESIAN_POINT('',(2.124123173793E+04,-1.8463479E+04,
    -126.9386724116));
#948 = CARTESIAN_POINT('',(2.130897270115E+04,-1.8463479E+04,
    -133.1998996982));
#949 = CARTESIAN_POINT('',(2.137703670526E+04,-1.8463479E+04,
    -139.7803046558));
#950 = CARTESIAN_POINT('',(2.144515809105E+04,-1.8463479E+04,
    -146.6277182811));
#951 = CARTESIAN_POINT('',(2.15130317607E+04,-1.8463479E+04,
    -153.7493415455));
#952 = CARTESIAN_POINT('',(2.158037501731E+04,-1.8463479E+04,
    -161.1252676419));
#953 = CARTESIAN_POINT('',(2.164686246325E+04,-1.8463479E+04,
    -168.7455488184));
#954 = CARTESIAN_POINT('',(2.171219718225E+04,-1.8463479E+04,
    -176.7799361086));
#955 = CARTESIAN_POINT('',(2.177595811223E+04,-1.8463479E+04,
    -185.3012707037));
#956 = CARTESIAN_POINT('',(2.183775491058E+04,-1.8463479E+04,
    -194.2931761771));
#957 = CARTESIAN_POINT('',(2.189707461004E+04,-1.8463479E+04,
    -203.673651635));
#958 = CARTESIAN_POINT('',(2.195401237099E+04,-1.8463479E+04,
    -213.3999247626));
#959 = CARTESIAN_POINT('',(2.200573000151E+04,-1.8463479E+04,
    -222.9063060946));
#960 = CARTESIAN_POINT('',(2.205433832621E+04,-1.8463479E+04,
    -232.4158234465));
#961 = CARTESIAN_POINT('',(2.210156287049E+04,-1.8463479E+04,
    -242.0136178468));
#962 = CARTESIAN_POINT('',(2.2126732819E+04,-1.8463479E+04,
    -247.2818228167));
#963 = CARTESIAN_POINT('',(2.2136972E+04,-1.8463479E+04,-249.447));
#964 = DEFINITIONAL_REPRESENTATION('',(#965),#1479);
#965 = B_SPLINE_CURVE_WITH_KNOTS('',8,(#966,#967,#968,#969,#970,#971,
    #972,#973,#974,#975,#976,#977,#978,#979,#980,#981,#982,#983,#984,
    #985,#986,#987,#988,#989,#990,#991,#992,#993,#994,#995,#996,#997,
    #998,#999,#1000,#1001,#1002,#1003,#1004,#1005,#1006,#1007,#1008,
    #1009,#1010,#1011,#1012,#1013,#1014,#1015,#1016,#1017,#1018,#1019,
    #1020,#1021,#1022,#1023,#1024,#1025,#1026,#1027,#1028,#1029,#1030,
    #1031,#1032,#1033,#1034,#1035,#1036,#1037,#1038,#1039,#1040,#1041,
    #1042,#1043,#1044,#1045,#1046,#1047,#1048,#1049,#1050,#1051,#1052,
    #1053,#1054,#1055,#1056,#1057,#1058,#1059,#1060,#1061,#1062,#1063,
    #1064,#1065,#1066,#1067,#1068,#1069,#1070,#1071,#1072,#1073,#1074,
    #1075,#1076,#1077,#1078,#1079,#1080,#1081,#1082,#1083,#1084,#1085,
    #1086,#1087,#1088,#1089,#1090,#1091,#1092,#1093,#1094,#1095,#1096,
    #1097,#1098,#1099,#1100,#1101,#1102,#1103,#1104,#1105,#1106,#1107,
    #1108,#1109,#1110,#1111,#1112,#1113,#1114,#1115,#1116,#1117,#1118,
    #1119,#1120,#1121,#1122,#1123,#1124,#1125,#1126,#1127,#1128,#1129,
    #1130,#1131,#1132,#1133,#1134,#1135,#1136,#1137,#1138,#1139,#1140,
    #1141,#1142,#1143,#1144,#1145,#1146,#1147,#1148,#1149,#1150,#1151,
    #1152,#1153,#1154,#1155,#1156,#1157,#1158,#1159,#1160,#1161,#1162,
    #1163,#1164,#1165,#1166,#1167,#1168,#1169,#1170,#1171,#1172,#1173,
    #1174,#1175,#1176,#1177,#1178,#1179,#1180,#1181,#1182,#1183,#1184,
    #1185,#1186,#1187,#1188,#1189,#1190,#1191,#1192,#1193,#1194,#1195,
    #1196,#1197,#1198,#1199,#1200,#1201,#1202,#1203,#1204,#1205,#1206,
    #1207,#1208,#1209,#1210,#1211,#1212,#1213,#1214,#1215,#1216,#1217,
    #1218,#1219,#1220,#1221,#1222,#1223,#1224,#1225,#1226,#1227,#1228,
    #1229,#1230,#1231,#1232,#1233,#1234,#1235,#1236,#1237,#1238,#1239,
    #1240,#1241,#1242,#1243,#1244,#1245,#1246,#1247,#1248,#1249,#1250,
    #1251,#1252,#1253,#1254,#1255,#1256,#1257,#1258,#1259,#1260,#1261,
    #1262,#1263,#1264,#1265,#1266,#1267,#1268,#1269,#1270,#1271,#1272,
    #1273,#1274,#1275,#1276,#1277,#1278,#1279,#1280,#1281,#1282,#1283,
    #1284,#1285,#1286,#1287,#1288,#1289,#1290,#1291,#1292,#1293,#1294,
    #1295,#1296,#1297,#1298,#1299,#1300,#1301,#1302,#1303,#1304,#1305,
    #1306,#1307,#1308,#1309,#1310,#1311,#1312,#1313,#1314,#1315,#1316,
    #1317,#1318,#1319,#1320,#1321,#1322,#1323,#1324,#1325,#1326,#1327,
    #1328,#1329,#1330,#1331,#1332,#1333,#1334,#1335,#1336,#1337,#1338,
    #1339,#1340,#1341,#1342,#1343,#1344,#1345,#1346,#1347,#1348,#1349,
    #1350,#1351,#1352,#1353,#1354,#1355,#1356,#1357,#1358,#1359,#1360,
    #1361,#1362,#1363,#1364,#1365,#1366,#1367,#1368,#1369,#1370,#1371,
    #1372,#1373,#1374,#1375,#1376,#1377,#1378,#1379,#1380,#1381,#1382,
    #1383,#1384,#1385,#1386,#1387,#1388,#1389,#1390,#1391,#1392,#1393,
    #1394,#1395,#1396,#1397,#1398,#1399,#1400,#1401,#1402,#1403,#1404,
    #1405,#1406,#1407,#1408,#1409,#1410,#1411,#1412,#1413,#1414,#1415,
    #1416,#1417,#1418,#1419,#1420,#1421,#1422,#1423,#1424,#1425,#1426,
    #1427,#1428,#1429,#1430,#1431,#1432,#1433,#1434,#1435,#1436,#1437,
    #1438,#1439,#1440,#1441,#1442,#1443,#1444,#1445,#1446,#1447,#1448,
    #1449,#1450,#1451,#1452,#1453,#1454,#1455,#1456,#1457,#1458,#1459,
    #1460,#1461,#1462,#1463,#1464,#1465,#1466,#1467,#1468,#1469,#1470,
    #1471,#1472,#1473,#1474,#1475,#1476,#1477,#1478),.UNSPECIFIED.,.F.,
  .F.,(9,7,7,7,7,7,7,7,7,7,7,7,7,7,7,7,7,7,7,7,7,7,7,7,7,7,7,7,7,7,7,7,7
    ,7,7,7,7,7,7,7,7,7,7,7,7,7,7,7,7,7,7,7,7,7,7,7,7,7,7,7,7,7,7,7,7,7,7
    ,7,7,7,7,7,7,9),(0.,1.449385143329E-02,2.06550951622E-02,
    2.621184470177E-02,4.820041370714E-02,5.37601996514E-02,
    5.794517525333E-02,7.126260403974E-02,8.118702584917E-02,
    8.979534318927E-02,0.122139365824,0.130688570813,0.157149291,
    0.162874621346,0.184802773144,0.193183818769,0.200354547488,
    0.226858525164,0.240298410885,0.253849424027,0.278583635473,
    0.28793569749,0.321626095717,0.355683989273,0.363902528234,
    0.395532590192,0.407491780068,0.428225678199,0.443911150262,
    0.455450189993,0.491442451657,0.523206272496,0.535142488714,
    0.555743505755,0.571248777885,0.576710819099,0.617876453641,
    0.658866013042,0.665911683633,0.691224584802,0.697281257286,
    0.706756693246,0.716175990571,0.734398439299,0.738183772715,
    0.745728095834,0.773785414585,0.77867952624,0.79878123939,
    0.81298663716,0.823411392711,0.838937616846,0.84679904861,
    0.850530713335,0.85463246496,0.869737227644,0.87725226951,
    0.880782841433,0.884632026259,0.901536855204,0.914373423359,
    0.929072978965,0.943522022447,0.94552165955,0.948854489926,
    0.952187246609,0.970227346217,0.976054205449,0.979034901671,
    0.982324728792,0.993225417844,0.996672224215,0.99806342665,1.),
  .UNSPECIFIED.);
#966 = CARTESIAN_POINT('',(8.408833164657E-02,1.));
#967 = CARTESIAN_POINT('',(8.424867387442E-02,0.996835074466));
#968 = CARTESIAN_POINT('',(8.440807776548E-02,0.993808665452));
#969 = CARTESIAN_POINT('',(8.456657121125E-02,0.990894314995));
#970 = CARTESIAN_POINT('',(8.472417470831E-02,0.988074373333));
#971 = CARTESIAN_POINT('',(8.488090429644E-02,0.985336180769));
#972 = CARTESIAN_POINT('',(8.503677344024E-02,0.982669662819));
#973 = CARTESIAN_POINT('',(8.51917938541E-02,0.98006633864));
#974 = CARTESIAN_POINT('',(8.54115168102E-02,0.976437195515));
#975 = CARTESIAN_POINT('',(8.547690675714E-02,0.975364873728));
#976 = CARTESIAN_POINT('',(8.554214586323E-02,0.974302271241));
#977 = CARTESIAN_POINT('',(8.56072348396E-02,0.97324891634));
#978 = CARTESIAN_POINT('',(8.567217435679E-02,0.972204371721));
#979 = CARTESIAN_POINT('',(8.573696504474E-02,0.971168234496));
#980 = CARTESIAN_POINT('',(8.580160749279E-02,0.970140136187));
#981 = CARTESIAN_POINT('',(8.592426926698E-02,0.968199462042));
#982 = CARTESIAN_POINT('',(8.598231619625E-02,0.967285433293));
#983 = CARTESIAN_POINT('',(8.604024334523E-02,0.966377428463));
#984 = CARTESIAN_POINT('',(8.609805118508E-02,0.96547519206));
#985 = CARTESIAN_POINT('',(8.615574011124E-02,0.964578496995));
#986 = CARTESIAN_POINT('',(8.621331039061E-02,0.963687155972));
#987 = CARTESIAN_POINT('',(8.627076229473E-02,0.962800988384));
#988 = CARTESIAN_POINT('',(8.655497286314E-02,0.95843256607));
#989 = CARTESIAN_POINT('',(8.678000564417E-02,0.955022287641));
#990 = CARTESIAN_POINT('',(8.700322912123E-02,0.951673923571));
#991 = CARTESIAN_POINT('',(8.722466701195E-02,0.94837600899));
#992 = CARTESIAN_POINT('',(8.744433530313E-02,0.945119259728));
#993 = CARTESIAN_POINT('',(8.76622439936E-02,0.941895661669));
#994 = CARTESIAN_POINT('',(8.787839766985E-02,0.938697987768));
#995 = CARTESIAN_POINT('',(8.814700502886E-02,0.934716125774));
#996 = CARTESIAN_POINT('',(8.820110285132E-02,0.933913748943));
#997 = CARTESIAN_POINT('',(8.825508836104E-02,0.933112506707));
#998 = CARTESIAN_POINT('',(8.830896151358E-02,0.932312295277));
#999 = CARTESIAN_POINT('',(8.83627222406E-02,0.931513012604));
#1000 = CARTESIAN_POINT('',(8.841637044987E-02,0.930714558378));
#1001 = CARTESIAN_POINT('',(8.846990602527E-02,0.92991683403));
#1002 = CARTESIAN_POINT('',(8.856354135951E-02,0.928519757473));
#1003 = CARTESIAN_POINT('',(8.860371573771E-02,0.927919734359));
#1004 = CARTESIAN_POINT('',(8.864384707441E-02,0.927319728037));
#1005 = CARTESIAN_POINT('',(8.868393162359E-02,0.926719742724));
#1006 = CARTESIAN_POINT('',(8.872396670185E-02,0.926119757415));
#1007 = CARTESIAN_POINT('',(8.876395061E-02,0.925519751103));
#1008 = CARTESIAN_POINT('',(8.88038825548E-02,0.924919727996));
#1009 = CARTESIAN_POINT('',(8.897066879639E-02,0.922410452658));
#1010 = CARTESIAN_POINT('',(8.909691673226E-02,0.920503307951));
#1011 = CARTESIAN_POINT('',(8.922249943805E-02,0.918598570201));
#1012 = CARTESIAN_POINT('',(8.934741045961E-02,0.916696495303));
#1013 = CARTESIAN_POINT('',(8.94716438287E-02,0.914797333455));
#1014 = CARTESIAN_POINT('',(8.959519406304E-02,0.912901329157));
#1015 = CARTESIAN_POINT('',(8.971805616625E-02,0.911008721212));
#1016 = CARTESIAN_POINT('',(8.993126882704E-02,0.90771203692));
#1017 = CARTESIAN_POINT('',(9.002192737173E-02,0.906306346133));
#1018 = CARTESIAN_POINT('',(9.011219940259E-02,0.904902766543));
#1019 = CARTESIAN_POINT('',(9.020208321421E-02,0.90350139204));
#1020 = CARTESIAN_POINT('',(9.029157725519E-02,0.902102314229));
#1021 = CARTESIAN_POINT('',(9.038068012812E-02,0.900705622431));
#1022 = CARTESIAN_POINT('',(9.046939058959E-02,0.899311403681));
#1023 = CARTESIAN_POINT('',(9.06343125558E-02,0.896712633598));
#1024 = CARTESIAN_POINT('',(9.071062152004E-02,0.895507449043));
#1025 = CARTESIAN_POINT('',(9.078663369605E-02,0.894304243535));
#1026 = CARTESIAN_POINT('',(9.086234848494E-02,0.89310307144));
#1027 = CARTESIAN_POINT('',(9.093776535729E-02,0.891903985375));
#1028 = CARTESIAN_POINT('',(9.101288383265E-02,0.890707035775));
#1029 = CARTESIAN_POINT('',(9.108770351684E-02,0.889512271678));
#1030 = CARTESIAN_POINT('',(9.144222079166E-02,0.883839057346));
#1031 = CARTESIAN_POINT('',(9.171799941261E-02,0.879389987161));
#1032 = CARTESIAN_POINT('',(9.198958349491E-02,0.874975891333));
#1033 = CARTESIAN_POINT('',(9.22570115476E-02,0.87059973927));
#1034 = CARTESIAN_POINT('',(9.25203353397E-02,0.866264090547));
#1035 = CARTESIAN_POINT('',(9.277961791112E-02,0.861971094533));
#1036 = CARTESIAN_POINT('',(9.303493140909E-02,0.857722509714));
#1037 = CARTESIAN_POINT('',(9.335281118724E-02,0.852408869961));
#1038 = CARTESIAN_POINT('',(9.341899613438E-02,0.851301144751));
#1039 = CARTESIAN_POINT('',(9.348490982057E-02,0.850196815517));
#1040 = CARTESIAN_POINT('',(9.355055567773E-02,0.849095567108));
#1041 = CARTESIAN_POINT('',(9.361593576059E-02,0.847997304772));
#1042 = CARTESIAN_POINT('',(9.368105154817E-02,0.846902020744));
#1043 = CARTESIAN_POINT('',(9.37459055868E-02,0.845809515128));
#1044 = CARTESIAN_POINT('',(9.401042446794E-02,0.841346772056));
#1045 = CARTESIAN_POINT('',(9.420785772297E-02,0.837999854722));
#1046 = CARTESIAN_POINT('',(9.440285478202E-02,0.834676093102));
#1047 = CARTESIAN_POINT('',(9.459546358015E-02,0.831372870934));
#1048 = CARTESIAN_POINT('',(9.478572558851E-02,0.828087790618));
#1049 = CARTESIAN_POINT('',(9.497367669993E-02,0.824818623186));
#1050 = CARTESIAN_POINT('',(9.515934781764E-02,0.821563270935));
#1051 = CARTESIAN_POINT('',(9.538245132683E-02,0.817617937984));
#1052 = CARTESIAN_POINT('',(9.542203197664E-02,0.816916684317));
#1053 = CARTESIAN_POINT('',(9.546150739951E-02,0.816215968237));
#1054 = CARTESIAN_POINT('',(9.550087783022E-02,0.815515765782));
#1055 = CARTESIAN_POINT('',(9.554014348244E-02,0.814816051379));
#1056 = CARTESIAN_POINT('',(9.557930459569E-02,0.814116806709));
#1057 = CARTESIAN_POINT('',(9.56183614822E-02,0.813418029567));
#1058 = CARTESIAN_POINT('',(9.580650578623E-02,0.810045275443));
#1059 = CARTESIAN_POINT('',(9.595417363236E-02,0.807377828701));
#1060 = CARTESIAN_POINT('',(9.610033626336E-02,0.804717388491));
#1061 = CARTESIAN_POINT('',(9.624501155755E-02,0.802063940056));
#1062 = CARTESIAN_POINT('',(9.638821712053E-02,0.799417467891));
#1063 = CARTESIAN_POINT('',(9.652997028515E-02,0.796777955741));
#1064 = CARTESIAN_POINT('',(9.667028811154E-02,0.794145386604));
#1065 = CARTESIAN_POINT('',(9.686227536274E-02,0.790516208955));
#1066 = CARTESIAN_POINT('',(9.69151561168E-02,0.789513686837));
#1067 = CARTESIAN_POINT('',(9.696783058698E-02,0.788512175389));
#1068 = CARTESIAN_POINT('',(9.70202997055E-02,0.787511673611));
#1069 = CARTESIAN_POINT('',(9.707256439899E-02,0.786512180489));
#1070 = CARTESIAN_POINT('',(9.712462558855E-02,0.785513694997));
#1071 = CARTESIAN_POINT('',(9.717648418971E-02,0.784516216095));
#1072 = CARTESIAN_POINT('',(9.727233818959E-02,0.782667171533));
#1073 = CARTESIAN_POINT('',(9.731638766323E-02,0.781815335314));
#1074 = CARTESIAN_POINT('',(9.736029002135E-02,0.780964236293));
#1075 = CARTESIAN_POINT('',(9.740404589939E-02,0.7801138714));
#1076 = CARTESIAN_POINT('',(9.744765588399E-02,0.779264239174));
#1077 = CARTESIAN_POINT('',(9.749112046921E-02,0.778415341291));
#1078 = CARTESIAN_POINT('',(9.753444016526E-02,0.777567178757));
#1079 = CARTESIAN_POINT('',(9.773719859345E-02,0.773587504093));
#1080 = CARTESIAN_POINT('',(9.789481305835E-02,0.770465181133));
#1081 = CARTESIAN_POINT('',(9.805049658253E-02,0.767352405167));
#1082 = CARTESIAN_POINT('',(9.820428484209E-02,0.764248821459));
#1083 = CARTESIAN_POINT('',(9.835621187161E-02,0.761154088149));
#1084 = CARTESIAN_POINT('',(9.850631017466E-02,0.758067875186));
#1085 = CARTESIAN_POINT('',(9.865461083428E-02,0.75498986326));
#1086 = CARTESIAN_POINT('',(9.887544883343E-02,0.750362917112));
#1087 = CARTESIAN_POINT('',(9.894929953419E-02,0.74880812143));
#1088 = CARTESIAN_POINT('',(9.902269922236E-02,0.747255312087));
#1089 = CARTESIAN_POINT('',(9.909565266977E-02,0.745704457707));
#1090 = CARTESIAN_POINT('',(9.916816184125E-02,0.74415550448));
#1091 = CARTESIAN_POINT('',(9.924023261097E-02,0.742608433023));
#1092 = CARTESIAN_POINT('',(9.931186635786E-02,0.741063187125));
#1093 = CARTESIAN_POINT('',(9.945485861115E-02,0.7379635365));
#1094 = CARTESIAN_POINT('',(9.952620995296E-02,0.736409161701));
#1095 = CARTESIAN_POINT('',(9.959712671158E-02,0.734856588762));
#1096 = CARTESIAN_POINT('',(9.966761337087E-02,0.733305788477));
#1097 = CARTESIAN_POINT('',(9.973767432695E-02,0.731756732013));
#1098 = CARTESIAN_POINT('',(9.980731388814E-02,0.730209390903));
#1099 = CARTESIAN_POINT('',(9.9876536275E-02,0.728663737051));
#1100 = CARTESIAN_POINT('',(0.100070941021,0.724301541476));
#1101 = CARTESIAN_POINT('',(0.100195160348,0.721488869081));
#1102 = CARTESIAN_POINT('',(0.100318028767,0.718681556719));
#1103 = CARTESIAN_POINT('',(0.100439570535,0.715879439418));
#1104 = CARTESIAN_POINT('',(0.100559809045,0.71308235582));
#1105 = CARTESIAN_POINT('',(0.100678766873,0.710290147933));
#1106 = CARTESIAN_POINT('',(0.100796465827,0.707502660896));
#1107 = CARTESIAN_POINT('',(0.100956961235,0.703667514988));
#1108 = CARTESIAN_POINT('',(0.101000818493,0.70261594044));
#1109 = CARTESIAN_POINT('',(0.101044499687,0.701565010986));
#1110 = CARTESIAN_POINT('',(0.101088007146,0.700514717871));
#1111 = CARTESIAN_POINT('',(0.10113134243,0.699465052764));
#1112 = CARTESIAN_POINT('',(0.10117450691,0.698416007471));
#1113 = CARTESIAN_POINT('',(0.101217502618,0.697367573501));
#1114 = CARTESIAN_POINT('',(0.101414618161,0.69254497776));
#1115 = CARTESIAN_POINT('',(0.101566733992,0.688778040656));
#1116 = CARTESIAN_POINT('',(0.101716754364,0.685018545651));
#1117 = CARTESIAN_POINT('',(0.101864751729,0.68126611537));
#1118 = CARTESIAN_POINT('',(0.102010795301,0.677520380027));
#1119 = CARTESIAN_POINT('',(0.102154951313,0.673780976621));
#1120 = CARTESIAN_POINT('',(0.102297283259,0.670047548134));
#1121 = CARTESIAN_POINT('',(0.102579954422,0.662551274695));
#1122 = CARTESIAN_POINT('',(0.10272025652,0.658788561969));
#1123 = CARTESIAN_POINT('',(0.102858844309,0.655031362829));
#1124 = CARTESIAN_POINT('',(0.102995800327,0.651279437638));
#1125 = CARTESIAN_POINT('',(0.103131204002,0.647532548596));
#1126 = CARTESIAN_POINT('',(0.103265131867,0.643790459495));
#1127 = CARTESIAN_POINT('',(0.103397657777,0.640052935465));
#1128 = CARTESIAN_POINT('',(0.103560511982,0.635418882852));
#1129 = CARTESIAN_POINT('',(0.103592093345,0.634518275187));
#1130 = CARTESIAN_POINT('',(0.103623598257,0.633617916497));
#1131 = CARTESIAN_POINT('',(0.103655027677,0.632717803474));
#1132 = CARTESIAN_POINT('',(0.103686382576,0.631817932833));
#1133 = CARTESIAN_POINT('',(0.103717663965,0.630918301339));
#1134 = CARTESIAN_POINT('',(0.103748872843,0.630018905756));
#1135 = CARTESIAN_POINT('',(0.103899845371,0.625659202683));
#1136 = CARTESIAN_POINT('',(0.10401861627,0.622202104525));
#1137 = CARTESIAN_POINT('',(0.104136341147,0.618748229747));
#1138 = CARTESIAN_POINT('',(0.104253037781,0.615297362707));
#1139 = CARTESIAN_POINT('',(0.10436872337,0.611849290328));
#1140 = CARTESIAN_POINT('',(0.104483414561,0.608403801807));
#1141 = CARTESIAN_POINT('',(0.104597127483,0.604960688322));
#1142 = CARTESIAN_POINT('',(0.104752508181,0.600218736007));
#1143 = CARTESIAN_POINT('',(0.104795000949,0.598918039418));
#1144 = CARTESIAN_POINT('',(0.104837356983,0.597617641211));
#1145 = CARTESIAN_POINT('',(0.104879577071,0.596317530683));
#1146 = CARTESIAN_POINT('',(0.104921662022,0.595017696867));
#1147 = CARTESIAN_POINT('',(0.104963612697,0.593718128225));
#1148 = CARTESIAN_POINT('',(0.105005429937,0.592418813359));
#1149 = CARTESIAN_POINT('',(0.105119383563,0.588867516914));
#1150 = CARTESIAN_POINT('',(0.105191253509,0.586616026003));
#1151 = CARTESIAN_POINT('',(0.105262727563,0.5843652203));
#1152 = CARTESIAN_POINT('',(0.105333809006,0.582115050281));
#1153 = CARTESIAN_POINT('',(0.105404501056,0.579865466599));
#1154 = CARTESIAN_POINT('',(0.105474806866,0.577616420082));
#1155 = CARTESIAN_POINT('',(0.10554472953,0.575367861733));
#1156 = CARTESIAN_POINT('',(0.105666881948,0.571419010539));
#1157 = CARTESIAN_POINT('',(0.105719274275,0.569718529763));
#1158 = CARTESIAN_POINT('',(0.105771450371,0.568018279255));
#1159 = CARTESIAN_POINT('',(0.105823411531,0.566318237896));
#1160 = CARTESIAN_POINT('',(0.105875159028,0.564618384603));
#1161 = CARTESIAN_POINT('',(0.105926694121,0.562918698321));
#1162 = CARTESIAN_POINT('',(0.105978018047,0.561219158027));
#1163 = CARTESIAN_POINT('',(0.106066734115,0.558269565413));
#1164 = CARTESIAN_POINT('',(0.106104222468,0.557019456036));
#1165 = CARTESIAN_POINT('',(0.106141598027,0.555769405061));
#1166 = CARTESIAN_POINT('',(0.106178860468,0.554519406207));
#1167 = CARTESIAN_POINT('',(0.10621601073,0.553269449935));
#1168 = CARTESIAN_POINT('',(0.106253050003,0.552019526036));
#1169 = CARTESIAN_POINT('',(0.106289978476,0.550769626859));
#1170 = CARTESIAN_POINT('',(0.106441640802,0.545621137922));
#1171 = CARTESIAN_POINT('',(0.106555415268,0.541722681182));
#1172 = CARTESIAN_POINT('',(0.106668141799,0.53782409971));
#1173 = CARTESIAN_POINT('',(0.106779841014,0.533925120597));
#1174 = CARTESIAN_POINT('',(0.106890532907,0.530025470414));
#1175 = CARTESIAN_POINT('',(0.107000236878,0.5261248748));
#1176 = CARTESIAN_POINT('',(0.107108971769,0.522223058054));
#1177 = CARTESIAN_POINT('',(0.107311877326,0.514874996604));
#1178 = CARTESIAN_POINT('',(0.107406257758,0.511429084111));
#1179 = CARTESIAN_POINT('',(0.107499898241,0.507981839084));
#1180 = CARTESIAN_POINT('',(0.107592799721,0.504533094391));
#1181 = CARTESIAN_POINT('',(0.107684963044,0.501082681943));
#1182 = CARTESIAN_POINT('',(0.107776388953,0.497630432686));
#1183 = CARTESIAN_POINT('',(0.107867078091,0.494176176607));
#1184 = CARTESIAN_POINT('',(0.107990833538,0.489420883166));
#1185 = CARTESIAN_POINT('',(0.108024532008,0.488121715814));
#1186 = CARTESIAN_POINT('',(0.108058126921,0.486822232606));
#1187 = CARTESIAN_POINT('',(0.108091617053,0.485522421773));
#1188 = CARTESIAN_POINT('',(0.108125004682,0.484222278934));
#1189 = CARTESIAN_POINT('',(0.108158286859,0.482921788634));
#1190 = CARTESIAN_POINT('',(0.108191466536,0.481620947863));
#1191 = CARTESIAN_POINT('',(0.108281626501,0.478073959943));
#1192 = CARTESIAN_POINT('',(0.108338399929,0.475827092364));
#1193 = CARTESIAN_POINT('',(0.108394856129,0.473579080314));
#1194 = CARTESIAN_POINT('',(0.108450989429,0.47132986381));
#1195 = CARTESIAN_POINT('',(0.108506794174,0.469079382558));
#1196 = CARTESIAN_POINT('',(0.108562264727,0.466827575953));
#1197 = CARTESIAN_POINT('',(0.108617395464,0.464574383084));
#1198 = CARTESIAN_POINT('',(0.108713414722,0.460622796777));
#1199 = CARTESIAN_POINT('',(0.108754452986,0.458925030816));
#1200 = CARTESIAN_POINT('',(0.108795293177,0.457226418732));
#1201 = CARTESIAN_POINT('',(0.108835932902,0.455526934271));
#1202 = CARTESIAN_POINT('',(0.108876369767,0.453826551041));
#1203 = CARTESIAN_POINT('',(0.108916601375,0.45212524251));
#1204 = CARTESIAN_POINT('',(0.108956625329,0.450422982009));
#1205 = CARTESIAN_POINT('',(0.109010464474,0.448119742729));
#1206 = CARTESIAN_POINT('',(0.109024460811,0.447519742729));
#1207 = CARTESIAN_POINT('',(0.109038428131,0.446919742729));
#1208 = CARTESIAN_POINT('',(0.10905236632,0.446319742729));
#1209 = CARTESIAN_POINT('',(0.109066275268,0.445719742729));
#1210 = CARTESIAN_POINT('',(0.109080154864,0.445119742729));
#1211 = CARTESIAN_POINT('',(0.109094005002,0.444519742729));
#1212 = CARTESIAN_POINT('',(0.109211986832,0.43939773756));
#1213 = CARTESIAN_POINT('',(0.10931463843,0.43486846589));
#1214 = CARTESIAN_POINT('',(0.109415762334,0.430331570321));
#1215 = CARTESIAN_POINT('',(0.109515340114,0.425786687187));
#1216 = CARTESIAN_POINT('',(0.109613352855,0.421233445777));
#1217 = CARTESIAN_POINT('',(0.109709781068,0.416671467555));
#1218 = CARTESIAN_POINT('',(0.109804604602,0.41210036538));
#1219 = CARTESIAN_POINT('',(0.109990601893,0.40295871233));
#1220 = CARTESIAN_POINT('',(0.110081788115,0.398388251007));
#1221 = CARTESIAN_POINT('',(0.11017141674,0.39380754142));
#1222 = CARTESIAN_POINT('',(0.110259541471,0.389215742253));
#1223 = CARTESIAN_POINT('',(0.11034621438,0.3846119839));
#1224 = CARTESIAN_POINT('',(0.110431486091,0.379995364151));
#1225 = CARTESIAN_POINT('',(0.110515405968,0.37536494388));
#1226 = CARTESIAN_POINT('',(0.110612223117,0.369921282057));
#1227 = CARTESIAN_POINT('',(0.110626385815,0.369122383519));
#1228 = CARTESIAN_POINT('',(0.110640509334,0.368323045912));
#1229 = CARTESIAN_POINT('',(0.110654592475,0.367523268428));
#1230 = CARTESIAN_POINT('',(0.110668634035,0.366723050283));
#1231 = CARTESIAN_POINT('',(0.110682632857,0.365922390559));
#1232 = CARTESIAN_POINT('',(0.1106965878,0.365121288285));
#1233 = CARTESIAN_POINT('',(0.110760471401,0.361440039019));
#1234 = CARTESIAN_POINT('',(0.110809863277,0.358554613338));
#1235 = CARTESIAN_POINT('',(0.110858618754,0.355663425236));
#1236 = CARTESIAN_POINT('',(0.110906683032,0.3527664358));
#1237 = CARTESIAN_POINT('',(0.110954000974,0.349863607697));
#1238 = CARTESIAN_POINT('',(0.111000517063,0.346954905222));
#1239 = CARTESIAN_POINT('',(0.111046175344,0.344040294339));
#1240 = CARTESIAN_POINT('',(0.111101625381,0.340420936043));
#1241 = CARTESIAN_POINT('',(0.111112279041,0.339721789264));
#1242 = CARTESIAN_POINT('',(0.111122879585,0.339022301955));
#1243 = CARTESIAN_POINT('',(0.111133426238,0.338322473688));
#1244 = CARTESIAN_POINT('',(0.111143918225,0.337622304041));
#1245 = CARTESIAN_POINT('',(0.111154354766,0.336921792601));
#1246 = CARTESIAN_POINT('',(0.111164735081,0.336220938963));
#1247 = CARTESIAN_POINT('',(0.111191208798,0.334422749221));
#1248 = CARTESIAN_POINT('',(0.111207219766,0.333324907979));
#1249 = CARTESIAN_POINT('',(0.111223088025,0.332226245904));
#1250 = CARTESIAN_POINT('',(0.111238810793,0.331126738961));
#1251 = CARTESIAN_POINT('',(0.111254385345,0.330026354717));
#1252 = CARTESIAN_POINT('',(0.111269808812,0.328925072074));
#1253 = CARTESIAN_POINT('',(0.111285078214,0.327822878213));
#1254 = CARTESIAN_POINT('',(0.111315213677,0.325623143481));
#1255 = CARTESIAN_POINT('',(0.111330081561,0.324525616471));
#1256 = CARTESIAN_POINT('',(0.111344791503,0.323427140006));
#1257 = CARTESIAN_POINT('',(0.111359340608,0.322327692192));
#1258 = CARTESIAN_POINT('',(0.111373725944,0.321227250941));
#1259 = CARTESIAN_POINT('',(0.111387944548,0.320125793969));
#1260 = CARTESIAN_POINT('',(0.111401993423,0.319023298791));
#1261 = CARTESIAN_POINT('',(0.111442714081,0.31578481767));
#1262 = CARTESIAN_POINT('',(0.111468912036,0.313645922219));
#1263 = CARTESIAN_POINT('',(0.111494441424,0.311502891826));
#1264 = CARTESIAN_POINT('',(0.111519279742,0.309355559158));
#1265 = CARTESIAN_POINT('',(0.111543403903,0.307203753762));
#1266 = CARTESIAN_POINT('',(0.111566790165,0.305047301723));
#1267 = CARTESIAN_POINT('',(0.111589414065,0.302886025329));
#1268 = CARTESIAN_POINT('',(0.111615786387,0.300269742729));
#1269 = CARTESIAN_POINT('',(0.111620286256,0.299819742729));
#1270 = CARTESIAN_POINT('',(0.111624749778,0.299369742729));
#1271 = CARTESIAN_POINT('',(0.111629176772,0.298919742729));
#1272 = CARTESIAN_POINT('',(0.111633567056,0.298469742729));
#1273 = CARTESIAN_POINT('',(0.111637920446,0.298019742729));
#1274 = CARTESIAN_POINT('',(0.111642236762,0.297569742729));
#1275 = CARTESIAN_POINT('',(0.111655044155,0.29622287442));
#1276 = CARTESIAN_POINT('',(0.111663433029,0.295325116845));
#1277 = CARTESIAN_POINT('',(0.111671680055,0.294426439798));
#1278 = CARTESIAN_POINT('',(0.111679785309,0.293526890386));
#1279 = CARTESIAN_POINT('',(0.111687746025,0.292626427261));
#1280 = CARTESIAN_POINT('',(0.111695561938,0.29172508758));
#1281 = CARTESIAN_POINT('',(0.111703231083,0.290822855784));
#1282 = CARTESIAN_POINT('',(0.111738723804,0.286561066728));
#1283 = CARTESIAN_POINT('',(0.111764648989,0.283190180561));
#1284 = CARTESIAN_POINT('',(0.111788457579,0.279807261148));
#1285 = CARTESIAN_POINT('',(0.111810077593,0.276412504737));
#1286 = CARTESIAN_POINT('',(0.111829435344,0.273006127479));
#1287 = CARTESIAN_POINT('',(0.111846455404,0.269588366001));
#1288 = CARTESIAN_POINT('',(0.111861060569,0.266159477982));
#1289 = CARTESIAN_POINT('',(0.111875284444,0.262119740027));
#1290 = CARTESIAN_POINT('',(0.111877319865,0.261519746259));
#1291 = CARTESIAN_POINT('',(0.111879278446,0.260919736717));
#1292 = CARTESIAN_POINT('',(0.111881158461,0.260319757708));
#1293 = CARTESIAN_POINT('',(0.111882962097,0.259719727996));
#1294 = CARTESIAN_POINT('',(0.111884686205,0.259119745037));
#1295 = CARTESIAN_POINT('',(0.111886332582,0.258519745479));
#1296 = CARTESIAN_POINT('',(0.111894341711,0.255455334608));
#1297 = CARTESIAN_POINT('',(0.111899479188,0.252985240845));
#1298 = CARTESIAN_POINT('',(0.111903306456,0.25050879107));
#1299 = CARTESIAN_POINT('',(0.111905814484,0.248025295844));
#1300 = CARTESIAN_POINT('',(0.111906991748,0.245534041239));
#1301 = CARTESIAN_POINT('',(0.111906824044,0.243034283425));
#1302 = CARTESIAN_POINT('',(0.111905294308,0.240525243253));
#1303 = CARTESIAN_POINT('',(0.111900324672,0.236225883321));
#1304 = CARTESIAN_POINT('',(0.111897576677,0.234440621049));
#1305 = CARTESIAN_POINT('',(0.111894131321,0.232650024257));
#1306 = CARTESIAN_POINT('',(0.111889980716,0.230853793269));
#1307 = CARTESIAN_POINT('',(0.11188511614,0.229051616961));
#1308 = CARTESIAN_POINT('',(0.111879527977,0.22724317122));
#1309 = CARTESIAN_POINT('',(0.111873205649,0.225428117412));
#1310 = CARTESIAN_POINT('',(0.111860950539,0.222269014513));
#1311 = CARTESIAN_POINT('',(0.111855361973,0.220928117686));
#1312 = CARTESIAN_POINT('',(0.111849367033,0.219583313339));
#1313 = CARTESIAN_POINT('',(0.111842960885,0.218234768137));
#1314 = CARTESIAN_POINT('',(0.111836138816,0.216882668274));
#1315 = CARTESIAN_POINT('',(0.111828896307,0.215527119333));
#1316 = CARTESIAN_POINT('',(0.11182122902,0.214168190175));
#1317 = CARTESIAN_POINT('',(0.111801074408,0.210777447477));
#1318 = CARTESIAN_POINT('',(0.111788064499,0.208741714648));
#1319 = CARTESIAN_POINT('',(0.111774089126,0.206699362735));
#1320 = CARTESIAN_POINT('',(0.111759135309,0.204650877699));
#1321 = CARTESIAN_POINT('',(0.11174319105,0.20259676894));
#1322 = CARTESIAN_POINT('',(0.111726245433,0.200537567149));
#1323 = CARTESIAN_POINT('',(0.11170828873,0.198473822166));
#1324 = CARTESIAN_POINT('',(0.111679704206,0.195359146381));
#1325 = CARTESIAN_POINT('',(0.11166983454,0.194311172226));
#1326 = CARTESIAN_POINT('',(0.111659702393,0.193262252095));
#1327 = CARTESIAN_POINT('',(0.111649306749,0.192212460547));
#1328 = CARTESIAN_POINT('',(0.11163864668,0.191161872985));
#1329 = CARTESIAN_POINT('',(0.111627721346,0.190110565651));
#1330 = CARTESIAN_POINT('',(0.111616529994,0.189058615627));
#1331 = CARTESIAN_POINT('',(0.11159963306,0.187506493036));
#1332 = CARTESIAN_POINT('',(0.111594134022,0.1870067573));
#1333 = CARTESIAN_POINT('',(0.111588575063,0.186506905876));
#1334 = CARTESIAN_POINT('',(0.11158295553,0.186006938889));
#1335 = CARTESIAN_POINT('',(0.111577275579,0.185506867831));
#1336 = CARTESIAN_POINT('',(0.111571536056,0.185006713763));
#1337 = CARTESIAN_POINT('',(0.111565736568,0.184506480223));
#1338 = CARTESIAN_POINT('',(0.111553425616,0.18345610084));
#1339 = CARTESIAN_POINT('',(0.111546903918,0.18290610084));
#1340 = CARTESIAN_POINT('',(0.11154030427,0.18235610084));
#1341 = CARTESIAN_POINT('',(0.11153362427,0.18180610084));
#1342 = CARTESIAN_POINT('',(0.11152686151,0.18125610084));
#1343 = CARTESIAN_POINT('',(0.111520013576,0.18070610084));
#1344 = CARTESIAN_POINT('',(0.111513078049,0.18015610084));
#1345 = CARTESIAN_POINT('',(0.111480180826,0.177580717523));
#1346 = CARTESIAN_POINT('',(0.111453034166,0.175551090582));
#1347 = CARTESIAN_POINT('',(0.111424465162,0.173515864956));
#1348 = CARTESIAN_POINT('',(0.111394318114,0.171473669092));
#1349 = CARTESIAN_POINT('',(0.111362427011,0.169423098128));
#1350 = CARTESIAN_POINT('',(0.111328612691,0.167362692345));
#1351 = CARTESIAN_POINT('',(0.111292679152,0.165290910902));
#1352 = CARTESIAN_POINT('',(0.1112353685,0.162168849489));
#1353 = CARTESIAN_POINT('',(0.111215749679,0.161128376159));
#1354 = CARTESIAN_POINT('',(0.111195525734,0.160084478078));
#1355 = CARTESIAN_POINT('',(0.111174668622,0.159036947453));
#1356 = CARTESIAN_POINT('',(0.111153148864,0.15798557027));
#1357 = CARTESIAN_POINT('',(0.111130935358,0.156930125103));
#1358 = CARTESIAN_POINT('',(0.111107995192,0.15587038191));
#1359 = CARTESIAN_POINT('',(0.111073158373,0.15430610084));
#1360 = CARTESIAN_POINT('',(0.111061877498,0.15380610084));
#1361 = CARTESIAN_POINT('',(0.111050448794,0.15330610084));
#1362 = CARTESIAN_POINT('',(0.111038870203,0.15280610084));
#1363 = CARTESIAN_POINT('',(0.111027139659,0.15230610084));
#1364 = CARTESIAN_POINT('',(0.111015255082,0.15180610084));
#1365 = CARTESIAN_POINT('',(0.111003214383,0.15130610084));
#1366 = CARTESIAN_POINT('',(0.1109777155,0.150260974159));
#1367 = CARTESIAN_POINT('',(0.110964195869,0.14971454188));
#1368 = CARTESIAN_POINT('',(0.11095044793,0.149166665664));
#1369 = CARTESIAN_POINT('',(0.11093647252,0.148617497206));
#1370 = CARTESIAN_POINT('',(0.110922259078,0.148066846411));
#1371 = CARTESIAN_POINT('',(0.110907799224,0.147514596906));
#1372 = CARTESIAN_POINT('',(0.110893098256,0.146961052829));
#1373 = CARTESIAN_POINT('',(0.110812490678,0.143968894531));
#1374 = CARTESIAN_POINT('',(0.110742049931,0.141505281305));
#1375 = CARTESIAN_POINT('',(0.110666556912,0.139018794287));
#1376 = CARTESIAN_POINT('',(0.110585764221,0.136513584275));
#1377 = CARTESIAN_POINT('',(0.110499458953,0.133994395598));
#1378 = CARTESIAN_POINT('',(0.110407476963,0.131466434466));
#1379 = CARTESIAN_POINT('',(0.110309713734,0.128935169086));
#1380 = CARTESIAN_POINT('',(0.110127469421,0.12448566984));
#1381 = CARTESIAN_POINT('',(0.110045452235,0.122566464455));
#1382 = CARTESIAN_POINT('',(0.109960056364,0.120650880102));
#1383 = CARTESIAN_POINT('',(0.109871281571,0.118741283938));
#1384 = CARTESIAN_POINT('',(0.109779146531,0.116839954531));
#1385 = CARTESIAN_POINT('',(0.109683687725,0.114949033821));
#1386 = CARTESIAN_POINT('',(0.109584957343,0.11307049136));
#1387 = CARTESIAN_POINT('',(0.109366288585,0.109071124403));
#1388 = CARTESIAN_POINT('',(0.109245363305,0.106954990131));
#1389 = CARTESIAN_POINT('',(0.109120045853,0.104852637002));
#1390 = CARTESIAN_POINT('',(0.108990106072,0.102759711851));
#1391 = CARTESIAN_POINT('',(0.108855278814,0.100672273947));
#1392 = CARTESIAN_POINT('',(0.108715258431,9.858661430314E-02));
#1393 = CARTESIAN_POINT('',(0.108569688507,9.649911838131E-02));
#1394 = CARTESIAN_POINT('',(0.10826918269,9.234875278489E-02));
#1395 = CARTESIAN_POINT('',(0.108114464258,9.028628441289E-02));
#1396 = CARTESIAN_POINT('',(0.107953577575,8.821506257764E-02));
#1397 = CARTESIAN_POINT('',(0.107786064846,8.613165071909E-02));
#1398 = CARTESIAN_POINT('',(0.107611409045,8.403265982099E-02));
#1399 = CARTESIAN_POINT('',(0.107429020369,8.191462736343E-02));
#1400 = CARTESIAN_POINT('',(0.107238209511,7.977385064381E-02));
#1401 = CARTESIAN_POINT('',(0.107010446533,7.730610083997E-02));
#1402 = CARTESIAN_POINT('',(0.10698262805,7.700610083997E-02));
#1403 = CARTESIAN_POINT('',(0.106954679416,7.670610083997E-02));
#1404 = CARTESIAN_POINT('',(0.106926600214,7.640610083997E-02));
#1405 = CARTESIAN_POINT('',(0.106898390024,7.610610083997E-02));
#1406 = CARTESIAN_POINT('',(0.106870048423,7.580610083997E-02));
#1407 = CARTESIAN_POINT('',(0.106841574983,7.550610083997E-02));
#1408 = CARTESIAN_POINT('',(0.106765290982,7.470607776528E-02));
#1409 = CARTESIAN_POINT('',(0.106717251136,7.420612078392E-02));
#1410 = CARTESIAN_POINT('',(0.106668838257,7.370611756823E-02));
#1411 = CARTESIAN_POINT('',(0.106620051754,7.320609113331E-02));
#1412 = CARTESIAN_POINT('',(0.106570892552,7.270608425356E-02));
#1413 = CARTESIAN_POINT('',(0.106521358337,7.220610184399E-02));
#1414 = CARTESIAN_POINT('',(0.106471443447,7.170611130636E-02));
#1415 = CARTESIAN_POINT('',(0.106370844401,7.070610083997E-02));
#1416 = CARTESIAN_POINT('',(0.106320162369,7.020610083997E-02));
#1417 = CARTESIAN_POINT('',(0.106269094388,6.970610083997E-02));
#1418 = CARTESIAN_POINT('',(0.106217637519,6.920610083998E-02));
#1419 = CARTESIAN_POINT('',(0.106165788785,6.870610083997E-02));
#1420 = CARTESIAN_POINT('',(0.106113545171,6.820610083997E-02));
#1421 = CARTESIAN_POINT('',(0.106060903626,6.770610083997E-02));
#1422 = CARTESIAN_POINT('',(0.105720743421,6.449961768165E-02));
#1423 = CARTESIAN_POINT('',(0.105417731746,6.175407039387E-02));
#1424 = CARTESIAN_POINT('',(0.105098231956,5.897407827218E-02));
#1425 = CARTESIAN_POINT('',(0.104761784489,5.616544486941E-02));
#1426 = CARTESIAN_POINT('',(0.104408124541,5.333524518392E-02));
#1427 = CARTESIAN_POINT('',(0.104037270279,5.049189562438E-02));
#1428 = CARTESIAN_POINT('',(0.103649629563,4.764516700689E-02));
#1429 = CARTESIAN_POINT('',(0.103115782865,4.388909710316E-02));
#1430 = CARTESIAN_POINT('',(0.102983781859,4.297280732159E-02));
#1431 = CARTESIAN_POINT('',(0.102850137741,4.20575672355E-02));
#1432 = CARTESIAN_POINT('',(0.102714877822,4.114370677764E-02));
#1433 = CARTESIAN_POINT('',(0.102578031723,4.02315497055E-02));
#1434 = CARTESIAN_POINT('',(0.102439631378,3.932141323353E-02));
#1435 = CARTESIAN_POINT('',(0.102299711032,3.841360766536E-02));
#1436 = CARTESIAN_POINT('',(0.102085974129,3.704537579144E-02));
#1437 = CARTESIAN_POINT('',(0.10201324854,3.658309327954E-02));
#1438 = CARTESIAN_POINT('',(0.101940141699,3.612149782468E-02));
#1439 = CARTESIAN_POINT('',(0.101866665501,3.566046186812E-02));
#1440 = CARTESIAN_POINT('',(0.10179283185,3.519983563742E-02));
#1441 = CARTESIAN_POINT('',(0.101718651992,3.473946182576E-02));
#1442 = CARTESIAN_POINT('',(0.101644135844,3.427919027138E-02));
#1443 = CARTESIAN_POINT('',(0.101486684815,3.331085213126E-02));
#1444 = CARTESIAN_POINT('',(0.101403679234,3.280276458262E-02));
#1445 = CARTESIAN_POINT('',(0.101320286611,3.229442475901E-02));
#1446 = CARTESIAN_POINT('',(0.101236518101,3.178562306035E-02));
#1447 = CARTESIAN_POINT('',(0.101152384011,3.127614305242E-02));
#1448 = CARTESIAN_POINT('',(0.101067893822,3.076575900099E-02));
#1449 = CARTESIAN_POINT('',(0.100983056221,3.025423340588E-02));
#1450 = CARTESIAN_POINT('',(0.100615648732,2.804173126154E-02));
#1451 = CARTESIAN_POINT('',(0.100329711053,2.632727978132E-02));
#1452 = CARTESIAN_POINT('',(0.100040330344,2.458748652319E-02));
#1453 = CARTESIAN_POINT('',(9.974772296199E-02,2.281368996518E-02));
#1454 = CARTESIAN_POINT('',(9.945206591394E-02,2.099003201289E-02));
#1455 = CARTESIAN_POINT('',(9.915349958919E-02,1.909834472315E-02));
#1456 = CARTESIAN_POINT('',(9.885212713892E-02,1.711402857021E-02));
#1457 = CARTESIAN_POINT('',(9.845185180169E-02,1.429207162087E-02));
#1458 = CARTESIAN_POINT('',(9.835541810357E-02,1.359805453066E-02));
#1459 = CARTESIAN_POINT('',(9.825871449162E-02,1.28859547415E-02));
#1460 = CARTESIAN_POINT('',(9.81617435441E-02,1.215287579965E-02));
#1461 = CARTESIAN_POINT('',(9.806450767805E-02,1.139540651299E-02));
#1462 = CARTESIAN_POINT('',(9.796700918471E-02,1.060920324972E-02));
#1463 = CARTESIAN_POINT('',(9.786925040119E-02,9.787785259862E-03));
#1464 = CARTESIAN_POINT('',(9.773167253187E-02,8.570504870539E-03));
#1465 = CARTESIAN_POINT('',(9.768932798419E-02,8.188713299397E-03));
#1466 = CARTESIAN_POINT('',(9.764713464768E-02,7.798713745015E-03));
#1467 = CARTESIAN_POINT('',(9.760686814711E-02,7.416089607764E-03));
#1468 = CARTESIAN_POINT('',(9.756913177164E-02,7.047846664906E-03));
#1469 = CARTESIAN_POINT('',(9.753334485345E-02,6.690412926524E-03));
#1470 = CARTESIAN_POINT('',(9.749773321288E-02,6.326253932201E-03));
#1471 = CARTESIAN_POINT('',(9.740585219708E-02,5.35234514476E-03));
#1472 = CARTESIAN_POINT('',(9.735231005701E-02,4.758384704268E-03));
#1473 = CARTESIAN_POINT('',(9.729869599906E-02,4.133218196537E-03));
#1474 = CARTESIAN_POINT('',(9.724501222645E-02,3.466951038852E-03));
#1475 = CARTESIAN_POINT('',(9.719126021455E-02,2.751072595535E-03));
#1476 = CARTESIAN_POINT('',(9.71374425328E-02,1.971652589168E-03));
#1477 = CARTESIAN_POINT('',(9.708356867039E-02,1.088459363786E-03));
#1478 = CARTESIAN_POINT('',(9.702966486587E-02,0.));
#1479 = ( GEOMETRIC_REPRESENTATION_CONTEXT(2) 
PARAMETRIC_REPRESENTATION_CONTEXT() REPRESENTATION_CONTEXT('2D SPACE',''
  ) );
#1480 = PCURVE('',#1481,#1496);
#1481 = ( BOUNDED_SURFACE() B_SPLINE_SURFACE(2,1,(
    (#1482,#1483)
    ,(#1484,#1485)
    ,(#1486,#1487)
    ,(#1488,#1489)
    ,(#1490,#1491)
    ,(#1492,#1493)
    ,(#1494,#1495
)),.UNSPECIFIED.,.T.,.F.,.F.) B_SPLINE_SURFACE_WITH_KNOTS((1,2,2,2,2,1),
  (2,2),(-2.094395102393,0.,2.094395102393,4.188790204786,6.28318530718,
8.377580409573),(0.,1.),.UNSPECIFIED.) GEOMETRIC_REPRESENTATION_ITEM() 
RATIONAL_B_SPLINE_SURFACE((
    (1.,1.)
    ,(0.5,0.5)
    ,(1.,1.)
    ,(0.5,0.5)
    ,(1.,1.)
    ,(0.5,0.5)
,(1.,1.))) REPRESENTATION_ITEM('') SURFACE() );
#1482 = CARTESIAN_POINT('',(7.E+03,0.,2.E+03));
#1483 = CARTESIAN_POINT('',(2.3E+04,0.,2.E+03));
#1484 = CARTESIAN_POINT('',(7.E+03,-3.464101615138E+03,2.E+03));
#1485 = CARTESIAN_POINT('',(2.3E+04,-3.464101615138E+03,2.E+03));
#1486 = CARTESIAN_POINT('',(7.E+03,-1.732050807569E+03,-1000.));
#1487 = CARTESIAN_POINT('',(2.3E+04,-1.732050807569E+03,-1000.));
#1488 = CARTESIAN_POINT('',(7.E+03,-4.898587196589E-13,-4.E+03));
#1489 = CARTESIAN_POINT('',(2.3E+04,-4.898587196589E-13,-4.E+03));
#1490 = CARTESIAN_POINT('',(7.E+03,1.732050807569E+03,-1.E+03));
#1491 = CARTESIAN_POINT('',(2.3E+04,1.732050807569E+03,-1.E+03));
#1492 = CARTESIAN_POINT('',(7.E+03,3.464101615138E+03,2.E+03));
#1493 = CARTESIAN_POINT('',(2.3E+04,3.464101615138E+03,2.E+03));
#1494 = CARTESIAN_POINT('',(7.E+03,0.,2.E+03));
#1495 = CARTESIAN_POINT('',(2.3E+04,0.,2.E+03));
#1496 = DEFINITIONAL_REPRESENTATION('',(#1497),#2011);
#1497 = B_SPLINE_CURVE_WITH_KNOTS('',8,(#1498,#1499,#1500,#1501,#1502,
    #1503,#1504,#1505,#1506,#1507,#1508,#1509,#1510,#1511,#1512,#1513,
    #1514,#1515,#1516,#1517,#1518,#1519,#1520,#1521,#1522,#1523,#1524,
    #1525,#1526,#1527,#1528,#1529,#1530,#1531,#1532,#1533,#1534,#1535,
    #1536,#1537,#1538,#1539,#1540,#1541,#1542,#1543,#1544,#1545,#1546,
    #1547,#1548,#1549,#1550,#1551,#1552,#1553,#1554,#1555,#1556,#1557,
    #1558,#1559,#1560,#1561,#1562,#1563,#1564,#1565,#1566,#1567,#1568,
    #1569,#1570,#1571,#1572,#1573,#1574,#1575,#1576,#1577,#1578,#1579,
    #1580,#1581,#1582,#1583,#1584,#1585,#1586,#1587,#1588,#1589,#1590,
    #1591,#1592,#1593,#1594,#1595,#1596,#1597,#1598,#1599,#1600,#1601,
    #1602,#1603,#1604,#1605,#1606,#1607,#1608,#1609,#1610,#1611,#1612,
    #1613,#1614,#1615,#1616,#1617,#1618,#1619,#1620,#1621,#1622,#1623,
    #1624,#1625,#1626,#1627,#1628,#1629,#1630,#1631,#1632,#1633,#1634,
    #1635,#1636,#1637,#1638,#1639,#1640,#1641,#1642,#1643,#1644,#1645,
    #1646,#1647,#1648,#1649,#1650,#1651,#1652,#1653,#1654,#1655,#1656,
    #1657,#1658,#1659,#1660,#1661,#1662,#1663,#1664,#1665,#1666,#1667,
    #1668,#1669,#1670,#1671,#1672,#1673,#1674,#1675,#1676,#1677,#1678,
    #1679,#1680,#1681,#1682,#1683,#1684,#1685,#1686,#1687,#1688,#1689,
    #1690,#1691,#1692,#1693,#1694,#1695,#1696,#1697,#1698,#1699,#1700,
    #1701,#1702,#1703,#1704,#1705,#1706,#1707,#1708,#1709,#1710,#1711,
    #1712,#1713,#1714,#1715,#1716,#1717,#1718,#1719,#1720,#1721,#1722,
    #1723,#1724,#1725,#1726,#1727,#1728,#1729,#1730,#1731,#1732,#1733,
    #1734,#1735,#1736,#1737,#1738,#1739,#1740,#1741,#1742,#1743,#1744,
    #1745,#1746,#1747,#1748,#1749,#1750,#1751,#1752,#1753,#1754,#1755,
    #1756,#1757,#1758,#1759,#1760,#1761,#1762,#1763,#1764,#1765,#1766,
    #1767,#1768,#1769,#1770,#1771,#1772,#1773,#1774,#1775,#1776,#1777,
    #1778,#1779,#1780,#1781,#1782,#1783,#1784,#1785,#1786,#1787,#1788,
    #1789,#1790,#1791,#1792,#1793,#1794,#1795,#1796,#1797,#1798,#1799,
    #1800,#1801,#1802,#1803,#1804,#1805,#1806,#1807,#1808,#1809,#1810,
    #1811,#1812,#1813,#1814,#1815,#1816,#1817,#1818,#1819,#1820,#1821,
    #1822,#1823,#1824,#1825,#1826,#1827,#1828,#1829,#1830,#1831,#1832,
    #1833,#1834,#1835,#1836,#1837,#1838,#1839,#1840,#1841,#1842,#1843,
    #1844,#1845,#1846,#1847,#1848,#1849,#1850,#1851,#1852,#1853,#1854,
    #1855,#1856,#1857,#1858,#1859,#1860,#1861,#1862,#1863,#1864,#1865,
    #1866,#1867,#1868,#1869,#1870,#1871,#1872,#1873,#1874,#1875,#1876,
    #1877,#1878,#1879,#1880,#1881,#1882,#1883,#1884,#1885,#1886,#1887,
    #1888,#1889,#1890,#1891,#1892,#1893,#1894,#1895,#1896,#1897,#1898,
    #1899,#1900,#1901,#1902,#1903,#1904,#1905,#1906,#1907,#1908,#1909,
    #1910,#1911,#1912,#1913,#1914,#1915,#1916,#1917,#1918,#1919,#1920,
    #1921,#1922,#1923,#1924,#1925,#1926,#1927,#1928,#1929,#1930,#1931,
    #1932,#1933,#1934,#1935,#1936,#1937,#1938,#1939,#1940,#1941,#1942,
    #1943,#1944,#1945,#1946,#1947,#1948,#1949,#1950,#1951,#1952,#1953,
    #1954,#1955,#1956,#1957,#1958,#1959,#1960,#1961,#1962,#1963,#1964,
    #1965,#1966,#1967,#1968,#1969,#1970,#1971,#1972,#1973,#1974,#1975,
    #1976,#1977,#1978,#1979,#1980,#1981,#1982,#1983,#1984,#1985,#1986,
    #1987,#1988,#1989,#1990,#1991,#1992,#1993,#1994,#1995,#1996,#1997,
    #1998,#1999,#2000,#2001,#2002,#2003,#2004,#2005,#2006,#2007,#2008,
    #2009,#2010),.UNSPECIFIED.,.F.,.F.,(9,7,7,7,7,7,7,7,7,7,7,7,7,7,7,7,
    7,7,7,7,7,7,7,7,7,7,7,7,7,7,7,7,7,7,7,7,7,7,7,7,7,7,7,7,7,7,7,7,7,7,
    7,7,7,7,7,7,7,7,7,7,7,7,7,7,7,7,7,7,7,7,7,7,7,9),(0.,
    1.449385143329E-02,2.06550951622E-02,2.621184470177E-02,
    4.820041370714E-02,5.37601996514E-02,5.794517525333E-02,
    7.126260403974E-02,8.118702584917E-02,8.979534318927E-02,
    0.122139365824,0.130688570813,0.157149291,0.162874621346,
    0.184802773144,0.193183818769,0.200354547488,0.226858525164,
    0.240298410885,0.253849424027,0.278583635473,0.28793569749,
    0.321626095717,0.355683989273,0.363902528234,0.395532590192,
    0.407491780068,0.428225678199,0.443911150262,0.455450189993,
    0.491442451657,0.523206272496,0.535142488714,0.555743505755,
    0.571248777885,0.576710819099,0.617876453641,0.658866013042,
    0.665911683633,0.691224584802,0.697281257286,0.706756693246,
    0.716175990571,0.734398439299,0.738183772715,0.745728095834,
    0.773785414585,0.77867952624,0.79878123939,0.81298663716,
    0.823411392711,0.838937616846,0.84679904861,0.850530713335,
    0.85463246496,0.869737227644,0.87725226951,0.880782841433,
    0.884632026259,0.901536855204,0.914373423359,0.929072978965,
    0.943522022447,0.94552165955,0.948854489926,0.952187246609,
    0.970227346217,0.976054205449,0.979034901671,0.982324728792,
    0.993225417844,0.996672224215,0.99806342665,1.),.UNSPECIFIED.);
#1498 = CARTESIAN_POINT('',(2.368873423001,0.729383879227));
#1499 = CARTESIAN_POINT('',(2.367242545301,0.728762351787));
#1500 = CARTESIAN_POINT('',(2.365616640585,0.728140603636));
#1501 = CARTESIAN_POINT('',(2.363995507866,0.727518643367));
#1502 = CARTESIAN_POINT('',(2.362379007354,0.726896477299));
#1503 = CARTESIAN_POINT('',(2.360767036466,0.726274110356));
#1504 = CARTESIAN_POINT('',(2.359159514436,0.725651546626));
#1505 = CARTESIAN_POINT('',(2.357556375525,0.725028789598));
#1506 = CARTESIAN_POINT('',(2.355277929133,0.724141031066));
#1507 = CARTESIAN_POINT('',(2.354599070507,0.723876185644));
#1508 = CARTESIAN_POINT('',(2.353920991165,0.723611306034));
#1509 = CARTESIAN_POINT('',(2.353243687678,0.723346392442));
#1510 = CARTESIAN_POINT('',(2.35256715697,0.723081445064));
#1511 = CARTESIAN_POINT('',(2.351891396321,0.722816464081));
#1512 = CARTESIAN_POINT('',(2.351216403366,0.722551449661));
#1513 = CARTESIAN_POINT('',(2.349934098928,0.722047358711));
#1514 = CARTESIAN_POINT('',(2.349326644129,0.721808288406));
#1515 = CARTESIAN_POINT('',(2.348719811207,0.721569191125));
#1516 = CARTESIAN_POINT('',(2.34811359797,0.721330067006));
#1517 = CARTESIAN_POINT('',(2.347508002978,0.721090916159));
#1518 = CARTESIAN_POINT('',(2.346903026081,0.720851738654));
#1519 = CARTESIAN_POINT('',(2.346298667063,0.720612534557));
#1520 = CARTESIAN_POINT('',(2.34330584871,0.719426646958));
#1521 = CARTESIAN_POINT('',(2.340926388572,0.718479576689));
#1522 = CARTESIAN_POINT('',(2.338556347633,0.717532103392));
#1523 = CARTESIAN_POINT('',(2.33619563437,0.716584233755));
#1524 = CARTESIAN_POINT('',(2.33384423406,0.715635971886));
#1525 = CARTESIAN_POINT('',(2.331502194107,0.714687319832));
#1526 = CARTESIAN_POINT('',(2.329169620683,0.713738277698));
#1527 = CARTESIAN_POINT('',(2.32625933531,0.712548779975));
#1528 = CARTESIAN_POINT('',(2.325672600203,0.712308691477));
#1529 = CARTESIAN_POINT('',(2.325086484137,0.712068577886));
#1530 = CARTESIAN_POINT('',(2.324500990153,0.711828439165));
#1531 = CARTESIAN_POINT('',(2.323916121568,0.711588275267));
#1532 = CARTESIAN_POINT('',(2.32333188197,0.711348086137));
#1533 = CARTESIAN_POINT('',(2.322748275223,0.711107871714));
#1534 = CARTESIAN_POINT('',(2.321726491137,0.710686798049));
#1535 = CARTESIAN_POINT('',(2.321287756831,0.710505834188));
#1536 = CARTESIAN_POINT('',(2.320849156205,0.710324761025));
#1537 = CARTESIAN_POINT('',(2.320410730738,0.710143594693));
#1538 = CARTESIAN_POINT('',(2.319972510475,0.709962346752));
#1539 = CARTESIAN_POINT('',(2.319534514782,0.709781024166));
#1540 = CARTESIAN_POINT('',(2.319096753091,0.709599629274));
#1541 = CARTESIAN_POINT('',(2.317266925509,0.708840687565));
#1542 = CARTESIAN_POINT('',(2.315878450693,0.708263065898));
#1543 = CARTESIAN_POINT('',(2.314493912895,0.70768529216));
#1544 = CARTESIAN_POINT('',(2.313113419611,0.707107363923));
#1545 = CARTESIAN_POINT('',(2.311737074149,0.706529278949));
#1546 = CARTESIAN_POINT('',(2.310364975627,0.705951035187));
#1547 = CARTESIAN_POINT('',(2.308997218974,0.705372630771));
#1548 = CARTESIAN_POINT('',(2.306617917738,0.704362904192));
#1549 = CARTESIAN_POINT('',(2.305604402004,0.703931654208));
#1550 = CARTESIAN_POINT('',(2.304593385156,0.703500313385));
#1551 = CARTESIAN_POINT('',(2.303584903161,0.703068881089));
#1552 = CARTESIAN_POINT('',(2.302578990522,0.702637356746));
#1553 = CARTESIAN_POINT('',(2.301575680277,0.70220573984));
#1554 = CARTESIAN_POINT('',(2.300575004002,0.701774029914));
#1555 = CARTESIAN_POINT('',(2.298711328743,0.700967685834));
#1556 = CARTESIAN_POINT('',(2.297847669844,0.700593074817));
#1557 = CARTESIAN_POINT('',(2.296986035136,0.700218393248));
#1558 = CARTESIAN_POINT('',(2.296126443083,0.699843640905));
#1559 = CARTESIAN_POINT('',(2.295268911481,0.699468817595));
#1560 = CARTESIAN_POINT('',(2.294413457674,0.699093923145));
#1561 = CARTESIAN_POINT('',(2.293560098119,0.698718957411));
#1562 = CARTESIAN_POINT('',(2.289510441973,0.696934793837));
#1563 = CARTESIAN_POINT('',(2.286341769753,0.69552466049));
#1564 = CARTESIAN_POINT('',(2.283203198053,0.694113528391));
#1565 = CARTESIAN_POINT('',(2.28009492424,0.692701410181));
#1566 = CARTESIAN_POINT('',(2.277016986958,0.691288322637));
#1567 = CARTESIAN_POINT('',(2.273969281439,0.689874286182));
#1568 = CARTESIAN_POINT('',(2.27095157877,0.688459324302));
#1569 = CARTESIAN_POINT('',(2.267173750499,0.686669220909));
#1570 = CARTESIAN_POINT('',(2.266386021531,0.686294916171));
#1571 = CARTESIAN_POINT('',(2.265600370427,0.685920548737));
#1572 = CARTESIAN_POINT('',(2.264816768014,0.685546119675));
#1573 = CARTESIAN_POINT('',(2.264035200969,0.685171629631));
#1574 = CARTESIAN_POINT('',(2.26325566253,0.684797079071));
#1575 = CARTESIAN_POINT('',(2.262478133411,0.684422468784));
#1576 = CARTESIAN_POINT('',(2.259302262472,0.68288815628));
#1577 = CARTESIAN_POINT('',(2.256921083125,0.681727946195));
#1578 = CARTESIAN_POINT('',(2.254558723766,0.680567185973));
#1579 = CARTESIAN_POINT('',(2.252214919187,0.679405890302));
#1580 = CARTESIAN_POINT('',(2.249889471892,0.678244071877));
#1581 = CARTESIAN_POINT('',(2.247582244215,0.677081741608));
#1582 = CARTESIAN_POINT('',(2.245293153478,0.675918908754));
#1583 = CARTESIAN_POINT('',(2.242530795431,0.67450387068));
#1584 = CARTESIAN_POINT('',(2.242040268579,0.674252137214));
#1585 = CARTESIAN_POINT('',(2.241550588876,0.674000380671));
#1586 = CARTESIAN_POINT('',(2.241061756402,0.673748601123));
#1587 = CARTESIAN_POINT('',(2.240573771495,0.673496798633));
#1588 = CARTESIAN_POINT('',(2.24008663415,0.673244973275));
#1589 = CARTESIAN_POINT('',(2.239600343411,0.672993125141));
#1590 = CARTESIAN_POINT('',(2.237255625307,0.671776583263));
#1591 = CARTESIAN_POINT('',(2.235408746324,0.670811579754));
#1592 = CARTESIAN_POINT('',(2.233574197478,0.66984624931));
#1593 = CARTESIAN_POINT('',(2.231751916779,0.668880597301));
#1594 = CARTESIAN_POINT('',(2.229941842606,0.667914628995));
#1595 = CARTESIAN_POINT('',(2.228143913698,0.666948349556));
#1596 = CARTESIAN_POINT('',(2.226358069163,0.665981764047));
#1597 = CARTESIAN_POINT('',(2.223906285624,0.664645328688));
#1598 = CARTESIAN_POINT('',(2.223230079229,0.664275735962));
#1599 = CARTESIAN_POINT('',(2.222555625905,0.663906099527));
#1600 = CARTESIAN_POINT('',(2.22188292228,0.663536419659));
#1601 = CARTESIAN_POINT('',(2.22121196499,0.663166696631));
#1602 = CARTESIAN_POINT('',(2.220542750681,0.662796930713));
#1603 = CARTESIAN_POINT('',(2.219875276005,0.662427122175));
#1604 = CARTESIAN_POINT('',(2.218639939413,0.661740831004));
#1605 = CARTESIAN_POINT('',(2.218071611818,0.661424359729));
#1606 = CARTESIAN_POINT('',(2.217504553807,0.661107857603));
#1607 = CARTESIAN_POINT('',(2.216938762408,0.660791324811));
#1608 = CARTESIAN_POINT('',(2.216374235244,0.660474761525));
#1609 = CARTESIAN_POINT('',(2.215810971107,0.660158167891));
#1610 = CARTESIAN_POINT('',(2.215248968547,0.659841544057));
#1611 = CARTESIAN_POINT('',(2.212615629225,0.658354495203));
#1612 = CARTESIAN_POINT('',(2.210560198096,0.657183690787));
#1613 = CARTESIAN_POINT('',(2.20852170248,0.656012487685));
#1614 = CARTESIAN_POINT('',(2.206499929701,0.654840896046));
#1615 = CARTESIAN_POINT('',(2.204494680209,0.653668925501));
#1616 = CARTESIAN_POINT('',(2.202505766746,0.652496585179));
#1617 = CARTESIAN_POINT('',(2.200533013537,0.651323883734));
#1618 = CARTESIAN_POINT('',(2.197584004363,0.649555985928));
#1619 = CARTESIAN_POINT('',(2.196595865149,0.64896105178));
#1620 = CARTESIAN_POINT('',(2.195611821519,0.648366027882));
#1621 = CARTESIAN_POINT('',(2.194631839353,0.647770915538));
#1622 = CARTESIAN_POINT('',(2.193655922241,0.647175715312));
#1623 = CARTESIAN_POINT('',(2.19268402017,0.646580428786));
#1624 = CARTESIAN_POINT('',(2.191716143825,0.645985056366));
#1625 = CARTESIAN_POINT('',(2.189780393725,0.644789218921));
#1626 = CARTESIAN_POINT('',(2.188812586065,0.644188752493));
#1627 = CARTESIAN_POINT('',(2.187848798312,0.643588201352));
#1628 = CARTESIAN_POINT('',(2.186888998612,0.642987566698));
#1629 = CARTESIAN_POINT('',(2.185933155769,0.642386849703));
#1630 = CARTESIAN_POINT('',(2.184981239238,0.641786051512));
#1631 = CARTESIAN_POINT('',(2.184033219132,0.641185173239));
#1632 = CARTESIAN_POINT('',(2.181365735431,0.639487308753));
#1633 = CARTESIAN_POINT('',(2.179655288486,0.638390138376));
#1634 = CARTESIAN_POINT('',(2.177957547349,0.637292711437));
#1635 = CARTESIAN_POINT('',(2.176272340825,0.636195034261));
#1636 = CARTESIAN_POINT('',(2.174599504229,0.63509711291));
#1637 = CARTESIAN_POINT('',(2.172938879052,0.633998953187));
#1638 = CARTESIAN_POINT('',(2.171290312627,0.632900560649));
#1639 = CARTESIAN_POINT('',(2.169034834662,0.631386549853));
#1640 = CARTESIAN_POINT('',(2.16841771486,0.630971126571));
#1641 = CARTESIAN_POINT('',(2.167802293502,0.630555670997));
#1642 = CARTESIAN_POINT('',(2.167188545745,0.630140183702));
#1643 = CARTESIAN_POINT('',(2.166576457402,0.629724665073));
#1644 = CARTESIAN_POINT('',(2.165966016856,0.629309115449));
#1645 = CARTESIAN_POINT('',(2.165357202959,0.628893535325));
#1646 = CARTESIAN_POINT('',(2.162562593414,0.626980707003));
#1647 = CARTESIAN_POINT('',(2.160396123384,0.625483097848));
#1648 = CARTESIAN_POINT('',(2.158249868203,0.623985115938));
#1649 = CARTESIAN_POINT('',(2.156123127953,0.622486778626));
#1650 = CARTESIAN_POINT('',(2.154015226113,0.620988102292));
#1651 = CARTESIAN_POINT('',(2.151925507615,0.619489102375));
#1652 = CARTESIAN_POINT('',(2.149853336904,0.617989793411));
#1653 = CARTESIAN_POINT('',(2.145720435651,0.614974227031));
#1654 = CARTESIAN_POINT('',(2.143660053617,0.613457963683));
#1655 = CARTESIAN_POINT('',(2.141615975312,0.611941418277));
#1656 = CARTESIAN_POINT('',(2.139587246933,0.610424609146));
#1657 = CARTESIAN_POINT('',(2.137572933813,0.608907553729));
#1658 = CARTESIAN_POINT('',(2.13557211878,0.607390268595));
#1659 = CARTESIAN_POINT('',(2.133583900511,0.605872769477));
#1660 = CARTESIAN_POINT('',(2.131130438872,0.60398883427));
#1661 = CARTESIAN_POINT('',(2.130654168006,0.603622585655));
#1662 = CARTESIAN_POINT('',(2.130178566123,0.603256325671));
#1663 = CARTESIAN_POINT('',(2.129703621365,0.602890054521));
#1664 = CARTESIAN_POINT('',(2.129229321586,0.602523772407));
#1665 = CARTESIAN_POINT('',(2.128755653955,0.602157479543));
#1666 = CARTESIAN_POINT('',(2.128282605764,0.601791176136));
#1667 = CARTESIAN_POINT('',(2.125991927287,0.600015058553));
#1668 = CARTESIAN_POINT('',(2.124182752547,0.598605100567));
#1669 = CARTESIAN_POINT('',(2.122382501109,0.597194991929));
#1670 = CARTESIAN_POINT('',(2.120591036676,0.595784736033));
#1671 = CARTESIAN_POINT('',(2.118808227528,0.594374336138));
#1672 = CARTESIAN_POINT('',(2.117033946297,0.592963795377));
#1673 = CARTESIAN_POINT('',(2.115268069734,0.591553116757));
#1674 = CARTESIAN_POINT('',(2.112845940748,0.589608880639));
#1675 = CARTESIAN_POINT('',(2.112182587802,0.589075438814));
#1676 = CARTESIAN_POINT('',(2.111520412287,0.588541977858));
#1677 = CARTESIAN_POINT('',(2.110859408584,0.588008497917));
#1678 = CARTESIAN_POINT('',(2.110199570664,0.587474999138));
#1679 = CARTESIAN_POINT('',(2.109540891586,0.586941481682));
#1680 = CARTESIAN_POINT('',(2.108883364669,0.586407945704));
#1681 = CARTESIAN_POINT('',(2.107089009647,0.584949356886));
#1682 = CARTESIAN_POINT('',(2.105954486639,0.584024267103));
#1683 = CARTESIAN_POINT('',(2.104823398489,0.583099122556));
#1684 = CARTESIAN_POINT('',(2.103695726944,0.582173923819));
#1685 = CARTESIAN_POINT('',(2.102571454294,0.581248671453));
#1686 = CARTESIAN_POINT('',(2.101450563374,0.580323366008));
#1687 = CARTESIAN_POINT('',(2.100333037566,0.579398008018));
#1688 = CARTESIAN_POINT('',(2.098375840895,0.577772512917));
#1689 = CARTESIAN_POINT('',(2.097535043039,0.577072398055));
#1690 = CARTESIAN_POINT('',(2.096696100675,0.576372253647));
#1691 = CARTESIAN_POINT('',(2.095858851557,0.575672079913));
#1692 = CARTESIAN_POINT('',(2.095023337746,0.574971877073));
#1693 = CARTESIAN_POINT('',(2.094189805607,0.574271645341));
#1694 = CARTESIAN_POINT('',(2.09335870581,0.573571384927));
#1695 = CARTESIAN_POINT('',(2.091921472943,0.572355927528));
#1696 = CARTESIAN_POINT('',(2.091313674066,0.571840743584));
#1697 = CARTESIAN_POINT('',(2.090707283981,0.571325544382));
#1698 = CARTESIAN_POINT('',(2.090102310635,0.570810329838));
#1699 = CARTESIAN_POINT('',(2.089498741346,0.570295100127));
#1700 = CARTESIAN_POINT('',(2.088896559268,0.569779855475));
#1701 = CARTESIAN_POINT('',(2.088295763908,0.569264595905));
#1702 = CARTESIAN_POINT('',(2.08582664175,0.567142091861));
#1703 = CARTESIAN_POINT('',(2.083970314485,0.565534718611));
#1704 = CARTESIAN_POINT('',(2.08212708985,0.563927205666));
#1705 = CARTESIAN_POINT('',(2.08029670547,0.562319556705));
#1706 = CARTESIAN_POINT('',(2.078478906492,0.560711775275));
#1707 = CARTESIAN_POINT('',(2.076673445147,0.559103864793));
#1708 = CARTESIAN_POINT('',(2.07488008032,0.55749582855));
#1709 = CARTESIAN_POINT('',(2.071526368512,0.5544684405));
#1710 = CARTESIAN_POINT('',(2.069963406631,0.553049115712));
#1711 = CARTESIAN_POINT('',(2.068409721716,0.551629695217));
#1712 = CARTESIAN_POINT('',(2.066865346307,0.550210178875));
#1713 = CARTESIAN_POINT('',(2.065330315233,0.548790566532));
#1714 = CARTESIAN_POINT('',(2.063804665615,0.547370858028));
#1715 = CARTESIAN_POINT('',(2.062288436861,0.54595105319));
#1716 = CARTESIAN_POINT('',(2.060215457495,0.543997580969));
#1717 = CARTESIAN_POINT('',(2.059650582322,0.543463996451));
#1718 = CARTESIAN_POINT('',(2.059087039167,0.542930398369));
#1719 = CARTESIAN_POINT('',(2.058524851502,0.542396786468));
#1720 = CARTESIAN_POINT('',(2.05796398347,0.541863161179));
#1721 = CARTESIAN_POINT('',(2.057404487728,0.541329521911));
#1722 = CARTESIAN_POINT('',(2.056846317049,0.540795869228));
#1723 = CARTESIAN_POINT('',(2.05532850579,0.539341134126));
#1724 = CARTESIAN_POINT('',(2.054371561011,0.538420024347));
#1725 = CARTESIAN_POINT('',(2.053418787515,0.537498872162));
#1726 = CARTESIAN_POINT('',(2.052470296526,0.536577676401));
#1727 = CARTESIAN_POINT('',(2.0515261998,0.535656435905));
#1728 = CARTESIAN_POINT('',(2.050586609622,0.534735149533));
#1729 = CARTESIAN_POINT('',(2.049651638813,0.533813816158));
#1730 = CARTESIAN_POINT('',(2.04802126081,0.532198960616));
#1731 = CARTESIAN_POINT('',(2.047323801978,0.531505459309));
#1732 = CARTESIAN_POINT('',(2.046629072585,0.530811930272));
#1733 = CARTESIAN_POINT('',(2.045937121264,0.530118373036));
#1734 = CARTESIAN_POINT('',(2.045247996919,0.529424787139));
#1735 = CARTESIAN_POINT('',(2.044561748726,0.528731172122));
#1736 = CARTESIAN_POINT('',(2.043878426132,0.528037527532));
#1737 = CARTESIAN_POINT('',(2.042958412994,0.527099492211));
#1738 = CARTESIAN_POINT('',(2.042719164822,0.526855177238));
#1739 = CARTESIAN_POINT('',(2.04248033674,0.526610908433));
#1740 = CARTESIAN_POINT('',(2.042241931118,0.526366686224));
#1741 = CARTESIAN_POINT('',(2.042003950301,0.526122511037));
#1742 = CARTESIAN_POINT('',(2.041766396605,0.525878383295));
#1743 = CARTESIAN_POINT('',(2.041529272322,0.525634303417));
#1744 = CARTESIAN_POINT('',(2.039508703009,0.52355108478));
#1745 = CARTESIAN_POINT('',(2.037746440521,0.521711680672));
#1746 = CARTESIAN_POINT('',(2.036006266965,0.519872056342));
#1747 = CARTESIAN_POINT('',(2.034288669769,0.518032208813));
#1748 = CARTESIAN_POINT('',(2.032594150544,0.516192135272));
#1749 = CARTESIAN_POINT('',(2.030923226552,0.514351833059));
#1750 = CARTESIAN_POINT('',(2.029276432172,0.512511299648));
#1751 = CARTESIAN_POINT('',(2.026039146482,0.508837639017));
#1752 = CARTESIAN_POINT('',(2.024448469227,0.507004513631));
#1753 = CARTESIAN_POINT('',(2.022881500742,0.505171167481));
#1754 = CARTESIAN_POINT('',(2.021337472891,0.503337611052));
#1755 = CARTESIAN_POINT('',(2.019815634611,0.501503854337));
#1756 = CARTESIAN_POINT('',(2.018315249253,0.499669906852));
#1757 = CARTESIAN_POINT('',(2.016835591927,0.497835777665));
#1758 = CARTESIAN_POINT('',(2.015125050308,0.495686178295));
#1759 = CARTESIAN_POINT('',(2.014874738002,0.495370876133));
#1760 = CARTESIAN_POINT('',(2.014625029542,0.495055568754));
#1761 = CARTESIAN_POINT('',(2.014375947011,0.494740255968));
#1762 = CARTESIAN_POINT('',(2.014127512651,0.494424937586));
#1763 = CARTESIAN_POINT('',(2.013879747944,0.494109613427));
#1764 = CARTESIAN_POINT('',(2.013632674059,0.493794283315));
#1765 = CARTESIAN_POINT('',(2.012501217266,0.492346042074));
#1766 = CARTESIAN_POINT('',(2.011625326331,0.491213057997));
#1767 = CARTESIAN_POINT('',(2.010759655234,0.490079986304));
#1768 = CARTESIAN_POINT('',(2.00990523087,0.488946818888));
#1769 = CARTESIAN_POINT('',(2.009063093291,0.487813548054));
#1770 = CARTESIAN_POINT('',(2.008234296336,0.486680166521));
#1771 = CARTESIAN_POINT('',(2.007419908265,0.485546667411));
#1772 = CARTESIAN_POINT('',(2.006429858835,0.484141799792));
#1773 = CARTESIAN_POINT('',(2.006239592246,0.483870548238));
#1774 = CARTESIAN_POINT('',(2.006050227451,0.483599289503));
#1775 = CARTESIAN_POINT('',(2.00586177934,0.483328023504));
#1776 = CARTESIAN_POINT('',(2.005674262858,0.483056750157));
#1777 = CARTESIAN_POINT('',(2.005487692998,0.482785469384));
#1778 = CARTESIAN_POINT('',(2.005302084805,0.482514181106));
#1779 = CARTESIAN_POINT('',(2.004828604722,0.481818453093));
#1780 = CARTESIAN_POINT('',(2.004542145181,0.481394002398));
#1781 = CARTESIAN_POINT('',(2.004258137423,0.480969532833));
#1782 = CARTESIAN_POINT('',(2.003976635577,0.480545044152));
#1783 = CARTESIAN_POINT('',(2.003697692871,0.480120536133));
#1784 = CARTESIAN_POINT('',(2.003421365182,0.47969600855));
#1785 = CARTESIAN_POINT('',(2.003147710501,0.479271461175));
#1786 = CARTESIAN_POINT('',(2.002607463329,0.478424841874));
#1787 = CARTESIAN_POINT('',(2.002340839156,0.478002770183));
#1788 = CARTESIAN_POINT('',(2.002076967696,0.477580678545));
#1789 = CARTESIAN_POINT('',(2.001815905545,0.477158566777));
#1790 = CARTESIAN_POINT('',(2.001557709983,0.476736434709));
#1791 = CARTESIAN_POINT('',(2.001302438977,0.476314282186));
#1792 = CARTESIAN_POINT('',(2.001050151178,0.475892109065));
#1793 = CARTESIAN_POINT('',(2.000318719374,0.474653144559));
#1794 = CARTESIAN_POINT('',(1.999847920102,0.473836296392));
#1795 = CARTESIAN_POINT('',(1.999388938283,0.473019369738));
#1796 = CARTESIAN_POINT('',(1.998942214541,0.472202363905));
#1797 = CARTESIAN_POINT('',(1.998508201005,0.471385278485));
#1798 = CARTESIAN_POINT('',(1.998087362368,0.470568113344));
#1799 = CARTESIAN_POINT('',(1.997680176942,0.469750868621));
#1800 = CARTESIAN_POINT('',(1.997205492023,0.468763762731));
#1801 = CARTESIAN_POINT('',(1.997124495953,0.468594058836));
#1802 = CARTESIAN_POINT('',(1.997044153132,0.468424433516));
#1803 = CARTESIAN_POINT('',(1.996964467185,0.468254887258));
#1804 = CARTESIAN_POINT('',(1.996885441736,0.468085420551));
#1805 = CARTESIAN_POINT('',(1.996807080412,0.46791603388));
#1806 = CARTESIAN_POINT('',(1.996729386838,0.467746727733));
#1807 = CARTESIAN_POINT('',(1.996498856312,0.467240230028));
#1808 = CARTESIAN_POINT('',(1.99634786119,0.466902944137));
#1809 = CARTESIAN_POINT('',(1.996199425206,0.466565644931));
#1810 = CARTESIAN_POINT('',(1.996053548993,0.466228332662));
#1811 = CARTESIAN_POINT('',(1.995910285421,0.46589100733));
#1812 = CARTESIAN_POINT('',(1.995769641368,0.465553669171));
#1813 = CARTESIAN_POINT('',(1.995631654917,0.465216318281));
#1814 = CARTESIAN_POINT('',(1.994993146149,0.463624301045));
#1815 = CARTESIAN_POINT('',(1.994527028446,0.46236947387));
#1816 = CARTESIAN_POINT('',(1.994099388505,0.461114481119));
#1817 = CARTESIAN_POINT('',(1.99371164584,0.459859332908));
#1818 = CARTESIAN_POINT('',(1.993365244896,0.458604041672));
#1819 = CARTESIAN_POINT('',(1.99306165327,0.457348622173));
#1820 = CARTESIAN_POINT('',(1.992802359936,0.456093091509));
#1821 = CARTESIAN_POINT('',(1.992551634094,0.454618447619));
#1822 = CARTESIAN_POINT('',(1.992515811747,0.45439954539));
#1823 = CARTESIAN_POINT('',(1.992481400239,0.454180760078));
#1824 = CARTESIAN_POINT('',(1.992448431482,0.453962090147));
#1825 = CARTESIAN_POINT('',(1.992416865731,0.453743535074));
#1826 = CARTESIAN_POINT('',(1.992386760889,0.453525095058));
#1827 = CARTESIAN_POINT('',(1.992358084357,0.453306771337));
#1828 = CARTESIAN_POINT('',(1.992218964766,0.452192325349));
#1829 = CARTESIAN_POINT('',(1.992131053725,0.451296049733));
#1830 = CARTESIAN_POINT('',(1.992067252812,0.450399747477));
#1831 = CARTESIAN_POINT('',(1.992027740927,0.449503427258));
#1832 = CARTESIAN_POINT('',(1.992012738323,0.448607098079));
#1833 = CARTESIAN_POINT('',(1.992022509748,0.447710769266));
#1834 = CARTESIAN_POINT('',(1.992057367604,0.446814450465));
#1835 = CARTESIAN_POINT('',(1.992160293039,0.445284758804));
#1836 = CARTESIAN_POINT('',(1.992215620411,0.444651376051));
#1837 = CARTESIAN_POINT('',(1.992283785866,0.444018006929));
#1838 = CARTESIAN_POINT('',(1.992364930806,0.443384655165));
#1839 = CARTESIAN_POINT('',(1.992459210499,0.442751324672));
#1840 = CARTESIAN_POINT('',(1.992566795201,0.442118019558));
#1841 = CARTESIAN_POINT('',(1.992687871277,0.441484744119));
#1842 = CARTESIAN_POINT('',(1.992921545489,0.440386793193));
#1843 = CARTESIAN_POINT('',(1.993027822808,0.439922101956));
#1844 = CARTESIAN_POINT('',(1.993141558779,0.439457430951));
#1845 = CARTESIAN_POINT('',(1.993262837057,0.438992782053));
#1846 = CARTESIAN_POINT('',(1.99339173844,0.438528157189));
#1847 = CARTESIAN_POINT('',(1.993528339866,0.438063558337));
#1848 = CARTESIAN_POINT('',(1.99367271443,0.437598987523));
#1849 = CARTESIAN_POINT('',(1.994051639885,0.436442578042));
#1850 = CARTESIAN_POINT('',(1.994295745026,0.435750775982));
#1851 = CARTESIAN_POINT('',(1.994557478295,0.43505904758));
#1852 = CARTESIAN_POINT('',(1.994837050917,0.434367399888));
#1853 = CARTESIAN_POINT('',(1.995134653029,0.433675840066));
#1854 = CARTESIAN_POINT('',(1.995450451832,0.432984375377));
#1855 = CARTESIAN_POINT('',(1.995784589744,0.432293013173));
#1856 = CARTESIAN_POINT('',(1.996315711779,0.431251757399));
#1857 = CARTESIAN_POINT('',(1.996498972322,0.430901782066));
#1858 = CARTESIAN_POINT('',(1.996686979327,0.430551835848));
#1859 = CARTESIAN_POINT('',(1.996879746146,0.430201919695));
#1860 = CARTESIAN_POINT('',(1.997077284334,0.429852034552));
#1861 = CARTESIAN_POINT('',(1.997279603654,0.429502181356));
#1862 = CARTESIAN_POINT('',(1.997486712069,0.429152361042));
#1863 = CARTESIAN_POINT('',(1.997799202196,0.428636537863));
#1864 = CARTESIAN_POINT('',(1.997900869997,0.428470508818));
#1865 = CARTESIAN_POINT('',(1.998003614583,0.428304487457));
#1866 = CARTESIAN_POINT('',(1.998107447218,0.428138473955));
#1867 = CARTESIAN_POINT('',(1.998212364365,0.427972468378));
#1868 = CARTESIAN_POINT('',(1.99831834994,0.427806470705));
#1869 = CARTESIAN_POINT('',(1.998425410453,0.427640481083));
#1870 = CARTESIAN_POINT('',(1.998652603915,0.427292058433));
#1871 = CARTESIAN_POINT('',(1.99877291904,0.427109678151));
#1872 = CARTESIAN_POINT('',(1.998894631174,0.426927368817));
#1873 = CARTESIAN_POINT('',(1.999017783125,0.42674513976));
#1874 = CARTESIAN_POINT('',(1.999142417749,0.426563000308));
#1875 = CARTESIAN_POINT('',(1.999268577947,0.426380959781));
#1876 = CARTESIAN_POINT('',(1.999396306669,0.426199027497));
#1877 = CARTESIAN_POINT('',(2.000001944222,0.425347677274));
#1878 = CARTESIAN_POINT('',(2.000501093621,0.424678333199));
#1879 = CARTESIAN_POINT('',(2.001025720092,0.424009209178));
#1880 = CARTESIAN_POINT('',(2.001578584825,0.423340342283));
#1881 = CARTESIAN_POINT('',(2.002162618655,0.422671778352));
#1882 = CARTESIAN_POINT('',(2.002780969134,0.422003572451));
#1883 = CARTESIAN_POINT('',(2.003437061226,0.421335789468));
#1884 = CARTESIAN_POINT('',(2.004481752436,0.420336512066));
#1885 = CARTESIAN_POINT('',(2.004839109357,0.420004643627));
#1886 = CARTESIAN_POINT('',(2.005207207698,0.419672909131));
#1887 = CARTESIAN_POINT('',(2.005586533299,0.419341319376));
#1888 = CARTESIAN_POINT('',(2.005977595522,0.419009886386));
#1889 = CARTESIAN_POINT('',(2.006380930236,0.418678623445));
#1890 = CARTESIAN_POINT('',(2.006797102794,0.418347545139));
#1891 = CARTESIAN_POINT('',(2.007428541281,0.417861220794));
#1892 = CARTESIAN_POINT('',(2.007632932719,0.41770612985));
#1893 = CARTESIAN_POINT('',(2.007839919357,0.417551401453));
#1894 = CARTESIAN_POINT('',(2.008049535309,0.417397042496));
#1895 = CARTESIAN_POINT('',(2.00826181478,0.417243059867));
#1896 = CARTESIAN_POINT('',(2.008476792062,0.417089460451));
#1897 = CARTESIAN_POINT('',(2.008694501534,0.416936251128));
#1898 = CARTESIAN_POINT('',(2.009155353266,0.41661683607));
#1899 = CARTESIAN_POINT('',(2.009399588631,0.416450297289));
#1900 = CARTESIAN_POINT('',(2.009647834077,0.4162838262));
#1901 = CARTESIAN_POINT('',(2.009900069117,0.416117423683));
#1902 = CARTESIAN_POINT('',(2.010156478166,0.415951094331));
#1903 = CARTESIAN_POINT('',(2.010417205955,0.415784842105));
#1904 = CARTESIAN_POINT('',(2.010682150554,0.415618666689));
#1905 = CARTESIAN_POINT('',(2.012134151581,0.414723119056));
#1906 = CARTESIAN_POINT('',(2.013400449406,0.413995206375));
#1907 = CARTESIAN_POINT('',(2.014754623763,0.413269056966));
#1908 = CARTESIAN_POINT('',(2.01620047445,0.412544897384));
#1909 = CARTESIAN_POINT('',(2.017741084089,0.411822952147));
#1910 = CARTESIAN_POINT('',(2.019378570078,0.411103437855));
#1911 = CARTESIAN_POINT('',(2.021113910861,0.410386559208));
#1912 = CARTESIAN_POINT('',(2.024338821329,0.409130299713));
#1913 = CARTESIAN_POINT('',(2.025787063781,0.408589709481));
#1914 = CARTESIAN_POINT('',(2.027291595145,0.408050819227));
#1915 = CARTESIAN_POINT('',(2.028851998657,0.407513693341));
#1916 = CARTESIAN_POINT('',(2.030467513756,0.406978380088));
#1917 = CARTESIAN_POINT('',(2.032137063933,0.406444912645));
#1918 = CARTESIAN_POINT('',(2.033859301981,0.405913310719));
#1919 = CARTESIAN_POINT('',(2.037663417823,0.40477697481));
#1920 = CARTESIAN_POINT('',(2.039761015116,0.404172826456));
#1921 = CARTESIAN_POINT('',(2.041928282231,0.403571317209));
#1922 = CARTESIAN_POINT('',(2.044168518391,0.402972676363));
#1923 = CARTESIAN_POINT('',(2.046485545295,0.402377184462));
#1924 = CARTESIAN_POINT('',(2.048883784442,0.40178517629));
#1925 = CARTESIAN_POINT('',(2.051368406785,0.401197046787));
#1926 = CARTESIAN_POINT('',(2.056478854214,0.400039424794));
#1927 = CARTESIAN_POINT('',(2.05910128668,0.399469845253));
#1928 = CARTESIAN_POINT('',(2.061818894596,0.398904926021));
#1929 = CARTESIAN_POINT('',(2.064638327872,0.39834520856));
#1930 = CARTESIAN_POINT('',(2.067567062904,0.397791382069));
#1931 = CARTESIAN_POINT('',(2.070613596658,0.397244293711));
#1932 = CARTESIAN_POINT('',(2.073787834931,0.396704969255));
#1933 = CARTESIAN_POINT('',(2.077560493395,0.396101262392));
#1934 = CARTESIAN_POINT('',(2.07802101632,0.396028169746));
#1935 = CARTESIAN_POINT('',(2.078483430224,0.395955380274));
#1936 = CARTESIAN_POINT('',(2.078947738656,0.39588289822));
#1937 = CARTESIAN_POINT('',(2.079413945197,0.395810727826));
#1938 = CARTESIAN_POINT('',(2.079882053466,0.395738873339));
#1939 = CARTESIAN_POINT('',(2.080352067112,0.395667339001));
#1940 = CARTESIAN_POINT('',(2.081610562517,0.395477442965));
#1941 = CARTESIAN_POINT('',(2.082402341538,0.395359661305));
#1942 = CARTESIAN_POINT('',(2.083199500566,0.395242809206));
#1943 = CARTESIAN_POINT('',(2.084002033249,0.395126893581));
#1944 = CARTESIAN_POINT('',(2.084809908238,0.395011914845));
#1945 = CARTESIAN_POINT('',(2.085623147514,0.394897872804));
#1946 = CARTESIAN_POINT('',(2.086441827988,0.394784766727));
#1947 = CARTESIAN_POINT('',(2.088090167263,0.394560414992));
#1948 = CARTESIAN_POINT('',(2.088919791385,0.394449175009));
#1949 = CARTESIAN_POINT('',(2.089754909833,0.394338869666));
#1950 = CARTESIAN_POINT('',(2.090595554061,0.394229498978));
#1951 = CARTESIAN_POINT('',(2.091441755905,0.394121062954));
#1952 = CARTESIAN_POINT('',(2.09229354758,0.394013561596));
#1953 = CARTESIAN_POINT('',(2.093150961684,0.393906994897));
#1954 = CARTESIAN_POINT('',(2.098687234974,0.393229580131));
#1955 = CARTESIAN_POINT('',(2.103570556735,0.3926769298));
#1956 = CARTESIAN_POINT('',(2.108664047027,0.392145769669));
#1957 = CARTESIAN_POINT('',(2.113967970049,0.391638465836));
#1958 = CARTESIAN_POINT('',(2.11947713458,0.391157291923));
#1959 = CARTESIAN_POINT('',(2.125181411075,0.390704295571));
#1960 = CARTESIAN_POINT('',(2.131066768261,0.390281157816));
#1961 = CARTESIAN_POINT('',(2.139063481282,0.389762428942));
#1962 = CARTESIAN_POINT('',(2.141032592851,0.389639014525));
#1963 = CARTESIAN_POINT('',(2.143017859597,0.389518863943));
#1964 = CARTESIAN_POINT('',(2.145018620259,0.389402006049));
#1965 = CARTESIAN_POINT('',(2.147034191377,0.389288462535));
#1966 = CARTESIAN_POINT('',(2.149063868665,0.389178248137));
#1967 = CARTESIAN_POINT('',(2.151106928377,0.389071370849));
#1968 = CARTESIAN_POINT('',(2.154214193389,0.388914863701));
#1969 = CARTESIAN_POINT('',(2.15526912809,0.388862782518));
#1970 = CARTESIAN_POINT('',(2.156327241215,0.388811568077));
#1971 = CARTESIAN_POINT('',(2.157388333988,0.388761195891));
#1972 = CARTESIAN_POINT('',(2.158452209857,0.388711639738));
#1973 = CARTESIAN_POINT('',(2.159518683919,0.388662873907));
#1974 = CARTESIAN_POINT('',(2.160587592351,0.38861487545));
#1975 = CARTESIAN_POINT('',(2.162841104655,0.388515476431));
#1976 = CARTESIAN_POINT('',(2.16402619695,0.388464236996));
#1977 = CARTESIAN_POINT('',(2.165213879645,0.388413879188));
#1978 = CARTESIAN_POINT('',(2.166403968724,0.388364375815));
#1979 = CARTESIAN_POINT('',(2.167596294628,0.388315701285));
#1980 = CARTESIAN_POINT('',(2.168790701646,0.388267831456));
#1981 = CARTESIAN_POINT('',(2.169987047315,0.388220743495));
#1982 = CARTESIAN_POINT('',(2.175155231145,0.388020910875));
#1983 = CARTESIAN_POINT('',(2.179144836037,0.387875763037));
#1984 = CARTESIAN_POINT('',(2.183149634147,0.387738170412));
#1985 = CARTESIAN_POINT('',(2.187166106521,0.387607503732));
#1986 = CARTESIAN_POINT('',(2.191191439479,0.387483256113));
#1987 = CARTESIAN_POINT('',(2.195223435605,0.38736501577));
#1988 = CARTESIAN_POINT('',(2.199260491249,0.387252462178));
#1989 = CARTESIAN_POINT('',(2.204579451707,0.387111528854));
#1990 = CARTESIAN_POINT('',(2.205857653788,0.387078219619));
#1991 = CARTESIAN_POINT('',(2.207136205546,0.387045452284));
#1992 = CARTESIAN_POINT('',(2.208415071299,0.387013221582));
#1993 = CARTESIAN_POINT('',(2.209694218919,0.386981523599));
#1994 = CARTESIAN_POINT('',(2.210973620035,0.386950355878));
#1995 = CARTESIAN_POINT('',(2.212253249852,0.386919717343));
#1996 = CARTESIAN_POINT('',(2.214049655229,0.386877455383));
#1997 = CARTESIAN_POINT('',(2.214602052418,0.386864546288));
#1998 = CARTESIAN_POINT('',(2.215151827909,0.386851808468));
#1999 = CARTESIAN_POINT('',(2.215675901446,0.386839767501));
#2000 = CARTESIAN_POINT('',(2.216166572483,0.386828574818));
#2001 = CARTESIAN_POINT('',(2.216631528611,0.386818031701));
#2002 = CARTESIAN_POINT('',(2.217093852681,0.386807609296));
#2003 = CARTESIAN_POINT('',(2.218285496644,0.386780951276));
#2004 = CARTESIAN_POINT('',(2.21897900831,0.386765592142));
#2005 = CARTESIAN_POINT('',(2.219672560145,0.386750387855));
#2006 = CARTESIAN_POINT('',(2.220366140377,0.386735333967));
#2007 = CARTESIAN_POINT('',(2.22105974414,0.386720429308));
#2008 = CARTESIAN_POINT('',(2.221753362013,0.386705669697));
#2009 = CARTESIAN_POINT('',(2.222446941915,0.386691026992));
#2010 = CARTESIAN_POINT('',(2.22314032434,0.386676413505));
#2011 = ( GEOMETRIC_REPRESENTATION_CONTEXT(2) 
PARAMETRIC_REPRESENTATION_CONTEXT() REPRESENTATION_CONTEXT('2D SPACE',''
  ) );
#2012 = ORIENTED_EDGE('',*,*,#2013,.T.);
#2013 = EDGE_CURVE('',#55,#2014,#2016,.T.);
#2014 = VERTEX_POINT('',#2015);
#2015 = CARTESIAN_POINT('',(2.0642041E+04,-1.8463479E+04,-197.243));
#2016 = SURFACE_CURVE('',#2017,(#2031),.PCURVE_S1.);
#2017 = B_SPLINE_CURVE_WITH_KNOTS('',3,(#2018,#2019,#2020,#2021,#2022,
    #2023,#2024,#2025,#2026,#2027,#2028,#2029,#2030),.UNSPECIFIED.,.F.,
  .F.,(4,1,1,1,1,1,1,1,1,1,4),(0.,0.1,0.2,0.3,0.4,0.5,0.6,0.7,0.8,0.9,1.
    ),.QUASI_UNIFORM_KNOTS.);
#2018 = CARTESIAN_POINT('',(1.2743744E+04,-375.046,-1.2423E+03));
#2019 = CARTESIAN_POINT('',(1.288395619626E+04,-780.7932818731,
    -1.223747945584E+03));
#2020 = CARTESIAN_POINT('',(1.318913284256E+04,-1.631951861571E+03,
    -1.183368759038E+03));
#2021 = CARTESIAN_POINT('',(1.372102899006E+04,-3.027480024404E+03,
    -1.112991362546E+03));
#2022 = CARTESIAN_POINT('',(1.432693080082E+04,-4.541596836114E+03,
    -1.032821956785E+03));
#2023 = CARTESIAN_POINT('',(1.50067128306E+04,-6.174100765554E+03,
    -942.877139823));
#2024 = CARTESIAN_POINT('',(1.576024970673E+04,-7.924790396597E+03,
    -843.1735002617));
#2025 = CARTESIAN_POINT('',(1.658741612584E+04,-9.793464424441E+03,
    -733.7276175303));
#2026 = CARTESIAN_POINT('',(1.748808685616E+04,-1.177992165928E+04,
    -614.5560615884));
#2027 = CARTESIAN_POINT('',(1.846213673612E+04,-1.388396102416E+04,
    -485.6753931003));
#2028 = CARTESIAN_POINT('',(1.950944067472E+04,-1.61053815554E+04,
    -347.1021634007));
#2029 = CARTESIAN_POINT('',(2.025639599302E+04,-1.766444878768E+04,
    -248.2693307322));
#2030 = CARTESIAN_POINT('',(2.0642041E+04,-1.8463479E+04,-197.243));
#2031 = PCURVE('',#573,#2032);
#2032 = DEFINITIONAL_REPRESENTATION('',(#2033),#2037);
#2033 = LINE('',#2034,#2035);
#2034 = CARTESIAN_POINT('',(0.,0.));
#2035 = VECTOR('',#2036,1.);
#2036 = DIRECTION('',(1.,0.));
#2037 = ( GEOMETRIC_REPRESENTATION_CONTEXT(2) 
PARAMETRIC_REPRESENTATION_CONTEXT() REPRESENTATION_CONTEXT('2D SPACE',''
  ) );
#2038 = ORIENTED_EDGE('',*,*,#2039,.T.);
#2039 = EDGE_CURVE('',#2014,#2040,#2042,.T.);
#2040 = VERTEX_POINT('',#2041);
#2041 = CARTESIAN_POINT('',(2.2136972E+04,-1.8463479E+04,-249.447));
#2042 = SURFACE_CURVE('',#2043,(#2074),.PCURVE_S1.);
#2043 = B_SPLINE_CURVE_WITH_KNOTS('',3,(#2044,#2045,#2046,#2047,#2048,
    #2049,#2050,#2051,#2052,#2053,#2054,#2055,#2056,#2057,#2058,#2059,
    #2060,#2061,#2062,#2063,#2064,#2065,#2066,#2067,#2068,#2069,#2070,
    #2071,#2072,#2073),.UNSPECIFIED.,.F.,.F.,(4,1,1,1,1,1,1,1,1,1,1,1,1,
    1,1,1,1,1,1,1,1,1,1,1,1,1,1,4),(0.,3.703703703704E-02,
    7.407407407407E-02,0.111111111111,0.148148148148,0.185185185185,
    0.222222222222,0.259259259259,0.296296296296,0.333333333333,
    0.37037037037,0.407407407407,0.444444444444,0.481481481481,
    0.518518518519,0.555555555556,0.592592592593,0.62962962963,
    0.666666666667,0.703703703704,0.740740740741,0.777777777778,
    0.814814814815,0.851851851852,0.888888888889,0.925925925926,
    0.962962962963,1.),.QUASI_UNIFORM_KNOTS.);
#2044 = CARTESIAN_POINT('',(2.0642041E+04,-1.8463479E+04,-197.243));
#2045 = CARTESIAN_POINT('',(2.064194051988E+04,-1.8463479E+04,
    -194.3420078316));
#2046 = CARTESIAN_POINT('',(2.064109249022E+04,-1.8463479E+04,
    -169.5805905883));
#2047 = CARTESIAN_POINT('',(2.066326273785E+04,-1.8463479E+04,
    -142.1161212857));
#2048 = CARTESIAN_POINT('',(2.070792889257E+04,-1.8463479E+04,
    -123.1835780621));
#2049 = CARTESIAN_POINT('',(2.07512763058E+04,-1.8463479E+04,
    -112.9388484952));
#2050 = CARTESIAN_POINT('',(2.080479873912E+04,-1.8463479E+04,
    -108.4858072587));
#2051 = CARTESIAN_POINT('',(2.085954086882E+04,-1.8463479E+04,
    -106.1981968675));
#2052 = CARTESIAN_POINT('',(2.091863765892E+04,-1.8463479E+04,
    -105.9665523473));
#2053 = CARTESIAN_POINT('',(2.09797072921E+04,-1.8463479E+04,
    -107.8046696936));
#2054 = CARTESIAN_POINT('',(2.104310916723E+04,-1.8463479E+04,
    -111.3508900601));
#2055 = CARTESIAN_POINT('',(2.110793389769E+04,-1.8463479E+04,
    -116.0018874791));
#2056 = CARTESIAN_POINT('',(2.117414154136E+04,-1.8463479E+04,
    -121.1730652326));
#2057 = CARTESIAN_POINT('',(2.124123173793E+04,-1.8463479E+04,
    -126.9386724116));
#2058 = CARTESIAN_POINT('',(2.130897270115E+04,-1.8463479E+04,
    -133.1998996982));
#2059 = CARTESIAN_POINT('',(2.137703670526E+04,-1.8463479E+04,
    -139.7803046558));
#2060 = CARTESIAN_POINT('',(2.144515809105E+04,-1.8463479E+04,
    -146.6277182811));
#2061 = CARTESIAN_POINT('',(2.15130317607E+04,-1.8463479E+04,
    -153.7493415455));
#2062 = CARTESIAN_POINT('',(2.158037501731E+04,-1.8463479E+04,
    -161.1252676419));
#2063 = CARTESIAN_POINT('',(2.164686246325E+04,-1.8463479E+04,
    -168.7455488184));
#2064 = CARTESIAN_POINT('',(2.171219718225E+04,-1.8463479E+04,
    -176.7799361086));
#2065 = CARTESIAN_POINT('',(2.177595811223E+04,-1.8463479E+04,
    -185.3012707037));
#2066 = CARTESIAN_POINT('',(2.183775491058E+04,-1.8463479E+04,
    -194.2931761771));
#2067 = CARTESIAN_POINT('',(2.189707461004E+04,-1.8463479E+04,
    -203.673651635));
#2068 = CARTESIAN_POINT('',(2.195401237099E+04,-1.8463479E+04,
    -213.3999247626));
#2069 = CARTESIAN_POINT('',(2.200573000151E+04,-1.8463479E+04,
    -222.9063060946));
#2070 = CARTESIAN_POINT('',(2.205433832621E+04,-1.8463479E+04,
    -232.4158234465));
#2071 = CARTESIAN_POINT('',(2.210156287049E+04,-1.8463479E+04,
    -242.0136178468));
#2072 = CARTESIAN_POINT('',(2.2126732819E+04,-1.8463479E+04,
    -247.2818228167));
#2073 = CARTESIAN_POINT('',(2.2136972E+04,-1.8463479E+04,-249.447));
#2074 = PCURVE('',#573,#2075);
#2075 = DEFINITIONAL_REPRESENTATION('',(#2076),#2080);
#2076 = LINE('',#2077,#2078);
#2077 = CARTESIAN_POINT('',(1.,0.));
#2078 = VECTOR('',#2079,1.);
#2079 = DIRECTION('',(0.,1.));
#2080 = ( GEOMETRIC_REPRESENTATION_CONTEXT(2) 
PARAMETRIC_REPRESENTATION_CONTEXT() REPRESENTATION_CONTEXT('2D SPACE',''
  ) );
#2081 = ORIENTED_EDGE('',*,*,#2082,.F.);
#2082 = EDGE_CURVE('',#53,#2040,#2083,.T.);
#2083 = SURFACE_CURVE('',#2084,(#2098),.PCURVE_S1.);
#2084 = B_SPLINE_CURVE_WITH_KNOTS('',3,(#2085,#2086,#2087,#2088,#2089,
    #2090,#2091,#2092,#2093,#2094,#2095,#2096,#2097),.UNSPECIFIED.,.F.,
  .F.,(4,1,1,1,1,1,1,1,1,1,4),(0.,0.1,0.2,0.3,0.4,0.5,0.6,0.7,0.8,0.9,1.
    ),.QUASI_UNIFORM_KNOTS.);
#2085 = CARTESIAN_POINT('',(1.8815763E+04,-375.046,-1.45434E+03));
#2086 = CARTESIAN_POINT('',(1.874266123458E+04,-781.6996673954,
    -1.428244266095E+03));
#2087 = CARTESIAN_POINT('',(1.863301228146E+04,-1.634046123622E+03,
    -1.373255079392E+03));
#2088 = CARTESIAN_POINT('',(1.857838882583E+04,-3.029880677254E+03,
    -1.2823639798E+03));
#2089 = CARTESIAN_POINT('',(1.863380168714E+04,-4.543227713132E+03,
    -1.183051390067E+03));
#2090 = CARTESIAN_POINT('',(1.879943731347E+04,-6.174284955889E+03,
    -1.075303131582E+03));
#2091 = CARTESIAN_POINT('',(1.907548225956E+04,-7.92325024317E+03,
    -959.1050176313));
#2092 = CARTESIAN_POINT('',(1.946212318345E+04,-9.790321522235E+03,
    -834.4428536388));
#2093 = CARTESIAN_POINT('',(1.995954684986E+04,-1.177569685345E+04,
    -701.302436919));
#2094 = CARTESIAN_POINT('',(2.056794012822E+04,-1.387957440822E+04,
    -559.6695568226));
#2095 = CARTESIAN_POINT('',(2.128748999308E+04,-1.610215246942E+04,
    -409.5299947079));
#2096 = CARTESIAN_POINT('',(2.184141901444E+04,-1.766313711149E+04,
    -303.7563474754));
#2097 = CARTESIAN_POINT('',(2.2136972E+04,-1.8463479E+04,-249.447));
#2098 = PCURVE('',#573,#2099);
#2099 = DEFINITIONAL_REPRESENTATION('',(#2100),#2104);
#2100 = LINE('',#2101,#2102);
#2101 = CARTESIAN_POINT('',(0.,1.));
#2102 = VECTOR('',#2103,1.);
#2103 = DIRECTION('',(1.,0.));
#2104 = ( GEOMETRIC_REPRESENTATION_CONTEXT(2) 
PARAMETRIC_REPRESENTATION_CONTEXT() REPRESENTATION_CONTEXT('2D SPACE',''
  ) );
#2105 = ADVANCED_FACE('',(#2106,#2169),#1481,.T.);
#2106 = FACE_BOUND('',#2107,.T.);
#2107 = EDGE_LOOP('',(#2108,#2128,#2150,#2168));
#2108 = ORIENTED_EDGE('',*,*,#2109,.T.);
#2109 = EDGE_CURVE('',#2110,#2110,#2112,.T.);
#2110 = VERTEX_POINT('',#2111);
#2111 = CARTESIAN_POINT('',(7.E+03,0.,2.E+03));
#2112 = SURFACE_CURVE('',#2113,(#2121),.PCURVE_S1.);
#2113 = ( BOUNDED_CURVE() B_SPLINE_CURVE(2,(#2114,#2115,#2116,#2117,
#2118,#2119,#2120),.UNSPECIFIED.,.T.,.F.) B_SPLINE_CURVE_WITH_KNOTS((1,2
    ,2,2,2,1),(-2.094395102393,0.,2.094395102393,4.188790204786,
6.28318530718,8.377580409573),.UNSPECIFIED.) CURVE() 
GEOMETRIC_REPRESENTATION_ITEM() RATIONAL_B_SPLINE_CURVE((1.,0.5,1.,0.5,
1.,0.5,1.)) REPRESENTATION_ITEM('') );
#2114 = CARTESIAN_POINT('',(7.E+03,0.,2.E+03));
#2115 = CARTESIAN_POINT('',(7.E+03,-3.464101615138E+03,2.E+03));
#2116 = CARTESIAN_POINT('',(7.E+03,-1.732050807569E+03,-1000.));
#2117 = CARTESIAN_POINT('',(7.E+03,-4.898587196589E-13,-4.E+03));
#2118 = CARTESIAN_POINT('',(7.E+03,1.732050807569E+03,-1.E+03));
#2119 = CARTESIAN_POINT('',(7.E+03,3.464101615138E+03,2.E+03));
#2120 = CARTESIAN_POINT('',(7.E+03,0.,2.E+03));
#2121 = PCURVE('',#1481,#2122);
#2122 = DEFINITIONAL_REPRESENTATION('',(#2123),#2127);
#2123 = LINE('',#2124,#2125);
#2124 = CARTESIAN_POINT('',(0.,0.));
#2125 = VECTOR('',#2126,1.);
#2126 = DIRECTION('',(1.,0.));
#2127 = ( GEOMETRIC_REPRESENTATION_CONTEXT(2) 
PARAMETRIC_REPRESENTATION_CONTEXT() REPRESENTATION_CONTEXT('2D SPACE',''
  ) );
#2128 = ORIENTED_EDGE('',*,*,#2129,.T.);
#2129 = EDGE_CURVE('',#2110,#2130,#2132,.T.);
#2130 = VERTEX_POINT('',#2131);
#2131 = CARTESIAN_POINT('',(2.3E+04,0.,2.E+03));
#2132 = SEAM_CURVE('',#2133,(#2136,#2143),.PCURVE_S1.);
#2133 = B_SPLINE_CURVE_WITH_KNOTS('',1,(#2134,#2135),.UNSPECIFIED.,.F.,
  .F.,(2,2),(0.,1.),.PIECEWISE_BEZIER_KNOTS.);
#2134 = CARTESIAN_POINT('',(7.E+03,0.,2.E+03));
#2135 = CARTESIAN_POINT('',(2.3E+04,0.,2.E+03));
#2136 = PCURVE('',#1481,#2137);
#2137 = DEFINITIONAL_REPRESENTATION('',(#2138),#2142);
#2138 = LINE('',#2139,#2140);
#2139 = CARTESIAN_POINT('',(0.,0.));
#2140 = VECTOR('',#2141,1.);
#2141 = DIRECTION('',(0.,1.));
#2142 = ( GEOMETRIC_REPRESENTATION_CONTEXT(2) 
PARAMETRIC_REPRESENTATION_CONTEXT() REPRESENTATION_CONTEXT('2D SPACE',''
  ) );
#2143 = PCURVE('',#1481,#2144);
#2144 = DEFINITIONAL_REPRESENTATION('',(#2145),#2149);
#2145 = LINE('',#2146,#2147);
#2146 = CARTESIAN_POINT('',(6.28318530718,0.));
#2147 = VECTOR('',#2148,1.);
#2148 = DIRECTION('',(0.,1.));
#2149 = ( GEOMETRIC_REPRESENTATION_CONTEXT(2) 
PARAMETRIC_REPRESENTATION_CONTEXT() REPRESENTATION_CONTEXT('2D SPACE',''
  ) );
#2150 = ORIENTED_EDGE('',*,*,#2151,.F.);
#2151 = EDGE_CURVE('',#2130,#2130,#2152,.T.);
#2152 = SURFACE_CURVE('',#2153,(#2161),.PCURVE_S1.);
#2153 = ( BOUNDED_CURVE() B_SPLINE_CURVE(2,(#2154,#2155,#2156,#2157,
#2158,#2159,#2160),.UNSPECIFIED.,.T.,.F.) B_SPLINE_CURVE_WITH_KNOTS((1,2
    ,2,2,2,1),(-2.094395102393,0.,2.094395102393,4.188790204786,
6.28318530718,8.377580409573),.UNSPECIFIED.) CURVE() 
GEOMETRIC_REPRESENTATION_ITEM() RATIONAL_B_SPLINE_CURVE((1.,0.5,1.,0.5,
1.,0.5,1.)) REPRESENTATION_ITEM('') );
#2154 = CARTESIAN_POINT('',(2.3E+04,0.,2.E+03));
#2155 = CARTESIAN_POINT('',(2.3E+04,-3.464101615138E+03,2.E+03));
#2156 = CARTESIAN_POINT('',(2.3E+04,-1.732050807569E+03,-1000.));
#2157 = CARTESIAN_POINT('',(2.3E+04,-4.898587196589E-13,-4.E+03));
#2158 = CARTESIAN_POINT('',(2.3E+04,1.732050807569E+03,-1.E+03));
#2159 = CARTESIAN_POINT('',(2.3E+04,3.464101615138E+03,2.E+03));
#2160 = CARTESIAN_POINT('',(2.3E+04,0.,2.E+03));
#2161 = PCURVE('',#1481,#2162);
#2162 = DEFINITIONAL_REPRESENTATION('',(#2163),#2167);
#2163 = LINE('',#2164,#2165);
#2164 = CARTESIAN_POINT('',(0.,1.));
#2165 = VECTOR('',#2166,1.);
#2166 = DIRECTION('',(1.,0.));
#2167 = ( GEOMETRIC_REPRESENTATION_CONTEXT(2) 
PARAMETRIC_REPRESENTATION_CONTEXT() REPRESENTATION_CONTEXT('2D SPACE',''
  ) );
#2168 = ORIENTED_EDGE('',*,*,#2129,.F.);
#2169 = FACE_BOUND('',#2170,.T.);
#2170 = EDGE_LOOP('',(#2171,#2172));
#2171 = ORIENTED_EDGE('',*,*,#52,.F.);
#2172 = ORIENTED_EDGE('',*,*,#2173,.F.);
#2173 = EDGE_CURVE('',#55,#53,#2174,.T.);
#2174 = SURFACE_CURVE('',#2175,(#2732,#3292),.PCURVE_S1.);
#2175 = B_SPLINE_CURVE_WITH_KNOTS('',8,(#2176,#2177,#2178,#2179,#2180,
    #2181,#2182,#2183,#2184,#2185,#2186,#2187,#2188,#2189,#2190,#2191,
    #2192,#2193,#2194,#2195,#2196,#2197,#2198,#2199,#2200,#2201,#2202,
    #2203,#2204,#2205,#2206,#2207,#2208,#2209,#2210,#2211,#2212,#2213,
    #2214,#2215,#2216,#2217,#2218,#2219,#2220,#2221,#2222,#2223,#2224,
    #2225,#2226,#2227,#2228,#2229,#2230,#2231,#2232,#2233,#2234,#2235,
    #2236,#2237,#2238,#2239,#2240,#2241,#2242,#2243,#2244,#2245,#2246,
    #2247,#2248,#2249,#2250,#2251,#2252,#2253,#2254,#2255,#2256,#2257,
    #2258,#2259,#2260,#2261,#2262,#2263,#2264,#2265,#2266,#2267,#2268,
    #2269,#2270,#2271,#2272,#2273,#2274,#2275,#2276,#2277,#2278,#2279,
    #2280,#2281,#2282,#2283,#2284,#2285,#2286,#2287,#2288,#2289,#2290,
    #2291,#2292,#2293,#2294,#2295,#2296,#2297,#2298,#2299,#2300,#2301,
    #2302,#2303,#2304,#2305,#2306,#2307,#2308,#2309,#2310,#2311,#2312,
    #2313,#2314,#2315,#2316,#2317,#2318,#2319,#2320,#2321,#2322,#2323,
    #2324,#2325,#2326,#2327,#2328,#2329,#2330,#2331,#2332,#2333,#2334,
    #2335,#2336,#2337,#2338,#2339,#2340,#2341,#2342,#2343,#2344,#2345,
    #2346,#2347,#2348,#2349,#2350,#2351,#2352,#2353,#2354,#2355,#2356,
    #2357,#2358,#2359,#2360,#2361,#2362,#2363,#2364,#2365,#2366,#2367,
    #2368,#2369,#2370,#2371,#2372,#2373,#2374,#2375,#2376,#2377,#2378,
    #2379,#2380,#2381,#2382,#2383,#2384,#2385,#2386,#2387,#2388,#2389,
    #2390,#2391,#2392,#2393,#2394,#2395,#2396,#2397,#2398,#2399,#2400,
    #2401,#2402,#2403,#2404,#2405,#2406,#2407,#2408,#2409,#2410,#2411,
    #2412,#2413,#2414,#2415,#2416,#2417,#2418,#2419,#2420,#2421,#2422,
    #2423,#2424,#2425,#2426,#2427,#2428,#2429,#2430,#2431,#2432,#2433,
    #2434,#2435,#2436,#2437,#2438,#2439,#2440,#2441,#2442,#2443,#2444,
    #2445,#2446,#2447,#2448,#2449,#2450,#2451,#2452,#2453,#2454,#2455,
    #2456,#2457,#2458,#2459,#2460,#2461,#2462,#2463,#2464,#2465,#2466,
    #2467,#2468,#2469,#2470,#2471,#2472,#2473,#2474,#2475,#2476,#2477,
    #2478,#2479,#2480,#2481,#2482,#2483,#2484,#2485,#2486,#2487,#2488,
    #2489,#2490,#2491,#2492,#2493,#2494,#2495,#2496,#2497,#2498,#2499,
    #2500,#2501,#2502,#2503,#2504,#2505,#2506,#2507,#2508,#2509,#2510,
    #2511,#2512,#2513,#2514,#2515,#2516,#2517,#2518,#2519,#2520,#2521,
    #2522,#2523,#2524,#2525,#2526,#2527,#2528,#2529,#2530,#2531,#2532,
    #2533,#2534,#2535,#2536,#2537,#2538,#2539,#2540,#2541,#2542,#2543,
    #2544,#2545,#2546,#2547,#2548,#2549,#2550,#2551,#2552,#2553,#2554,
    #2555,#2556,#2557,#2558,#2559,#2560,#2561,#2562,#2563,#2564,#2565,
    #2566,#2567,#2568,#2569,#2570,#2571,#2572,#2573,#2574,#2575,#2576,
    #2577,#2578,#2579,#2580,#2581,#2582,#2583,#2584,#2585,#2586,#2587,
    #2588,#2589,#2590,#2591,#2592,#2593,#2594,#2595,#2596,#2597,#2598,
    #2599,#2600,#2601,#2602,#2603,#2604,#2605,#2606,#2607,#2608,#2609,
    #2610,#2611,#2612,#2613,#2614,#2615,#2616,#2617,#2618,#2619,#2620,
    #2621,#2622,#2623,#2624,#2625,#2626,#2627,#2628,#2629,#2630,#2631,
    #2632,#2633,#2634,#2635,#2636,#2637,#2638,#2639,#2640,#2641,#2642,
    #2643,#2644,#2645,#2646,#2647,#2648,#2649,#2650,#2651,#2652,#2653,
    #2654,#2655,#2656,#2657,#2658,#2659,#2660,#2661,#2662,#2663,#2664,
    #2665,#2666,#2667,#2668,#2669,#2670,#2671,#2672,#2673,#2674,#2675,
    #2676,#2677,#2678,#2679,#2680,#2681,#2682,#2683,#2684,#2685,#2686,
    #2687,#2688,#2689,#2690,#2691,#2692,#2693,#2694,#2695,#2696,#2697,
    #2698,#2699,#2700,#2701,#2702,#2703,#2704,#2705,#2706,#2707,#2708,
    #2709,#2710,#2711,#2712,#2713,#2714,#2715,#2716,#2717,#2718,#2719,
    #2720,#2721,#2722,#2723,#2724,#2725,#2726,#2727,#2728,#2729,#2730,
    #2731),.UNSPECIFIED.,.F.,.F.,(9,7,7,7,7,7,7,7,7,7,7,7,7,7,7,7,7,7,7,
    7,7,7,7,7,7,7,7,7,7,7,7,7,7,7,7,7,7,7,7,7,7,7,7,7,7,7,7,7,7,7,7,7,7,
    7,7,7,7,7,7,7,7,7,7,7,7,7,7,7,7,7,7,7,7,7,7,7,7,7,8,9),(0.,
    1.498673401419E-03,4.951741848419E-03,1.267673565412E-02,
    1.771320265664E-02,2.035315719796E-02,2.287176517077E-02,
    3.32438819081E-02,4.404533328528E-02,5.044429096196E-02,
    5.752896088981E-02,6.858634492422E-02,7.19610629972E-02,
    7.53213922036E-02,8.394488771136E-02,9.315144509203E-02,
    9.777849791593E-02,0.102802490326,0.121458019126,0.12952475,
    0.132107075753,0.135059673692,0.163060029632,0.166493792875,
    0.169557972629,0.192806347937,0.203733986363,0.231405532671,
    0.236441027398,0.24107070769,0.259855336848,0.274185894381,
    0.279429459646,0.318907930742,0.359617648246,0.401368185001,
    0.430621647425,0.441227743214,0.445576160707,0.482055659823,
    0.490876160169,0.518939593666,0.526351396295,0.529812297735,
    0.532779380645,0.559024623753,0.568935272651,0.577357343166,
    0.607518792342,0.614911006358,0.620327218938,0.638004952714,
    0.663813151311,0.689286601442,0.70494098506,0.708239001241,
    0.734779517789,0.744410088131,0.752598660793,0.782070179522,
    0.785587375517,0.788664922092,0.811218330964,0.824360653113,
    0.828968163659,0.862314295544,0.896116353186,0.920621147835,
    0.926728632486,0.932794834114,0.956518670435,0.964140571479,
    0.971457393021,0.983040433693,0.990113872521,0.993864136142,
    0.99556443931,0.997264742477,0.998501326599,1.),.UNSPECIFIED.);
#2176 = CARTESIAN_POINT('',(1.318682261608E+04,-1.612115019937E+03,
    -1.183674432643E+03));
#2177 = CARTESIAN_POINT('',(1.318650637734E+04,-1.611482013668E+03,
    -1.184536561345E+03));
#2178 = CARTESIAN_POINT('',(1.318619713535E+04,-1.610847297061E+03,
    -1.185399913622E+03));
#2179 = CARTESIAN_POINT('',(1.318589300589E+04,-1.610211189368E+03,
    -1.186264049244E+03));
#2180 = CARTESIAN_POINT('',(1.318559286693E+04,-1.609573884544E+03,
    -1.187128699815E+03));
#2181 = CARTESIAN_POINT('',(1.31852961436E+04,-1.608935485839E+03,
    -1.187993721371E+03));
#2182 = CARTESIAN_POINT('',(1.318500259305E+04,-1.608296040371E+03,
    -1.188859046976E+03));
#2183 = CARTESIAN_POINT('',(1.318471208945E+04,-1.607655573717E+03,
    -1.189724639318E+03));
#2184 = CARTESIAN_POINT('',(1.318376157901E+04,-1.605536170395E+03,
    -1.192585330062E+03));
#2185 = CARTESIAN_POINT('',(1.31831138605E+04,-1.604052997313E+03,
    -1.194581344397E+03));
#2186 = CARTESIAN_POINT('',(1.318247943502E+04,-1.602564925556E+03,
    -1.196578020585E+03));
#2187 = CARTESIAN_POINT('',(1.318185784197E+04,-1.601072070593E+03,
    -1.198575176407E+03));
#2188 = CARTESIAN_POINT('',(1.318124856402E+04,-1.599574551433E+03,
    -1.200572626078E+03));
#2189 = CARTESIAN_POINT('',(1.318065148679E+04,-1.598072422259E+03,
    -1.20257027347E+03));
#2190 = CARTESIAN_POINT('',(1.318006648096E+04,-1.596565733944E+03,
    -1.204568027227E+03));
#2191 = CARTESIAN_POINT('',(1.317821187219E+04,-1.591673691363E+03,
    -1.211035204044E+03));
#2192 = CARTESIAN_POINT('',(1.317699072135E+04,-1.588270317877E+03,
    -1.215504644822E+03));
#2193 = CARTESIAN_POINT('',(1.317583012831E+04,-1.584844622851E+03,
    -1.219973593515E+03));
#2194 = CARTESIAN_POINT('',(1.317473235188E+04,-1.581396705249E+03,
    -1.224441680172E+03));
#2195 = CARTESIAN_POINT('',(1.31737005654E+04,-1.577926680441E+03,
    -1.228908519097E+03));
#2196 = CARTESIAN_POINT('',(1.317273927319E+04,-1.574434633857E+03,
    -1.233373772997E+03));
#2197 = CARTESIAN_POINT('',(1.317185420123E+04,-1.570920633795E+03,
    -1.237837133299E+03));
#2198 = CARTESIAN_POINT('',(1.317053063686E+04,-1.565079290967E+03,
    -1.245207046144E+03));
#2199 = CARTESIAN_POINT('',(1.317004394885E+04,-1.562764696728E+03,
    -1.248114654184E+03));
#2200 = CARTESIAN_POINT('',(1.316959504399E+04,-1.560440849582E+03,
    -1.251021205248E+03));
#2201 = CARTESIAN_POINT('',(1.316918639043E+04,-1.558107809916E+03,
    -1.253926564143E+03));
#2202 = CARTESIAN_POINT('',(1.316882088069E+04,-1.555765712448E+03,
    -1.256830505504E+03));
#2203 = CARTESIAN_POINT('',(1.316850190817E+04,-1.553414763272E+03,
    -1.259732721075E+03));
#2204 = CARTESIAN_POINT('',(1.31682335102E+04,-1.551055232504E+03,
    -1.262632831872E+03));
#2205 = CARTESIAN_POINT('',(1.316790905183E+04,-1.547446317199E+03,
    -1.267049226579E+03));
#2206 = CARTESIAN_POINT('',(1.316781272491E+04,-1.546202950841E+03,
    -1.268567316593E+03));
#2207 = CARTESIAN_POINT('',(1.31677323693E+04,-1.544957391276E+03,
    -1.270084610951E+03));
#2208 = CARTESIAN_POINT('',(1.316766876545E+04,-1.543709711173E+03,
    -1.27160101624E+03));
#2209 = CARTESIAN_POINT('',(1.316762277333E+04,-1.542460004292E+03,
    -1.273116414566E+03));
#2210 = CARTESIAN_POINT('',(1.316759534738E+04,-1.541208385481E+03,
    -1.274630664057E+03));
#2211 = CARTESIAN_POINT('',(1.316758755155E+04,-1.53995499067E+03,
    -1.276143599364E+03));
#2212 = CARTESIAN_POINT('',(1.316761299781E+04,-1.537502650259E+03,
    -1.279096991351E+03));
#2213 = CARTESIAN_POINT('',(1.316764433437E+04,-1.536303858235E+03,
    -1.280537573154E+03));
#2214 = CARTESIAN_POINT('',(1.316769488529E+04,-1.535103747551E+03,
    -1.281976601544E+03));
#2215 = CARTESIAN_POINT('',(1.316776493783E+04,-1.533902473198E+03,
    -1.283413892724E+03));
#2216 = CARTESIAN_POINT('',(1.316785476189E+04,-1.532700198385E+03,
    -1.284849255299E+03));
#2217 = CARTESIAN_POINT('',(1.316796460686E+04,-1.531497094525E+03,
    -1.286282490444E+03));
#2218 = CARTESIAN_POINT('',(1.31680946984E+04,-1.530293341222E+03,
    -1.28771339208E+03));
#2219 = CARTESIAN_POINT('',(1.316886517525E+04,-1.524129935185E+03,
    -1.295023990148E+03));
#2220 = CARTESIAN_POINT('',(1.316983224015E+04,-1.519159839165E+03,
    -1.300866690542E+03));
#2221 = CARTESIAN_POINT('',(1.317116053403E+04,-1.514196141605E+03,
    -1.306649878467E+03));
#2222 = CARTESIAN_POINT('',(1.317285529277E+04,-1.509254358799E+03,
    -1.312356704115E+03));
#2223 = CARTESIAN_POINT('',(1.317491122737E+04,-1.504347853026E+03,
    -1.317973654692E+03));
#2224 = CARTESIAN_POINT('',(1.317731128613E+04,-1.499487497409E+03,
    -1.323490650153E+03));
#2225 = CARTESIAN_POINT('',(1.318002852676E+04,-1.494681866259E+03,
    -1.328900558633E+03));
#2226 = CARTESIAN_POINT('',(1.318615404255E+04,-1.484997087548E+03,
    -1.33971582796E+03));
#2227 = CARTESIAN_POINT('',(1.31895875885E+04,-1.480121037362E+03,
    -1.345114069145E+03));
#2228 = CARTESIAN_POINT('',(1.319329534571E+04,-1.475312115381E+03,
    -1.35039328726E+03));
#2229 = CARTESIAN_POINT('',(1.319723839845E+04,-1.470567993071E+03,
    -1.355558993327E+03));
#2230 = CARTESIAN_POINT('',(1.320137773634E+04,-1.465882829085E+03,
    -1.360620186447E+03));
#2231 = CARTESIAN_POINT('',(1.320567801477E+04,-1.461248601749E+03,
    -1.365587740217E+03));
#2232 = CARTESIAN_POINT('',(1.321010895997E+04,-1.456655608696E+03,
    -1.370473811979E+03));
#2233 = CARTESIAN_POINT('',(1.321733371534E+04,-1.449389470384E+03,
    -1.378145716651E+03));
#2234 = CARTESIAN_POINT('',(1.322005816487E+04,-1.446697171409E+03,
    -1.380975521464E+03));
#2235 = CARTESIAN_POINT('',(1.322281544595E+04,-1.444014434387E+03,
    -1.383782676233E+03));
#2236 = CARTESIAN_POINT('',(1.322560229399E+04,-1.441340128493E+03,
    -1.386568620857E+03));
#2237 = CARTESIAN_POINT('',(1.322841582055E+04,-1.438673213348E+03,
    -1.389334667126E+03));
#2238 = CARTESIAN_POINT('',(1.323125352376E+04,-1.436012745111E+03,
    -1.392081996722E+03));
#2239 = CARTESIAN_POINT('',(1.323411316959E+04,-1.433357820046E+03,
    -1.394811723785E+03));
#2240 = CARTESIAN_POINT('',(1.324018100075E+04,-1.427773332123E+03,
    -1.400528809179E+03));
#2241 = CARTESIAN_POINT('',(1.324339364848E+04,-1.42484486915E+03,
    -1.403512385287E+03));
#2242 = CARTESIAN_POINT('',(1.324662804346E+04,-1.42192103817E+03,
    -1.406477022717E+03));
#2243 = CARTESIAN_POINT('',(1.324988180407E+04,-1.419000803246E+03,
    -1.409423969138E+03));
#2244 = CARTESIAN_POINT('',(1.325315280196E+04,-1.416083211606E+03,
    -1.41235435663E+03));
#2245 = CARTESIAN_POINT('',(1.325643911499E+04,-1.413167369934E+03,
    -1.415269230047E+03));
#2246 = CARTESIAN_POINT('',(1.325973899321E+04,-1.410252426942E+03,
    -1.418169567418E+03));
#2247 = CARTESIAN_POINT('',(1.326821979176E+04,-1.402788192983E+03,
    -1.425561742421E+03));
#2248 = CARTESIAN_POINT('',(1.327341782352E+04,-1.39823907534E+03,
    -1.430033973268E+03));
#2249 = CARTESIAN_POINT('',(1.32786388432E+04,-1.393687092372E+03,
    -1.434476496064E+03));
#2250 = CARTESIAN_POINT('',(1.328387748866E+04,-1.389129432575E+03,
    -1.438892380528E+03));
#2251 = CARTESIAN_POINT('',(1.328912888857E+04,-1.384563463743E+03,
    -1.443284404682E+03));
#2252 = CARTESIAN_POINT('',(1.329438850853E+04,-1.379986648987E+03,
    -1.447655150155E+03));
#2253 = CARTESIAN_POINT('',(1.329965203412E+04,-1.375396479828E+03,
    -1.452007071522E+03));
#2254 = CARTESIAN_POINT('',(1.330652157881E+04,-1.369384624232E+03,
    -1.457665763453E+03));
#2255 = CARTESIAN_POINT('',(1.330812748828E+04,-1.367977711208E+03,
    -1.458987103255E+03));
#2256 = CARTESIAN_POINT('',(1.330973263972E+04,-1.366569777651E+03,
    -1.460306481198E+03));
#2257 = CARTESIAN_POINT('',(1.331133669987E+04,-1.365160940737E+03,
    -1.461623790658E+03));
#2258 = CARTESIAN_POINT('',(1.331293933557E+04,-1.363751319366E+03,
    -1.462938924736E+03));
#2259 = CARTESIAN_POINT('',(1.331454021385E+04,-1.362341034167E+03,
    -1.464251776254E+03));
#2260 = CARTESIAN_POINT('',(1.331613900189E+04,-1.36093020749E+03,
    -1.46556223776E+03));
#2261 = CARTESIAN_POINT('',(1.331932487518E+04,-1.358113705703E+03,
    -1.468172616982E+03));
#2262 = CARTESIAN_POINT('',(1.332091384247E+04,-1.356706692036E+03,
    -1.46947379993E+03));
#2263 = CARTESIAN_POINT('',(1.3322501719E+04,-1.355297590541E+03,
    -1.470774055215E+03));
#2264 = CARTESIAN_POINT('',(1.332408844861E+04,-1.353886366732E+03,
    -1.472073408796E+03));
#2265 = CARTESIAN_POINT('',(1.332567430498E+04,-1.352473186854E+03,
    -1.473371702247E+03));
#2266 = CARTESIAN_POINT('',(1.332725970679E+04,-1.351058306815E+03,
    -1.474668697712E+03));
#2267 = CARTESIAN_POINT('',(1.332884501172E+04,-1.349641946688E+03,
    -1.475964193334E+03));
#2268 = CARTESIAN_POINT('',(1.333449859598E+04,-1.344585749162E+03,
    -1.480578747487E+03));
#2269 = CARTESIAN_POINT('',(1.333856731447E+04,-1.340938315432E+03,
    -1.483888817247E+03));
#2270 = CARTESIAN_POINT('',(1.334264122116E+04,-1.337284709766E+03,
    -1.487185753882E+03));
#2271 = CARTESIAN_POINT('',(1.334672520267E+04,-1.333627982724E+03,
    -1.49046686065E+03));
#2272 = CARTESIAN_POINT('',(1.335082423754E+04,-1.329971367244E+03,
    -1.493729363138E+03));
#2273 = CARTESIAN_POINT('',(1.33549433714E+04,-1.326318265794E+03,
    -1.496970426114E+03));
#2274 = CARTESIAN_POINT('',(1.335908768608E+04,-1.322672232735E+03,
    -1.500187172696E+03));
#2275 = CARTESIAN_POINT('',(1.336771909551E+04,-1.315155878082E+03,
    -1.506781893448E+03));
#2276 = CARTESIAN_POINT('',(1.337221030986E+04,-1.311287156647E+03,
    -1.510155978E+03));
#2277 = CARTESIAN_POINT('',(1.337674209317E+04,-1.307435261731E+03,
    -1.513495443484E+03));
#2278 = CARTESIAN_POINT('',(1.338132046724E+04,-1.303604980305E+03,
    -1.516796619673E+03));
#2279 = CARTESIAN_POINT('',(1.33859512264E+04,-1.299801373874E+03,
    -1.520055725148E+03));
#2280 = CARTESIAN_POINT('',(1.339063986057E+04,-1.296029726653E+03,
    -1.523268915989E+03));
#2281 = CARTESIAN_POINT('',(1.339539146306E+04,-1.292295480164E+03,
    -1.526432340134E+03));
#2282 = CARTESIAN_POINT('',(1.34026326479E+04,-1.286748959182E+03,
    -1.531105156609E+03));
#2283 = CARTESIAN_POINT('',(1.340507172246E+04,-1.28490461661E+03,
    -1.532654575979E+03));
#2284 = CARTESIAN_POINT('',(1.34075284198E+04,-1.283071834162E+03,
    -1.534189967247E+03));
#2285 = CARTESIAN_POINT('',(1.341000327595E+04,-1.281251327997E+03,
    -1.535710842702E+03));
#2286 = CARTESIAN_POINT('',(1.341249678646E+04,-1.279443819706E+03,
    -1.53721671746E+03));
#2287 = CARTESIAN_POINT('',(1.341500940273E+04,-1.277650033201E+03,
    -1.538707111727E+03));
#2288 = CARTESIAN_POINT('',(1.341754152838E+04,-1.275870691602E+03,
    -1.540181553075E+03));
#2289 = CARTESIAN_POINT('',(1.342286442929E+04,-1.272190993599E+03,
    -1.543222683621E+03));
#2290 = CARTESIAN_POINT('',(1.342565876237E+04,-1.270293348656E+03,
    -1.544786437031E+03));
#2291 = CARTESIAN_POINT('',(1.342847695996E+04,-1.268414500663E+03,
    -1.546330245771E+03));
#2292 = CARTESIAN_POINT('',(1.343131940477E+04,-1.266555366976E+03,
    -1.547853528781E+03));
#2293 = CARTESIAN_POINT('',(1.343418640184E+04,-1.264716845975E+03,
    -1.549355728554E+03));
#2294 = CARTESIAN_POINT('',(1.343707818008E+04,-1.262899818395E+03,
    -1.550836309166E+03));
#2295 = CARTESIAN_POINT('',(1.343999489223E+04,-1.261105146868E+03,
    -1.552294755625E+03));
#2296 = CARTESIAN_POINT('',(1.345385995492E+04,-1.252755574049E+03,
    -1.559062272567E+03));
#2297 = CARTESIAN_POINT('',(1.346512245544E+04,-1.246497420629E+03,
    -1.564081908888E+03));
#2298 = CARTESIAN_POINT('',(1.347666086669E+04,-1.240525349097E+03,
    -1.568826632979E+03));
#2299 = CARTESIAN_POINT('',(1.348842041419E+04,-1.234804978356E+03,
    -1.573331558956E+03));
#2300 = CARTESIAN_POINT('',(1.350035505968E+04,-1.22930196095E+03,
    -1.577629775171E+03));
#2301 = CARTESIAN_POINT('',(1.35124274873E+04,-1.223982142656E+03,
    -1.58175258374E+03));
#2302 = CARTESIAN_POINT('',(1.352460877921E+04,-1.218811272768E+03,
    -1.585729978714E+03));
#2303 = CARTESIAN_POINT('',(1.354218292772E+04,-1.211567535271E+03,
    -1.591261033449E+03));
#2304 = CARTESIAN_POINT('',(1.354750383346E+04,-1.209402396582E+03,
    -1.592908812859E+03));
#2305 = CARTESIAN_POINT('',(1.355283843045E+04,-1.207256096467E+03,
    -1.594536975792E+03));
#2306 = CARTESIAN_POINT('',(1.355818476805E+04,-1.205125955282E+03,
    -1.596147736872E+03));
#2307 = CARTESIAN_POINT('',(1.356354098714E+04,-1.203009310685E+03,
    -1.597743257837E+03));
#2308 = CARTESIAN_POINT('',(1.356890531007E+04,-1.200903502423E+03,
    -1.599325660674E+03));
#2309 = CARTESIAN_POINT('',(1.357427603062E+04,-1.198805857116E+03,
    -1.600897040745E+03));
#2310 = CARTESIAN_POINT('',(1.358137230317E+04,-1.19604392205E+03,
    -1.60295964867E+03));
#2311 = CARTESIAN_POINT('',(1.35830942174E+04,-1.195374486244E+03,
    -1.603459083717E+03));
#2312 = CARTESIAN_POINT('',(1.358481714068E+04,-1.194705298214E+03,
    -1.603957836839E+03));
#2313 = CARTESIAN_POINT('',(1.358654096683E+04,-1.194036290072E+03,
    -1.604455959891E+03));
#2314 = CARTESIAN_POINT('',(1.358826558956E+04,-1.193367393444E+03,
    -1.604953504804E+03));
#2315 = CARTESIAN_POINT('',(1.358999090249E+04,-1.192698539472E+03,
    -1.605450523582E+03));
#2316 = CARTESIAN_POINT('',(1.359171679913E+04,-1.192029658812E+03,
    -1.605947068299E+03));
#2317 = CARTESIAN_POINT('',(1.359541708426E+04,-1.190595778259E+03,
    -1.607010454103E+03));
#2318 = CARTESIAN_POINT('',(1.359739120647E+04,-1.18983091753E+03,
    -1.607577040353E+03));
#2319 = CARTESIAN_POINT('',(1.359936545388E+04,-1.189065957421E+03,
    -1.608143056164E+03));
#2320 = CARTESIAN_POINT('',(1.360133974279E+04,-1.188300758883E+03,
    -1.608708605013E+03));
#2321 = CARTESIAN_POINT('',(1.360331399144E+04,-1.187535185845E+03,
    -1.609273787542E+03));
#2322 = CARTESIAN_POINT('',(1.360528811998E+04,-1.186769105217E+03,
    -1.609838701565E+03));
#2323 = CARTESIAN_POINT('',(1.360726205053E+04,-1.186002386887E+03,
    -1.61040344206E+03));
#2324 = CARTESIAN_POINT('',(1.36279526352E+04,-1.177956904299E+03,
    -1.616322731728E+03));
#2325 = CARTESIAN_POINT('',(1.364664986394E+04,-1.170619045681E+03,
    -1.621663483881E+03));
#2326 = CARTESIAN_POINT('',(1.366534011088E+04,-1.163241591235E+03,
    -1.626974553309E+03));
#2327 = CARTESIAN_POINT('',(1.36840363334E+04,-1.155846065168E+03,
    -1.632240113159E+03));
#2328 = CARTESIAN_POINT('',(1.370275134127E+04,-1.148454640754E+03,
    -1.637444849521E+03));
#2329 = CARTESIAN_POINT('',(1.372149737509E+04,-1.14108941707E+03,
    -1.642574461736E+03));
#2330 = CARTESIAN_POINT('',(1.3740285745E+04,-1.133771757209E+03,
    -1.647616031848E+03));
#2331 = CARTESIAN_POINT('',(1.376143713424E+04,-1.125632785563E+03,
    -1.653164235591E+03));
#2332 = CARTESIAN_POINT('',(1.376375097209E+04,-1.12474375276E+03,
    -1.653769474026E+03));
#2333 = CARTESIAN_POINT('',(1.376606820965E+04,-1.123854784247E+03,
    -1.654373869265E+03));
#2334 = CARTESIAN_POINT('',(1.376838891936E+04,-1.122965901919E+03,
    -1.654977407793E+03));
#2335 = CARTESIAN_POINT('',(1.377071317372E+04,-1.122077127871E+03,
    -1.655580076068E+03));
#2336 = CARTESIAN_POINT('',(1.377304104528E+04,-1.121188484393E+03,
    -1.656181860521E+03));
#2337 = CARTESIAN_POINT('',(1.377537260663E+04,-1.120299993974E+03,
    -1.65678274755E+03));
#2338 = CARTESIAN_POINT('',(1.377979190026E+04,-1.118618979593E+03,
    -1.657918120304E+03));
#2339 = CARTESIAN_POINT('',(1.378187658424E+04,-1.117827276357E+03,
    -1.658452213008E+03));
#2340 = CARTESIAN_POINT('',(1.378396200102E+04,-1.117036608418E+03,
    -1.658984979134E+03));
#2341 = CARTESIAN_POINT('',(1.378604816463E+04,-1.116247006454E+03,
    -1.659516401718E+03));
#2342 = CARTESIAN_POINT('',(1.378813508458E+04,-1.115458492995E+03,
    -1.660046469344E+03));
#2343 = CARTESIAN_POINT('',(1.379022276579E+04,-1.114671082419E+03,
    -1.660575176138E+03));
#2344 = CARTESIAN_POINT('',(1.379231120861E+04,-1.113884780958E+03,
    -1.661102521772E+03));
#2345 = CARTESIAN_POINT('',(1.381025148E+04,-1.107142216235E+03,
    -1.665619263031E+03));
#2346 = CARTESIAN_POINT('',(1.382614629676E+04,-1.101248934163E+03,
    -1.66953171895E+03));
#2347 = CARTESIAN_POINT('',(1.384208557533E+04,-1.095423332779E+03,
    -1.673365144007E+03));
#2348 = CARTESIAN_POINT('',(1.385807012371E+04,-1.089669478591E+03,
    -1.677118544682E+03));
#2349 = CARTESIAN_POINT('',(1.3874100838E+04,-1.083991913478E+03,
    -1.680790686457E+03));
#2350 = CARTESIAN_POINT('',(1.389017870286E+04,-1.078395662523E+03,
    -1.684380103939E+03));
#2351 = CARTESIAN_POINT('',(1.390630479591E+04,-1.072886248544E+03,
    -1.68788510384E+03));
#2352 = CARTESIAN_POINT('',(1.393008340899E+04,-1.06492373149E+03,
    -1.692910662221E+03));
#2353 = CARTESIAN_POINT('',(1.393769742521E+04,-1.062398274569E+03,
    -1.694498484476E+03));
#2354 = CARTESIAN_POINT('',(1.394532246127E+04,-1.059893970126E+03,
    -1.696067027496E+03));
#2355 = CARTESIAN_POINT('',(1.395295863455E+04,-1.057411476573E+03,
    -1.697616076536E+03));
#2356 = CARTESIAN_POINT('',(1.396060606012E+04,-1.054951475705E+03,
    -1.699145406958E+03));
#2357 = CARTESIAN_POINT('',(1.396826485297E+04,-1.052514677767E+03,
    -1.700654781315E+03));
#2358 = CARTESIAN_POINT('',(1.397593512959E+04,-1.050101825252E+03,
    -1.702143947174E+03));
#2359 = CARTESIAN_POINT('',(1.400306944669E+04,-1.041666287343E+03,
    -1.70733176296E+03));
#2360 = CARTESIAN_POINT('',(1.4022595967E+04,-1.035776738169E+03,
    -1.710919995111E+03));
#2361 = CARTESIAN_POINT('',(1.404219060897E+04,-1.030039253749E+03,
    -1.714384280499E+03));
#2362 = CARTESIAN_POINT('',(1.406184760526E+04,-1.024447199628E+03,
    -1.71773171589E+03));
#2363 = CARTESIAN_POINT('',(1.408156141941E+04,-1.01899319891E+03,
    -1.720969485994E+03));
#2364 = CARTESIAN_POINT('',(1.410132678561E+04,-1.013669238466E+03,
    -1.724104804959E+03));
#2365 = CARTESIAN_POINT('',(1.412113874534E+04,-1.008466769738E+03,
    -1.727144868245E+03));
#2366 = CARTESIAN_POINT('',(1.414460557549E+04,-1.002450564064E+03,
    -1.73063399166E+03));
#2367 = CARTESIAN_POINT('',(1.414822306504E+04,-1.001527227849E+03,
    -1.731168726982E+03));
#2368 = CARTESIAN_POINT('',(1.415184514983E+04,-1.000606746728E+03,
    -1.731701058397E+03));
#2369 = CARTESIAN_POINT('',(1.415547183034E+04,-999.6890712684,
    -1.732231023535E+03));
#2370 = CARTESIAN_POINT('',(1.415910310699E+04,-998.7741513704,
    -1.732758660127E+03));
#2371 = CARTESIAN_POINT('',(1.416273898013E+04,-997.8619362735,
    -1.733284005996E+03));
#2372 = CARTESIAN_POINT('',(1.416637945005E+04,-996.9523745539,
    -1.733807099063E+03));
#2373 = CARTESIAN_POINT('',(1.417337582537E+04,-995.2115469117,
    -1.734806877316E+03));
#2374 = CARTESIAN_POINT('',(1.417672818097E+04,-994.3805814885,
    -1.735283501408E+03));
#2375 = CARTESIAN_POINT('',(1.418008156636E+04,-993.5524842248,
    -1.735757877094E+03));
#2376 = CARTESIAN_POINT('',(1.418343595502E+04,-992.7271926848,
    -1.736230048004E+03));
#2377 = CARTESIAN_POINT('',(1.418679133067E+04,-991.9046750359,
    -1.73670004011E+03));
#2378 = CARTESIAN_POINT('',(1.419014767479E+04,-991.0848914936,
    -1.737167883676E+03));
#2379 = CARTESIAN_POINT('',(1.419350495819E+04,-990.2677686304,
    -1.737633627886E+03));
#2380 = CARTESIAN_POINT('',(1.421048891569E+04,-986.1486427292,
    -1.739978538439E+03));
#2381 = CARTESIAN_POINT('',(1.422413004463E+04,-982.8878202372,
    -1.741825331562E+03));
#2382 = CARTESIAN_POINT('',(1.423778626808E+04,-979.6710107742,
    -1.743638043836E+03));
#2383 = CARTESIAN_POINT('',(1.425145730799E+04,-976.4984337153,
    -1.745417022575E+03));
#2384 = CARTESIAN_POINT('',(1.42651428992E+04,-973.3703450369,
    -1.747162584944E+03));
#2385 = CARTESIAN_POINT('',(1.427884278875E+04,-970.287035419,
    -1.748875019894E+03));
#2386 = CARTESIAN_POINT('',(1.429255673522E+04,-967.2488283482,
    -1.750554590113E+03));
#2387 = CARTESIAN_POINT('',(1.431675725341E+04,-961.9729467767,
    -1.753457966696E+03));
#2388 = CARTESIAN_POINT('',(1.432723804406E+04,-959.7162715479,
    -1.754695410723E+03));
#2389 = CARTESIAN_POINT('',(1.433772677701E+04,-957.4862101124,
    -1.755913971652E+03));
#2390 = CARTESIAN_POINT('',(1.434822335148E+04,-955.2829309008,
    -1.757113746603E+03));
#2391 = CARTESIAN_POINT('',(1.435872766878E+04,-953.1066127872,
    -1.758294824553E+03));
#2392 = CARTESIAN_POINT('',(1.436923963211E+04,-950.9574446801,
    -1.75945728668E+03));
#2393 = CARTESIAN_POINT('',(1.437975914654E+04,-948.8356251138,
    -1.76060120671E+03));
#2394 = CARTESIAN_POINT('',(1.439413794839E+04,-945.9750687749,
    -1.762138452575E+03));
#2395 = CARTESIAN_POINT('',(1.439799308009E+04,-945.2120068636,
    -1.762548026542E+03));
#2396 = CARTESIAN_POINT('',(1.440185147932E+04,-944.4522002826,
    -1.762955367882E+03));
#2397 = CARTESIAN_POINT('',(1.440571311167E+04,-943.6956732758,
    -1.763360471297E+03));
#2398 = CARTESIAN_POINT('',(1.440957794285E+04,-942.9424501543,
    -1.763763331477E+03));
#2399 = CARTESIAN_POINT('',(1.441344593871E+04,-942.1925552958,
    -1.7641639431E+03));
#2400 = CARTESIAN_POINT('',(1.441731706522E+04,-941.4460131452,
    -1.764562300832E+03));
#2401 = CARTESIAN_POINT('',(1.445036007192E+04,-935.107612192,
    -1.767940596751E+03));
#2402 = CARTESIAN_POINT('',(1.447958442234E+04,-929.7270687322,
    -1.770782335007E+03));
#2403 = CARTESIAN_POINT('',(1.450886346206E+04,-924.5704847412,
    -1.773482346083E+03));
#2404 = CARTESIAN_POINT('',(1.453819597393E+04,-919.6469136265,
    -1.776039470075E+03));
#2405 = CARTESIAN_POINT('',(1.456758038173E+04,-914.9650822441,
    -1.778452669904E+03));
#2406 = CARTESIAN_POINT('',(1.45970147293E+04,-910.5332706468,
    -1.780721046882E+03));
#2407 = CARTESIAN_POINT('',(1.462649665844E+04,-906.3591846336,
    -1.78284385714E+03));
#2408 = CARTESIAN_POINT('',(1.468647098537E+04,-898.4185281147,
    -1.786858851264E+03));
#2409 = CARTESIAN_POINT('',(1.471696623479E+04,-894.668457633,
    -1.78874191419E+03));
#2410 = CARTESIAN_POINT('',(1.47475048686E+04,-891.1997452978,
    -1.790472898715E+03));
#2411 = CARTESIAN_POINT('',(1.477808270511E+04,-888.0122040299,
    -1.792054804854E+03));
#2412 = CARTESIAN_POINT('',(1.480869563967E+04,-885.1052717804,
    -1.793490478282E+03));
#2413 = CARTESIAN_POINT('',(1.483933963968E+04,-882.4779738282,
    -1.794782632069E+03));
#2414 = CARTESIAN_POINT('',(1.487001074147E+04,-880.1288996219,
    -1.795933863482E+03));
#2415 = CARTESIAN_POINT('',(1.493218411278E+04,-875.9304963359,
    -1.797985362324E+03));
#2416 = CARTESIAN_POINT('',(1.496368767172E+04,-874.0954861109,
    -1.798878457753E+03));
#2417 = CARTESIAN_POINT('',(1.499521153706E+04,-872.5499435033,
    -1.799628260634E+03));
#2418 = CARTESIAN_POINT('',(1.502675165876E+04,-871.2918702341,
    -1.80023711206E+03));
#2419 = CARTESIAN_POINT('',(1.505830412575E+04,-870.3185046961,
    -1.800707380665E+03));
#2420 = CARTESIAN_POINT('',(1.508986516723E+04,-869.6263555631,
    -1.801041456546E+03));
#2421 = CARTESIAN_POINT('',(1.512143115453E+04,-869.2112540436,
    -1.801241744165E+03));
#2422 = CARTESIAN_POINT('',(1.51751170546E+04,-868.9683484822,
    -1.801358937601E+03));
#2423 = CARTESIAN_POINT('',(1.519723626197E+04,-869.0019305392,
    -1.801342727332E+03));
#2424 = CARTESIAN_POINT('',(1.52193550517E+04,-869.1698450605,
    -1.801261735662E+03));
#2425 = CARTESIAN_POINT('',(1.524147224321E+04,-869.472587246,
    -1.80111569165E+03));
#2426 = CARTESIAN_POINT('',(1.526358664953E+04,-869.9104732966,
    -1.800904340877E+03));
#2427 = CARTESIAN_POINT('',(1.528569707733E+04,-870.4836403221,
    -1.800627445162E+03));
#2428 = CARTESIAN_POINT('',(1.530780232693E+04,-871.1920462504,
    -1.800284782268E+03));
#2429 = CARTESIAN_POINT('',(1.533791332694E+04,-872.3412602864,
    -1.799727990847E+03));
#2430 = CARTESIAN_POINT('',(1.5345924624E+04,-872.6647989657,
    -1.799571163867E+03));
#2431 = CARTESIAN_POINT('',(1.535393502659E+04,-873.0060752883,
    -1.79940565481E+03));
#2432 = CARTESIAN_POINT('',(1.536194447814E+04,-873.3650758144,
    -1.799231454059E+03));
#2433 = CARTESIAN_POINT('',(1.536995292234E+04,-873.7417841502,
    -1.79904855224E+03));
#2434 = CARTESIAN_POINT('',(1.537796030307E+04,-874.1361809474,
    -1.798856940218E+03));
#2435 = CARTESIAN_POINT('',(1.538596656449E+04,-874.5482439038,
    -1.7986566091E+03));
#2436 = CARTESIAN_POINT('',(1.539725367472E+04,-875.1541227662,
    -1.798361837838E+03));
#2437 = CARTESIAN_POINT('',(1.540053632788E+04,-875.3333084635,
    -1.798274636294E+03));
#2438 = CARTESIAN_POINT('',(1.540381960271E+04,-875.5155036002,
    -1.798185944748E+03));
#2439 = CARTESIAN_POINT('',(1.54071034915E+04,-875.7007092781,
    -1.798095761164E+03));
#2440 = CARTESIAN_POINT('',(1.541038798668E+04,-875.8889272707,
    -1.798004083144E+03));
#2441 = CARTESIAN_POINT('',(1.541367308092E+04,-876.0801583393,
    -1.797910908743E+03));
#2442 = CARTESIAN_POINT('',(1.541695876731E+04,-876.2744005487,
    -1.7978162373E+03));
#2443 = CARTESIAN_POINT('',(1.544781404809E+04,-878.1263839186,
    -1.796913309831E+03));
#2444 = CARTESIAN_POINT('',(1.54753675439E+04,-879.9892877732,
    -1.796002903445E+03));
#2445 = CARTESIAN_POINT('',(1.550290341101E+04,-882.0572137659,
    -1.794989432602E+03));
#2446 = CARTESIAN_POINT('',(1.553041968252E+04,-884.3266803136,
    -1.79387349355E+03));
#2447 = CARTESIAN_POINT('',(1.555791453599E+04,-886.7939170969,
    -1.792655689841E+03));
#2448 = CARTESIAN_POINT('',(1.558538628914E+04,-889.4549125252,
    -1.791336624901E+03));
#2449 = CARTESIAN_POINT('',(1.561283339542E+04,-892.3054612034,
    -1.789916894604E+03));
#2450 = CARTESIAN_POINT('',(1.564688466589E+04,-896.0752353686,
    -1.788029598859E+03));
#2451 = CARTESIAN_POINT('',(1.565351336885E+04,-896.8200884357,
    -1.787656265801E+03));
#2452 = CARTESIAN_POINT('',(1.566014052954E+04,-897.5757038678,
    -1.787277091505E+03));
#2453 = CARTESIAN_POINT('',(1.566676612732E+04,-898.342028691,
    -1.786892079573E+03));
#2454 = CARTESIAN_POINT('',(1.56733901444E+04,-899.1189935593,
    -1.786501241567E+03));
#2455 = CARTESIAN_POINT('',(1.568001256304E+04,-899.9065311565,
    -1.786104587754E+03));
#2456 = CARTESIAN_POINT('',(1.568663336319E+04,-900.7045929104,
    -1.785702118694E+03));
#2457 = CARTESIAN_POINT('',(1.571431215844E+04,-904.0855160722,
    -1.783994866609E+03));
#2458 = CARTESIAN_POINT('',(1.573535522844E+04,-906.7638044831,
    -1.782637105298E+03));
#2459 = CARTESIAN_POINT('',(1.575638115844E+04,-909.5460517268,
    -1.781220750569E+03));
#2460 = CARTESIAN_POINT('',(1.577738941267E+04,-912.4302982446,
    -1.779745983377E+03));
#2461 = CARTESIAN_POINT('',(1.579837949748E+04,-915.4145616318,
    -1.778212972613E+03));
#2462 = CARTESIAN_POINT('',(1.581935095985E+04,-918.4968460504,
    -1.776621873656E+03));
#2463 = CARTESIAN_POINT('',(1.584030338602E+04,-921.6751516413,
    -1.77497282691E+03));
#2464 = CARTESIAN_POINT('',(1.586676499541E+04,-925.8117359973,
    -1.772815156646E+03));
#2465 = CARTESIAN_POINT('',(1.587229223661E+04,-926.6825467245,
    -1.772360323534E+03));
#2466 = CARTESIAN_POINT('',(1.58778181167E+04,-927.5598793331,
    -1.771901459309E+03));
#2467 = CARTESIAN_POINT('',(1.588334262888E+04,-928.4436970754,
    -1.77143856618E+03));
#2468 = CARTESIAN_POINT('',(1.588886576653E+04,-929.3339632404,
    -1.770971646279E+03));
#2469 = CARTESIAN_POINT('',(1.589438752319E+04,-930.2306411545,
    -1.770500701655E+03));
#2470 = CARTESIAN_POINT('',(1.589990789258E+04,-931.1336941811,
    -1.770025734274E+03));
#2471 = CARTESIAN_POINT('',(1.590800392477E+04,-932.4677212195,
    -1.769323085031E+03));
#2472 = CARTESIAN_POINT('',(1.591058087039E+04,-932.893770594,
    -1.769098530568E+03));
#2473 = CARTESIAN_POINT('',(1.591315770208E+04,-933.3212300457,
    -1.768873082827E+03));
#2474 = CARTESIAN_POINT('',(1.591573441649E+04,-933.7500957681,
    -1.768646741999E+03));
#2475 = CARTESIAN_POINT('',(1.591831101028E+04,-934.1803639472,
    -1.76841950828E+03));
#2476 = CARTESIAN_POINT('',(1.592088748011E+04,-934.6120307612,
    -1.768191381866E+03));
#2477 = CARTESIAN_POINT('',(1.592346382264E+04,-935.0450923807,
    -1.767962362954E+03));
#2478 = CARTESIAN_POINT('',(1.592824865972E+04,-935.8520081313,
    -1.767535345178E+03));
#2479 = CARTESIAN_POINT('',(1.59304570589E+04,-936.2254707371,
    -1.767337594905E+03));
#2480 = CARTESIAN_POINT('',(1.593266523148E+04,-936.5999315437,
    -1.76713920045E+03));
#2481 = CARTESIAN_POINT('',(1.593487317699E+04,-936.9753886889,
    -1.766940161664E+03));
#2482 = CARTESIAN_POINT('',(1.593708089509E+04,-937.3518396908,
    -1.766740478728E+03));
#2483 = CARTESIAN_POINT('',(1.59392883856E+04,-937.7292814473,
    -1.766540152152E+03));
#2484 = CARTESIAN_POINT('',(1.594149564846E+04,-938.1077102364,
    -1.766339182773E+03));
#2485 = CARTESIAN_POINT('',(1.596322494885E+04,-941.8431934472,
    -1.76435422812E+03));
#2486 = CARTESIAN_POINT('',(1.598272940408E+04,-945.2761512231,
    -1.762520682802E+03));
#2487 = CARTESIAN_POINT('',(1.600221606126E+04,-948.7832861328,
    -1.760637587614E+03));
#2488 = CARTESIAN_POINT('',(1.602168496136E+04,-952.361957001,
    -1.758705569544E+03));
#2489 = CARTESIAN_POINT('',(1.604113617404E+04,-956.0095930582,
    -1.756725230777E+03));
#2490 = CARTESIAN_POINT('',(1.606056979713E+04,-959.7236966109,
    -1.754697148713E+03));
#2491 = CARTESIAN_POINT('',(1.607998595616E+04,-963.501845712,
    -1.752621875982E+03));
#2492 = CARTESIAN_POINT('',(1.610671013774E+04,-968.7916896894,
    -1.749698661629E+03));
#2493 = CARTESIAN_POINT('',(1.611403300224E+04,-970.2504806895,
    -1.748890729036E+03));
#2494 = CARTESIAN_POINT('',(1.612135340518E+04,-971.7179434988,
    -1.748076171155E+03));
#2495 = CARTESIAN_POINT('',(1.612867135475E+04,-973.1939533163,
    -1.747255015982E+03));
#2496 = CARTESIAN_POINT('',(1.613598685946E+04,-974.6783868729,
    -1.74642729104E+03));
#2497 = CARTESIAN_POINT('',(1.614329992818E+04,-976.1711224311,
    -1.745593023381E+03));
#2498 = CARTESIAN_POINT('',(1.615061057011E+04,-977.6720397851,
    -1.744752239582E+03));
#2499 = CARTESIAN_POINT('',(1.616412932506E+04,-980.463351735,
    -1.743184952524E+03));
#2500 = CARTESIAN_POINT('',(1.617033810912E+04,-981.7515079169,
    -1.742460251408E+03));
#2501 = CARTESIAN_POINT('',(1.617654515477E+04,-983.0454090855,
    -1.741730882361E+03));
#2502 = CARTESIAN_POINT('',(1.618275046454E+04,-984.3449955644,
    -1.740996854113E+03));
#2503 = CARTESIAN_POINT('',(1.618895404766E+04,-985.6501849019,
    -1.740258188606E+03));
#2504 = CARTESIAN_POINT('',(1.619515591106E+04,-986.9609042524,
    -1.739514902521E+03));
#2505 = CARTESIAN_POINT('',(1.620135605453E+04,-988.2771074923,
    -1.738766997508E+03));
#2506 = CARTESIAN_POINT('',(1.622975259486E+04,-994.3315798564,
    -1.735319674153E+03));
#2507 = CARTESIAN_POINT('',(1.625192882944E+04,-999.1334881212,
    -1.732566036777E+03));
#2508 = CARTESIAN_POINT('',(1.627408371292E+04,-1.004000552943E+03,
    -1.729754678554E+03));
#2509 = CARTESIAN_POINT('',(1.629621776437E+04,-1.008929089419E+03,
    -1.726886632971E+03));
#2510 = CARTESIAN_POINT('',(1.631833150983E+04,-1.013915580656E+03,
    -1.72396288903E+03));
#2511 = CARTESIAN_POINT('',(1.634042548376E+04,-1.018956672229E+03,
    -1.720984393242E+03));
#2512 = CARTESIAN_POINT('',(1.63625002306E+04,-1.024049166635E+03,
    -1.717952051618E+03));
#2513 = CARTESIAN_POINT('',(1.638996198915E+04,-1.030449979467E+03,
    -1.714110556273E+03));
#2514 = CARTESIAN_POINT('',(1.639536654995E+04,-1.03171284572E+03,
    -1.713351198652E+03));
#2515 = CARTESIAN_POINT('',(1.640076999658E+04,-1.032978571622E+03,
    -1.712588671595E+03));
#2516 = CARTESIAN_POINT('',(1.640617233703E+04,-1.034247112804E+03,
    -1.711822987768E+03));
#2517 = CARTESIAN_POINT('',(1.641157357925E+04,-1.035518425418E+03,
    -1.711054159708E+03));
#2518 = CARTESIAN_POINT('',(1.641697373121E+04,-1.036792466132E+03,
    -1.710282199825E+03));
#2519 = CARTESIAN_POINT('',(1.642237280086E+04,-1.038069192134E+03,
    -1.7095071204E+03));
#2520 = CARTESIAN_POINT('',(1.643172586153E+04,-1.040285944005E+03,
    -1.70815876267E+03));
#2521 = CARTESIAN_POINT('',(1.643567958941E+04,-1.041224565312E+03,
    -1.707587033336E+03));
#2522 = CARTESIAN_POINT('',(1.643963197057E+04,-1.042164404562E+03,
    -1.70701375325E+03));
#2523 = CARTESIAN_POINT('',(1.64435829959E+04,-1.043105441367E+03,
    -1.70643893009E+03));
#2524 = CARTESIAN_POINT('',(1.64475326563E+04,-1.044047655442E+03,
    -1.705862571548E+03));
#2525 = CARTESIAN_POINT('',(1.645148094275E+04,-1.044991026606E+03,
    -1.705284685329E+03));
#2526 = CARTESIAN_POINT('',(1.645542784628E+04,-1.045935534778E+03,
    -1.70470527915E+03));
#2527 = CARTESIAN_POINT('',(1.647225093784E+04,-1.049967541107E+03,
    -1.702228328781E+03));
#2528 = CARTESIAN_POINT('',(1.648512260379E+04,-1.053067909047E+03,
    -1.700314905134E+03));
#2529 = CARTESIAN_POINT('',(1.649798859007E+04,-1.056181332713E+03,
    -1.698384483052E+03));
#2530 = CARTESIAN_POINT('',(1.651084912937E+04,-1.059306907753E+03,
    -1.696437451332E+03));
#2531 = CARTESIAN_POINT('',(1.652370445314E+04,-1.06244375558E+03,
    -1.694474194687E+03));
#2532 = CARTESIAN_POINT('',(1.653655479182E+04,-1.065591022403E+03,
    -1.692495094116E+03));
#2533 = CARTESIAN_POINT('',(1.654940037521E+04,-1.068747878255E+03,
    -1.690500527273E+03));
#2534 = CARTESIAN_POINT('',(1.658098843766E+04,-1.076535115701E+03,
    -1.685556914482E+03));
#2535 = CARTESIAN_POINT('',(1.659972579024E+04,-1.08117543152E+03,
    -1.682590795045E+03));
#2536 = CARTESIAN_POINT('',(1.661845420643E+04,-1.085831952709E+03,
    -1.679593676032E+03));
#2537 = CARTESIAN_POINT('',(1.663717438954E+04,-1.090502269456E+03,
    -1.676566711135E+03));
#2538 = CARTESIAN_POINT('',(1.665588703219E+04,-1.095184066787E+03,
    -1.673511044605E+03));
#2539 = CARTESIAN_POINT('',(1.667459281816E+04,-1.099875118451E+03,
    -1.670427813621E+03));
#2540 = CARTESIAN_POINT('',(1.669329242434E+04,-1.104573280799E+03,
    -1.667318150661E+03));
#2541 = CARTESIAN_POINT('',(1.673043814718E+04,-1.113918687873E+03,
    -1.661088884318E+03));
#2542 = CARTESIAN_POINT('',(1.674888441231E+04,-1.118565760103E+03,
    -1.657969961348E+03));
#2543 = CARTESIAN_POINT('',(1.676732624213E+04,-1.123214956159E+03,
    -1.654828010807E+03));
#2544 = CARTESIAN_POINT('',(1.678576454279E+04,-1.127863625318E+03,
    -1.651664627905E+03));
#2545 = CARTESIAN_POINT('',(1.680420020513E+04,-1.132509205384E+03,
    -1.648481412963E+03));
#2546 = CARTESIAN_POINT('',(1.682263410732E+04,-1.137149214747E+03,
    -1.645279975148E+03));
#2547 = CARTESIAN_POINT('',(1.684106711751E+04,-1.141781244441E+03,
    -1.642061936218E+03));
#2548 = CARTESIAN_POINT('',(1.687082784837E+04,-1.149243160504E+03,
    -1.636842134174E+03));
#2549 = CARTESIAN_POINT('',(1.688215558657E+04,-1.152079471471E+03,
    -1.634849683543E+03));
#2550 = CARTESIAN_POINT('',(1.689348350984E+04,-1.154911338871E+03,
    -1.63285196271E+03));
#2551 = CARTESIAN_POINT('',(1.690481181475E+04,-1.157738227442E+03,
    -1.630849354557E+03));
#2552 = CARTESIAN_POINT('',(1.691614069581E+04,-1.160559610259E+03,
    -1.628842244836E+03));
#2553 = CARTESIAN_POINT('',(1.692747034573E+04,-1.163374968095E+03,
    -1.62683102251E+03));
#2554 = CARTESIAN_POINT('',(1.693880095561E+04,-1.166183788788E+03,
    -1.624816080093E+03));
#2555 = CARTESIAN_POINT('',(1.695252005452E+04,-1.169575836503E+03,
    -1.622372611918E+03));
#2556 = CARTESIAN_POINT('',(1.695490744475E+04,-1.170165794064E+03,
    -1.62194726213E+03));
#2557 = CARTESIAN_POINT('',(1.695729488822E+04,-1.170755433086E+03,
    -1.621521769409E+03));
#2558 = CARTESIAN_POINT('',(1.695968238657E+04,-1.17134474919E+03,
    -1.621096137231E+03));
#2559 = CARTESIAN_POINT('',(1.696206994076E+04,-1.171933739817E+03,
    -1.620670367764E+03));
#2560 = CARTESIAN_POINT('',(1.696445755106E+04,-1.17252240423E+03,
    -1.620244461868E+03));
#2561 = CARTESIAN_POINT('',(1.696684521706E+04,-1.173110743511E+03,
    -1.619818419093E+03));
#2562 = CARTESIAN_POINT('',(1.698844792819E+04,-1.178430770686E+03,
    -1.615962584083E+03));
#2563 = CARTESIAN_POINT('',(1.700766651966E+04,-1.183141740895E+03,
    -1.612524075837E+03));
#2564 = CARTESIAN_POINT('',(1.702688875815E+04,-1.18783154352E+03,
    -1.609076976415E+03));
#2565 = CARTESIAN_POINT('',(1.704611468972E+04,-1.192500052524E+03,
    -1.605621552217E+03));
#2566 = CARTESIAN_POINT('',(1.706534436063E+04,-1.197147142958E+03,
    -1.602158073019E+03));
#2567 = CARTESIAN_POINT('',(1.708457781753E+04,-1.201772690424E+03,
    -1.598686812442E+03));
#2568 = CARTESIAN_POINT('',(1.710381510772E+04,-1.206376570532E+03,
    -1.595208048407E+03));
#2569 = CARTESIAN_POINT('',(1.713003818778E+04,-1.212621328299E+03,
    -1.590457128842E+03));
#2570 = CARTESIAN_POINT('',(1.713702060729E+04,-1.214281128857E+03,
    -1.589191243335E+03));
#2571 = CARTESIAN_POINT('',(1.714400354016E+04,-1.215938054068E+03,
    -1.587924420581E+03));
#2572 = CARTESIAN_POINT('',(1.71509869887E+04,-1.217592097953E+03,
    -1.58665667417E+03));
#2573 = CARTESIAN_POINT('',(1.715797095524E+04,-1.21924325452E+03,
    -1.585388017785E+03));
#2574 = CARTESIAN_POINT('',(1.716495544213E+04,-1.220891517756E+03,
    -1.584118465197E+03));
#2575 = CARTESIAN_POINT('',(1.717194045173E+04,-1.222536881635E+03,
    -1.582848030269E+03));
#2576 = CARTESIAN_POINT('',(1.718486556812E+04,-1.225575870906E+03,
    -1.580495777726E+03));
#2577 = CARTESIAN_POINT('',(1.719080552876E+04,-1.226970302989E+03,
    -1.57941419931E+03));
#2578 = CARTESIAN_POINT('',(1.719674587243E+04,-1.228362625685E+03,
    -1.578332005718E+03));
#2579 = CARTESIAN_POINT('',(1.720268659601E+04,-1.229752847511E+03,
    -1.577249196038E+03));
#2580 = CARTESIAN_POINT('',(1.720862770362E+04,-1.231140957661E+03,
    -1.57616578443E+03));
#2581 = CARTESIAN_POINT('',(1.721456920087E+04,-1.232526941458E+03,
    -1.575081788153E+03));
#2582 = CARTESIAN_POINT('',(1.722051108763E+04,-1.233910799488E+03,
    -1.573997212702E+03));
#2583 = CARTESIAN_POINT('',(1.724784025029E+04,-1.240265475848E+03,
    -1.569006543303E+03));
#2584 = CARTESIAN_POINT('',(1.726923223035E+04,-1.245210758122E+03,
    -1.565093695436E+03));
#2585 = CARTESIAN_POINT('',(1.729062944398E+04,-1.250128019594E+03,
    -1.561174079731E+03));
#2586 = CARTESIAN_POINT('',(1.731203202749E+04,-1.255016912761E+03,
    -1.557248259165E+03));
#2587 = CARTESIAN_POINT('',(1.733344011888E+04,-1.259877087997E+03,
    -1.55331681149E+03));
#2588 = CARTESIAN_POINT('',(1.735485385866E+04,-1.264708191597E+03,
    -1.549380331231E+03));
#2589 = CARTESIAN_POINT('',(1.737627339067E+04,-1.269509863829E+03,
    -1.545439431684E+03));
#2590 = CARTESIAN_POINT('',(1.740025582594E+04,-1.274851222841E+03,
    -1.541023979553E+03));
#2591 = CARTESIAN_POINT('',(1.740281143864E+04,-1.275419964685E+03,
    -1.54055342247E+03));
#2592 = CARTESIAN_POINT('',(1.74053656982E+04,-1.275987962087E+03,
    -1.540083077384E+03));
#2593 = CARTESIAN_POINT('',(1.740791860183E+04,-1.276555214623E+03,
    -1.539612946004E+03));
#2594 = CARTESIAN_POINT('',(1.741047014677E+04,-1.277121721871E+03,
    -1.539143030041E+03));
#2595 = CARTESIAN_POINT('',(1.741302033024E+04,-1.277687483412E+03,
    -1.538673331202E+03));
#2596 = CARTESIAN_POINT('',(1.741556914948E+04,-1.278252498833E+03,
    -1.538203851195E+03));
#2597 = CARTESIAN_POINT('',(1.742034562173E+04,-1.279310504914E+03,
    -1.53732398809E+03));
#2598 = CARTESIAN_POINT('',(1.742257359664E+04,-1.279803666215E+03,
    -1.536913556925E+03));
#2599 = CARTESIAN_POINT('',(1.742480052284E+04,-1.280296256318E+03,
    -1.536503295217E+03));
#2600 = CARTESIAN_POINT('',(1.742702639774E+04,-1.280788277144E+03,
    -1.536093202274E+03));
#2601 = CARTESIAN_POINT('',(1.742925121968E+04,-1.281279727839E+03,
    -1.535683279726E+03));
#2602 = CARTESIAN_POINT('',(1.743147498796E+04,-1.281770604775E+03,
    -1.535273531521E+03));
#2603 = CARTESIAN_POINT('',(1.743369770281E+04,-1.282260901552E+03,
    -1.534863963933E+03));
#2604 = CARTESIAN_POINT('',(1.745220053989E+04,-1.286339361703E+03,
    -1.531454513219E+03));
#2605 = CARTESIAN_POINT('',(1.746848558244E+04,-1.289909733604E+03,
    -1.52845351082E+03));
#2606 = CARTESIAN_POINT('',(1.748477567774E+04,-1.29345862031E+03,
    -1.52545433806E+03));
#2607 = CARTESIAN_POINT('',(1.750107199471E+04,-1.296982916841E+03,
    -1.5224598351E+03));
#2608 = CARTESIAN_POINT('',(1.751737568989E+04,-1.300479508965E+03,
    -1.519472930198E+03));
#2609 = CARTESIAN_POINT('',(1.753368791062E+04,-1.303945264537E+03,
    -1.516496647362E+03));
#2610 = CARTESIAN_POINT('',(1.755000979834E+04,-1.307377024835E+03,
    -1.513534113993E+03));
#2611 = CARTESIAN_POINT('',(1.757585987883E+04,-1.31274968026E+03,
    -1.508872140347E+03));
#2612 = CARTESIAN_POINT('',(1.758538093006E+04,-1.31471513542E+03,
    -1.507161481578E+03));
#2613 = CARTESIAN_POINT('',(1.759490586892E+04,-1.316667328847E+03,
    -1.505457233446E+03));
#2614 = CARTESIAN_POINT('',(1.76044349153E+04,-1.31860562322E+03,
    -1.5037600506E+03));
#2615 = CARTESIAN_POINT('',(1.761396828581E+04,-1.320529375748E+03,
    -1.50207060168E+03));
#2616 = CARTESIAN_POINT('',(1.762350619401E+04,-1.322437937508E+03,
    -1.500389569872E+03));
#2617 = CARTESIAN_POINT('',(1.763304885065E+04,-1.324330652764E+03,
    -1.498717653471E+03));
#2618 = CARTESIAN_POINT('',(1.764594372086E+04,-1.326864629088E+03,
    -1.496472862521E+03));
#2619 = CARTESIAN_POINT('',(1.764929158772E+04,-1.327520368637E+03,
    -1.495891368568E+03));
#2620 = CARTESIAN_POINT('',(1.765264006703E+04,-1.32817406604E+03,
    -1.495311099533E+03));
#2621 = CARTESIAN_POINT('',(1.765598918733E+04,-1.328825636037E+03,
    -1.494732136803E+03));
#2622 = CARTESIAN_POINT('',(1.76593389361E+04,-1.329475111196E+03,
    -1.494154457113E+03));
#2623 = CARTESIAN_POINT('',(1.766268929907E+04,-1.330122528771E+03,
    -1.493578032975E+03));
#2624 = CARTESIAN_POINT('',(1.76660402979E+04,-1.330767822726E+03,
    -1.493002928646E+03));
#2625 = CARTESIAN_POINT('',(1.769364874517E+04,-1.336066137693E+03,
    -1.488276248554E+03));
#2626 = CARTESIAN_POINT('',(1.771793829806E+04,-1.340611383E+03,
    -1.484191588566E+03));
#2627 = CARTESIAN_POINT('',(1.774226049171E+04,-1.345045728821E+03,
    -1.480178191974E+03));
#2628 = CARTESIAN_POINT('',(1.776661524502E+04,-1.349367852078E+03,
    -1.476239381562E+03));
#2629 = CARTESIAN_POINT('',(1.779100248971E+04,-1.353576121321E+03,
    -1.472378777569E+03));
#2630 = CARTESIAN_POINT('',(1.781542218469E+04,-1.357668556579E+03,
    -1.468600344067E+03));
#2631 = CARTESIAN_POINT('',(1.783987433577E+04,-1.361642772907E+03,
    -1.464908450808E+03));
#2632 = CARTESIAN_POINT('',(1.78891784728E+04,-1.36940172435E+03,
    -1.457658222356E+03));
#2633 = CARTESIAN_POINT('',(1.791403127719E+04,-1.373183134496E+03,
    -1.454102395439E+03));
#2634 = CARTESIAN_POINT('',(1.79389152625E+04,-1.376844753608E+03,
    -1.450638424678E+03));
#2635 = CARTESIAN_POINT('',(1.79638284393E+04,-1.38039079471E+03,
    -1.447264437156E+03));
#2636 = CARTESIAN_POINT('',(1.79887689938E+04,-1.383825105606E+03,
    -1.443978725525E+03));
#2637 = CARTESIAN_POINT('',(1.80137352841E+04,-1.387151195183E+03,
    -1.440779747966E+03));
#2638 = CARTESIAN_POINT('',(1.803872583895E+04,-1.390372248682E+03,
    -1.437666134765E+03));
#2639 = CARTESIAN_POINT('',(1.808187290493E+04,-1.395752165274E+03,
    -1.432440514852E+03));
#2640 = CARTESIAN_POINT('',(1.810001850716E+04,-1.397959548297E+03,
    -1.430288525134E+03));
#2641 = CARTESIAN_POINT('',(1.811817615181E+04,-1.400112244654E+03,
    -1.428182347527E+03));
#2642 = CARTESIAN_POINT('',(1.813634577575E+04,-1.402209363053E+03,
    -1.426123464381E+03));
#2643 = CARTESIAN_POINT('',(1.81545272514E+04,-1.404250220681E+03,
    -1.424113155639E+03));
#2644 = CARTESIAN_POINT('',(1.817272037374E+04,-1.40623439715E+03,
    -1.422152437404E+03));
#2645 = CARTESIAN_POINT('',(1.819092484925E+04,-1.408161778972E+03,
    -1.42024200864E+03));
#2646 = CARTESIAN_POINT('',(1.821368023536E+04,-1.410498869704E+03,
    -1.417918675683E+03));
#2647 = CARTESIAN_POINT('',(1.821822086584E+04,-1.410961631094E+03,
    -1.417458290127E+03));
#2648 = CARTESIAN_POINT('',(1.822276217262E+04,-1.411420882236E+03,
    -1.41700105459E+03));
#2649 = CARTESIAN_POINT('',(1.822730414976E+04,-1.411876627971E+03,
    -1.416546972906E+03));
#2650 = CARTESIAN_POINT('',(1.823184679104E+04,-1.412328874487E+03,
    -1.416096047474E+03));
#2651 = CARTESIAN_POINT('',(1.823639009002E+04,-1.412777629312E+03,
    -1.415648279251E+03));
#2652 = CARTESIAN_POINT('',(1.824093404E+04,-1.413222901321E+03,
    -1.415203667759E+03));
#2653 = CARTESIAN_POINT('',(1.824999250923E+04,-1.414103513554E+03,
    -1.414323738671E+03));
#2654 = CARTESIAN_POINT('',(1.825450701956E+04,-1.414538901984E+03,
    -1.41388837714E+03));
#2655 = CARTESIAN_POINT('',(1.825902215868E+04,-1.414970873459E+03,
    -1.41345612716E+03));
#2656 = CARTESIAN_POINT('',(1.826353792053E+04,-1.415399434354E+03,
    -1.413026990372E+03));
#2657 = CARTESIAN_POINT('',(1.826805429921E+04,-1.415824590105E+03,
    -1.412600969256E+03));
#2658 = CARTESIAN_POINT('',(1.8272571289E+04,-1.416246345342E+03,
    -1.412178067017E+03));
#2659 = CARTESIAN_POINT('',(1.827708888429E+04,-1.416664704007E+03,
    -1.411758287462E+03));
#2660 = CARTESIAN_POINT('',(1.829927693834E+04,-1.418702525599E+03,
    -1.409712180778E+03));
#2661 = CARTESIAN_POINT('',(1.831695596169E+04,-1.420273481143E+03,
    -1.408130555598E+03));
#2662 = CARTESIAN_POINT('',(1.833464383999E+04,-1.421792728319E+03,
    -1.406597025897E+03));
#2663 = CARTESIAN_POINT('',(1.835234028083E+04,-1.423260270999E+03,
    -1.40511202825E+03));
#2664 = CARTESIAN_POINT('',(1.837004501015E+04,-1.42467592026E+03,
    -1.403676177545E+03));
#2665 = CARTESIAN_POINT('',(1.838775777515E+04,-1.426039278165E+03,
    -1.402290286868E+03));
#2666 = CARTESIAN_POINT('',(1.840547834909E+04,-1.4273497098E+03,
    -1.400955398987E+03));
#2667 = CARTESIAN_POINT('',(1.842890218078E+04,-1.429010019317E+03,
    -1.399260768217E+03));
#2668 = CARTESIAN_POINT('',(1.84345986116E+04,-1.429408151691E+03,
    -1.398854134088E+03));
#2669 = CARTESIAN_POINT('',(1.84402958038E+04,-1.429800807561E+03,
    -1.398452830792E+03));
#2670 = CARTESIAN_POINT('',(1.844599372792E+04,-1.430188116867E+03,
    -1.398056737872E+03));
#2671 = CARTESIAN_POINT('',(1.845169236311E+04,-1.430570152988E+03,
    -1.397665792024E+03));
#2672 = CARTESIAN_POINT('',(1.845739168478E+04,-1.43094702018E+03,
    -1.397279897933E+03));
#2673 = CARTESIAN_POINT('',(1.846309167469E+04,-1.431318781843E+03,
    -1.396899001564E+03));
#2674 = CARTESIAN_POINT('',(1.847426477691E+04,-1.432037549957E+03,
    -1.396162135893E+03));
#2675 = CARTESIAN_POINT('',(1.847973783793E+04,-1.432384950905E+03,
    -1.395805779866E+03));
#2676 = CARTESIAN_POINT('',(1.848521148222E+04,-1.432727763587E+03,
    -1.395453929E+03));
#2677 = CARTESIAN_POINT('',(1.849068569556E+04,-1.43306603428E+03,
    -1.395106544904E+03));
#2678 = CARTESIAN_POINT('',(1.849616046516E+04,-1.433399799475E+03,
    -1.394763598938E+03));
#2679 = CARTESIAN_POINT('',(1.85016357797E+04,-1.433729085206E+03,
    -1.394425072959E+03));
#2680 = CARTESIAN_POINT('',(1.850711162947E+04,-1.434053906375E+03,
    -1.394090960066E+03));
#2681 = CARTESIAN_POINT('',(1.852125749442E+04,-1.434881417795E+03,
    -1.393239335679E+03));
#2682 = CARTESIAN_POINT('',(1.852992829943E+04,-1.435377388335E+03,
    -1.392728478708E+03));
#2683 = CARTESIAN_POINT('',(1.853860039358E+04,-1.435862186988E+03,
    -1.392228717767E+03));
#2684 = CARTESIAN_POINT('',(1.854727375402E+04,-1.436335749362E+03,
    -1.391740150976E+03));
#2685 = CARTESIAN_POINT('',(1.855594836581E+04,-1.436797910524E+03,
    -1.391262979628E+03));
#2686 = CARTESIAN_POINT('',(1.856462422349E+04,-1.437248391757E+03,
    -1.390797522337E+03));
#2687 = CARTESIAN_POINT('',(1.857330133682E+04,-1.437686748554E+03,
    -1.390344269552E+03));
#2688 = CARTESIAN_POINT('',(1.858727940868E+04,-1.438372055873E+03,
    -1.389635192655E+03));
#2689 = CARTESIAN_POINT('',(1.859257955424E+04,-1.43862706878E+03,
    -1.389371219808E+03));
#2690 = CARTESIAN_POINT('',(1.859788013711E+04,-1.43887761728E+03,
    -1.389111758615E+03));
#2691 = CARTESIAN_POINT('',(1.860318111276E+04,-1.439124064312E+03,
    -1.388856439938E+03));
#2692 = CARTESIAN_POINT('',(1.860848243349E+04,-1.439366836275E+03,
    -1.388604827775E+03));
#2693 = CARTESIAN_POINT('',(1.861378404834E+04,-1.439606422821E+03,
    -1.388356419556E+03));
#2694 = CARTESIAN_POINT('',(1.861908589683E+04,-1.439843442875E+03,
    -1.388110577416E+03));
#2695 = CARTESIAN_POINT('',(1.862719894377E+04,-1.440203729427E+03,
    -1.387736736598E+03));
#2696 = CARTESIAN_POINT('',(1.863001004147E+04,-1.440328122712E+03,
    -1.387607636893E+03));
#2697 = CARTESIAN_POINT('',(1.863282116445E+04,-1.440452228274E+03,
    -1.387478809397E+03));
#2698 = CARTESIAN_POINT('',(1.863563229683E+04,-1.440576221496E+03,
    -1.387350072291E+03));
#2699 = CARTESIAN_POINT('',(1.863844341691E+04,-1.440700338223E+03,
    -1.387221180728E+03));
#2700 = CARTESIAN_POINT('',(1.864125449715E+04,-1.440824874368E+03,
    -1.387091827238E+03));
#2701 = CARTESIAN_POINT('',(1.864406549953E+04,-1.44095023648E+03,
    -1.386961589042E+03));
#2702 = CARTESIAN_POINT('',(1.864815075117E+04,-1.441134666042E+03,
    -1.38676994531E+03));
#2703 = CARTESIAN_POINT('',(1.864939350239E+04,-1.441191087428E+03,
    -1.386711311266E+03));
#2704 = CARTESIAN_POINT('',(1.865060408767E+04,-1.441246413064E+03,
    -1.386653810542E+03));
#2705 = CARTESIAN_POINT('',(1.865178198323E+04,-1.441300658617E+03,
    -1.386597427223E+03));
#2706 = CARTESIAN_POINT('',(1.865292666525E+04,-1.441353839731E+03,
    -1.386542145397E+03));
#2707 = CARTESIAN_POINT('',(1.865403760987E+04,-1.441405972034E+03,
    -1.386487949157E+03));
#2708 = CARTESIAN_POINT('',(1.865511429324E+04,-1.44145707113E+03,
    -1.386434822597E+03));
#2709 = CARTESIAN_POINT('',(1.865719808969E+04,-1.441557234083E+03,
    -1.386330677032E+03));
#2710 = CARTESIAN_POINT('',(1.865820520276E+04,-1.441606297942E+03,
    -1.386279658027E+03));
#2711 = CARTESIAN_POINT('',(1.865917700678E+04,-1.44165435977E+03,
    -1.386229676898E+03));
#2712 = CARTESIAN_POINT('',(1.866011297785E+04,-1.441701435137E+03,
    -1.386180717744E+03));
#2713 = CARTESIAN_POINT('',(1.8661012592E+04,-1.441747539595E+03,
    -1.386132764669E+03));
#2714 = CARTESIAN_POINT('',(1.866187532528E+04,-1.441792688679E+03,
    -1.386085801779E+03));
#2715 = CARTESIAN_POINT('',(1.866270065367E+04,-1.44183689791E+03,
    -1.386039813182E+03));
#2716 = CARTESIAN_POINT('',(1.866406070735E+04,-1.441911662703E+03,
    -1.38596203376E+03));
#2717 = CARTESIAN_POINT('',(1.866461329996E+04,-1.441942653703E+03,
    -1.385929791455E+03));
#2718 = CARTESIAN_POINT('',(1.866514562943E+04,-1.441973161755E+03,
    -1.385898049962E+03));
#2719 = CARTESIAN_POINT('',(1.866565749417E+04,-1.442003192817E+03,
    -1.38586680317E+03));
#2720 = CARTESIAN_POINT('',(1.866614869259E+04,-1.442032752846E+03,
    -1.385836044969E+03));
#2721 = CARTESIAN_POINT('',(1.866661902309E+04,-1.442061847793E+03,
    -1.385805769248E+03));
#2722 = CARTESIAN_POINT('',(1.866706828407E+04,-1.442090483606E+03,
    -1.385775969899E+03));
#2723 = CARTESIAN_POINT('',(1.866749627391E+04,-1.442118666227E+03,
    -1.385746640812E+03));
#2724 = CARTESIAN_POINT('',(1.866782744578E+04,-1.442140439962E+03,
    -1.38572398135E+03));
#2725 = CARTESIAN_POINT('',(1.866815852188E+04,-1.44216285083E+03,
    -1.385700657959E+03));
#2726 = CARTESIAN_POINT('',(1.866848951095E+04,-1.442185890646E+03,
    -1.385676679157E+03));
#2727 = CARTESIAN_POINT('',(1.866882040185E+04,-1.442209638929E+03,
    -1.385651962122E+03));
#2728 = CARTESIAN_POINT('',(1.866915116366E+04,-1.442234262898E+03,
    -1.385626332685E+03));
#2729 = CARTESIAN_POINT('',(1.86694817456E+04,-1.442260017477E+03,
    -1.385599525337E+03));
#2730 = CARTESIAN_POINT('',(1.866981207708E+04,-1.44228724529E+03,
    -1.385571183224E+03));
#2731 = CARTESIAN_POINT('',(1.867014206766E+04,-1.442316376667E+03,
    -1.385540858149E+03));
#2732 = PCURVE('',#1481,#2733);
#2733 = DEFINITIONAL_REPRESENTATION('',(#2734),#3291);
#2734 = B_SPLINE_CURVE_WITH_KNOTS('',8,(#2735,#2736,#2737,#2738,#2739,
    #2740,#2741,#2742,#2743,#2744,#2745,#2746,#2747,#2748,#2749,#2750,
    #2751,#2752,#2753,#2754,#2755,#2756,#2757,#2758,#2759,#2760,#2761,
    #2762,#2763,#2764,#2765,#2766,#2767,#2768,#2769,#2770,#2771,#2772,
    #2773,#2774,#2775,#2776,#2777,#2778,#2779,#2780,#2781,#2782,#2783,
    #2784,#2785,#2786,#2787,#2788,#2789,#2790,#2791,#2792,#2793,#2794,
    #2795,#2796,#2797,#2798,#2799,#2800,#2801,#2802,#2803,#2804,#2805,
    #2806,#2807,#2808,#2809,#2810,#2811,#2812,#2813,#2814,#2815,#2816,
    #2817,#2818,#2819,#2820,#2821,#2822,#2823,#2824,#2825,#2826,#2827,
    #2828,#2829,#2830,#2831,#2832,#2833,#2834,#2835,#2836,#2837,#2838,
    #2839,#2840,#2841,#2842,#2843,#2844,#2845,#2846,#2847,#2848,#2849,
    #2850,#2851,#2852,#2853,#2854,#2855,#2856,#2857,#2858,#2859,#2860,
    #2861,#2862,#2863,#2864,#2865,#2866,#2867,#2868,#2869,#2870,#2871,
    #2872,#2873,#2874,#2875,#2876,#2877,#2878,#2879,#2880,#2881,#2882,
    #2883,#2884,#2885,#2886,#2887,#2888,#2889,#2890,#2891,#2892,#2893,
    #2894,#2895,#2896,#2897,#2898,#2899,#2900,#2901,#2902,#2903,#2904,
    #2905,#2906,#2907,#2908,#2909,#2910,#2911,#2912,#2913,#2914,#2915,
    #2916,#2917,#2918,#2919,#2920,#2921,#2922,#2923,#2924,#2925,#2926,
    #2927,#2928,#2929,#2930,#2931,#2932,#2933,#2934,#2935,#2936,#2937,
    #2938,#2939,#2940,#2941,#2942,#2943,#2944,#2945,#2946,#2947,#2948,
    #2949,#2950,#2951,#2952,#2953,#2954,#2955,#2956,#2957,#2958,#2959,
    #2960,#2961,#2962,#2963,#2964,#2965,#2966,#2967,#2968,#2969,#2970,
    #2971,#2972,#2973,#2974,#2975,#2976,#2977,#2978,#2979,#2980,#2981,
    #2982,#2983,#2984,#2985,#2986,#2987,#2988,#2989,#2990,#2991,#2992,
    #2993,#2994,#2995,#2996,#2997,#2998,#2999,#3000,#3001,#3002,#3003,
    #3004,#3005,#3006,#3007,#3008,#3009,#3010,#3011,#3012,#3013,#3014,
    #3015,#3016,#3017,#3018,#3019,#3020,#3021,#3022,#3023,#3024,#3025,
    #3026,#3027,#3028,#3029,#3030,#3031,#3032,#3033,#3034,#3035,#3036,
    #3037,#3038,#3039,#3040,#3041,#3042,#3043,#3044,#3045,#3046,#3047,
    #3048,#3049,#3050,#3051,#3052,#3053,#3054,#3055,#3056,#3057,#3058,
    #3059,#3060,#3061,#3062,#3063,#3064,#3065,#3066,#3067,#3068,#3069,
    #3070,#3071,#3072,#3073,#3074,#3075,#3076,#3077,#3078,#3079,#3080,
    #3081,#3082,#3083,#3084,#3085,#3086,#3087,#3088,#3089,#3090,#3091,
    #3092,#3093,#3094,#3095,#3096,#3097,#3098,#3099,#3100,#3101,#3102,
    #3103,#3104,#3105,#3106,#3107,#3108,#3109,#3110,#3111,#3112,#3113,
    #3114,#3115,#3116,#3117,#3118,#3119,#3120,#3121,#3122,#3123,#3124,
    #3125,#3126,#3127,#3128,#3129,#3130,#3131,#3132,#3133,#3134,#3135,
    #3136,#3137,#3138,#3139,#3140,#3141,#3142,#3143,#3144,#3145,#3146,
    #3147,#3148,#3149,#3150,#3151,#3152,#3153,#3154,#3155,#3156,#3157,
    #3158,#3159,#3160,#3161,#3162,#3163,#3164,#3165,#3166,#3167,#3168,
    #3169,#3170,#3171,#3172,#3173,#3174,#3175,#3176,#3177,#3178,#3179,
    #3180,#3181,#3182,#3183,#3184,#3185,#3186,#3187,#3188,#3189,#3190,
    #3191,#3192,#3193,#3194,#3195,#3196,#3197,#3198,#3199,#3200,#3201,
    #3202,#3203,#3204,#3205,#3206,#3207,#3208,#3209,#3210,#3211,#3212,
    #3213,#3214,#3215,#3216,#3217,#3218,#3219,#3220,#3221,#3222,#3223,
    #3224,#3225,#3226,#3227,#3228,#3229,#3230,#3231,#3232,#3233,#3234,
    #3235,#3236,#3237,#3238,#3239,#3240,#3241,#3242,#3243,#3244,#3245,
    #3246,#3247,#3248,#3249,#3250,#3251,#3252,#3253,#3254,#3255,#3256,
    #3257,#3258,#3259,#3260,#3261,#3262,#3263,#3264,#3265,#3266,#3267,
    #3268,#3269,#3270,#3271,#3272,#3273,#3274,#3275,#3276,#3277,#3278,
    #3279,#3280,#3281,#3282,#3283,#3284,#3285,#3286,#3287,#3288,#3289,
    #3290),.UNSPECIFIED.,.F.,.F.,(9,7,7,7,7,7,7,7,7,7,7,7,7,7,7,7,7,7,7,
    7,7,7,7,7,7,7,7,7,7,7,7,7,7,7,7,7,7,7,7,7,7,7,7,7,7,7,7,7,7,7,7,7,7,
    7,7,7,7,7,7,7,7,7,7,7,7,7,7,7,7,7,7,7,7,7,7,7,7,7,8,9),(0.,
    1.498673401419E-03,4.951741848419E-03,1.267673565412E-02,
    1.771320265664E-02,2.035315719796E-02,2.287176517077E-02,
    3.32438819081E-02,4.404533328528E-02,5.044429096196E-02,
    5.752896088981E-02,6.858634492422E-02,7.19610629972E-02,
    7.53213922036E-02,8.394488771136E-02,9.315144509203E-02,
    9.777849791593E-02,0.102802490326,0.121458019126,0.12952475,
    0.132107075753,0.135059673692,0.163060029632,0.166493792875,
    0.169557972629,0.192806347937,0.203733986363,0.231405532671,
    0.236441027398,0.24107070769,0.259855336848,0.274185894381,
    0.279429459646,0.318907930742,0.359617648246,0.401368185001,
    0.430621647425,0.441227743214,0.445576160707,0.482055659823,
    0.490876160169,0.518939593666,0.526351396295,0.529812297735,
    0.532779380645,0.559024623753,0.568935272651,0.577357343166,
    0.607518792342,0.614911006358,0.620327218938,0.638004952714,
    0.663813151311,0.689286601442,0.70494098506,0.708239001241,
    0.734779517789,0.744410088131,0.752598660793,0.782070179522,
    0.785587375517,0.788664922092,0.811218330964,0.824360653113,
    0.828968163659,0.862314295544,0.896116353186,0.920621147835,
    0.926728632486,0.932794834114,0.956518670435,0.964140571479,
    0.971457393021,0.983040433693,0.990113872521,0.993864136142,
    0.99556443931,0.997264742477,0.998501326599,1.),.UNSPECIFIED.);
#2735 = CARTESIAN_POINT('',(2.22314032434,0.386676413505));
#2736 = CARTESIAN_POINT('',(2.223749674086,0.386656648584));
#2737 = CARTESIAN_POINT('',(2.224359973615,0.386637320959));
#2738 = CARTESIAN_POINT('',(2.224970912691,0.386618312868));
#2739 = CARTESIAN_POINT('',(2.225582302445,0.386599554183));
#2740 = CARTESIAN_POINT('',(2.226194041892,0.386581008975));
#2741 = CARTESIAN_POINT('',(2.226806084446,0.386562662066));
#2742 = CARTESIAN_POINT('',(2.227418404439,0.38654450559));
#2743 = CARTESIAN_POINT('',(2.229442352662,0.386485098688));
#2744 = CARTESIAN_POINT('',(2.230855014399,0.386444616281));
#2745 = CARTESIAN_POINT('',(2.232268628263,0.386404964689));
#2746 = CARTESIAN_POINT('',(2.233683073754,0.386366115123));
#2747 = CARTESIAN_POINT('',(2.235098227797,0.386328035251));
#2748 = CARTESIAN_POINT('',(2.236514030626,0.386290717924));
#2749 = CARTESIAN_POINT('',(2.237930425864,0.38625415506));
#2750 = CARTESIAN_POINT('',(2.242517315448,0.386138242012));
#2751 = CARTESIAN_POINT('',(2.245689926237,0.386061920084));
#2752 = CARTESIAN_POINT('',(2.248864910613,0.385989383019));
#2753 = CARTESIAN_POINT('',(2.252042099419,0.385920771993));
#2754 = CARTESIAN_POINT('',(2.255221312817,0.385856285337));
#2755 = CARTESIAN_POINT('',(2.258402405507,0.385796204575));
#2756 = CARTESIAN_POINT('',(2.261585252889,0.385740887577));
#2757 = CARTESIAN_POINT('',(2.266846067764,0.385658164804));
#2758 = CARTESIAN_POINT('',(2.268922947288,0.385627746803));
#2759 = CARTESIAN_POINT('',(2.271000460228,0.385599690249));
#2760 = CARTESIAN_POINT('',(2.273078536749,0.385574149402));
#2761 = CARTESIAN_POINT('',(2.27515704243,0.385551305043));
#2762 = CARTESIAN_POINT('',(2.277235783041,0.385531369261));
#2763 = CARTESIAN_POINT('',(2.279314512852,0.385514594388));
#2764 = CARTESIAN_POINT('',(2.282482399354,0.38549431574));
#2765 = CARTESIAN_POINT('',(2.2835717463,0.385488295307));
#2766 = CARTESIAN_POINT('',(2.284660944813,0.385483273081));
#2767 = CARTESIAN_POINT('',(2.285749931369,0.385479297841));
#2768 = CARTESIAN_POINT('',(2.286838624727,0.385476423333));
#2769 = CARTESIAN_POINT('',(2.287926926224,0.385474709211));
#2770 = CARTESIAN_POINT('',(2.289014720067,0.385474221972));
#2771 = CARTESIAN_POINT('',(2.291139055746,0.385475812363));
#2772 = CARTESIAN_POINT('',(2.292175648019,0.385477770898));
#2773 = CARTESIAN_POINT('',(2.293211526283,0.385480930331));
#2774 = CARTESIAN_POINT('',(2.294246560507,0.385485308614));
#2775 = CARTESIAN_POINT('',(2.295280614888,0.385490922618));
#2776 = CARTESIAN_POINT('',(2.29631354795,0.385497787929));
#2777 = CARTESIAN_POINT('',(2.297345212638,0.38550591865));
#2778 = CARTESIAN_POINT('',(2.302618200338,0.385554073453));
#2779 = CARTESIAN_POINT('',(2.306839477259,0.38561451501));
#2780 = CARTESIAN_POINT('',(2.311024983397,0.385697533377));
#2781 = CARTESIAN_POINT('',(2.315162525481,0.385803455798));
#2782 = CARTESIAN_POINT('',(2.319242194167,0.38593195171));
#2783 = CARTESIAN_POINT('',(2.323256466399,0.386081955383));
#2784 = CARTESIAN_POINT('',(2.32719989104,0.386251782923));
#2785 = CARTESIAN_POINT('',(2.335097525403,0.386634627659));
#2786 = CARTESIAN_POINT('',(2.339047132099,0.386849224281));
#2787 = CARTESIAN_POINT('',(2.342917148902,0.387080959107));
#2788 = CARTESIAN_POINT('',(2.34671125429,0.387327399903));
#2789 = CARTESIAN_POINT('',(2.350435722626,0.387586108521));
#2790 = CARTESIAN_POINT('',(2.354098275367,0.387854875923));
#2791 = CARTESIAN_POINT('',(2.357707661457,0.388131809998));
#2792 = CARTESIAN_POINT('',(2.363385941622,0.388583357209));
#2793 = CARTESIAN_POINT('',(2.365482844917,0.388753635304));
#2794 = CARTESIAN_POINT('',(2.367565404037,0.388925965372));
#2795 = CARTESIAN_POINT('',(2.369634658597,0.389100143375));
#2796 = CARTESIAN_POINT('',(2.37169155866,0.389275988785));
#2797 = CARTESIAN_POINT('',(2.373736962614,0.389453345235));
#2798 = CARTESIAN_POINT('',(2.375771683059,0.3896320731));
#2799 = CARTESIAN_POINT('',(2.380038267996,0.390011312547));
#2800 = CARTESIAN_POINT('',(2.382267860503,0.39021210303));
#2801 = CARTESIAN_POINT('',(2.384486288895,0.390414252716));
#2802 = CARTESIAN_POINT('',(2.386694471036,0.390617612755));
#2803 = CARTESIAN_POINT('',(2.38889324403,0.390822050122));
#2804 = CARTESIAN_POINT('',(2.39108338475,0.391027444687));
#2805 = CARTESIAN_POINT('',(2.393265624691,0.391233687076));
#2806 = CARTESIAN_POINT('',(2.398835339798,0.391763736985));
#2807 = CARTESIAN_POINT('',(2.402212422984,0.39208861397));
#2808 = CARTESIAN_POINT('',(2.405574551576,0.3924149277));
#2809 = CARTESIAN_POINT('',(2.408924063888,0.392742343042));
#2810 = CARTESIAN_POINT('',(2.412263102426,0.393070555536));
#2811 = CARTESIAN_POINT('',(2.415593684048,0.393399281783));
#2812 = CARTESIAN_POINT('',(2.418917752467,0.393728252133));
#2813 = CARTESIAN_POINT('',(2.423250341114,0.394157598676));
#2814 = CARTESIAN_POINT('',(2.424262771665,0.394257968017));
#2815 = CARTESIAN_POINT('',(2.42527444615,0.394358289983));
#2816 = CARTESIAN_POINT('',(2.42628528449,0.394458543742));
#2817 = CARTESIAN_POINT('',(2.427295206032,0.394558708473));
#2818 = CARTESIAN_POINT('',(2.428304129556,0.394658763365));
#2819 = CARTESIAN_POINT('',(2.429311973268,0.394758687618));
#2820 = CARTESIAN_POINT('',(2.431321066068,0.394957804699));
#2821 = CARTESIAN_POINT('',(2.43232328245,0.395057115154));
#2822 = CARTESIAN_POINT('',(2.433325541723,0.395156357438));
#2823 = CARTESIAN_POINT('',(2.434327867882,0.395255528038));
#2824 = CARTESIAN_POINT('',(2.435330142578,0.395354644061));
#2825 = CARTESIAN_POINT('',(2.436332185359,0.395453731674));
#2826 = CARTESIAN_POINT('',(2.43733384274,0.395552813233));
#2827 = CARTESIAN_POINT('',(2.440904514669,0.395906162249));
#2828 = CARTESIAN_POINT('',(2.443470916811,0.396160457155));
#2829 = CARTESIAN_POINT('',(2.446032316546,0.396415076322));
#2830 = CARTESIAN_POINT('',(2.448586644185,0.396670325167));
#2831 = CARTESIAN_POINT('',(2.451131744885,0.396926514846));
#2832 = CARTESIAN_POINT('',(2.453665389552,0.397183960712));
#2833 = CARTESIAN_POINT('',(2.456185288082,0.39744298038));
#2834 = CARTESIAN_POINT('',(2.461362212812,0.39798244347));
#2835 = CARTESIAN_POINT('',(2.464016923961,0.398263144366));
#2836 = CARTESIAN_POINT('',(2.466650403093,0.398546380823));
#2837 = CARTESIAN_POINT('',(2.469259655812,0.398832529202));
#2838 = CARTESIAN_POINT('',(2.471841558466,0.39912195165));
#2839 = CARTESIAN_POINT('',(2.474392894414,0.399414991286));
#2840 = CARTESIAN_POINT('',(2.476910396691,0.399711966441));
#2841 = CARTESIAN_POINT('',(2.480637402415,0.400164540494));
#2842 = CARTESIAN_POINT('',(2.481874628685,0.400316982654));
#2843 = CARTESIAN_POINT('',(2.483102056362,0.400470526237));
#2844 = CARTESIAN_POINT('',(2.48431926356,0.400625204747));
#2845 = CARTESIAN_POINT('',(2.485525827947,0.400781049154));
#2846 = CARTESIAN_POINT('',(2.486721328642,0.400938087671));
#2847 = CARTESIAN_POINT('',(2.487905348123,0.401096345524));
#2848 = CARTESIAN_POINT('',(2.49035015301,0.401429026831));
#2849 = CARTESIAN_POINT('',(2.491608811526,0.401603672648));
#2850 = CARTESIAN_POINT('',(2.492852921399,0.401779809997));
#2851 = CARTESIAN_POINT('',(2.494081960686,0.401957462798));
#2852 = CARTESIAN_POINT('',(2.495295423252,0.402136650115));
#2853 = CARTESIAN_POINT('',(2.496492817472,0.402317386255));
#2854 = CARTESIAN_POINT('',(2.497673666039,0.402499680765));
#2855 = CARTESIAN_POINT('',(2.503159255239,0.403366247183));
#2856 = CARTESIAN_POINT('',(2.50724644294,0.404070153465));
#2857 = CARTESIAN_POINT('',(2.511125998841,0.404791304168));
#2858 = CARTESIAN_POINT('',(2.51482396905,0.405526275887));
#2859 = CARTESIAN_POINT('',(2.518365410863,0.40627219123));
#2860 = CARTESIAN_POINT('',(2.521774482413,0.407026717956));
#2861 = CARTESIAN_POINT('',(2.525074758957,0.407788048701));
#2862 = CARTESIAN_POINT('',(2.529679990136,0.408886432983));
#2863 = CARTESIAN_POINT('',(2.531054076839,0.409218989591));
#2864 = CARTESIAN_POINT('',(2.53241387865,0.409552401903));
#2865 = CARTESIAN_POINT('',(2.533761179815,0.409886548003));
#2866 = CARTESIAN_POINT('',(2.535097735598,0.410221311696));
#2867 = CARTESIAN_POINT('',(2.536425282799,0.410556581879));
#2868 = CARTESIAN_POINT('',(2.537745550267,0.410892251914));
#2869 = CARTESIAN_POINT('',(2.539481137934,0.411335768948));
#2870 = CARTESIAN_POINT('',(2.539901591484,0.411443388588));
#2871 = CARTESIAN_POINT('',(2.540321673235,0.411551071293));
#2872 = CARTESIAN_POINT('',(2.540741426537,0.411658810427));
#2873 = CARTESIAN_POINT('',(2.541160894919,0.411766599347));
#2874 = CARTESIAN_POINT('',(2.541580122088,0.411874431406));
#2875 = CARTESIAN_POINT('',(2.541999151928,0.411982299946));
#2876 = CARTESIAN_POINT('',(2.542896968762,0.412213567766));
#2877 = CARTESIAN_POINT('',(2.543375602959,0.412336950404));
#2878 = CARTESIAN_POINT('',(2.543854020721,0.412460340867));
#2879 = CARTESIAN_POINT('',(2.544332309543,0.412583733925));
#2880 = CARTESIAN_POINT('',(2.544810554781,0.412707124465));
#2881 = CARTESIAN_POINT('',(2.545288839661,0.412830507499));
#2882 = CARTESIAN_POINT('',(2.545767245273,0.412953878158));
#2883 = CARTESIAN_POINT('',(2.550784437588,0.4142470397));
#2884 = CARTESIAN_POINT('',(2.55533542056,0.415415616496));
#2885 = CARTESIAN_POINT('',(2.559886011973,0.41658375693));
#2886 = CARTESIAN_POINT('',(2.564423035428,0.417752270838));
#2887 = CARTESIAN_POINT('',(2.568933329788,0.41892195883));
#2888 = CARTESIAN_POINT('',(2.57340417103,0.420093585943));
#2889 = CARTESIAN_POINT('',(2.57782362169,0.421267859063));
#2890 = CARTESIAN_POINT('',(2.582715040837,0.42258982089));
#2891 = CARTESIAN_POINT('',(2.583249013043,0.422734435755));
#2892 = CARTESIAN_POINT('',(2.583782622249,0.422879263103));
#2893 = CARTESIAN_POINT('',(2.584315856256,0.42302430746));
#2894 = CARTESIAN_POINT('',(2.584848702786,0.423169573358));
#2895 = CARTESIAN_POINT('',(2.585381149484,0.42331506533));
#2896 = CARTESIAN_POINT('',(2.585913183917,0.423460787915));
#2897 = CARTESIAN_POINT('',(2.586919182709,0.423736993766));
#2898 = CARTESIAN_POINT('',(2.587392720971,0.423867286515));
#2899 = CARTESIAN_POINT('',(2.587865386894,0.423997625064));
#2900 = CARTESIAN_POINT('',(2.588337163902,0.42412801029));
#2901 = CARTESIAN_POINT('',(2.588808040308,0.424258442786));
#2902 = CARTESIAN_POINT('',(2.589278009315,0.424388922862));
#2903 = CARTESIAN_POINT('',(2.589747069014,0.424519450538));
#2904 = CARTESIAN_POINT('',(2.593767162471,0.4256407175));
#2905 = CARTESIAN_POINT('',(2.597266717757,0.426634143547));
#2906 = CARTESIAN_POINT('',(2.600712530209,0.427630348458));
#2907 = CARTESIAN_POINT('',(2.604102969583,0.428629382732));
#2908 = CARTESIAN_POINT('',(2.607436139639,0.429631302375));
#2909 = CARTESIAN_POINT('',(2.610709879177,0.430636168929));
#2910 = CARTESIAN_POINT('',(2.613921757905,0.431644049744));
#2911 = CARTESIAN_POINT('',(2.618548424626,0.433130213062));
#2912 = CARTESIAN_POINT('',(2.620013513705,0.433606089075));
#2913 = CARTESIAN_POINT('',(2.621464052986,0.43408265383));
#2914 = CARTESIAN_POINT('',(2.622899744342,0.434559914659));
#2915 = CARTESIAN_POINT('',(2.624320277264,0.435037878758));
#2916 = CARTESIAN_POINT('',(2.625725326015,0.435516553311));
#2917 = CARTESIAN_POINT('',(2.627114547492,0.4359959456));
#2918 = CARTESIAN_POINT('',(2.631964479067,0.437691840418));
#2919 = CARTESIAN_POINT('',(2.635337953873,0.438912247938));
#2920 = CARTESIAN_POINT('',(2.63861271158,0.440136913061));
#2921 = CARTESIAN_POINT('',(2.641793778332,0.441365475329));
#2922 = CARTESIAN_POINT('',(2.644886448956,0.442597588713));
#2923 = CARTESIAN_POINT('',(2.647896233795,0.4438329241));
#2924 = CARTESIAN_POINT('',(2.650828810357,0.445071171584));
#2925 = CARTESIAN_POINT('',(2.654210637515,0.446537848468));
#2926 = CARTESIAN_POINT('',(2.654729392457,0.446763941565));
#2927 = CARTESIAN_POINT('',(2.655246275717,0.446990321864));
#2928 = CARTESIAN_POINT('',(2.65576131864,0.447216989397));
#2929 = CARTESIAN_POINT('',(2.65627455283,0.447443944187));
#2930 = CARTESIAN_POINT('',(2.656786010149,0.447671186258));
#2931 = CARTESIAN_POINT('',(2.657295722722,0.447898715628));
#2932 = CARTESIAN_POINT('',(2.658270782691,0.448335989086));
#2933 = CARTESIAN_POINT('',(2.658736001268,0.448545511311));
#2934 = CARTESIAN_POINT('',(2.659199400653,0.448755097898));
#2935 = CARTESIAN_POINT('',(2.659661018827,0.448964747189));
#2936 = CARTESIAN_POINT('',(2.660120876591,0.449174458167));
#2937 = CARTESIAN_POINT('',(2.660578999096,0.449384229674));
#2938 = CARTESIAN_POINT('',(2.661035430187,0.449594059887));
#2939 = CARTESIAN_POINT('',(2.663335280786,0.45065555723));
#2940 = CARTESIAN_POINT('',(2.665152567308,0.451508127789));
#2941 = CARTESIAN_POINT('',(2.666942122206,0.452361641755));
#2942 = CARTESIAN_POINT('',(2.66870400336,0.45321608175));
#2943 = CARTESIAN_POINT('',(2.670438243058,0.4540714312));
#2944 = CARTESIAN_POINT('',(2.672144849474,0.454927674297));
#2945 = CARTESIAN_POINT('',(2.673823808149,0.455784795951));
#2946 = CARTESIAN_POINT('',(2.67673482063,0.457297328338));
#2947 = CARTESIAN_POINT('',(2.677978445924,0.457952377754));
#2948 = CARTESIAN_POINT('',(2.679205943365,0.458607923563));
#2949 = CARTESIAN_POINT('',(2.680417289579,0.459263959468));
#2950 = CARTESIAN_POINT('',(2.681612454086,0.459920479298));
#2951 = CARTESIAN_POINT('',(2.682791399597,0.460577477007));
#2952 = CARTESIAN_POINT('',(2.683954082302,0.461234946659));
#2953 = CARTESIAN_POINT('',(2.685519910063,0.462133621774));
#2954 = CARTESIAN_POINT('',(2.685937434742,0.462374567505));
#2955 = CARTESIAN_POINT('',(2.686353015742,0.462615717457));
#2956 = CARTESIAN_POINT('',(2.686766642568,0.462857069479));
#2957 = CARTESIAN_POINT('',(2.68717830469,0.463098621428));
#2958 = CARTESIAN_POINT('',(2.687587991542,0.463340371169));
#2959 = CARTESIAN_POINT('',(2.687995692523,0.463582316576));
#2960 = CARTESIAN_POINT('',(2.691455917149,0.465647504495));
#2961 = CARTESIAN_POINT('',(2.694384570049,0.467474026396));
#2962 = CARTESIAN_POINT('',(2.697183593183,0.469303966379));
#2963 = CARTESIAN_POINT('',(2.699849313166,0.471137248371));
#2964 = CARTESIAN_POINT('',(2.702378194928,0.472973773858));
#2965 = CARTESIAN_POINT('',(2.704766894488,0.474813420581));
#2966 = CARTESIAN_POINT('',(2.707012315308,0.476656041152));
#2967 = CARTESIAN_POINT('',(2.711276498034,0.480404436585));
#2968 = CARTESIAN_POINT('',(2.7132861517,0.482310389674));
#2969 = CARTESIAN_POINT('',(2.71514161713,0.484219054287));
#2970 = CARTESIAN_POINT('',(2.716843930046,0.48613016907));
#2971 = CARTESIAN_POINT('',(2.718394207279,0.488043477479));
#2972 = CARTESIAN_POINT('',(2.719793672087,0.48995872748));
#2973 = CARTESIAN_POINT('',(2.721043671481,0.491875671342));
#2974 = CARTESIAN_POINT('',(2.723275874595,0.495761507049));
#2975 = CARTESIAN_POINT('',(2.724250411134,0.497730479483));
#2976 = CARTESIAN_POINT('',(2.725070476701,0.499700721066));
#2977 = CARTESIAN_POINT('',(2.725737554811,0.501671978672));
#2978 = CARTESIAN_POINT('',(2.726253426401,0.503644007859));
#2979 = CARTESIAN_POINT('',(2.726620156922,0.505616572952));
#2980 = CARTESIAN_POINT('',(2.726840075124,0.507589447158));
#2981 = CARTESIAN_POINT('',(2.726968762165,0.510944815912));
#2982 = CARTESIAN_POINT('',(2.726950968536,0.512327266373));
#2983 = CARTESIAN_POINT('',(2.726862016874,0.513709690731));
#2984 = CARTESIAN_POINT('',(2.726701635077,0.5150920152));
#2985 = CARTESIAN_POINT('',(2.726469624548,0.516474165595));
#2986 = CARTESIAN_POINT('',(2.726165860034,0.517856067333));
#2987 = CARTESIAN_POINT('',(2.725790289478,0.519237645433));
#2988 = CARTESIAN_POINT('',(2.725180741188,0.521119582934));
#2989 = CARTESIAN_POINT('',(2.725009112341,0.521620289));
#2990 = CARTESIAN_POINT('',(2.724828048297,0.522120939162));
#2991 = CARTESIAN_POINT('',(2.724637551221,0.522621529884));
#2992 = CARTESIAN_POINT('',(2.724437624472,0.523122057646));
#2993 = CARTESIAN_POINT('',(2.724228272602,0.523622518942));
#2994 = CARTESIAN_POINT('',(2.724009501356,0.524122910281));
#2995 = CARTESIAN_POINT('',(2.723687764264,0.52482835467));
#2996 = CARTESIAN_POINT('',(2.723592604591,0.525033520492));
#2997 = CARTESIAN_POINT('',(2.723495838869,0.52523872517));
#2998 = CARTESIAN_POINT('',(2.723397466048,0.525443968219));
#2999 = CARTESIAN_POINT('',(2.723297484711,0.525649249167));
#3000 = CARTESIAN_POINT('',(2.723195893966,0.525854567557));
#3001 = CARTESIAN_POINT('',(2.723092694345,0.526059922957));
#3002 = CARTESIAN_POINT('',(2.722108657626,0.527988378006));
#3003 = CARTESIAN_POINT('',(2.721118153969,0.529710471493));
#3004 = CARTESIAN_POINT('',(2.720017753543,0.531431463188));
#3005 = CARTESIAN_POINT('',(2.718808963037,0.533151230157));
#3006 = CARTESIAN_POINT('',(2.717493398456,0.534869658499));
#3007 = CARTESIAN_POINT('',(2.716072763574,0.536586643071));
#3008 = CARTESIAN_POINT('',(2.714548828378,0.538302087214));
#3009 = CARTESIAN_POINT('',(2.7125303917,0.540430291618));
#3010 = CARTESIAN_POINT('',(2.712131441826,0.540844585553));
#3011 = CARTESIAN_POINT('',(2.711726586351,0.541258783096));
#3012 = CARTESIAN_POINT('',(2.71131584623,0.541672882958));
#3013 = CARTESIAN_POINT('',(2.710899251085,0.542086884025));
#3014 = CARTESIAN_POINT('',(2.71047682934,0.54250078519));
#3015 = CARTESIAN_POINT('',(2.71004859926,0.542914585199));
#3016 = CARTESIAN_POINT('',(2.708233730443,0.544644509902));
#3017 = CARTESIAN_POINT('',(2.706794343971,0.545959701778));
#3018 = CARTESIAN_POINT('',(2.705297207603,0.547273822402));
#3019 = CARTESIAN_POINT('',(2.703743106836,0.548586838292));
#3020 = CARTESIAN_POINT('',(2.702132829115,0.549898718592));
#3021 = CARTESIAN_POINT('',(2.700467159492,0.551209434991));
#3022 = CARTESIAN_POINT('',(2.698746876271,0.552518961626));
#3023 = CARTESIAN_POINT('',(2.696504183256,0.554172812213));
#3024 = CARTESIAN_POINT('',(2.696031863884,0.554518264788));
#3025 = CARTESIAN_POINT('',(2.695555802704,0.554863632294));
#3026 = CARTESIAN_POINT('',(2.69507601381,0.555208914305));
#3027 = CARTESIAN_POINT('',(2.694592511237,0.555554110408));
#3028 = CARTESIAN_POINT('',(2.694105308961,0.555899220199));
#3029 = CARTESIAN_POINT('',(2.6936144209,0.556244243286));
#3030 = CARTESIAN_POINT('',(2.69288892878,0.556750245298));
#3031 = CARTESIAN_POINT('',(2.692657178713,0.5569113044));
#3032 = CARTESIAN_POINT('',(2.692424612149,0.55707235638));
#3033 = CARTESIAN_POINT('',(2.692191230528,0.557233401031));
#3034 = CARTESIAN_POINT('',(2.691957035292,0.557394438142));
#3035 = CARTESIAN_POINT('',(2.691722027886,0.557555467507));
#3036 = CARTESIAN_POINT('',(2.691486209756,0.557716488915));
#3037 = CARTESIAN_POINT('',(2.691046717888,0.558015541233));
#3038 = CARTESIAN_POINT('',(2.690843271092,0.558153566181));
#3039 = CARTESIAN_POINT('',(2.690639242243,0.558291576968));
#3040 = CARTESIAN_POINT('',(2.690434631959,0.558429573562));
#3041 = CARTESIAN_POINT('',(2.690229441193,0.558567555943));
#3042 = CARTESIAN_POINT('',(2.690023671238,0.5587055241));
#3043 = CARTESIAN_POINT('',(2.689817323722,0.558843478029));
#3044 = CARTESIAN_POINT('',(2.687780069045,0.560201559303));
#3045 = CARTESIAN_POINT('',(2.685904702791,0.561420587755));
#3046 = CARTESIAN_POINT('',(2.683985501744,0.562638503829));
#3047 = CARTESIAN_POINT('',(2.682023629249,0.563855310085));
#3048 = CARTESIAN_POINT('',(2.680020211066,0.565071010878));
#3049 = CARTESIAN_POINT('',(2.67797633433,0.566285612321));
#3050 = CARTESIAN_POINT('',(2.675893046519,0.56749912226));
#3051 = CARTESIAN_POINT('',(2.67297016751,0.569169383608));
#3052 = CARTESIAN_POINT('',(2.672163504484,0.56962706264));
#3053 = CARTESIAN_POINT('',(2.671351419616,0.570084587824));
#3054 = CARTESIAN_POINT('',(2.670533966392,0.570541959672));
#3055 = CARTESIAN_POINT('',(2.669711197506,0.570999178716));
#3056 = CARTESIAN_POINT('',(2.668883164856,0.571456245511));
#3057 = CARTESIAN_POINT('',(2.668049919551,0.571913160632));
#3058 = CARTESIAN_POINT('',(2.666499033159,0.572758082816));
#3059 = CARTESIAN_POINT('',(2.665782825349,0.57314613182));
#3060 = CARTESIAN_POINT('',(2.665062923202,0.573534072173));
#3061 = CARTESIAN_POINT('',(2.664339350281,0.573921904033));
#3062 = CARTESIAN_POINT('',(2.663612142907,0.574309627979));
#3063 = CARTESIAN_POINT('',(2.662881332074,0.574697244441));
#3064 = CARTESIAN_POINT('',(2.662146933874,0.575084753408));
#3065 = CARTESIAN_POINT('',(2.658766276454,0.576859537179));
#3066 = CARTESIAN_POINT('',(2.656078157437,0.57824555184));
#3067 = CARTESIAN_POINT('',(2.653346355653,0.579630232057));
#3068 = CARTESIAN_POINT('',(2.650572499545,0.581013610273));
#3069 = CARTESIAN_POINT('',(2.647758135266,0.582395719364));
#3070 = CARTESIAN_POINT('',(2.644904729636,0.583776592735));
#3071 = CARTESIAN_POINT('',(2.642013673092,0.585156264413));
#3072 = CARTESIAN_POINT('',(2.638368813916,0.586872624322));
#3073 = CARTESIAN_POINT('',(2.637649162764,0.587210409372));
#3074 = CARTESIAN_POINT('',(2.636927348601,0.587548124786));
#3075 = CARTESIAN_POINT('',(2.636203390588,0.587885771064));
#3076 = CARTESIAN_POINT('',(2.635477307635,0.588223348703));
#3077 = CARTESIAN_POINT('',(2.634749118402,0.588560858201));
#3078 = CARTESIAN_POINT('',(2.634018841299,0.588898300054));
#3079 = CARTESIAN_POINT('',(2.632749910149,0.589482866346));
#3080 = CARTESIAN_POINT('',(2.632212317995,0.589729974338));
#3081 = CARTESIAN_POINT('',(2.631673727573,0.589976998161));
#3082 = CARTESIAN_POINT('',(2.631134148396,0.590223937244));
#3083 = CARTESIAN_POINT('',(2.630593589941,0.590470791019));
#3084 = CARTESIAN_POINT('',(2.630052061648,0.590717558922));
#3085 = CARTESIAN_POINT('',(2.629509572921,0.590964240392));
#3086 = CARTESIAN_POINT('',(2.627192425836,0.592015683615));
#3087 = CARTESIAN_POINT('',(2.625407387503,0.592820162737));
#3088 = CARTESIAN_POINT('',(2.623611471967,0.593624286879));
#3089 = CARTESIAN_POINT('',(2.621805121452,0.594428070586));
#3090 = CARTESIAN_POINT('',(2.619988767112,0.595231528321));
#3091 = CARTESIAN_POINT('',(2.618162829563,0.596034674489));
#3092 = CARTESIAN_POINT('',(2.616327719414,0.596837523451));
#3093 = CARTESIAN_POINT('',(2.611791905499,0.598811777354));
#3094 = CARTESIAN_POINT('',(2.609081278704,0.59998286189));
#3095 = CARTESIAN_POINT('',(2.606353205274,0.601153387902));
#3096 = CARTESIAN_POINT('',(2.603608891683,0.602323399347));
#3097 = CARTESIAN_POINT('',(2.600849506441,0.603492939512));
#3098 = CARTESIAN_POINT('',(2.598076183501,0.604662051135));
#3099 = CARTESIAN_POINT('',(2.595290025681,0.605830776521));
#3100 = CARTESIAN_POINT('',(2.589730481871,0.608152384198));
#3101 = CARTESIAN_POINT('',(2.586957424247,0.609305275769));
#3102 = CARTESIAN_POINT('',(2.584174421109,0.610457890133));
#3103 = CARTESIAN_POINT('',(2.581382925641,0.611610283924));
#3104 = CARTESIAN_POINT('',(2.578584362985,0.612762512821));
#3105 = CARTESIAN_POINT('',(2.575780134925,0.613914631708));
#3106 = CARTESIAN_POINT('',(2.572971624574,0.615066694845));
#3107 = CARTESIAN_POINT('',(2.568432476622,0.616926740523));
#3108 = CARTESIAN_POINT('',(2.566703652284,0.61763472416));
#3109 = CARTESIAN_POINT('',(2.564974045921,0.618342719365));
#3110 = CARTESIAN_POINT('',(2.563243973578,0.619050738422));
#3111 = CARTESIAN_POINT('',(2.561513749861,0.619758793488));
#3112 = CARTESIAN_POINT('',(2.559783688332,0.620466896608));
#3113 = CARTESIAN_POINT('',(2.558054101903,0.621175059726));
#3114 = CARTESIAN_POINT('',(2.555961085257,0.622032503407));
#3115 = CARTESIAN_POINT('',(2.55559690209,0.622181715297));
#3116 = CARTESIAN_POINT('',(2.555232757563,0.622330930514));
#3117 = CARTESIAN_POINT('',(2.554868654392,0.622480149161));
#3118 = CARTESIAN_POINT('',(2.554504594173,0.622629371298));
#3119 = CARTESIAN_POINT('',(2.554140577378,0.622778596941));
#3120 = CARTESIAN_POINT('',(2.55377660336,0.622927826066));
#3121 = CARTESIAN_POINT('',(2.550483954737,0.624277995512));
#3122 = CARTESIAN_POINT('',(2.547558000703,0.625479157479));
#3123 = CARTESIAN_POINT('',(2.544634896859,0.626680547384));
#3124 = CARTESIAN_POINT('',(2.541714733439,0.627882168108));
#3125 = CARTESIAN_POINT('',(2.538797602696,0.629084022539));
#3126 = CARTESIAN_POINT('',(2.535883599309,0.630286113595));
#3127 = CARTESIAN_POINT('',(2.532972820786,0.631488444232));
#3128 = CARTESIAN_POINT('',(2.529010360894,0.633127386736));
#3129 = CARTESIAN_POINT('',(2.527955791811,0.633563787955));
#3130 = CARTESIAN_POINT('',(2.526901665422,0.63400022126));
#3131 = CARTESIAN_POINT('',(2.525847986596,0.634436686794));
#3132 = CARTESIAN_POINT('',(2.524794760267,0.634873184703));
#3133 = CARTESIAN_POINT('',(2.523741991428,0.635309715133));
#3134 = CARTESIAN_POINT('',(2.522689685135,0.635746278233));
#3135 = CARTESIAN_POINT('',(2.520743501203,0.636554098007));
#3136 = CARTESIAN_POINT('',(2.519849492861,0.636925345547));
#3137 = CARTESIAN_POINT('',(2.518955829109,0.637296617027));
#3138 = CARTESIAN_POINT('',(2.518062505259,0.637667912251));
#3139 = CARTESIAN_POINT('',(2.517169529061,0.638039231476));
#3140 = CARTESIAN_POINT('',(2.516276910797,0.638410575054));
#3141 = CARTESIAN_POINT('',(2.515384651007,0.638781942977));
#3142 = CARTESIAN_POINT('',(2.511282743128,0.640490015643));
#3143 = CARTESIAN_POINT('',(2.508077471989,0.641827014397));
#3144 = CARTESIAN_POINT('',(2.504877212076,0.643164340249));
#3145 = CARTESIAN_POINT('',(2.501682238172,0.644502001718));
#3146 = CARTESIAN_POINT('',(2.498492834072,0.64584000743));
#3147 = CARTESIAN_POINT('',(2.495309294197,0.647178366166));
#3148 = CARTESIAN_POINT('',(2.492131925198,0.648517086917));
#3149 = CARTESIAN_POINT('',(2.488582628047,0.650015989121));
#3150 = CARTESIAN_POINT('',(2.48820451335,0.650175714915));
#3151 = CARTESIAN_POINT('',(2.487826704264,0.650335356137));
#3152 = CARTESIAN_POINT('',(2.487449201576,0.650494912614));
#3153 = CARTESIAN_POINT('',(2.487072006072,0.650654384173));
#3154 = CARTESIAN_POINT('',(2.486695118538,0.65081377064));
#3155 = CARTESIAN_POINT('',(2.486318539759,0.650973071842));
#3156 = CARTESIAN_POINT('',(2.485613033655,0.651271601358));
#3157 = CARTESIAN_POINT('',(2.485284036677,0.65141084979));
#3158 = CARTESIAN_POINT('',(2.484955276789,0.651550032678));
#3159 = CARTESIAN_POINT('',(2.484626753048,0.651689149859));
#3160 = CARTESIAN_POINT('',(2.484298466368,0.65182820123));
#3161 = CARTESIAN_POINT('',(2.483970419522,0.651967186747));
#3162 = CARTESIAN_POINT('',(2.483642617139,0.652106106426));
#3163 = CARTESIAN_POINT('',(2.480914650711,0.653262533743));
#3164 = CARTESIAN_POINT('',(2.478518837998,0.654280348903));
#3165 = CARTESIAN_POINT('',(2.476129747699,0.655298479859));
#3166 = CARTESIAN_POINT('',(2.473749538831,0.656316999669));
#3167 = CARTESIAN_POINT('',(2.471380415891,0.657335980618));
#3168 = CARTESIAN_POINT('',(2.469024635449,0.658355494414));
#3169 = CARTESIAN_POINT('',(2.466684512741,0.659375612396));
#3170 = CARTESIAN_POINT('',(2.463009303249,0.660991242427));
#3171 = CARTESIAN_POINT('',(2.461662304103,0.661586308129));
#3172 = CARTESIAN_POINT('',(2.4603219022,0.662181616807));
#3173 = CARTESIAN_POINT('',(2.458988576934,0.662777182206));
#3174 = CARTESIAN_POINT('',(2.457662816204,0.663373017863));
#3175 = CARTESIAN_POINT('',(2.456345116895,0.663969137126));
#3176 = CARTESIAN_POINT('',(2.455035985364,0.664565553165));
#3177 = CARTESIAN_POINT('',(2.453280159909,0.665371482554));
#3178 = CARTESIAN_POINT('',(2.452825499844,0.665580724232));
#3179 = CARTESIAN_POINT('',(2.452371967656,0.665790004189));
#3180 = CARTESIAN_POINT('',(2.451919625075,0.665999324208));
#3181 = CARTESIAN_POINT('',(2.451468452059,0.666208683506));
#3182 = CARTESIAN_POINT('',(2.451018425286,0.666418081192));
#3183 = CARTESIAN_POINT('',(2.450569593132,0.666627518619));
#3184 = CARTESIAN_POINT('',(2.446882061966,0.668353046573));
#3185 = CARTESIAN_POINT('',(2.443703947491,0.669871143629));
#3186 = CARTESIAN_POINT('',(2.440589279391,0.671391280732));
#3187 = CARTESIAN_POINT('',(2.437539967072,0.672913452814));
#3188 = CARTESIAN_POINT('',(2.43455815905,0.674437655607));
#3189 = CARTESIAN_POINT('',(2.431646275795,0.675963886543));
#3190 = CARTESIAN_POINT('',(2.428807054468,0.677492145985));
#3191 = CARTESIAN_POINT('',(2.423242373268,0.68057365455));
#3192 = CARTESIAN_POINT('',(2.420518993408,0.682126954824));
#3193 = CARTESIAN_POINT('',(2.417871256774,0.683682203906));
#3194 = CARTESIAN_POINT('',(2.415297151743,0.685239277456));
#3195 = CARTESIAN_POINT('',(2.412794849444,0.686798062112));
#3196 = CARTESIAN_POINT('',(2.410362695449,0.688358455256));
#3197 = CARTESIAN_POINT('',(2.407999207958,0.689920364934));
#3198 = CARTESIAN_POINT('',(2.404038507101,0.692617056558));
#3199 = CARTESIAN_POINT('',(2.402409300565,0.693751156697));
#3200 = CARTESIAN_POINT('',(2.400816532279,0.694886009488));
#3201 = CARTESIAN_POINT('',(2.39926117107,0.696021610985));
#3202 = CARTESIAN_POINT('',(2.397744034285,0.697157953213));
#3203 = CARTESIAN_POINT('',(2.396265743249,0.698295023359));
#3204 = CARTESIAN_POINT('',(2.394826685043,0.699432803078));
#3205 = CARTESIAN_POINT('',(2.393078123501,0.70085501471));
#3206 = CARTESIAN_POINT('',(2.392731710919,0.701138804115));
#3207 = CARTESIAN_POINT('',(2.392387744797,0.701422635789));
#3208 = CARTESIAN_POINT('',(2.392046225995,0.70170650936));
#3209 = CARTESIAN_POINT('',(2.39170715432,0.70199042444));
#3210 = CARTESIAN_POINT('',(2.391370528525,0.702274380627));
#3211 = CARTESIAN_POINT('',(2.391036346306,0.7025583775));
#3212 = CARTESIAN_POINT('',(2.390375104908,0.703124531827));
#3213 = CARTESIAN_POINT('',(2.390048011778,0.703406688722));
#3214 = CARTESIAN_POINT('',(2.389723323555,0.703688884917));
#3215 = CARTESIAN_POINT('',(2.389401039626,0.703971120033));
#3216 = CARTESIAN_POINT('',(2.389081160035,0.704253393701));
#3217 = CARTESIAN_POINT('',(2.388763685395,0.704535705562));
#3218 = CARTESIAN_POINT('',(2.388448616794,0.704818055268));
#3219 = CARTESIAN_POINT('',(2.386913193827,0.706204808646));
#3220 = CARTESIAN_POINT('',(2.385727256208,0.707309747606));
#3221 = CARTESIAN_POINT('',(2.384578238445,0.708415239999));
#3222 = CARTESIAN_POINT('',(2.383466368981,0.709521267552));
#3223 = CARTESIAN_POINT('',(2.38239201436,0.710627813135));
#3224 = CARTESIAN_POINT('',(2.381355693251,0.711734860947));
#3225 = CARTESIAN_POINT('',(2.380358099239,0.712842396818));
#3226 = CARTESIAN_POINT('',(2.379092358839,0.714306386299));
#3227 = CARTESIAN_POINT('',(2.378788695613,0.714662413225));
#3228 = CARTESIAN_POINT('',(2.378489068067,0.715018487737));
#3229 = CARTESIAN_POINT('',(2.378193383625,0.715374607995));
#3230 = CARTESIAN_POINT('',(2.37790159253,0.715730772695));
#3231 = CARTESIAN_POINT('',(2.377613621224,0.716086980299));
#3232 = CARTESIAN_POINT('',(2.377329427074,0.716443229668));
#3233 = CARTESIAN_POINT('',(2.376779727537,0.717141548557));
#3234 = CARTESIAN_POINT('',(2.376513929996,0.717483614871));
#3235 = CARTESIAN_POINT('',(2.376251534273,0.717825717639));
#3236 = CARTESIAN_POINT('',(2.375992509817,0.718167855973));
#3237 = CARTESIAN_POINT('',(2.375736833415,0.718510029072));
#3238 = CARTESIAN_POINT('',(2.375484489734,0.718852236231));
#3239 = CARTESIAN_POINT('',(2.37523547187,0.719194476842));
#3240 = CARTESIAN_POINT('',(2.374600837545,0.720078593401));
#3241 = CARTESIAN_POINT('',(2.374220233437,0.720620518714));
#3242 = CARTESIAN_POINT('',(2.373847980082,0.721162524599));
#3243 = CARTESIAN_POINT('',(2.373484143973,0.721704609626));
#3244 = CARTESIAN_POINT('',(2.373128868571,0.722246772863));
#3245 = CARTESIAN_POINT('',(2.372782384742,0.722789013968));
#3246 = CARTESIAN_POINT('',(2.372445051177,0.723331333551));
#3247 = CARTESIAN_POINT('',(2.371917417639,0.724204963043));
#3248 = CARTESIAN_POINT('',(2.37172101511,0.72453622214));
#3249 = CARTESIAN_POINT('',(2.371527991439,0.724867508569));
#3250 = CARTESIAN_POINT('',(2.371338070641,0.725198819548));
#3251 = CARTESIAN_POINT('',(2.371150927222,0.725530152093));
#3252 = CARTESIAN_POINT('',(2.37096618638,0.725861503021));
#3253 = CARTESIAN_POINT('',(2.370783372951,0.726192868552));
#3254 = CARTESIAN_POINT('',(2.370505405839,0.726699933986));
#3255 = CARTESIAN_POINT('',(2.370409419855,0.726875627592));
#3256 = CARTESIAN_POINT('',(2.37031364154,0.727051322778));
#3257 = CARTESIAN_POINT('',(2.370217935668,0.727227018552));
#3258 = CARTESIAN_POINT('',(2.370122120209,0.727402713557));
#3259 = CARTESIAN_POINT('',(2.370025966628,0.727578406072));
#3260 = CARTESIAN_POINT('',(2.369929160755,0.727754093721));
#3261 = CARTESIAN_POINT('',(2.369786720327,0.728009421948));
#3262 = CARTESIAN_POINT('',(2.36974314133,0.728087093899));
#3263 = CARTESIAN_POINT('',(2.369700405735,0.72816275548));
#3264 = CARTESIAN_POINT('',(2.36965850164,0.728236373952));
#3265 = CARTESIAN_POINT('',(2.369617417151,0.728307916578));
#3266 = CARTESIAN_POINT('',(2.369577140376,0.728377350617));
#3267 = CARTESIAN_POINT('',(2.369537659433,0.728444643328));
#3268 = CARTESIAN_POINT('',(2.369460265454,0.728574880605));
#3269 = CARTESIAN_POINT('',(2.369422352418,0.728637825172));
#3270 = CARTESIAN_POINT('',(2.369385211456,0.728698562924));
#3271 = CARTESIAN_POINT('',(2.369348830695,0.728757061115));
#3272 = CARTESIAN_POINT('',(2.369313198268,0.728813287));
#3273 = CARTESIAN_POINT('',(2.369278302312,0.72886720783));
#3274 = CARTESIAN_POINT('',(2.369244130967,0.728918790855));
#3275 = CARTESIAN_POINT('',(2.369186338865,0.729003794209));
#3276 = CARTESIAN_POINT('',(2.369162382344,0.729038331248));
#3277 = CARTESIAN_POINT('',(2.36913879826,0.729071601839));
#3278 = CARTESIAN_POINT('',(2.369115582054,0.729103593386));
#3279 = CARTESIAN_POINT('',(2.369092729168,0.729134293287));
#3280 = CARTESIAN_POINT('',(2.369070235047,0.729163688943));
#3281 = CARTESIAN_POINT('',(2.369048095135,0.729191767754));
#3282 = CARTESIAN_POINT('',(2.369026304879,0.729218517119));
#3283 = CARTESIAN_POINT('',(2.369009469864,0.729239215361));
#3284 = CARTESIAN_POINT('',(2.368992141752,0.729259907618));
#3285 = CARTESIAN_POINT('',(2.368974326872,0.729280594434));
#3286 = CARTESIAN_POINT('',(2.368955963704,0.729301275116));
#3287 = CARTESIAN_POINT('',(2.368936922878,0.729321947729));
#3288 = CARTESIAN_POINT('',(2.368917007173,0.7293426091));
#3289 = CARTESIAN_POINT('',(2.368895951522,0.729363254818));
#3290 = CARTESIAN_POINT('',(2.368873423006,0.729383879228));
#3291 = ( GEOMETRIC_REPRESENTATION_CONTEXT(2) 
PARAMETRIC_REPRESENTATION_CONTEXT() REPRESENTATION_CONTEXT('2D SPACE',''
  ) );
#3292 = PCURVE('',#3293,#3697);
#3293 = B_SPLINE_SURFACE_WITH_KNOTS('',3,3,(
    (#3294,#3295,#3296,#3297,#3298,#3299,#3300,#3301,#3302,#3303,#3304
      ,#3305,#3306)
    ,(#3307,#3308,#3309,#3310,#3311,#3312,#3313,#3314,#3315,#3316,#3317
      ,#3318,#3319)
    ,(#3320,#3321,#3322,#3323,#3324,#3325,#3326,#3327,#3328,#3329,#3330
      ,#3331,#3332)
    ,(#3333,#3334,#3335,#3336,#3337,#3338,#3339,#3340,#3341,#3342,#3343
      ,#3344,#3345)
    ,(#3346,#3347,#3348,#3349,#3350,#3351,#3352,#3353,#3354,#3355,#3356
      ,#3357,#3358)
    ,(#3359,#3360,#3361,#3362,#3363,#3364,#3365,#3366,#3367,#3368,#3369
      ,#3370,#3371)
    ,(#3372,#3373,#3374,#3375,#3376,#3377,#3378,#3379,#3380,#3381,#3382
      ,#3383,#3384)
    ,(#3385,#3386,#3387,#3388,#3389,#3390,#3391,#3392,#3393,#3394,#3395
      ,#3396,#3397)
    ,(#3398,#3399,#3400,#3401,#3402,#3403,#3404,#3405,#3406,#3407,#3408
      ,#3409,#3410)
    ,(#3411,#3412,#3413,#3414,#3415,#3416,#3417,#3418,#3419,#3420,#3421
      ,#3422,#3423)
    ,(#3424,#3425,#3426,#3427,#3428,#3429,#3430,#3431,#3432,#3433,#3434
      ,#3435,#3436)
    ,(#3437,#3438,#3439,#3440,#3441,#3442,#3443,#3444,#3445,#3446,#3447
      ,#3448,#3449)
    ,(#3450,#3451,#3452,#3453,#3454,#3455,#3456,#3457,#3458,#3459,#3460
      ,#3461,#3462)
    ,(#3463,#3464,#3465,#3466,#3467,#3468,#3469,#3470,#3471,#3472,#3473
      ,#3474,#3475)
    ,(#3476,#3477,#3478,#3479,#3480,#3481,#3482,#3483,#3484,#3485,#3486
      ,#3487,#3488)
    ,(#3489,#3490,#3491,#3492,#3493,#3494,#3495,#3496,#3497,#3498,#3499
      ,#3500,#3501)
    ,(#3502,#3503,#3504,#3505,#3506,#3507,#3508,#3509,#3510,#3511,#3512
      ,#3513,#3514)
    ,(#3515,#3516,#3517,#3518,#3519,#3520,#3521,#3522,#3523,#3524,#3525
      ,#3526,#3527)
    ,(#3528,#3529,#3530,#3531,#3532,#3533,#3534,#3535,#3536,#3537,#3538
      ,#3539,#3540)
    ,(#3541,#3542,#3543,#3544,#3545,#3546,#3547,#3548,#3549,#3550,#3551
      ,#3552,#3553)
    ,(#3554,#3555,#3556,#3557,#3558,#3559,#3560,#3561,#3562,#3563,#3564
      ,#3565,#3566)
    ,(#3567,#3568,#3569,#3570,#3571,#3572,#3573,#3574,#3575,#3576,#3577
      ,#3578,#3579)
    ,(#3580,#3581,#3582,#3583,#3584,#3585,#3586,#3587,#3588,#3589,#3590
      ,#3591,#3592)
    ,(#3593,#3594,#3595,#3596,#3597,#3598,#3599,#3600,#3601,#3602,#3603
      ,#3604,#3605)
    ,(#3606,#3607,#3608,#3609,#3610,#3611,#3612,#3613,#3614,#3615,#3616
      ,#3617,#3618)
    ,(#3619,#3620,#3621,#3622,#3623,#3624,#3625,#3626,#3627,#3628,#3629
      ,#3630,#3631)
    ,(#3632,#3633,#3634,#3635,#3636,#3637,#3638,#3639,#3640,#3641,#3642
      ,#3643,#3644)
    ,(#3645,#3646,#3647,#3648,#3649,#3650,#3651,#3652,#3653,#3654,#3655
      ,#3656,#3657)
    ,(#3658,#3659,#3660,#3661,#3662,#3663,#3664,#3665,#3666,#3667,#3668
      ,#3669,#3670)
    ,(#3671,#3672,#3673,#3674,#3675,#3676,#3677,#3678,#3679,#3680,#3681
      ,#3682,#3683)
    ,(#3684,#3685,#3686,#3687,#3688,#3689,#3690,#3691,#3692,#3693,#3694
      ,#3695,#3696
    )),.UNSPECIFIED.,.F.,.F.,.F.,(4,1,1,1,1,1,1,1,1,1,1,1,1,1,1,1,1,1,1,
    1,1,1,1,1,1,1,1,1,4),(4,1,1,1,1,1,1,1,1,1,4),(0.,3.571428571429E-02,
    7.142857142857E-02,0.107142857143,0.142857142857,0.178571428571,
    0.214285714286,0.25,0.285714285714,0.321428571429,0.357142857143,
    0.392857142857,0.428571428571,0.464285714286,0.5,0.535714285714,
    0.571428571429,0.607142857143,0.642857142857,0.678571428571,
    0.714285714286,0.75,0.785714285714,0.821428571429,0.857142857143,
    0.892857142857,0.928571428571,0.964285714286,1.),(0.,0.1,0.2,0.3,0.4
    ,0.5,0.6,0.7,0.8,0.9,1.),.QUASI_UNIFORM_KNOTS.);
#3294 = CARTESIAN_POINT('',(1.2743744E+04,-375.046,-1.2423E+03));
#3295 = CARTESIAN_POINT('',(1.288395619613E+04,-780.793281487,
    -1.223747945602E+03));
#3296 = CARTESIAN_POINT('',(1.318913284214E+04,-1.631951860413E+03,
    -1.183368759094E+03));
#3297 = CARTESIAN_POINT('',(1.372102898919E+04,-3.027480022163E+03,
    -1.112991362662E+03));
#3298 = CARTESIAN_POINT('',(1.432693079952E+04,-4.541596832929E+03,
    -1.032821956956E+03));
#3299 = CARTESIAN_POINT('',(1.500671282894E+04,-6.174100761636E+03,
    -942.8771400425));
#3300 = CARTESIAN_POINT('',(1.576024970481E+04,-7.924790392222E+03,
    -843.1735005145));
#3301 = CARTESIAN_POINT('',(1.658741612383E+04,-9.793464419955E+03,
    -733.7276177965));
#3302 = CARTESIAN_POINT('',(1.748808685424E+04,-1.177992165509E+04,
    -614.5560618424));
#3303 = CARTESIAN_POINT('',(1.846213673453E+04,-1.388396102076E+04,
    -485.675393311));
#3304 = CARTESIAN_POINT('',(1.950944067374E+04,-1.610538155334E+04,
    -347.1021635312));
#3305 = CARTESIAN_POINT('',(2.025639599265E+04,-1.766444878691E+04,
    -248.2693307811));
#3306 = CARTESIAN_POINT('',(2.0642041E+04,-1.8463479E+04,-197.243));
#3307 = CARTESIAN_POINT('',(1.274285751524E+04,-375.046,
    -1.251066470378E+03));
#3308 = CARTESIAN_POINT('',(1.288310941187E+04,-780.8040718001,
    -1.232204489773E+03));
#3309 = CARTESIAN_POINT('',(1.318835784709E+04,-1.631976792132E+03,
    -1.191223787595E+03));
#3310 = CARTESIAN_POINT('',(1.372034255474E+04,-3.027508601417E+03,
    -1.119998761472E+03));
#3311 = CARTESIAN_POINT('',(1.432631751507E+04,-4.541616248208E+03,
    -1.039036003483E+03));
#3312 = CARTESIAN_POINT('',(1.500616099687E+04,-6.174102954471E+03,
    -948.3517453049));
#3313 = CARTESIAN_POINT('',(1.575975134095E+04,-7.924772057166E+03,
    -847.9622091591));
#3314 = CARTESIAN_POINT('',(1.658696695779E+04,-9.793427004559E+03,
    -737.8836081126));
#3315 = CARTESIAN_POINT('',(1.748768632991E+04,-1.177987135988E+04,
    -618.1321457786));
#3316 = CARTESIAN_POINT('',(1.846178801044E+04,-1.388390879922E+04,
    -488.7240164908));
#3317 = CARTESIAN_POINT('',(1.950915062348E+04,-1.610534311189E+04,
    -349.675405269));
#3318 = CARTESIAN_POINT('',(2.025615211767E+04,-1.766443317174E+04,
    -250.560126905));
#3319 = CARTESIAN_POINT('',(2.064182259682E+04,-1.8463479E+04,
    -199.4011311076));
#3320 = CARTESIAN_POINT('',(1.273541291957E+04,-375.046,
    -1.352285406859E+03));
#3321 = CARTESIAN_POINT('',(1.287594403121E+04,-780.8256524262,
    -1.329854315493E+03));
#3322 = CARTESIAN_POINT('',(1.318172421802E+04,-1.63202665557E+03,
    -1.281941370257E+03));
#3323 = CARTESIAN_POINT('',(1.371443394214E+04,-3.027565759925E+03,
    -1.200935182089E+03));
#3324 = CARTESIAN_POINT('',(1.432106873319E+04,-4.541655078765E+03,
    -1.11080773179E+03));
#3325 = CARTESIAN_POINT('',(1.500151428599E+04,-6.174107340142E+03,
    -1.011574518259E+03));
#3326 = CARTESIAN_POINT('',(1.575565636816E+04,-7.924735387055E+03,
    -903.2510309715));
#3327 = CARTESIAN_POINT('',(1.658338081787E+04,-9.793352173768E+03,
    -785.8527502806));
#3328 = CARTESIAN_POINT('',(1.748457354609E+04,-1.177977076947E+04,
    -659.3951471174));
#3329 = CARTESIAN_POINT('',(1.845912053528E+04,-1.388380435614E+04,
    -523.8936831658));
#3330 = CARTESIAN_POINT('',(1.950690783966E+04,-1.610526622899E+04,
    -379.3638108272));
#3331 = CARTESIAN_POINT('',(2.02541836705E+04,-1.766440194139E+04,
    -277.0019190261));
#3332 = CARTESIAN_POINT('',(2.063999035888E+04,-1.8463479E+04,
    -224.3213845777));
#3333 = CARTESIAN_POINT('',(1.282599670679E+04,-375.046,
    -1.442375130882E+03));
#3334 = CARTESIAN_POINT('',(1.296336025962E+04,-780.8580233654,
    -1.416765916009E+03));
#3335 = CARTESIAN_POINT('',(1.326297124746E+04,-1.632101450726E+03,
    -1.362680842683E+03));
#3336 = CARTESIAN_POINT('',(1.378693606574E+04,-3.027651497687E+03,
    -1.272967719886E+03));
#3337 = CARTESIAN_POINT('',(1.438534598134E+04,-4.5417133246E+03,
    -1.174683493253E+03));
#3338 = CARTESIAN_POINT('',(1.505809782807E+04,-6.174113918648E+03,
    -1.067842562514E+03));
#3339 = CARTESIAN_POINT('',(1.580508851382E+04,-7.924680381888E+03,
    -952.4593180276));
#3340 = CARTESIAN_POINT('',(1.662621501822E+04,-9.79323992758E+03,
    -828.5481410752));
#3341 = CARTESIAN_POINT('',(1.752137439498E+04,-1.177961988384E+04,
    -696.1234035656));
#3342 = CARTESIAN_POINT('',(1.849046377053E+04,-1.388364769153E+04,
    -555.1994682072));
#3343 = CARTESIAN_POINT('',(1.953338034426E+04,-1.610515090463E+04,
    -405.7906884744));
#3344 = CARTESIAN_POINT('',(2.027780770763E+04,-1.766435509586E+04,
    -300.537835166));
#3345 = CARTESIAN_POINT('',(2.066229169179E+04,-1.8463479E+04,
    -246.5020476807));
#3346 = CARTESIAN_POINT('',(1.299626272368E+04,-375.046,
    -1.543061497606E+03));
#3347 = CARTESIAN_POINT('',(1.312765022064E+04,-780.8903943046,
    -1.513900850915E+03));
#3348 = CARTESIAN_POINT('',(1.34156362854E+04,-1.632176245882E+03,
    -1.452918434648E+03));
#3349 = CARTESIAN_POINT('',(1.392315642155E+04,-3.027737235449E+03,
    -1.353474760268E+03));
#3350 = CARTESIAN_POINT('',(1.450612549528E+04,-4.541771570436E+03,
    -1.246074345664E+03));
#3351 = CARTESIAN_POINT('',(1.51644514794E+04,-6.174120497154E+03,
    -1.1307304914E+03));
#3352 = CARTESIAN_POINT('',(1.589804242208E+04,-7.92462537672E+03,
    -1.007456488717E+03));
#3353 = CARTESIAN_POINT('',(1.670680644442E+04,-9.793127681393E+03,
    -876.2656198256));
#3354 = CARTESIAN_POINT('',(1.759065174286E+04,-1.177946899822E+04,
    -737.171157611));
#3355 = CARTESIAN_POINT('',(1.854948658777E+04,-1.388349102692E+04,
    -590.1863658069));
#3356 = CARTESIAN_POINT('',(1.958321932376E+04,-1.610503558028E+04,
    -435.3244989601));
#3357 = CARTESIAN_POINT('',(2.032224535486E+04,-1.766430825034E+04,
    -326.840701211));
#3358 = CARTESIAN_POINT('',(2.070421083737E+04,-1.8463479E+04,
    -271.2903701086));
#3359 = CARTESIAN_POINT('',(1.314871566898E+04,-375.046,
    -1.62889619559E+03));
#3360 = CARTESIAN_POINT('',(1.327475478394E+04,-780.9227652438,
    -1.596707750198E+03));
#3361 = CARTESIAN_POINT('',(1.355233526349E+04,-1.632251041038E+03,
    -1.529845167781E+03));
#3362 = CARTESIAN_POINT('',(1.404513169484E+04,-3.027822973212E+03,
    -1.422106438671E+03));
#3363 = CARTESIAN_POINT('',(1.461427287452E+04,-4.541829816271E+03,
    -1.306935064618E+03));
#3364 = CARTESIAN_POINT('',(1.525967791439E+04,-6.174127075661E+03,
    -1.18434324702E+03));
#3365 = CARTESIAN_POINT('',(1.598126600286E+04,-7.924570371553E+03,
    -1.054343177999E+03));
#3366 = CARTESIAN_POINT('',(1.677895640249E+04,-9.793015435206E+03,
    -916.9470406931));
#3367 = CARTESIAN_POINT('',(1.765266845246E+04,-1.17793181126E+04,
    -772.1670089667));
#3368 = CARTESIAN_POINT('',(1.860232156711E+04,-1.388333436231E+04,
    -620.0152475779));
#3369 = CARTESIAN_POINT('',(1.962783523624E+04,-1.610492025593E+04,
    -460.503912146));
#3370 = CARTESIAN_POINT('',(2.036203109599E+04,-1.766426140482E+04,
    -349.2647367539));
#3371 = CARTESIAN_POINT('',(2.074174565241E+04,-1.8463479E+04,
    -292.4226007113));
#3372 = CARTESIAN_POINT('',(1.336194052944E+04,-375.046,
    -1.677931224277E+03));
#3373 = CARTESIAN_POINT('',(1.348048938346E+04,-780.955136183,
    -1.644011844365E+03));
#3374 = CARTESIAN_POINT('',(1.374350348596E+04,-1.632325836194E+03,
    -1.573788383907E+03));
#3375 = CARTESIAN_POINT('',(1.421570392269E+04,-3.027908710974E+03,
    -1.461310211479E+03));
#3376 = CARTESIAN_POINT('',(1.476551381652E+04,-4.541888062107E+03,
    -1.341700168634E+03));
#3377 = CARTESIAN_POINT('',(1.539286341827E+04,-6.174133654167E+03,
    -1.214969357604E+03));
#3378 = CARTESIAN_POINT('',(1.609768305664E+04,-7.924515366386E+03,
    -1.081128871392E+03));
#3379 = CARTESIAN_POINT('',(1.687990313567E+04,-9.792903189019E+03,
    -940.1897940673));
#3380 = CARTESIAN_POINT('',(1.773945413725E+04,-1.177916722697E+04,
    -792.1632004697));
#3381 = CARTESIAN_POINT('',(1.86762666197E+04,-1.388317769769E+04,
    -637.0601563826));
#3382 = CARTESIAN_POINT('',(1.969027121799E+04,-1.610480493158E+04,
    -474.8917184982));
#3383 = CARTESIAN_POINT('',(2.04176895024E+04,-1.766421455929E+04,
    -362.0765290487));
#3384 = CARTESIAN_POINT('',(2.079424091372E+04,-1.8463479E+04,
    -304.495049733));
#3385 = CARTESIAN_POINT('',(1.357256460208E+04,-375.046,
    -1.724948030865E+03));
#3386 = CARTESIAN_POINT('',(1.36837148141E+04,-780.9875071222,
    -1.689368920692E+03));
#3387 = CARTESIAN_POINT('',(1.393234052987E+04,-1.63240063135E+03,
    -1.615922894067E+03));
#3388 = CARTESIAN_POINT('',(1.438419621492E+04,-3.027994448736E+03,
    -1.498900456186E+03));
#3389 = CARTESIAN_POINT('',(1.491491032326E+04,-4.541946307942E+03,
    -1.375034632472E+03));
#3390 = CARTESIAN_POINT('',(1.552442424472E+04,-6.174140232673E+03,
    -1.244335425992E+03));
#3391 = CARTESIAN_POINT('',(1.621267944825E+04,-7.924460361219E+03,
    -1.106812830629E+03));
#3392 = CARTESIAN_POINT('',(1.697961747937E+04,-9.792790942832E+03,
    -962.4768313822));
#3393 = CARTESIAN_POINT('',(1.782517996272E+04,-1.177901634135E+04,
    -811.3374040683));
#3394 = CARTESIAN_POINT('',(1.874930860053E+04,-1.388302103308E+04,
    -653.4045154957));
#3395 = CARTESIAN_POINT('',(1.975194517301E+04,-1.610468960723E+04,
    -488.6881234293));
#3396 = CARTESIAN_POINT('',(2.047266941705E+04,-1.766416771377E+04,
    -374.3614921413));
#3397 = CARTESIAN_POINT('',(2.0846096827E+04,-1.8463479E+04,
    -316.0709073383));
#3398 = CARTESIAN_POINT('',(1.380333124826E+04,-375.046,
    -1.765970025267E+03));
#3399 = CARTESIAN_POINT('',(1.390637287146E+04,-781.0198780614,
    -1.728942538527E+03));
#3400 = CARTESIAN_POINT('',(1.41392310716E+04,-1.632475426507E+03,
    -1.65268450901E+03));
#3401 = CARTESIAN_POINT('',(1.456879560576E+04,-3.028080186498E+03,
    -1.531697218247E+03));
#3402 = CARTESIAN_POINT('',(1.507858982351E+04,-4.542004553777E+03,
    -1.404118593898E+03));
#3403 = CARTESIAN_POINT('',(1.566856625372E+04,-6.174146811179E+03,
    -1.269957539858E+03));
#3404 = CARTESIAN_POINT('',(1.633867750558E+04,-7.924405356052E+03,
    -1.129222950897E+03));
#3405 = CARTESIAN_POINT('',(1.70888762661E+04,-9.792678696644E+03,
    -981.9237129388));
#3406 = CARTESIAN_POINT('',(1.791911530262E+04,-1.177886545572E+04,
    -828.0687027799));
#3407 = CARTESIAN_POINT('',(1.882934746137E+04,-1.388286436847E+04,
    -667.6667882528));
#3408 = CARTESIAN_POINT('',(1.981952566772E+04,-1.610457428287E+04,
    -500.726828195));
#3409 = CARTESIAN_POINT('',(2.053291050727E+04,-1.766412086825E+04,
    -385.0807243023));
#3410 = CARTESIAN_POINT('',(2.090291161614E+04,-1.8463479E+04,
    -326.1709465721));
#3411 = CARTESIAN_POINT('',(1.40425272842E+04,-375.046,
    -1.795821496176E+03));
#3412 = CARTESIAN_POINT('',(1.413716314132E+04,-781.0522490006,
    -1.757739393761E+03));
#3413 = CARTESIAN_POINT('',(1.435367654447E+04,-1.632550221663E+03,
    -1.679434266108E+03));
#3414 = CARTESIAN_POINT('',(1.476013522523E+04,-3.02816592426E+03,
    -1.555561628533E+03));
#3415 = CARTESIAN_POINT('',(1.524824606946E+04,-4.542062799613E+03,
    -1.425281858545E+03));
#3416 = CARTESIAN_POINT('',(1.581797274502E+04,-6.174153389685E+03,
    -1.288602760875E+03));
#3417 = CARTESIAN_POINT('',(1.646927900137E+04,-7.924350350885E+03,
    -1.145532131174E+03));
#3418 = CARTESIAN_POINT('',(1.720212866698E+04,-9.792566450457E+03,
    -996.0777562944));
#3419 = CARTESIAN_POINT('',(1.801648565194E+04,-1.17787145701E+04,
    -840.2474140102));
#3420 = CARTESIAN_POINT('',(1.891231394643E+04,-1.388270770386E+04,
    -678.0488731788));
#3421 = CARTESIAN_POINT('',(1.988957762102E+04,-1.610445895852E+04,
    -509.4898937103));
#3422 = CARTESIAN_POINT('',(2.059535309201E+04,-1.766407402272E+04,
    -392.8821155535));
#3423 = CARTESIAN_POINT('',(2.096180145437E+04,-1.8463479E+04,
    -333.5207355548));
#3424 = CARTESIAN_POINT('',(1.429251226945E+04,-375.046,
    -1.819505259174E+03));
#3425 = CARTESIAN_POINT('',(1.43783621336E+04,-781.0846199398,
    -1.780585854E+03));
#3426 = CARTESIAN_POINT('',(1.457779211387E+04,-1.632625016819E+03,
    -1.700655781451E+03));
#3427 = CARTESIAN_POINT('',(1.496010248614E+04,-3.028251662022E+03,
    -1.574493609134E+03));
#3428 = CARTESIAN_POINT('',(1.542555298548E+04,-4.542121045448E+03,
    -1.442071087793E+03));
#3429 = CARTESIAN_POINT('',(1.597411841875E+04,-6.174159968191E+03,
    -1.303394922992E+03));
#3430 = CARTESIAN_POINT('',(1.660577367566E+04,-7.924295345717E+03,
    -1.158471811263E+03));
#3431 = CARTESIAN_POINT('',(1.732049372618E+04,-9.79245420427E+03,
    -1.007308440389E+03));
#3432 = CARTESIAN_POINT('',(1.811825362311E+04,-1.177856368448E+04,
    -849.9114891193));
#3433 = CARTESIAN_POINT('',(1.899902850059E+04,-1.388255103924E+04,
    -686.2876273375));
#3434 = CARTESIAN_POINT('',(1.996279357439E+04,-1.610434363417E+04,
    -516.4435160261));
#3435 = CARTESIAN_POINT('',(2.06606139533E+04,-1.76640271772E+04,
    -399.0717101263));
#3436 = CARTESIAN_POINT('',(2.102334762133E+04,-1.8463479E+04,
    -339.351314822));
#3437 = CARTESIAN_POINT('',(1.45480993964E+04,-375.046,
    -1.836712530335E+03));
#3438 = CARTESIAN_POINT('',(1.462496582451E+04,-781.116990879,
    -1.797184071658E+03));
#3439 = CARTESIAN_POINT('',(1.480692883293E+04,-1.632699811975E+03,
    -1.716072448154E+03));
#3440 = CARTESIAN_POINT('',(1.516454958462E+04,-3.028337399784E+03,
    -1.588246518296E+03));
#3441 = CARTESIAN_POINT('',(1.560683243833E+04,-4.542179291284E+03,
    -1.45426770909E+03));
#3442 = CARTESIAN_POINT('',(1.613376333994E+04,-6.174166546697E+03,
    -1.314141626934E+03));
#3443 = CARTESIAN_POINT('',(1.674532831942E+04,-7.92424034055E+03,
    -1.167873869242E+03));
#3444 = CARTESIAN_POINT('',(1.744151348822E+04,-9.792341958083E+03,
    -1.015470024726E+03));
#3445 = CARTESIAN_POINT('',(1.822230504186E+04,-1.177841279885E+04,
    -856.9356731124));
#3446 = CARTESIAN_POINT('',(1.908768925845E+04,-1.388239437463E+04,
    -692.2763853095));
#3447 = CARTESIAN_POINT('',(2.003765249895E+04,-1.610422830982E+04,
    -521.4977233724));
#3448 = CARTESIAN_POINT('',(2.0727338305E+04,-1.766398033168E+04,
    -403.5694013998));
#3449 = CARTESIAN_POINT('',(2.108627320689E+04,-1.8463479E+04,
    -343.5871943397));
#3450 = CARTESIAN_POINT('',(1.481014806694E+04,-375.046,
    -1.846942662254E+03));
#3451 = CARTESIAN_POINT('',(1.487780329623E+04,-781.1493618182,
    -1.807051164251E+03));
#3452 = CARTESIAN_POINT('',(1.504185688861E+04,-1.632774607131E+03,
    -1.725235883558E+03));
#3453 = CARTESIAN_POINT('',(1.537416359768E+04,-3.028423137546E+03,
    -1.596420633038E+03));
#3454 = CARTESIAN_POINT('',(1.579269362796E+04,-4.542237537119E+03,
    -1.461517569082E+03));
#3455 = CARTESIAN_POINT('',(1.629744406434E+04,-6.174173125204E+03,
    -1.320531198918E+03));
#3456 = CARTESIAN_POINT('',(1.688841207707E+04,-7.924185335383E+03,
    -1.173466020844E+03));
#3457 = CARTESIAN_POINT('',(1.756559491905E+04,-9.792229711896E+03,
    -1.020326524498E+03));
#3458 = CARTESIAN_POINT('',(1.832898992854E+04,-1.177826191323E+04,
    -861.1171905869));
#3459 = CARTESIAN_POINT('',(1.91785945276E+04,-1.388223771002E+04,
    -695.842491042));
#3460 = CARTESIAN_POINT('',(2.01144062224E+04,-1.610411298547E+04,
    -524.5068889918));
#3461 = CARTESIAN_POINT('',(2.079575047683E+04,-1.766393348615E+04,
    -406.2455221101));
#3462 = CARTESIAN_POINT('',(2.115078966389E+04,-1.8463479E+04,
    -346.1061715814));
#3463 = CARTESIAN_POINT('',(1.507610598481E+04,-375.046,
    -1.850559216071E+03));
#3464 = CARTESIAN_POINT('',(1.513441221946E+04,-781.1817327574,
    -1.810537762603E+03));
#3465 = CARTESIAN_POINT('',(1.528028871761E+04,-1.632849402288E+03,
    -1.728471610414E+03));
#3466 = CARTESIAN_POINT('',(1.558690360698E+04,-3.028508875309E+03,
    -1.599306071696E+03));
#3467 = CARTESIAN_POINT('',(1.598132677701E+04,-4.542295782955E+03,
    -1.464077639371E+03));
#3468 = CARTESIAN_POINT('',(1.64635664516E+04,-6.17417970371E+03,
    -1.322789721502E+03));
#3469 = CARTESIAN_POINT('',(1.703363094125E+04,-7.924130330216E+03,
    -1.175445717267E+03));
#3470 = CARTESIAN_POINT('',(1.769152864032E+04,-9.792117465708E+03,
    -1.022049017235E+03));
#3471 = CARTESIAN_POINT('',(1.843726802983E+04,-1.17781110276E+04,
    -862.6030030882));
#3472 = CARTESIAN_POINT('',(1.927085767579E+04,-1.388208104541E+04,
    -697.1110477843));
#3473 = CARTESIAN_POINT('',(2.019230622955E+04,-1.610399766111E+04,
    -525.5765155238));
#3474 = CARTESIAN_POINT('',(2.086518369563E+04,-1.766388664063E+04,
    -407.1940129484));
#3475 = CARTESIAN_POINT('',(2.121626850621E+04,-1.8463479E+04,
    -346.9967825457));
#3476 = CARTESIAN_POINT('',(1.534517446449E+04,-375.046,
    -1.847868119694E+03));
#3477 = CARTESIAN_POINT('',(1.539402206954E+04,-781.2141036966,
    -1.807938936525E+03));
#3478 = CARTESIAN_POINT('',(1.552150849767E+04,-1.632924197444E+03,
    -1.726053612226E+03));
#3479 = CARTESIAN_POINT('',(1.580213098614E+04,-3.028594613071E+03,
    -1.597147077961E+03));
#3480 = CARTESIAN_POINT('',(1.617216559716E+04,-4.54235402879E+03,
    -1.462164313493E+03));
#3481 = CARTESIAN_POINT('',(1.663163169364E+04,-6.174186282216E+03,
    -1.321107627718E+03));
#3482 = CARTESIAN_POINT('',(1.718054872634E+04,-7.924075325049E+03,
    -1.173979320696E+03));
#3483 = CARTESIAN_POINT('',(1.78189362311E+04,-9.792005219521E+03,
    -1.020781683926E+03));
#3484 = CARTESIAN_POINT('',(1.854681383166E+04,-1.177796014198E+04,
    -861.5170000656));
#3485 = CARTESIAN_POINT('',(1.936420123799E+04,-1.388192438079E+04,
    -696.1875430981));
#3486 = CARTESIAN_POINT('',(2.027111824664E+04,-1.610388233676E+04,
    -524.7955782967));
#3487 = CARTESIAN_POINT('',(2.093542924329E+04,-1.766383979511E+04,
    -406.4941008565));
#3488 = CARTESIAN_POINT('',(2.128251298392E+04,-1.8463479E+04,
    -346.3336949231));
#3489 = CARTESIAN_POINT('',(1.561587006572E+04,-375.046,
    -1.838224402191E+03));
#3490 = CARTESIAN_POINT('',(1.565520166715E+04,-781.2464746358,
    -1.79863262607E+03));
#3491 = CARTESIAN_POINT('',(1.576418657603E+04,-1.6329989926E+03,
    -1.717404317786E+03));
#3492 = CARTESIAN_POINT('',(1.601865938625E+04,-3.028680350833E+03,
    -1.589428814036E+03));
#3493 = CARTESIAN_POINT('',(1.636415805741E+04,-4.542412274626E+03,
    -1.455321487359E+03));
#3494 = CARTESIAN_POINT('',(1.680071309142E+04,-6.174192860722E+03,
    -1.315083547486E+03));
#3495 = CARTESIAN_POINT('',(1.732835507929E+04,-7.924020319882E+03,
    -1.168716195359E+03));
#3496 = CARTESIAN_POINT('',(1.794711469836E+04,-9.791892973334E+03,
    -1.016220623404E+03));
#3497 = CARTESIAN_POINT('',(1.865702271508E+04,-1.177780925636E+04,
    -857.5980152587));
#3498 = CARTESIAN_POINT('',(1.945810998339E+04,-1.388176771618E+04,
    -692.8495459295));
#3499 = CARTESIAN_POINT('',(2.035040744503E+04,-1.610376701241E+04,
    -521.9763817626));
#3500 = CARTESIAN_POINT('',(2.100609990198E+04,-1.766379294958E+04,
    -403.9785808235));
#3501 = CARTESIAN_POINT('',(2.134915818693E+04,-1.8463479E+04,
    -343.9592823548));
#3502 = CARTESIAN_POINT('',(1.588719119058E+04,-375.046,
    -1.821405012522E+03));
#3503 = CARTESIAN_POINT('',(1.59169847175E+04,-781.278845575,
    -1.78240368069E+03));
#3504 = CARTESIAN_POINT('',(1.600742523739E+04,-1.633073787756E+03,
    -1.7023239202E+03));
#3505 = CARTESIAN_POINT('',(1.623568788075E+04,-3.028766088595E+03,
    -1.575973116534E+03));
#3506 = CARTESIAN_POINT('',(1.655659393945E+04,-4.542470520461E+03,
    -1.443391269121E+03));
#3507 = CARTESIAN_POINT('',(1.697018505442E+04,-6.174199439228E+03,
    -1.304578488525E+03));
#3508 = CARTESIAN_POINT('',(1.747650295693E+04,-7.923965314715E+03,
    -1.15953487657E+03));
#3509 = CARTESIAN_POINT('',(1.807558946579E+04,-9.791780727147E+03,
    -1.008260526611E+03));
#3510 = CARTESIAN_POINT('',(1.876748649018E+04,-1.177765837073E+04,
    -850.7555232614));
#3511 = CARTESIAN_POINT('',(1.955223602799E+04,-1.388161105157E+04,
    -687.0199425542));
#3512 = CARTESIAN_POINT('',(2.042988016618E+04,-1.610365168806E+04,
    -517.0538519077));
#3513 = CARTESIAN_POINT('',(2.10769341098E+04,-1.766374610406E+04,
    -399.5894906617));
#3514 = CARTESIAN_POINT('',(2.141595758828E+04,-1.8463479E+04,
    -339.8189099039));
#3515 = CARTESIAN_POINT('',(1.615775919468E+04,-375.046,
    -1.797137851912E+03));
#3516 = CARTESIAN_POINT('',(1.6178041222E+04,-781.3112165142,
    -1.758989382519E+03));
#3517 = CARTESIAN_POINT('',(1.624998897158E+04,-1.633148582912E+03,
    -1.680567947071E+03));
#3518 = CARTESIAN_POINT('',(1.645211428272E+04,-3.028851826357E+03,
    -1.556561332197E+03));
#3519 = CARTESIAN_POINT('',(1.674849597021E+04,-4.542528766296E+03,
    -1.426179275593E+03));
#3520 = CARTESIAN_POINT('',(1.713918681398E+04,-6.174206017734E+03,
    -1.289420788655E+03));
#3521 = CARTESIAN_POINT('',(1.762423968558E+04,-7.923910309547E+03,
    -1.146284874088E+03));
#3522 = CARTESIAN_POINT('',(1.820370754527E+04,-9.79166848096E+03,
    -996.7705261773));
#3523 = CARTESIAN_POINT('',(1.887764344498E+04,-1.177750748511E+04,
    -840.8767305135));
#3524 = CARTESIAN_POINT('',(1.964610052656E+04,-1.388145438696E+04,
    -678.6024641538));
#3525 = CARTESIAN_POINT('',(2.050913202215E+04,-1.61035363637E+04,
    -509.9466955896));
#3526 = CARTESIAN_POINT('',(2.114757151076E+04,-1.766369925854E+04,
    -393.2544883022));
#3527 = CARTESIAN_POINT('',(2.148257144635E+04,-1.8463479E+04,
    -333.8444528607));
#3528 = CARTESIAN_POINT('',(1.642646319569E+04,-375.046,
    -1.765987692483E+03));
#3529 = CARTESIAN_POINT('',(1.643729945227E+04,-781.3435874534,
    -1.728934601089E+03));
#3530 = CARTESIAN_POINT('',(1.649088210959E+04,-1.633223378068E+03,
    -1.652642604662E+03));
#3531 = CARTESIAN_POINT('',(1.666705026654E+04,-3.028937564119E+03,
    -1.531645098129E+03));
#3532 = CARTESIAN_POINT('',(1.693907642181E+04,-4.542587012132E+03,
    -1.404086000462E+03));
#3533 = CARTESIAN_POINT('',(1.730702449434E+04,-6.174212596241E+03,
    -1.269963223888E+03));
#3534 = CARTESIAN_POINT('',(1.777095849593E+04,-7.92385530438E+03,
    -1.129274671996E+03));
#3535 = CARTESIAN_POINT('',(1.833094252833E+04,-9.791556234772E+03,
    -982.0182399985));
#3536 = CARTESIAN_POINT('',(1.898704078619E+04,-1.177735659948E+04,
    -828.1918144648));
#3537 = CARTESIAN_POINT('',(1.973931755532E+04,-1.388129772234E+04,
    -667.7932734763));
#3538 = CARTESIAN_POINT('',(2.058783721305E+04,-1.610342103935E+04,
    -500.8204865972));
#3539 = CARTESIAN_POINT('',(2.121772189045E+04,-1.766365241301E+04,
    -385.121038723));
#3540 = CARTESIAN_POINT('',(2.154872621521E+04,-1.8463479E+04,
    -326.1748927552));
#3541 = CARTESIAN_POINT('',(1.669201019367E+04,-375.046,
    -1.728944154585E+03));
#3542 = CARTESIAN_POINT('',(1.669351193219E+04,-781.3759583926,
    -1.693194255414E+03));
#3543 = CARTESIAN_POINT('',(1.672894561623E+04,-1.633298173225E+03,
    -1.619435380631E+03));
#3544 = CARTESIAN_POINT('',(1.687946163834E+04,-3.029023301881E+03,
    -1.502016668893E+03));
#3545 = CARTESIAN_POINT('',(1.712741812164E+04,-4.542645257967E+03,
    -1.377814379135E+03));
#3546 = CARTESIAN_POINT('',(1.747289012407E+04,-6.174219174747E+03,
    -1.246825324419E+03));
#3547 = CARTESIAN_POINT('',(1.791595279769E+04,-7.923800299213E+03,
    -1.109046309214E+03));
#3548 = CARTESIAN_POINT('',(1.845668138574E+04,-9.791443988585E+03,
    -964.4741296632));
#3549 = CARTESIAN_POINT('',(1.909515122557E+04,-1.177720571386E+04,
    -813.105573312));
#3550 = CARTESIAN_POINT('',(1.983143774697E+04,-1.388114105773E+04,
    -654.9374192671));
#3551 = CARTESIAN_POINT('',(2.066561647246E+04,-1.6103305715E+04,
    -489.9664381651));
#3552 = CARTESIAN_POINT('',(2.128704750299E+04,-1.766360556749E+04,
    -375.4484074455));
#3553 = CARTESIAN_POINT('',(2.161410360591E+04,-1.8463479E+04,
    -317.0545069085));
#3554 = CARTESIAN_POINT('',(1.695340851394E+04,-375.046,
    -1.688158629928E+03));
#3555 = CARTESIAN_POINT('',(1.694572195221E+04,-781.4083293318,
    -1.65384386845E+03));
#3556 = CARTESIAN_POINT('',(1.696329070423E+04,-1.633372968381E+03,
    -1.582874423644E+03));
#3557 = CARTESIAN_POINT('',(1.708855547032E+04,-3.029109039644E+03,
    -1.469396221385E+03));
#3558 = CARTESIAN_POINT('',(1.731281797737E+04,-4.542703503803E+03,
    -1.348889706403E+03));
#3559 = CARTESIAN_POINT('',(1.763616442234E+04,-6.174225753253E+03,
    -1.221350592594E+03));
#3560 = CARTESIAN_POINT('',(1.805868109753E+04,-7.923745294046E+03,
    -1.086774585309E+03));
#3561 = CARTESIAN_POINT('',(1.858045438767E+04,-9.791331742398E+03,
    -945.1573816205));
#3562 = CARTESIAN_POINT('',(1.920157077284E+04,-1.177705482823E+04,
    -796.4946700505));
#3563 = CARTESIAN_POINT('',(1.992211682678E+04,-1.388098439312E+04,
    -640.7821307309));
#3564 = CARTESIAN_POINT('',(2.074217921721E+04,-1.610319039065E+04,
    -478.0154353709));
#3565 = CARTESIAN_POINT('',(2.135528954359E+04,-1.766355872197E+04,
    -364.7986432377));
#3566 = CARTESIAN_POINT('',(2.167845969886E+04,-1.8463479E+04,
    -307.0131075446));
#3567 = CARTESIAN_POINT('',(1.720965298401E+04,-375.046,
    -1.646637493981E+03));
#3568 = CARTESIAN_POINT('',(1.719295980318E+04,-781.440700271,
    -1.613783745192E+03));
#3569 = CARTESIAN_POINT('',(1.719301655281E+04,-1.633447763537E+03,
    -1.545654005054E+03));
#3570 = CARTESIAN_POINT('',(1.729352815938E+04,-3.029194777406E+03,
    -1.436187298399E+03));
#3571 = CARTESIAN_POINT('',(1.749456348874E+04,-4.542761749638E+03,
    -1.319443118412E+03));
#3572 = CARTESIAN_POINT('',(1.779621987684E+04,-6.174232331759E+03,
    -1.195416079822E+03));
#3573 = CARTESIAN_POINT('',(1.819859475627E+04,-7.923690288879E+03,
    -1.064100788861E+03));
#3574 = CARTESIAN_POINT('',(1.870178565321E+04,-9.791219496211E+03,
    -925.4918435309));
#3575 = CARTESIAN_POINT('',(1.930589019049E+04,-1.177690394261E+04,
    -779.5838333305));
#3576 = CARTESIAN_POINT('',(2.001100608579E+04,-1.388082772851E+04,
    -626.3713394168));
#3577 = CARTESIAN_POINT('',(2.081723115204E+04,-1.61030750663E+04,
    -465.8489345718));
#3578 = CARTESIAN_POINT('',(2.142218591624E+04,-1.766351187644E+04,
    -353.9571002685));
#3579 = CARTESIAN_POINT('',(2.17415474785E+04,-1.8463479E+04,
    -296.7910513899));
#3580 = CARTESIAN_POINT('',(1.745920372592E+04,-375.046,
    -1.605128268458E+03));
#3581 = CARTESIAN_POINT('',(1.743373985348E+04,-781.4730712102,
    -1.573735110434E+03));
#3582 = CARTESIAN_POINT('',(1.741674290819E+04,-1.633522558693E+03,
    -1.508444254478E+03));
#3583 = CARTESIAN_POINT('',(1.749314817386E+04,-3.029280515168E+03,
    -1.402987882799E+03));
#3584 = CARTESIAN_POINT('',(1.767156250157E+04,-4.542819995474E+03,
    -1.290004947274E+03));
#3585 = CARTESIAN_POINT('',(1.795209436628E+04,-6.174238910265E+03,
    -1.169488963466E+03));
#3586 = CARTESIAN_POINT('',(1.833485234084E+04,-7.923635283712E+03,
    -1.041433438489E+03));
#3587 = CARTESIAN_POINT('',(1.88199450929E+04,-9.791107250024E+03,
    -905.8318712735));
#3588 = CARTESIAN_POINT('',(1.940748138802E+04,-1.177675305699E+04,
    -762.6777522958));
#3589 = CARTESIAN_POINT('',(2.009757008785E+04,-1.388067106389E+04,
    -611.9645637377));
#3590 = CARTESIAN_POINT('',(2.08903201505E+04,-1.610295974194E+04,
    -453.6857794538));
#3591 = CARTESIAN_POINT('',(2.148733380451E+04,-1.766346503092E+04,
    -343.1185030756));
#3592 = CARTESIAN_POINT('',(2.1802987226E+04,-1.8463479E+04,
    -286.5717527418));
#3593 = CARTESIAN_POINT('',(1.770026801762E+04,-375.046,
    -1.564545099312E+03));
#3594 = CARTESIAN_POINT('',(1.766633254294E+04,-781.5054421494,
    -1.534579931805E+03));
#3595 = CARTESIAN_POINT('',(1.763286290728E+04,-1.633597353849E+03,
    -1.472064621003E+03));
#3596 = CARTESIAN_POINT('',(1.768598181627E+04,-3.02936625293E+03,
    -1.370529160144E+03));
#3597 = CARTESIAN_POINT('',(1.784254360395E+04,-4.542878241309E+03,
    -1.261223629317E+03));
#3598 = CARTESIAN_POINT('',(1.810266788429E+04,-6.174245488771E+03,
    -1.144140444916E+03));
#3599 = CARTESIAN_POINT('',(1.846647437041E+04,-7.923580278544E+03,
    -1.019272014939E+03));
#3600 = CARTESIAN_POINT('',(1.893408287141E+04,-9.790995003836E+03,
    -886.6107392444));
#3601 = CARTESIAN_POINT('',(1.950561329561E+04,-1.177660217136E+04,
    -746.1490092859));
#3602 = CARTESIAN_POINT('',(2.018118564859E+04,-1.388051439928E+04,
    -597.8792082703));
#3603 = CARTESIAN_POINT('',(2.096092003368E+04,-1.610284441759E+04,
    -441.7937111247));
#3604 = CARTESIAN_POINT('',(2.155026444646E+04,-1.76634181854E+04,
    -332.5211599833));
#3605 = CARTESIAN_POINT('',(2.186233707456E+04,-1.8463479E+04,
    -276.5797225818));
#3606 = CARTESIAN_POINT('',(1.793298174416E+04,-375.046,
    -1.530118597181E+03));
#3607 = CARTESIAN_POINT('',(1.789086901834E+04,-781.5378130886,
    -1.501364338844E+03));
#3608 = CARTESIAN_POINT('',(1.784149848706E+04,-1.633672149005E+03,
    -1.441202890348E+03));
#3609 = CARTESIAN_POINT('',(1.787213800919E+04,-3.029451990692E+03,
    -1.342993255596E+03));
#3610 = CARTESIAN_POINT('',(1.800760350435E+04,-4.542936487145E+03,
    -1.236807484307E+03));
#3611 = CARTESIAN_POINT('',(1.824802572553E+04,-6.174252067277E+03,
    -1.122636893711E+03));
#3612 = CARTESIAN_POINT('',(1.859353552607E+04,-7.923525273377E+03,
    -1.000472792686E+03));
#3613 = CARTESIAN_POINT('',(1.90442638566E+04,-9.790882757649E+03,
    -870.3064820182));
#3614 = CARTESIAN_POINT('',(1.960034176812E+04,-1.177645128574E+04,
    -732.1292541408));
#3615 = CARTESIAN_POINT('',(2.026190041021E+04,-1.388035773467E+04,
    -585.9323932845));
#3616 = CARTESIAN_POINT('',(2.102907103136E+04,-1.610272909324E+04,
    -431.7071754492));
#3617 = CARTESIAN_POINT('',(2.161101366379E+04,-1.766337133987E+04,
    -323.5323040292));
#3618 = CARTESIAN_POINT('',(2.191963077522E+04,-1.8463479E+04,
    -268.1038967282));
#3619 = CARTESIAN_POINT('',(1.815350385859E+04,-375.046,
    -1.50324148992E+03));
#3620 = CARTESIAN_POINT('',(1.81036436429E+04,-781.5701840278,
    -1.475432018312E+03));
#3621 = CARTESIAN_POINT('',(1.803920705421E+04,-1.633746944162E+03,
    -1.417107475784E+03));
#3622 = CARTESIAN_POINT('',(1.80485453938E+04,-3.029537728454E+03,
    -1.321494098242E+03));
#3623 = CARTESIAN_POINT('',(1.816401874774E+04,-4.54299473298E+03,
    -1.21774438321E+03));
#3624 = CARTESIAN_POINT('',(1.838576900804E+04,-6.174258645784E+03,
    -1.105848548747E+03));
#3625 = CARTESIAN_POINT('',(1.871393816831E+04,-7.92347026821E+03,
    -985.7968046171));
#3626 = CARTESIAN_POINT('',(1.914866832064E+04,-9.790770511462E+03,
    -857.5793525337));
#3627 = CARTESIAN_POINT('',(1.969010165876E+04,-1.177630040011E+04,
    -721.1863859068));
#3628 = CARTESIAN_POINT('',(2.033838047622E+04,-1.388020107006E+04,
    -576.6080899926));
#3629 = CARTESIAN_POINT('',(2.10936471667E+04,-1.610261376889E+04,
    -423.8346418634));
#3630 = CARTESIAN_POINT('',(2.166857853894E+04,-1.766332449435E+04,
    -316.5156875043));
#3631 = CARTESIAN_POINT('',(2.197392305162E+04,-1.8463479E+04,
    -261.4870732424));
#3632 = CARTESIAN_POINT('',(1.835312504489E+04,-375.046,
    -1.483124875364E+03));
#3633 = CARTESIAN_POINT('',(1.8296254125E+04,-781.602554967,
    -1.456022070655E+03));
#3634 = CARTESIAN_POINT('',(1.821818273439E+04,-1.633821739318E+03,
    -1.399071839185E+03));
#3635 = CARTESIAN_POINT('',(1.820823982709E+04,-3.029623466216E+03,
    -1.305401760748E+03));
#3636 = CARTESIAN_POINT('',(1.83056140279E+04,-4.543052978815E+03,
    -1.203476078123E+03));
#3637 = CARTESIAN_POINT('',(1.851045836784E+04,-6.17426522429E+03,
    -1.093283910206E+03));
#3638 = CARTESIAN_POINT('',(1.882292598077E+04,-7.923415263043E+03,
    -974.8143676404));
#3639 = CARTESIAN_POINT('',(1.924317010027E+04,-9.790658265275E+03,
    -848.0565530691));
#3640 = CARTESIAN_POINT('',(1.977134406281E+04,-1.177614951449E+04,
    -712.9995608793));
#3641 = CARTESIAN_POINT('',(2.040760130586E+04,-1.388004440544E+04,
    -569.6324773521));
#3642 = CARTESIAN_POINT('',(2.115209536833E+04,-1.610249844454E+04,
    -417.9443806325));
#3643 = CARTESIAN_POINT('',(2.172068505045E+04,-1.766327764883E+04,
    -311.2643539754));
#3644 = CARTESIAN_POINT('',(2.202307059148E+04,-1.8463479E+04,
    -256.5338604496));
#3645 = CARTESIAN_POINT('',(1.854820721668E+04,-375.046,
    -1.467831221835E+03));
#3646 = CARTESIAN_POINT('',(1.848448542939E+04,-781.6349259062,
    -1.441264975115E+03));
#3647 = CARTESIAN_POINT('',(1.839308974665E+04,-1.633896534474E+03,
    -1.385358625216E+03));
#3648 = CARTESIAN_POINT('',(1.836430386573E+04,-3.029709203978E+03,
    -1.293165566656E+03));
#3649 = CARTESIAN_POINT('',(1.844398969529E+04,-4.543111224651E+03,
    -1.192627002215E+03));
#3650 = CARTESIAN_POINT('',(1.863231140534E+04,-6.174271802796E+03,
    -1.08373095162E+03));
#3651 = CARTESIAN_POINT('',(1.892943327002E+04,-7.923360257876E+03,
    -966.4654263981));
#3652 = CARTESIAN_POINT('',(1.933551966436E+04,-9.790546019088E+03,
    -840.8184301206));
#3653 = CARTESIAN_POINT('',(1.985073506757E+04,-1.177599862887E+04,
    -706.777958152));
#3654 = CARTESIAN_POINT('',(2.047524406109E+04,-1.387988774083E+04,
    -564.3319977982));
#3655 = CARTESIAN_POINT('',(2.120921132901E+04,-1.610238312018E+04,
    -413.4685282771));
#3656 = CARTESIAN_POINT('',(2.177160488238E+04,-1.76632308033E+04,
    -307.2731898495));
#3657 = CARTESIAN_POINT('',(2.207109965055E+04,-1.8463479E+04,
    -252.7685914906));
#3658 = CARTESIAN_POINT('',(1.873043547348E+04,-375.046,
    -1.457801251254E+03));
#3659 = CARTESIAN_POINT('',(1.866031594577E+04,-781.6672968454,
    -1.431585970371E+03));
#3660 = CARTESIAN_POINT('',(1.855647619539E+04,-1.63397132963E+03,
    -1.376362984528E+03));
#3661 = CARTESIAN_POINT('',(1.851008958911E+04,-3.029794941741E+03,
    -1.285138169943E+03));
#3662 = CARTESIAN_POINT('',(1.857325120718E+04,-4.543169470486E+03,
    -1.185509948153E+03));
#3663 = CARTESIAN_POINT('',(1.874613635863E+04,-6.174278381302E+03,
    -1.077465239719E+03));
#3664 = CARTESIAN_POINT('',(1.902892045784E+04,-7.923305252709E+03,
    -960.9909570493));
#3665 = CARTESIAN_POINT('',(1.942177902134E+04,-9.7904337729E+03,
    -836.0740046445));
#3666 = CARTESIAN_POINT('',(1.992488767106E+04,-1.177584774324E+04,
    -702.7012788463));
#3667 = CARTESIAN_POINT('',(2.053842213239E+04,-1.387973107622E+04,
    -560.8596679855));
#3668 = CARTESIAN_POINT('',(2.126255823462E+04,-1.610226779583E+04,
    -410.5360523525));
#3669 = CARTESIAN_POINT('',(2.181916735284E+04,-1.766318395778E+04,
    -304.656886861));
#3670 = CARTESIAN_POINT('',(2.211596418019E+04,-1.8463479E+04,
    -250.2992594173));
#3671 = CARTESIAN_POINT('',(1.880635462585E+04,-375.046,
    -1.455146573508E+03));
#3672 = CARTESIAN_POINT('',(1.873357611714E+04,-781.6888774715,
    -1.429023223483E+03));
#3673 = CARTESIAN_POINT('',(1.86245604339E+04,-1.634021193068E+03,
    -1.37397986657E+03));
#3674 = CARTESIAN_POINT('',(1.857084344023E+04,-3.029852100249E+03,
    -1.283011064177E+03));
#3675 = CARTESIAN_POINT('',(1.862711560799E+04,-4.543208301043E+03,
    -1.183624690567E+03));
#3676 = CARTESIAN_POINT('',(1.879355967219E+04,-6.174282766973E+03,
    -1.075806933522E+03));
#3677 = CARTESIAN_POINT('',(1.907035847408E+04,-7.923268582597E+03,
    -959.5439727062));
#3678 = CARTESIAN_POINT('',(1.945769495781E+04,-9.790358942109E+03,
    -834.821979905));
#3679 = CARTESIAN_POINT('',(1.995575217381E+04,-1.177574715283E+04,
    -701.6271187787));
#3680 = CARTESIAN_POINT('',(2.056471327678E+04,-1.387962663314E+04,
    -559.9455450079));
#3681 = CARTESIAN_POINT('',(2.128476152615E+04,-1.610219091293E+04,
    -409.7634062649));
#3682 = CARTESIAN_POINT('',(2.183897403342E+04,-1.766315272743E+04,
    -303.9656968428));
#3683 = CARTESIAN_POINT('',(2.213465594999E+04,-1.8463479E+04,
    -249.6454598769));
#3684 = CARTESIAN_POINT('',(1.8815763E+04,-375.046,-1.45434E+03));
#3685 = CARTESIAN_POINT('',(1.874266123451E+04,-781.6996677846,
    -1.42824426607E+03));
#3686 = CARTESIAN_POINT('',(1.863301228133E+04,-1.634046124786E+03,
    -1.373255079317E+03));
#3687 = CARTESIAN_POINT('',(1.857838882581E+04,-3.029880679503E+03,
    -1.282363979653E+03));
#3688 = CARTESIAN_POINT('',(1.863380168735E+04,-4.543227716322E+03,
    -1.183051389857E+03));
#3689 = CARTESIAN_POINT('',(1.879943731398E+04,-6.174284959808E+03,
    -1.075303131323E+03));
#3690 = CARTESIAN_POINT('',(1.907548226036E+04,-7.923250247542E+03,
    -959.1050173401));
#3691 = CARTESIAN_POINT('',(1.946212318448E+04,-9.790321526713E+03,
    -834.4428533392));
#3692 = CARTESIAN_POINT('',(1.9959546851E+04,-1.177569685762E+04,
    -701.3024366385));
#3693 = CARTESIAN_POINT('',(2.056794012928E+04,-1.387957441161E+04,
    -559.669556594));
#3694 = CARTESIAN_POINT('',(2.12874899938E+04,-1.610215247148E+04,
    -409.5299945686));
#3695 = CARTESIAN_POINT('',(2.184141901472E+04,-1.766313711225E+04,
    -303.7563474238));
#3696 = CARTESIAN_POINT('',(2.2136972E+04,-1.8463479E+04,-249.447));
#3697 = DEFINITIONAL_REPRESENTATION('',(#3698),#4255);
#3698 = B_SPLINE_CURVE_WITH_KNOTS('',8,(#3699,#3700,#3701,#3702,#3703,
    #3704,#3705,#3706,#3707,#3708,#3709,#3710,#3711,#3712,#3713,#3714,
    #3715,#3716,#3717,#3718,#3719,#3720,#3721,#3722,#3723,#3724,#3725,
    #3726,#3727,#3728,#3729,#3730,#3731,#3732,#3733,#3734,#3735,#3736,
    #3737,#3738,#3739,#3740,#3741,#3742,#3743,#3744,#3745,#3746,#3747,
    #3748,#3749,#3750,#3751,#3752,#3753,#3754,#3755,#3756,#3757,#3758,
    #3759,#3760,#3761,#3762,#3763,#3764,#3765,#3766,#3767,#3768,#3769,
    #3770,#3771,#3772,#3773,#3774,#3775,#3776,#3777,#3778,#3779,#3780,
    #3781,#3782,#3783,#3784,#3785,#3786,#3787,#3788,#3789,#3790,#3791,
    #3792,#3793,#3794,#3795,#3796,#3797,#3798,#3799,#3800,#3801,#3802,
    #3803,#3804,#3805,#3806,#3807,#3808,#3809,#3810,#3811,#3812,#3813,
    #3814,#3815,#3816,#3817,#3818,#3819,#3820,#3821,#3822,#3823,#3824,
    #3825,#3826,#3827,#3828,#3829,#3830,#3831,#3832,#3833,#3834,#3835,
    #3836,#3837,#3838,#3839,#3840,#3841,#3842,#3843,#3844,#3845,#3846,
    #3847,#3848,#3849,#3850,#3851,#3852,#3853,#3854,#3855,#3856,#3857,
    #3858,#3859,#3860,#3861,#3862,#3863,#3864,#3865,#3866,#3867,#3868,
    #3869,#3870,#3871,#3872,#3873,#3874,#3875,#3876,#3877,#3878,#3879,
    #3880,#3881,#3882,#3883,#3884,#3885,#3886,#3887,#3888,#3889,#3890,
    #3891,#3892,#3893,#3894,#3895,#3896,#3897,#3898,#3899,#3900,#3901,
    #3902,#3903,#3904,#3905,#3906,#3907,#3908,#3909,#3910,#3911,#3912,
    #3913,#3914,#3915,#3916,#3917,#3918,#3919,#3920,#3921,#3922,#3923,
    #3924,#3925,#3926,#3927,#3928,#3929,#3930,#3931,#3932,#3933,#3934,
    #3935,#3936,#3937,#3938,#3939,#3940,#3941,#3942,#3943,#3944,#3945,
    #3946,#3947,#3948,#3949,#3950,#3951,#3952,#3953,#3954,#3955,#3956,
    #3957,#3958,#3959,#3960,#3961,#3962,#3963,#3964,#3965,#3966,#3967,
    #3968,#3969,#3970,#3971,#3972,#3973,#3974,#3975,#3976,#3977,#3978,
    #3979,#3980,#3981,#3982,#3983,#3984,#3985,#3986,#3987,#3988,#3989,
    #3990,#3991,#3992,#3993,#3994,#3995,#3996,#3997,#3998,#3999,#4000,
    #4001,#4002,#4003,#4004,#4005,#4006,#4007,#4008,#4009,#4010,#4011,
    #4012,#4013,#4014,#4015,#4016,#4017,#4018,#4019,#4020,#4021,#4022,
    #4023,#4024,#4025,#4026,#4027,#4028,#4029,#4030,#4031,#4032,#4033,
    #4034,#4035,#4036,#4037,#4038,#4039,#4040,#4041,#4042,#4043,#4044,
    #4045,#4046,#4047,#4048,#4049,#4050,#4051,#4052,#4053,#4054,#4055,
    #4056,#4057,#4058,#4059,#4060,#4061,#4062,#4063,#4064,#4065,#4066,
    #4067,#4068,#4069,#4070,#4071,#4072,#4073,#4074,#4075,#4076,#4077,
    #4078,#4079,#4080,#4081,#4082,#4083,#4084,#4085,#4086,#4087,#4088,
    #4089,#4090,#4091,#4092,#4093,#4094,#4095,#4096,#4097,#4098,#4099,
    #4100,#4101,#4102,#4103,#4104,#4105,#4106,#4107,#4108,#4109,#4110,
    #4111,#4112,#4113,#4114,#4115,#4116,#4117,#4118,#4119,#4120,#4121,
    #4122,#4123,#4124,#4125,#4126,#4127,#4128,#4129,#4130,#4131,#4132,
    #4133,#4134,#4135,#4136,#4137,#4138,#4139,#4140,#4141,#4142,#4143,
    #4144,#4145,#4146,#4147,#4148,#4149,#4150,#4151,#4152,#4153,#4154,
    #4155,#4156,#4157,#4158,#4159,#4160,#4161,#4162,#4163,#4164,#4165,
    #4166,#4167,#4168,#4169,#4170,#4171,#4172,#4173,#4174,#4175,#4176,
    #4177,#4178,#4179,#4180,#4181,#4182,#4183,#4184,#4185,#4186,#4187,
    #4188,#4189,#4190,#4191,#4192,#4193,#4194,#4195,#4196,#4197,#4198,
    #4199,#4200,#4201,#4202,#4203,#4204,#4205,#4206,#4207,#4208,#4209,
    #4210,#4211,#4212,#4213,#4214,#4215,#4216,#4217,#4218,#4219,#4220,
    #4221,#4222,#4223,#4224,#4225,#4226,#4227,#4228,#4229,#4230,#4231,
    #4232,#4233,#4234,#4235,#4236,#4237,#4238,#4239,#4240,#4241,#4242,
    #4243,#4244,#4245,#4246,#4247,#4248,#4249,#4250,#4251,#4252,#4253,
    #4254),.UNSPECIFIED.,.F.,.F.,(9,7,7,7,7,7,7,7,7,7,7,7,7,7,7,7,7,7,7,
    7,7,7,7,7,7,7,7,7,7,7,7,7,7,7,7,7,7,7,7,7,7,7,7,7,7,7,7,7,7,7,7,7,7,
    7,7,7,7,7,7,7,7,7,7,7,7,7,7,7,7,7,7,7,7,7,7,7,7,7,8,9),(0.,
    1.498673401419E-03,4.951741848419E-03,1.267673565412E-02,
    1.771320265664E-02,2.035315719796E-02,2.287176517077E-02,
    3.32438819081E-02,4.404533328528E-02,5.044429096196E-02,
    5.752896088981E-02,6.858634492422E-02,7.19610629972E-02,
    7.53213922036E-02,8.394488771136E-02,9.315144509203E-02,
    9.777849791593E-02,0.102802490326,0.121458019126,0.12952475,
    0.132107075753,0.135059673692,0.163060029632,0.166493792875,
    0.169557972629,0.192806347937,0.203733986363,0.231405532671,
    0.236441027398,0.24107070769,0.259855336848,0.274185894381,
    0.279429459646,0.318907930742,0.359617648246,0.401368185001,
    0.430621647425,0.441227743214,0.445576160707,0.482055659823,
    0.490876160169,0.518939593666,0.526351396295,0.529812297735,
    0.532779380645,0.559024623753,0.568935272651,0.577357343166,
    0.607518792342,0.614911006358,0.620327218938,0.638004952714,
    0.663813151311,0.689286601442,0.70494098506,0.708239001241,
    0.734779517789,0.744410088131,0.752598660793,0.782070179522,
    0.785587375517,0.788664922092,0.811218330964,0.824360653113,
    0.828968163659,0.862314295544,0.896116353186,0.920621147835,
    0.926728632486,0.932794834114,0.956518670435,0.964140571479,
    0.971457393021,0.983040433693,0.990113872521,0.993864136142,
    0.99556443931,0.997264742477,0.998501326599,1.),.UNSPECIFIED.);
#3699 = CARTESIAN_POINT('',(0.,9.70296649493E-02));
#3700 = CARTESIAN_POINT('',(1.184302660555E-03,9.698200206797E-02));
#3701 = CARTESIAN_POINT('',(2.094620816542E-03,9.693424596789E-02));
#3702 = CARTESIAN_POINT('',(2.854170467895E-03,9.68864037715E-02));
#3703 = CARTESIAN_POINT('',(3.53251825386E-03,9.683848052242E-02));
#3704 = CARTESIAN_POINT('',(4.161250216002E-03,9.679047964196E-02));
#3705 = CARTESIAN_POINT('',(4.749640561212E-03,9.674240338558E-02));
#3706 = CARTESIAN_POINT('',(5.300320424711E-03,9.669425329949E-02));
#3707 = CARTESIAN_POINT('',(7.03293966624E-03,9.653492172174E-02));
#3708 = CARTESIAN_POINT('',(8.093409242757E-03,9.642342873912E-02));
#3709 = CARTESIAN_POINT('',(9.077853031188E-03,9.631156584292E-02));
#3710 = CARTESIAN_POINT('',(9.99627485494E-03,9.619934018211E-02));
#3711 = CARTESIAN_POINT('',(1.087068766686E-02,9.608675753586E-02));
#3712 = CARTESIAN_POINT('',(1.170488007103E-02,9.597382130921E-02));
#3713 = CARTESIAN_POINT('',(1.250810757275E-02,9.586053391348E-02));
#3714 = CARTESIAN_POINT('',(1.502092361892E-02,9.549267352521E-02));
#3715 = CARTESIAN_POINT('',(1.662348590582E-02,9.523670924326E-02));
#3716 = CARTESIAN_POINT('',(1.814692147276E-02,9.497901199858E-02));
#3717 = CARTESIAN_POINT('',(1.960886465272E-02,9.471958522467E-02));
#3718 = CARTESIAN_POINT('',(2.10279386869E-02,9.445843344692E-02));
#3719 = CARTESIAN_POINT('',(2.241328595936E-02,9.419556023844E-02));
#3720 = CARTESIAN_POINT('',(2.37748876005E-02,9.393096776613E-02));
#3721 = CARTESIAN_POINT('',(2.599725039739E-02,9.349102037236E-02));
#3722 = CARTESIAN_POINT('',(2.686738901447E-02,9.331666496913E-02));
#3723 = CARTESIAN_POINT('',(2.773274247623E-02,9.314158283396E-02));
#3724 = CARTESIAN_POINT('',(2.85952260041E-02,9.296577780231E-02));
#3725 = CARTESIAN_POINT('',(2.945663232718E-02,9.278925932645E-02));
#3726 = CARTESIAN_POINT('',(3.031871159507E-02,9.261204225138E-02));
#3727 = CARTESIAN_POINT('',(3.118324553687E-02,9.243414625948E-02));
#3728 = CARTESIAN_POINT('',(3.250761012065E-02,9.216200368741E-02));
#3729 = CARTESIAN_POINT('',(3.29642574151E-02,9.206823448201E-02));
#3730 = CARTESIAN_POINT('',(3.342237264243E-02,9.197429086952E-02));
#3731 = CARTESIAN_POINT('',(3.388223403992E-02,9.188017823242E-02));
#3732 = CARTESIAN_POINT('',(3.434412787267E-02,9.178590354501E-02));
#3733 = CARTESIAN_POINT('',(3.480835364386E-02,9.169147537369E-02));
#3734 = CARTESIAN_POINT('',(3.527522930494E-02,9.159690387712E-02));
#3735 = CARTESIAN_POINT('',(3.619336562499E-02,9.14118508002E-02));
#3736 = CARTESIAN_POINT('',(3.664433735665E-02,9.132138165568E-02));
#3737 = CARTESIAN_POINT('',(3.709796178994E-02,9.123080440951E-02));
#3738 = CARTESIAN_POINT('',(3.755418199107E-02,9.114013072546E-02));
#3739 = CARTESIAN_POINT('',(3.801293361223E-02,9.104937289408E-02));
#3740 = CARTESIAN_POINT('',(3.847414454052E-02,9.095854383225E-02));
#3741 = CARTESIAN_POINT('',(3.89377345468E-02,9.086765708277E-02));
#3742 = CARTESIAN_POINT('',(4.132220085417E-02,9.040225830925E-02));
#3743 = CARTESIAN_POINT('',(4.328082052162E-02,9.0026819515E-02));
#3744 = CARTESIAN_POINT('',(4.527173845295E-02,8.96517159203E-02));
#3745 = CARTESIAN_POINT('',(4.728622073135E-02,8.927812105695E-02));
#3746 = CARTESIAN_POINT('',(4.931459351019E-02,8.890704840772E-02));
#3747 = CARTESIAN_POINT('',(5.134654729238E-02,8.853932537908E-02));
#3748 = CARTESIAN_POINT('',(5.337183800852E-02,8.817560687044E-02));
#3749 = CARTESIAN_POINT('',(5.747296644634E-02,8.744233930622E-02));
#3750 = CARTESIAN_POINT('',(5.954831269272E-02,8.707301359393E-02));
#3751 = CARTESIAN_POINT('',(6.159809512769E-02,8.67086343508E-02));
#3752 = CARTESIAN_POINT('',(6.361544192453E-02,8.634903292952E-02));
#3753 = CARTESIAN_POINT('',(6.559557881396E-02,8.599377365835E-02));
#3754 = CARTESIAN_POINT('',(6.753571296592E-02,8.564225414965E-02));
#3755 = CARTESIAN_POINT('',(6.943473170028E-02,8.529374293809E-02));
#3756 = CARTESIAN_POINT('',(7.239375027889E-02,8.47422091243E-02));
#3757 = CARTESIAN_POINT('',(7.347996628448E-02,8.453780953061E-02));
#3758 = CARTESIAN_POINT('',(7.455284933786E-02,8.433409467137E-02));
#3759 = CARTESIAN_POINT('',(7.561353985877E-02,8.413097907488E-02));
#3760 = CARTESIAN_POINT('',(7.666302537697E-02,8.392838405552E-02));
#3761 = CARTESIAN_POINT('',(7.770223386612E-02,8.372623817736E-02));
#3762 = CARTESIAN_POINT('',(7.873199973493E-02,8.352447298337E-02));
#3763 = CARTESIAN_POINT('',(8.088364938171E-02,8.309998588204E-02));
#3764 = CARTESIAN_POINT('',(8.200356194106E-02,8.287733843498E-02));
#3765 = CARTESIAN_POINT('',(8.311391024432E-02,8.265499366026E-02));
#3766 = CARTESIAN_POINT('',(8.421564763339E-02,8.243287294001E-02));
#3767 = CARTESIAN_POINT('',(8.530964677101E-02,8.22109038896E-02));
#3768 = CARTESIAN_POINT('',(8.639671958672E-02,8.198901856545E-02));
#3769 = CARTESIAN_POINT('',(8.747763199264E-02,8.176715214479E-02));
#3770 = CARTESIAN_POINT('',(9.023166876476E-02,8.119889639166E-02));
#3771 = CARTESIAN_POINT('',(9.189697231619E-02,8.085244902708E-02));
#3772 = CARTESIAN_POINT('',(9.355179781056E-02,8.0505662356E-02));
#3773 = CARTESIAN_POINT('',(9.519866148462E-02,8.015832155283E-02));
#3774 = CARTESIAN_POINT('',(9.683993076008E-02,7.981022505187E-02));
#3775 = CARTESIAN_POINT('',(9.847789853089E-02,7.946117817456E-02));
#3776 = CARTESIAN_POINT('',(0.100114845538,7.911098802474E-02));
#3777 = CARTESIAN_POINT('',(0.102253113369,7.865217056814E-02));
#3778 = CARTESIAN_POINT('',(0.102753113369,7.854478495843E-02));
#3779 = CARTESIAN_POINT('',(0.103253113369,7.843730968918E-02));
#3780 = CARTESIAN_POINT('',(0.103753113369,7.832975366566E-02));
#3781 = CARTESIAN_POINT('',(0.104253113369,7.822212593041E-02));
#3782 = CARTESIAN_POINT('',(0.104753113369,7.811443566325E-02));
#3783 = CARTESIAN_POINT('',(0.105253113369,7.800669218131E-02));
#3784 = CARTESIAN_POINT('',(0.106250993142,7.779157491988E-02));
#3785 = CARTESIAN_POINT('',(0.106749345531,7.768409900669E-02));
#3786 = CARTESIAN_POINT('',(0.107248337122,7.757645178862E-02));
#3787 = CARTESIAN_POINT('',(0.107748022995,7.746863055526E-02));
#3788 = CARTESIAN_POINT('',(0.108248383431,7.736064793485E-02));
#3789 = CARTESIAN_POINT('',(0.108749365967,7.72525234189E-02));
#3790 = CARTESIAN_POINT('',(0.109250932771,7.71442737733E-02));
#3791 = CARTESIAN_POINT('',(0.111041827377,7.675779544015E-02));
#3792 = CARTESIAN_POINT('',(0.112334424653,7.647891882137E-02));
#3793 = CARTESIAN_POINT('',(0.113630606087,7.619949025332E-02));
#3794 = CARTESIAN_POINT('',(0.11493004708,7.591974240272E-02));
#3795 = CARTESIAN_POINT('',(0.116232399001,7.563992226015E-02));
#3796 = CARTESIAN_POINT('',(0.117537290975,7.536029019538E-02));
#3797 = CARTESIAN_POINT('',(0.118844331998,7.508111863688E-02));
#3798 = CARTESIAN_POINT('',(0.121550385602,7.450543669523E-02));
#3799 = CARTESIAN_POINT('',(0.122949606569,7.420903765409E-02));
#3800 = CARTESIAN_POINT('',(0.124350281361,7.391383672933E-02));
#3801 = CARTESIAN_POINT('',(0.125751839966,7.362020193188E-02));
#3802 = CARTESIAN_POINT('',(0.127153640926,7.332852294279E-02));
#3803 = CARTESIAN_POINT('',(0.128554975888,7.30392071804E-02));
#3804 = CARTESIAN_POINT('',(0.12995507503,7.275267479821E-02));
#3805 = CARTESIAN_POINT('',(0.132055742697,7.232695989724E-02));
#3806 = CARTESIAN_POINT('',(0.132757847261,7.218537890414E-02));
#3807 = CARTESIAN_POINT('',(0.133459319616,7.204466434606E-02));
#3808 = CARTESIAN_POINT('',(0.134160047459,7.190487163293E-02));
#3809 = CARTESIAN_POINT('',(0.13485991391,7.176605663308E-02));
#3810 = CARTESIAN_POINT('',(0.135558797795,7.16282754334E-02));
#3811 = CARTESIAN_POINT('',(0.136256573922,7.149158409947E-02));
#3812 = CARTESIAN_POINT('',(0.137709406647,7.120886474887E-02));
#3813 = CARTESIAN_POINT('',(0.138464242833,7.106304158405E-02));
#3814 = CARTESIAN_POINT('',(0.139217456089,7.091864042791E-02));
#3815 = CARTESIAN_POINT('',(0.139968876008,7.077573251234E-02));
#3816 = CARTESIAN_POINT('',(0.140718329372,7.063438766023E-02));
#3817 = CARTESIAN_POINT('',(0.141465639858,7.049467438384E-02));
#3818 = CARTESIAN_POINT('',(0.142210627963,7.035665984504E-02));
#3819 = CARTESIAN_POINT('',(0.145710178419,6.971446514451E-02));
#3820 = CARTESIAN_POINT('',(0.148432066807,6.923285454189E-02));
#3821 = CARTESIAN_POINT('',(0.151120326543,6.877301922509E-02));
#3822 = CARTESIAN_POINT('',(0.153777066561,6.833235023562E-02));
#3823 = CARTESIAN_POINT('',(0.156404985963,6.79082319988E-02));
#3824 = CARTESIAN_POINT('',(0.159007434511,6.749805595172E-02));
#3825 = CARTESIAN_POINT('',(0.161588499404,6.709919921075E-02));
#3826 = CARTESIAN_POINT('',(0.165262063467,6.654022572375E-02));
#3827 = CARTESIAN_POINT('',(0.16636780128,6.637311957804E-02));
#3828 = CARTESIAN_POINT('',(0.167470657121,6.62074381612E-02));
#3829 = CARTESIAN_POINT('',(0.168570957398,6.604297559104E-02));
#3830 = CARTESIAN_POINT('',(0.169669026743,6.587952711414E-02));
#3831 = CARTESIAN_POINT('',(0.170765190128,6.571688793684E-02));
#3832 = CARTESIAN_POINT('',(0.171859774994,6.555485205632E-02));
#3833 = CARTESIAN_POINT('',(0.173303113369,6.53414665071E-02));
#3834 = CARTESIAN_POINT('',(0.173653113369,6.528974350453E-02));
#3835 = CARTESIAN_POINT('',(0.174003113369,6.523803688426E-02));
#3836 = CARTESIAN_POINT('',(0.174353113369,6.518634140761E-02));
#3837 = CARTESIAN_POINT('',(0.174703113369,6.513465179687E-02));
#3838 = CARTESIAN_POINT('',(0.175053113369,6.508296273531E-02));
#3839 = CARTESIAN_POINT('',(0.175403113369,6.503126886714E-02));
#3840 = CARTESIAN_POINT('',(0.176153299346,6.492044676063E-02));
#3841 = CARTESIAN_POINT('',(0.17655339973,6.486132843522E-02));
#3842 = CARTESIAN_POINT('',(0.176953431476,6.480219885008E-02));
#3843 = CARTESIAN_POINT('',(0.177353410956,6.474304726059E-02));
#3844 = CARTESIAN_POINT('',(0.177753353964,6.468386314876E-02));
#3845 = CARTESIAN_POINT('',(0.178153275711,6.462463622321E-02));
#3846 = CARTESIAN_POINT('',(0.178553190829,6.456535641918E-02));
#3847 = CARTESIAN_POINT('',(0.182745658886,6.39432721247E-02));
#3848 = CARTESIAN_POINT('',(0.186537573646,6.337557980847E-02));
#3849 = CARTESIAN_POINT('',(0.190322932477,6.280449319314E-02));
#3850 = CARTESIAN_POINT('',(0.194095785027,6.223167085863E-02));
#3851 = CARTESIAN_POINT('',(0.197850362222,6.165882721313E-02));
#3852 = CARTESIAN_POINT('',(0.201581268574,6.108767674679E-02));
#3853 = CARTESIAN_POINT('',(0.205283623323,6.051988250174E-02));
#3854 = CARTESIAN_POINT('',(0.209403113369,5.988799705456E-02));
#3855 = CARTESIAN_POINT('',(0.209853113369,5.981897028552E-02));
#3856 = CARTESIAN_POINT('',(0.210303113369,5.974994358859E-02));
#3857 = CARTESIAN_POINT('',(0.210753113369,5.968091866293E-02));
#3858 = CARTESIAN_POINT('',(0.211203113369,5.961189722377E-02));
#3859 = CARTESIAN_POINT('',(0.211653113369,5.954288100234E-02));
#3860 = CARTESIAN_POINT('',(0.212103113369,5.947387174597E-02));
#3861 = CARTESIAN_POINT('',(0.212954676556,5.934329765657E-02));
#3862 = CARTESIAN_POINT('',(0.213355806993,5.928179757603E-02));
#3863 = CARTESIAN_POINT('',(0.213756491421,5.922037400888E-02));
#3864 = CARTESIAN_POINT('',(0.214156721636,5.915902935484E-02));
#3865 = CARTESIAN_POINT('',(0.214556494494,5.909776538092E-02));
#3866 = CARTESIAN_POINT('',(0.214955811911,5.90365832214E-02));
#3867 = CARTESIAN_POINT('',(0.215354680859,5.897548337783E-02));
#3868 = CARTESIAN_POINT('',(0.218776071063,5.845151684694E-02));
#3869 = CARTESIAN_POINT('',(0.221773690041,5.799332631871E-02));
#3870 = CARTESIAN_POINT('',(0.224748482998,5.754018086881E-02));
#3871 = CARTESIAN_POINT('',(0.227702711414,5.709240474975E-02));
#3872 = CARTESIAN_POINT('',(0.230638438978,5.665035993908E-02));
#3873 = CARTESIAN_POINT('',(0.233557574469,5.621444685181E-02));
#3874 = CARTESIAN_POINT('',(0.236461904107,5.578510555834E-02));
#3875 = CARTESIAN_POINT('',(0.240712093918,5.516432573256E-02));
#3876 = CARTESIAN_POINT('',(0.242068173605,5.496739263378E-02));
#3877 = CARTESIAN_POINT('',(0.24342152636,5.477206822181E-02));
#3878 = CARTESIAN_POINT('',(0.244772321008,5.457840495538E-02));
#3879 = CARTESIAN_POINT('',(0.246120720477,5.438645716286E-02));
#3880 = CARTESIAN_POINT('',(0.247466883185,5.41962814389E-02));
#3881 = CARTESIAN_POINT('',(0.248810964152,5.400793694231E-02));
#3882 = CARTESIAN_POINT('',(0.253551773016,5.334933898996E-02));
#3883 = CARTESIAN_POINT('',(0.256937932903,5.288927952067E-02));
#3884 = CARTESIAN_POINT('',(0.260310781885,5.244087608062E-02));
#3885 = CARTESIAN_POINT('',(0.263669598574,5.200363003052E-02));
#3886 = CARTESIAN_POINT('',(0.267013748856,5.15769826956E-02));
#3887 = CARTESIAN_POINT('',(0.270342683285,5.116032358392E-02));
#3888 = CARTESIAN_POINT('',(0.273655934309,5.075299825172E-02));
#3889 = CARTESIAN_POINT('',(0.277553113369,5.028176608118E-02));
#3890 = CARTESIAN_POINT('',(0.278153113369,5.020943819674E-02));
#3891 = CARTESIAN_POINT('',(0.278753113369,5.013732840423E-02));
#3892 = CARTESIAN_POINT('',(0.279353113369,5.006543289162E-02));
#3893 = CARTESIAN_POINT('',(0.279953113369,4.999374779315E-02));
#3894 = CARTESIAN_POINT('',(0.280553113369,4.992226918926E-02));
#3895 = CARTESIAN_POINT('',(0.281153113369,4.985099310666E-02));
#3896 = CARTESIAN_POINT('',(0.282304758981,4.971456617259E-02));
#3897 = CARTESIAN_POINT('',(0.282855937062,4.964943970115E-02));
#3898 = CARTESIAN_POINT('',(0.283406647513,4.958453352409E-02));
#3899 = CARTESIAN_POINT('',(0.28395688639,4.951984280348E-02));
#3900 = CARTESIAN_POINT('',(0.284506654012,4.945536509715E-02));
#3901 = CARTESIAN_POINT('',(0.285055949697,4.939109733847E-02));
#3902 = CARTESIAN_POINT('',(0.28560476826,4.932703382379E-02));
#3903 = CARTESIAN_POINT('',(0.288377989604,4.900406710259E-02));
#3904 = CARTESIAN_POINT('',(0.290595095172,4.874832586091E-02));
#3905 = CARTESIAN_POINT('',(0.292804777353,4.849596749384E-02));
#3906 = CARTESIAN_POINT('',(0.295007369868,4.824701231813E-02));
#3907 = CARTESIAN_POINT('',(0.297203194134,4.800148349251E-02));
#3908 = CARTESIAN_POINT('',(0.299392560516,4.77594068727E-02));
#3909 = CARTESIAN_POINT('',(0.301575769584,4.752081086636E-02));
#3910 = CARTESIAN_POINT('',(0.305414181567,4.710638321903E-02));
#3911 = CARTESIAN_POINT('',(0.307071835898,4.692908382261E-02));
#3912 = CARTESIAN_POINT('',(0.308726205848,4.675384179774E-02));
#3913 = CARTESIAN_POINT('',(0.310377417731,4.658067168842E-02));
#3914 = CARTESIAN_POINT('',(0.312025594933,4.640958885198E-02));
#3915 = CARTESIAN_POINT('',(0.313670858146,4.624060942736E-02));
#3916 = CARTESIAN_POINT('',(0.315313325614,4.607375030326E-02));
#3917 = CARTESIAN_POINT('',(0.317553113369,4.58487574255E-02));
#3918 = CARTESIAN_POINT('',(0.318153113369,4.578873595758E-02));
#3919 = CARTESIAN_POINT('',(0.318753113369,4.572896663811E-02));
#3920 = CARTESIAN_POINT('',(0.319353113369,4.566945142808E-02));
#3921 = CARTESIAN_POINT('',(0.319953113369,4.561019229409E-02));
#3922 = CARTESIAN_POINT('',(0.320553113369,4.555119120835E-02));
#3923 = CARTESIAN_POINT('',(0.321153113369,4.549245014869E-02));
#3924 = CARTESIAN_POINT('',(0.326270472049,4.499368647935E-02));
#3925 = CARTESIAN_POINT('',(0.330769108108,4.457008377191E-02));
#3926 = CARTESIAN_POINT('',(0.335248763684,4.416391846927E-02));
#3927 = CARTESIAN_POINT('',(0.339709178526,4.377592978371E-02));
#3928 = CARTESIAN_POINT('',(0.344150089807,4.340683133946E-02));
#3929 = CARTESIAN_POINT('',(0.348571231292,4.305730126237E-02));
#3930 = CARTESIAN_POINT('',(0.352972331859,4.272797166631E-02));
#3931 = CARTESIAN_POINT('',(0.361870522799,4.210123988769E-02));
#3932 = CARTESIAN_POINT('',(0.366366386731,4.180513253128E-02));
#3933 = CARTESIAN_POINT('',(0.370841902515,4.153113163136E-02));
#3934 = CARTESIAN_POINT('',(0.375298218424,4.127924544358E-02));
#3935 = CARTESIAN_POINT('',(0.379736441131,4.104945008059E-02));
#3936 = CARTESIAN_POINT('',(0.384157641889,4.084168646655E-02));
#3937 = CARTESIAN_POINT('',(0.388562861398,4.065585848045E-02));
#3938 = CARTESIAN_POINT('',(0.397455610152,4.032361247713E-02));
#3939 = CARTESIAN_POINT('',(0.401942364945,4.017832402634E-02));
#3940 = CARTESIAN_POINT('',(0.406413728521,4.005588431077E-02));
#3941 = CARTESIAN_POINT('',(0.410870070836,3.995614640304E-02));
#3942 = CARTESIAN_POINT('',(0.415311777642,3.987890021914E-02));
#3943 = CARTESIAN_POINT('',(0.41973924728,3.982387522514E-02));
#3944 = CARTESIAN_POINT('',(0.424152887652,3.979074470515E-02));
#3945 = CARTESIAN_POINT('',(0.431636231516,3.977099462028E-02));
#3946 = CARTESIAN_POINT('',(0.434712769123,3.977342053179E-02));
#3947 = CARTESIAN_POINT('',(0.437782908275,3.978646270649E-02));
#3948 = CARTESIAN_POINT('',(0.440846829732,3.981015979229E-02));
#3949 = CARTESIAN_POINT('',(0.443904712694,3.984453569687E-02));
#3950 = CARTESIAN_POINT('',(0.446956734581,3.988959958076E-02));
#3951 = CARTESIAN_POINT('',(0.450003070803,3.994534585051E-02));
#3952 = CARTESIAN_POINT('',(0.454146371473,4.003583106175E-02));
#3953 = CARTESIAN_POINT('',(0.455248124009,4.006130950204E-02));
#3954 = CARTESIAN_POINT('',(0.456349160491,4.008818850779E-02));
#3955 = CARTESIAN_POINT('',(0.45744948927,4.011646687085E-02));
#3956 = CARTESIAN_POINT('',(0.458549118702,4.014614313983E-02));
#3957 = CARTESIAN_POINT('',(0.459648057147,4.017721562006E-02));
#3958 = CARTESIAN_POINT('',(0.460746312969,4.020968237362E-02));
#3959 = CARTESIAN_POINT('',(0.462293894502,4.025742306405E-02));
#3960 = CARTESIAN_POINT('',(0.46274389455,4.027154248582E-02));
#3961 = CARTESIAN_POINT('',(0.463193894564,4.02858993726E-02));
#3962 = CARTESIAN_POINT('',(0.463643894533,4.030049379813E-02));
#3963 = CARTESIAN_POINT('',(0.464093894502,4.031532588892E-02));
#3964 = CARTESIAN_POINT('',(0.464543894515,4.033039569122E-02));
#3965 = CARTESIAN_POINT('',(0.464993894564,4.034570303805E-02));
#3966 = CARTESIAN_POINT('',(0.46921900904,4.049165164535E-02));
#3967 = CARTESIAN_POINT('',(0.47298635305,4.063847713859E-02));
#3968 = CARTESIAN_POINT('',(0.476746210159,4.080146709464E-02));
#3969 = CARTESIAN_POINT('',(0.480498876361,4.098033695434E-02));
#3970 = CARTESIAN_POINT('',(0.484244658416,4.117477831062E-02));
#3971 = CARTESIAN_POINT('',(0.487983872218,4.138446281865E-02));
#3972 = CARTESIAN_POINT('',(0.491716841167,4.160904610587E-02));
#3973 = CARTESIAN_POINT('',(0.4963450712,4.190599063761E-02));
#3974 = CARTESIAN_POINT('',(0.497245902515,4.19646599097E-02));
#3975 = CARTESIAN_POINT('',(0.498146391676,4.202417404809E-02));
#3976 = CARTESIAN_POINT('',(0.499046545969,4.208452868471E-02));
#3977 = CARTESIAN_POINT('',(0.499946368168,4.214571815919E-02));
#3978 = CARTESIAN_POINT('',(0.500845861776,4.220773696954E-02));
#3979 = CARTESIAN_POINT('',(0.501745035772,4.227058108948E-02));
#3980 = CARTESIAN_POINT('',(0.505503716908,4.253679987205E-02));
#3981 = CARTESIAN_POINT('',(0.508360351389,4.274765591633E-02));
#3982 = CARTESIAN_POINT('',(0.511213987117,4.296665498948E-02));
#3983 = CARTESIAN_POINT('',(0.51406481461,4.319363605353E-02));
#3984 = CARTESIAN_POINT('',(0.516913025647,4.342843614683E-02));
#3985 = CARTESIAN_POINT('',(0.519758813164,4.367089116105E-02));
#3986 = CARTESIAN_POINT('',(0.522602371149,4.392083661809E-02));
#3987 = CARTESIAN_POINT('',(0.526194366158,4.424605622489E-02));
#3988 = CARTESIAN_POINT('',(0.526944695851,4.431451504081E-02));
#3989 = CARTESIAN_POINT('',(0.527694887199,4.438348186874E-02));
#3990 = CARTESIAN_POINT('',(0.528444943793,4.445295368554E-02));
#3991 = CARTESIAN_POINT('',(0.529194869225,4.452292747095E-02));
#3992 = CARTESIAN_POINT('',(0.529944667093,4.45934002076E-02));
#3993 = CARTESIAN_POINT('',(0.530694340994,4.4664368881E-02));
#3994 = CARTESIAN_POINT('',(0.531793894533,4.47691990895E-02));
#3995 = CARTESIAN_POINT('',(0.532143894533,4.480267767784E-02));
#3996 = CARTESIAN_POINT('',(0.532493894533,4.483626593199E-02));
#3997 = CARTESIAN_POINT('',(0.532843894533,4.486996353876E-02));
#3998 = CARTESIAN_POINT('',(0.533193894533,4.490377018433E-02));
#3999 = CARTESIAN_POINT('',(0.533543894533,4.493768555431E-02));
#4000 = CARTESIAN_POINT('',(0.533893894533,4.497170933369E-02));
#4001 = CARTESIAN_POINT('',(0.534543954792,4.503510300851E-02));
#4002 = CARTESIAN_POINT('',(0.534843997387,4.50644424585E-02));
#4003 = CARTESIAN_POINT('',(0.535144022521,4.509385945055E-02));
#4004 = CARTESIAN_POINT('',(0.535444030416,4.512335382968E-02));
#4005 = CARTESIAN_POINT('',(0.535744021306,4.515292539214E-02));
#4006 = CARTESIAN_POINT('',(0.536043995442,4.518257388547E-02));
#4007 = CARTESIAN_POINT('',(0.53634395309,4.521229900848E-02));
#4008 = CARTESIAN_POINT('',(0.539297017617,4.550570773572E-02));
#4009 = CARTESIAN_POINT('',(0.541948871893,4.577528321409E-02));
#4010 = CARTESIAN_POINT('',(0.544599646467,4.605060795625E-02));
#4011 = CARTESIAN_POINT('',(0.547249529566,4.633146856814E-02));
#4012 = CARTESIAN_POINT('',(0.549898708779,4.661765737389E-02));
#4013 = CARTESIAN_POINT('',(0.5525473713,4.690897263776E-02));
#4014 = CARTESIAN_POINT('',(0.555195704173,4.720521878631E-02));
#4015 = CARTESIAN_POINT('',(0.558843896124,4.761986474101E-02));
#4016 = CARTESIAN_POINT('',(0.559843877278,4.773419897335E-02));
#4017 = CARTESIAN_POINT('',(0.560843848012,4.78491991288E-02));
#4018 = CARTESIAN_POINT('',(0.561843818324,4.796485513359E-02));
#4019 = CARTESIAN_POINT('',(0.562843798188,4.808115703881E-02));
#4020 = CARTESIAN_POINT('',(0.56384379756,4.819809502038E-02));
#4021 = CARTESIAN_POINT('',(0.564843826371,4.831565937905E-02));
#4022 = CARTESIAN_POINT('',(0.566693752592,4.853427088081E-02));
#4023 = CARTESIAN_POINT('',(0.567543638914,4.863514679585E-02));
#4024 = CARTESIAN_POINT('',(0.568393560152,4.873646187015E-02));
#4025 = CARTESIAN_POINT('',(0.569243521352,4.883821126054E-02));
#4026 = CARTESIAN_POINT('',(0.570093529495,4.89403883429E-02));
#4027 = CARTESIAN_POINT('',(0.570943590822,4.904298724802E-02));
#4028 = CARTESIAN_POINT('',(0.571793709413,4.914600420192E-02));
#4029 = CARTESIAN_POINT('',(0.575688610623,4.961982538844E-02));
#4030 = CARTESIAN_POINT('',(0.578734172736,4.999547657167E-02));
#4031 = CARTESIAN_POINT('',(0.581780918032,5.037607465998E-02));
#4032 = CARTESIAN_POINT('',(0.584829178567,5.076132432186E-02));
#4033 = CARTESIAN_POINT('',(0.587879282346,5.11509439195E-02));
#4034 = CARTESIAN_POINT('',(0.590931554374,5.154466505838E-02));
#4035 = CARTESIAN_POINT('',(0.593986317713,5.194223213675E-02));
#4036 = CARTESIAN_POINT('',(0.597793270402,5.244172385115E-02));
#4037 = CARTESIAN_POINT('',(0.59854281519,5.254026220063E-02));
#4038 = CARTESIAN_POINT('',(0.59929253361,5.26390133591E-02));
#4039 = CARTESIAN_POINT('',(0.600042430365,5.273797378432E-02));
#4040 = CARTESIAN_POINT('',(0.600792510153,5.283713997637E-02));
#4041 = CARTESIAN_POINT('',(0.60154277766,5.29365084777E-02));
#4042 = CARTESIAN_POINT('',(0.602293237564,5.303607587304E-02));
#4043 = CARTESIAN_POINT('',(0.603593894533,5.320893423702E-02));
#4044 = CARTESIAN_POINT('',(0.604143894533,5.328212057833E-02));
#4045 = CARTESIAN_POINT('',(0.604693894533,5.335539618996E-02));
#4046 = CARTESIAN_POINT('',(0.605243894533,5.342875945712E-02));
#4047 = CARTESIAN_POINT('',(0.605793894533,5.350220877372E-02));
#4048 = CARTESIAN_POINT('',(0.606343894533,5.35757425423E-02));
#4049 = CARTESIAN_POINT('',(0.606893894533,5.364935917412E-02));
#4050 = CARTESIAN_POINT('',(0.609239015005,5.396359620818E-02));
#4051 = CARTESIAN_POINT('',(0.611035377457,5.420516389297E-02));
#4052 = CARTESIAN_POINT('',(0.612833058779,5.444768660506E-02));
#4053 = CARTESIAN_POINT('',(0.614632135131,5.469109299101E-02));
#4054 = CARTESIAN_POINT('',(0.616432682055,5.493531380367E-02));
#4055 = CARTESIAN_POINT('',(0.618234774572,5.518028182341E-02));
#4056 = CARTESIAN_POINT('',(0.620038487295,5.542593177938E-02));
#4057 = CARTESIAN_POINT('',(0.624479657074,5.603173426077E-02));
#4058 = CARTESIAN_POINT('',(0.627119030447,5.639258647022E-02));
#4059 = CARTESIAN_POINT('',(0.629762246153,5.675455967048E-02));
#4060 = CARTESIAN_POINT('',(0.632409532787,5.711746490374E-02));
#4061 = CARTESIAN_POINT('',(0.635061116677,5.748112098624E-02));
#4062 = CARTESIAN_POINT('',(0.63771722252,5.784535401132E-02));
#4063 = CARTESIAN_POINT('',(0.640378074021,5.82099968525E-02));
#4064 = CARTESIAN_POINT('',(0.645675137754,5.893504751759E-02));
#4065 = CARTESIAN_POINT('',(0.648311223212,5.929544562393E-02));
#4066 = CARTESIAN_POINT('',(0.650952412108,5.965586936001E-02));
#4067 = CARTESIAN_POINT('',(0.653598962818,6.001611304278E-02));
#4068 = CARTESIAN_POINT('',(0.656251131641,6.037597829172E-02));
#4069 = CARTESIAN_POINT('',(0.658909173558,6.073527338895E-02));
#4070 = CARTESIAN_POINT('',(0.661573342987,6.109381263928E-02));
#4071 = CARTESIAN_POINT('',(0.665885047895,6.16711761469E-02));
#4072 = CARTESIAN_POINT('',(0.667528611224,6.189058298356E-02));
#4073 = CARTESIAN_POINT('',(0.669174643466,6.210959438023E-02));
#4074 = CARTESIAN_POINT('',(0.670823203419,6.23281692249E-02));
#4075 = CARTESIAN_POINT('',(0.672474349793,6.254626710266E-02));
#4076 = CARTESIAN_POINT('',(0.674128141275,6.276384824466E-02));
#4077 = CARTESIAN_POINT('',(0.675784636583,6.298087347715E-02));
#4078 = CARTESIAN_POINT('',(0.677793461759,6.324290112089E-02));
#4079 = CARTESIAN_POINT('',(0.678143151593,6.328847170257E-02));
#4080 = CARTESIAN_POINT('',(0.678492964638,6.333401544075E-02));
#4081 = CARTESIAN_POINT('',(0.67884290143,6.337953200142E-02));
#4082 = CARTESIAN_POINT('',(0.679192962441,6.342502119131E-02));
#4083 = CARTESIAN_POINT('',(0.679543148078,6.347048295793E-02));
#4084 = CARTESIAN_POINT('',(0.679893458682,6.351591738949E-02));
#4085 = CARTESIAN_POINT('',(0.683063998829,6.39267357566E-02));
#4086 = CARTESIAN_POINT('',(0.685892220384,6.42903780809E-02));
#4087 = CARTESIAN_POINT('',(0.688728763523,6.465224418365E-02));
#4088 = CARTESIAN_POINT('',(0.691573838445,6.501232668526E-02));
#4089 = CARTESIAN_POINT('',(0.694427661741,6.537061828838E-02));
#4090 = CARTESIAN_POINT('',(0.697290456913,6.572711173556E-02));
#4091 = CARTESIAN_POINT('',(0.700162454887,6.608179976694E-02));
#4092 = CARTESIAN_POINT('',(0.704089462246,6.656272045716E-02));
#4093 = CARTESIAN_POINT('',(0.705136273147,6.669052715597E-02));
#4094 = CARTESIAN_POINT('',(0.706184338644,6.681809482586E-02));
#4095 = CARTESIAN_POINT('',(0.707233670288,6.694542311706E-02));
#4096 = CARTESIAN_POINT('',(0.70828427978,6.707251167851E-02));
#4097 = CARTESIAN_POINT('',(0.709336178964,6.719936015778E-02));
#4098 = CARTESIAN_POINT('',(0.710389379836,6.732596820115E-02));
#4099 = CARTESIAN_POINT('',(0.712340515468,6.755978155441E-02));
#4100 = CARTESIAN_POINT('',(0.713238085724,6.766705371E-02));
#4101 = CARTESIAN_POINT('',(0.714136614816,6.777415116595E-02));
#4102 = CARTESIAN_POINT('',(0.715036106698,6.788107464607E-02));
#4103 = CARTESIAN_POINT('',(0.715936571059,6.798782338575E-02));
#4104 = CARTESIAN_POINT('',(0.716838018827,6.809439632257E-02));
#4105 = CARTESIAN_POINT('',(0.717740456573,6.820079356977E-02));
#4106 = CARTESIAN_POINT('',(0.721895460921,6.868931371369E-02));
#4107 = CARTESIAN_POINT('',(0.725159979506,6.906932763811E-02));
#4108 = CARTESIAN_POINT('',(0.728437870738,6.944703250255E-02));
#4109 = CARTESIAN_POINT('',(0.731729571518,6.982240474666E-02));
#4110 = CARTESIAN_POINT('',(0.735035537174,7.019542066813E-02));
#4111 = CARTESIAN_POINT('',(0.738356243433,7.056605627201E-02));
#4112 = CARTESIAN_POINT('',(0.7416921884,7.093428712012E-02));
#4113 = CARTESIAN_POINT('',(0.745443894533,7.13437436849E-02));
#4114 = CARTESIAN_POINT('',(0.745843894533,7.138734008343E-02));
#4115 = CARTESIAN_POINT('',(0.746243894533,7.14308773525E-02));
#4116 = CARTESIAN_POINT('',(0.746643894533,7.147435546893E-02));
#4117 = CARTESIAN_POINT('',(0.747043894533,7.151777440983E-02));
#4118 = CARTESIAN_POINT('',(0.747443894533,7.156113415254E-02));
#4119 = CARTESIAN_POINT('',(0.747843894533,7.160443467467E-02));
#4120 = CARTESIAN_POINT('',(0.748593894533,7.168551222046E-02));
#4121 = CARTESIAN_POINT('',(0.748943894533,7.17233027972E-02));
#4122 = CARTESIAN_POINT('',(0.749293894533,7.176104805057E-02));
#4123 = CARTESIAN_POINT('',(0.749643894533,7.179874813412E-02));
#4124 = CARTESIAN_POINT('',(0.749993894533,7.183640298865E-02));
#4125 = CARTESIAN_POINT('',(0.750343894533,7.187401234227E-02));
#4126 = CARTESIAN_POINT('',(0.750693894533,7.191157571034E-02));
#4127 = CARTESIAN_POINT('',(0.753608825068,7.222402819072E-02));
#4128 = CARTESIAN_POINT('',(0.756183265391,7.24974734551E-02));
#4129 = CARTESIAN_POINT('',(0.758767471985,7.276919157101E-02));
#4130 = CARTESIAN_POINT('',(0.761361699812,7.303894624436E-02));
#4131 = CARTESIAN_POINT('',(0.763966202763,7.330650083019E-02));
#4132 = CARTESIAN_POINT('',(0.766581234102,7.357161765823E-02));
#4133 = CARTESIAN_POINT('',(0.769207046911,7.383405735847E-02));
#4134 = CARTESIAN_POINT('',(0.773380438349,7.424480615713E-02));
#4135 = CARTESIAN_POINT('',(0.774920728366,7.439504290139E-02));
#4136 = CARTESIAN_POINT('',(0.776464814391,7.454424054419E-02));
#4137 = CARTESIAN_POINT('',(0.778012745739,7.469235088061E-02));
#4138 = CARTESIAN_POINT('',(0.779564571252,7.483932532401E-02));
#4139 = CARTESIAN_POINT('',(0.78112033932,7.498511485368E-02));
#4140 = CARTESIAN_POINT('',(0.7826800979,7.512966996263E-02));
#4141 = CARTESIAN_POINT('',(0.784792139305,7.532316924079E-02));
#4142 = CARTESIAN_POINT('',(0.785340880239,7.537323984728E-02));
#4143 = CARTESIAN_POINT('',(0.785890120651,7.542315161904E-02));
#4144 = CARTESIAN_POINT('',(0.786439858444,7.547289806763E-02));
#4145 = CARTESIAN_POINT('',(0.786990100083,7.552248171189E-02));
#4146 = CARTESIAN_POINT('',(0.787540852421,7.557190542833E-02));
#4147 = CARTESIAN_POINT('',(0.788092114896,7.562116419761E-02));
#4148 = CARTESIAN_POINT('',(0.792637311568,7.602559004303E-02));
#4149 = CARTESIAN_POINT('',(0.796657766656,7.637238573237E-02));
#4150 = CARTESIAN_POINT('',(0.800706805753,7.671057952298E-02));
#4151 = CARTESIAN_POINT('',(0.804786087528,7.704008089884E-02));
#4152 = CARTESIAN_POINT('',(0.808897399696,7.736077558532E-02));
#4153 = CARTESIAN_POINT('',(0.813042683215,7.767252253359E-02));
#4154 = CARTESIAN_POINT('',(0.817224064339,7.797514966019E-02));
#4155 = CARTESIAN_POINT('',(0.825721419589,7.856575715253E-02));
#4156 = CARTESIAN_POINT('',(0.830038449194,7.885348134814E-02));
#4157 = CARTESIAN_POINT('',(0.834399086042,7.913198273528E-02));
#4158 = CARTESIAN_POINT('',(0.838807959181,7.940159127211E-02));
#4159 = CARTESIAN_POINT('',(0.843270295801,7.966260806956E-02));
#4160 = CARTESIAN_POINT('',(0.847792102179,7.991530751342E-02));
#4161 = CARTESIAN_POINT('',(0.852380453784,8.015993850712E-02));
#4162 = CARTESIAN_POINT('',(0.860424654113,8.056838300174E-02));
#4163 = CARTESIAN_POINT('',(0.863844999032,8.073592183403E-02));
#4164 = CARTESIAN_POINT('',(0.867302762944,8.089926529037E-02));
#4165 = CARTESIAN_POINT('',(0.870795313709,8.105834842355E-02));
#4166 = CARTESIAN_POINT('',(0.874319522922,8.121312218187E-02));
#4167 = CARTESIAN_POINT('',(0.877871776916,8.136355748118E-02));
#4168 = CARTESIAN_POINT('',(0.881448029228,8.150964854806E-02));
#4169 = CARTESIAN_POINT('',(0.885940114698,8.168674901117E-02));
#4170 = CARTESIAN_POINT('',(0.886837553574,8.17218138878E-02));
#4171 = CARTESIAN_POINT('',(0.887736143129,8.175661047291E-02));
#4172 = CARTESIAN_POINT('',(0.888635814255,8.179113917743E-02));
#4173 = CARTESIAN_POINT('',(0.889536496763,8.182540051416E-02));
#4174 = CARTESIAN_POINT('',(0.890438119388,8.185939509778E-02));
#4175 = CARTESIAN_POINT('',(0.891340609785,8.189312364482E-02));
#4176 = CARTESIAN_POINT('',(0.893141082707,8.1959824087E-02));
#4177 = CARTESIAN_POINT('',(0.894039010142,8.199279966884E-02));
#4178 = CARTESIAN_POINT('',(0.89493770125,8.202551431313E-02));
#4179 = CARTESIAN_POINT('',(0.895837189619,8.205796853157E-02));
#4180 = CARTESIAN_POINT('',(0.896737514188,8.209016276363E-02));
#4181 = CARTESIAN_POINT('',(0.897638715429,8.212209738662E-02));
#4182 = CARTESIAN_POINT('',(0.898540831522,8.215377272564E-02));
#4183 = CARTESIAN_POINT('',(0.902975617932,8.23080527692E-02));
#4184 = CARTESIAN_POINT('',(0.906521877291,8.242695491548E-02));
#4185 = CARTESIAN_POINT('',(0.910084961322,8.254191160957E-02));
#4186 = CARTESIAN_POINT('',(0.913667286107,8.265292454222E-02));
#4187 = CARTESIAN_POINT('',(0.917271424895,8.275998066184E-02));
#4188 = CARTESIAN_POINT('',(0.9209001541,8.286305095261E-02));
#4189 = CARTESIAN_POINT('',(0.924556515483,8.296208831652E-02));
#4190 = CARTESIAN_POINT('',(0.929428568703,8.308752547293E-02));
#4191 = CARTESIAN_POINT('',(0.930616358437,8.311760108731E-02));
#4192 = CARTESIAN_POINT('',(0.931807821142,8.314725949504E-02));
#4193 = CARTESIAN_POINT('',(0.933003653338,8.317651051906E-02));
#4194 = CARTESIAN_POINT('',(0.934204432838,8.320535970072E-02));
#4195 = CARTESIAN_POINT('',(0.93541091309,8.323381490145E-02));
#4196 = CARTESIAN_POINT('',(0.936623796189,8.326188088591E-02));
#4197 = CARTESIAN_POINT('',(0.939015156523,8.331613649925E-02));
#4198 = CARTESIAN_POINT('',(0.940193062662,8.334235620985E-02));
#4199 = CARTESIAN_POINT('',(0.941378323252,8.336822598656E-02));
#4200 = CARTESIAN_POINT('',(0.942571693078,8.339374928038E-02));
#4201 = CARTESIAN_POINT('',(0.943773988861,8.341892879048E-02));
#4202 = CARTESIAN_POINT('',(0.944986106701,8.344376641133E-02));
#4203 = CARTESIAN_POINT('',(0.946209039524,8.346826317982E-02));
#4204 = CARTESIAN_POINT('',(0.949398758579,8.353065991732E-02));
#4205 = CARTESIAN_POINT('',(0.951383498833,8.356804669554E-02));
#4206 = CARTESIAN_POINT('',(0.953402558235,8.360457982167E-02));
#4207 = CARTESIAN_POINT('',(0.955461070469,8.3640253878E-02));
#4208 = CARTESIAN_POINT('',(0.957565349039,8.367505566681E-02));
#4209 = CARTESIAN_POINT('',(0.959723127458,8.370896317649E-02));
#4210 = CARTESIAN_POINT('',(0.961944422757,8.374194152999E-02));
#4211 = CARTESIAN_POINT('',(0.965648122726,8.379346743944E-02));
#4212 = CARTESIAN_POINT('',(0.967081459392,8.381263359614E-02));
#4213 = CARTESIAN_POINT('',(0.968548401459,8.383145639776E-02));
#4214 = CARTESIAN_POINT('',(0.970054139804,8.384996274748E-02));
#4215 = CARTESIAN_POINT('',(0.971605640045,8.386818413462E-02));
#4216 = CARTESIAN_POINT('',(0.973211663208,8.388615661637E-02));
#4217 = CARTESIAN_POINT('',(0.974884212755,8.390392564258E-02));
#4218 = CARTESIAN_POINT('',(0.977576865212,8.393091624679E-02));
#4219 = CARTESIAN_POINT('',(0.978534320244,8.394023146953E-02));
#4220 = CARTESIAN_POINT('',(0.979519425284,8.394952127463E-02));
#4221 = CARTESIAN_POINT('',(0.980535863568,8.395879850166E-02));
#4222 = CARTESIAN_POINT('',(0.981588629196,8.396808040996E-02));
#4223 = CARTESIAN_POINT('',(0.982684039973,8.397738864711E-02));
#4224 = CARTESIAN_POINT('',(0.983830794044,8.398675295103E-02));
#4225 = CARTESIAN_POINT('',(0.985593894533,8.400051972116E-02));
#4226 = CARTESIAN_POINT('',(0.986143894533,8.400472993973E-02));
#4227 = CARTESIAN_POINT('',(0.986693894533,8.400885702277E-02));
#4228 = CARTESIAN_POINT('',(0.987243894533,8.401290215992E-02));
#4229 = CARTESIAN_POINT('',(0.987793894533,8.401686653928E-02));
#4230 = CARTESIAN_POINT('',(0.988343894533,8.402075134734E-02));
#4231 = CARTESIAN_POINT('',(0.988893894533,8.402455776904E-02));
#4232 = CARTESIAN_POINT('',(0.989993894533,8.403201620646E-02));
#4233 = CARTESIAN_POINT('',(0.990543894533,8.403566822237E-02));
#4234 = CARTESIAN_POINT('',(0.991093894533,8.403924421885E-02));
#4235 = CARTESIAN_POINT('',(0.991643894533,8.404274537795E-02));
#4236 = CARTESIAN_POINT('',(0.992193894533,8.404617288038E-02));
#4237 = CARTESIAN_POINT('',(0.992743894533,8.404952790555E-02));
#4238 = CARTESIAN_POINT('',(0.993293894533,8.405281163151E-02));
#4239 = CARTESIAN_POINT('',(0.994243894533,8.405836240119E-02));
#4240 = CARTESIAN_POINT('',(0.994643894533,8.406066247787E-02));
#4241 = CARTESIAN_POINT('',(0.995043894533,8.406292591771E-02));
#4242 = CARTESIAN_POINT('',(0.995443894533,8.406515317308E-02));
#4243 = CARTESIAN_POINT('',(0.995843894533,8.406734469603E-02));
#4244 = CARTESIAN_POINT('',(0.996243894533,8.406950093826E-02));
#4245 = CARTESIAN_POINT('',(0.996643894533,8.40716223512E-02));
#4246 = CARTESIAN_POINT('',(0.997043894533,8.407370938591E-02));
#4247 = CARTESIAN_POINT('',(0.997352753333,8.407532183995E-02));
#4248 = CARTESIAN_POINT('',(0.997674912673,8.40769809351E-02));
#4249 = CARTESIAN_POINT('',(0.998010232782,8.407868606823E-02));
#4250 = CARTESIAN_POINT('',(0.998360297422,8.408044307022E-02));
#4251 = CARTESIAN_POINT('',(0.998728413881,8.408226420589E-02));
#4252 = CARTESIAN_POINT('',(0.999119612978,8.408416817405E-02));
#4253 = CARTESIAN_POINT('',(0.999540649059,8.408618010747E-02));
#4254 = CARTESIAN_POINT('',(1.,8.408833157289E-02));
#4255 = ( GEOMETRIC_REPRESENTATION_CONTEXT(2) 
PARAMETRIC_REPRESENTATION_CONTEXT() REPRESENTATION_CONTEXT('2D SPACE',''
  ) );
#4256 = ADVANCED_FACE('',(#4257),#3293,.T.);
#4257 = FACE_BOUND('',#4258,.T.);
#4258 = EDGE_LOOP('',(#4259,#4285,#4286,#4312));
#4259 = ORIENTED_EDGE('',*,*,#4260,.F.);
#4260 = EDGE_CURVE('',#55,#4261,#4263,.T.);
#4261 = VERTEX_POINT('',#4262);
#4262 = CARTESIAN_POINT('',(2.0642041E+04,-1.8463479E+04,-197.243));
#4263 = SURFACE_CURVE('',#4264,(#4278),.PCURVE_S1.);
#4264 = B_SPLINE_CURVE_WITH_KNOTS('',3,(#4265,#4266,#4267,#4268,#4269,
    #4270,#4271,#4272,#4273,#4274,#4275,#4276,#4277),.UNSPECIFIED.,.F.,
  .F.,(4,1,1,1,1,1,1,1,1,1,4),(0.,0.1,0.2,0.3,0.4,0.5,0.6,0.7,0.8,0.9,1.
    ),.QUASI_UNIFORM_KNOTS.);
#4265 = CARTESIAN_POINT('',(1.2743744E+04,-375.046,-1.2423E+03));
#4266 = CARTESIAN_POINT('',(1.288395619613E+04,-780.793281487,
    -1.223747945602E+03));
#4267 = CARTESIAN_POINT('',(1.318913284214E+04,-1.631951860413E+03,
    -1.183368759094E+03));
#4268 = CARTESIAN_POINT('',(1.372102898919E+04,-3.027480022163E+03,
    -1.112991362662E+03));
#4269 = CARTESIAN_POINT('',(1.432693079952E+04,-4.541596832929E+03,
    -1.032821956956E+03));
#4270 = CARTESIAN_POINT('',(1.500671282894E+04,-6.174100761636E+03,
    -942.8771400425));
#4271 = CARTESIAN_POINT('',(1.576024970481E+04,-7.924790392222E+03,
    -843.1735005145));
#4272 = CARTESIAN_POINT('',(1.658741612383E+04,-9.793464419955E+03,
    -733.7276177965));
#4273 = CARTESIAN_POINT('',(1.748808685424E+04,-1.177992165509E+04,
    -614.5560618424));
#4274 = CARTESIAN_POINT('',(1.846213673453E+04,-1.388396102076E+04,
    -485.675393311));
#4275 = CARTESIAN_POINT('',(1.950944067374E+04,-1.610538155334E+04,
    -347.1021635312));
#4276 = CARTESIAN_POINT('',(2.025639599265E+04,-1.766444878691E+04,
    -248.2693307811));
#4277 = CARTESIAN_POINT('',(2.0642041E+04,-1.8463479E+04,-197.243));
#4278 = PCURVE('',#3293,#4279);
#4279 = DEFINITIONAL_REPRESENTATION('',(#4280),#4284);
#4280 = LINE('',#4281,#4282);
#4281 = CARTESIAN_POINT('',(0.,0.));
#4282 = VECTOR('',#4283,1.);
#4283 = DIRECTION('',(0.,1.));
#4284 = ( GEOMETRIC_REPRESENTATION_CONTEXT(2) 
PARAMETRIC_REPRESENTATION_CONTEXT() REPRESENTATION_CONTEXT('2D SPACE',''
  ) );
#4285 = ORIENTED_EDGE('',*,*,#2173,.T.);
#4286 = ORIENTED_EDGE('',*,*,#4287,.T.);
#4287 = EDGE_CURVE('',#53,#4288,#4290,.T.);
#4288 = VERTEX_POINT('',#4289);
#4289 = CARTESIAN_POINT('',(2.2136972E+04,-1.8463479E+04,-249.447));
#4290 = SURFACE_CURVE('',#4291,(#4305),.PCURVE_S1.);
#4291 = B_SPLINE_CURVE_WITH_KNOTS('',3,(#4292,#4293,#4294,#4295,#4296,
    #4297,#4298,#4299,#4300,#4301,#4302,#4303,#4304),.UNSPECIFIED.,.F.,
  .F.,(4,1,1,1,1,1,1,1,1,1,4),(0.,0.1,0.2,0.3,0.4,0.5,0.6,0.7,0.8,0.9,1.
    ),.QUASI_UNIFORM_KNOTS.);
#4292 = CARTESIAN_POINT('',(1.8815763E+04,-375.046,-1.45434E+03));
#4293 = CARTESIAN_POINT('',(1.874266123451E+04,-781.6996677846,
    -1.42824426607E+03));
#4294 = CARTESIAN_POINT('',(1.863301228133E+04,-1.634046124786E+03,
    -1.373255079317E+03));
#4295 = CARTESIAN_POINT('',(1.857838882581E+04,-3.029880679503E+03,
    -1.282363979653E+03));
#4296 = CARTESIAN_POINT('',(1.863380168735E+04,-4.543227716322E+03,
    -1.183051389857E+03));
#4297 = CARTESIAN_POINT('',(1.879943731398E+04,-6.174284959808E+03,
    -1.075303131323E+03));
#4298 = CARTESIAN_POINT('',(1.907548226036E+04,-7.923250247542E+03,
    -959.1050173401));
#4299 = CARTESIAN_POINT('',(1.946212318448E+04,-9.790321526713E+03,
    -834.4428533392));
#4300 = CARTESIAN_POINT('',(1.9959546851E+04,-1.177569685762E+04,
    -701.3024366385));
#4301 = CARTESIAN_POINT('',(2.056794012928E+04,-1.387957441161E+04,
    -559.669556594));
#4302 = CARTESIAN_POINT('',(2.12874899938E+04,-1.610215247148E+04,
    -409.5299945686));
#4303 = CARTESIAN_POINT('',(2.184141901472E+04,-1.766313711225E+04,
    -303.7563474238));
#4304 = CARTESIAN_POINT('',(2.2136972E+04,-1.8463479E+04,-249.447));
#4305 = PCURVE('',#3293,#4306);
#4306 = DEFINITIONAL_REPRESENTATION('',(#4307),#4311);
#4307 = LINE('',#4308,#4309);
#4308 = CARTESIAN_POINT('',(1.,0.));
#4309 = VECTOR('',#4310,1.);
#4310 = DIRECTION('',(0.,1.));
#4311 = ( GEOMETRIC_REPRESENTATION_CONTEXT(2) 
PARAMETRIC_REPRESENTATION_CONTEXT() REPRESENTATION_CONTEXT('2D SPACE',''
  ) );
#4312 = ORIENTED_EDGE('',*,*,#4313,.F.);
#4313 = EDGE_CURVE('',#4261,#4288,#4314,.T.);
#4314 = SURFACE_CURVE('',#4315,(#4347),.PCURVE_S1.);
#4315 = B_SPLINE_CURVE_WITH_KNOTS('',3,(#4316,#4317,#4318,#4319,#4320,
    #4321,#4322,#4323,#4324,#4325,#4326,#4327,#4328,#4329,#4330,#4331,
    #4332,#4333,#4334,#4335,#4336,#4337,#4338,#4339,#4340,#4341,#4342,
    #4343,#4344,#4345,#4346),.UNSPECIFIED.,.F.,.F.,(4,1,1,1,1,1,1,1,1,1,
    1,1,1,1,1,1,1,1,1,1,1,1,1,1,1,1,1,1,4),(0.,3.571428571429E-02,
    7.142857142857E-02,0.107142857143,0.142857142857,0.178571428571,
    0.214285714286,0.25,0.285714285714,0.321428571429,0.357142857143,
    0.392857142857,0.428571428571,0.464285714286,0.5,0.535714285714,
    0.571428571429,0.607142857143,0.642857142857,0.678571428571,
    0.714285714286,0.75,0.785714285714,0.821428571429,0.857142857143,
    0.892857142857,0.928571428571,0.964285714286,1.),
  .QUASI_UNIFORM_KNOTS.);
#4316 = CARTESIAN_POINT('',(2.0642041E+04,-1.8463479E+04,-197.243));
#4317 = CARTESIAN_POINT('',(2.064182259682E+04,-1.8463479E+04,
    -199.4011311076));
#4318 = CARTESIAN_POINT('',(2.063999035888E+04,-1.8463479E+04,
    -224.3213845777));
#4319 = CARTESIAN_POINT('',(2.066229169179E+04,-1.8463479E+04,
    -246.5020476807));
#4320 = CARTESIAN_POINT('',(2.070421083737E+04,-1.8463479E+04,
    -271.2903701086));
#4321 = CARTESIAN_POINT('',(2.074174565241E+04,-1.8463479E+04,
    -292.4226007113));
#4322 = CARTESIAN_POINT('',(2.079424091372E+04,-1.8463479E+04,
    -304.495049733));
#4323 = CARTESIAN_POINT('',(2.0846096827E+04,-1.8463479E+04,
    -316.0709073383));
#4324 = CARTESIAN_POINT('',(2.090291161614E+04,-1.8463479E+04,
    -326.1709465721));
#4325 = CARTESIAN_POINT('',(2.096180145437E+04,-1.8463479E+04,
    -333.5207355548));
#4326 = CARTESIAN_POINT('',(2.102334762133E+04,-1.8463479E+04,
    -339.351314822));
#4327 = CARTESIAN_POINT('',(2.108627320689E+04,-1.8463479E+04,
    -343.5871943397));
#4328 = CARTESIAN_POINT('',(2.115078966389E+04,-1.8463479E+04,
    -346.1061715814));
#4329 = CARTESIAN_POINT('',(2.121626850621E+04,-1.8463479E+04,
    -346.9967825457));
#4330 = CARTESIAN_POINT('',(2.128251298392E+04,-1.8463479E+04,
    -346.3336949231));
#4331 = CARTESIAN_POINT('',(2.134915818693E+04,-1.8463479E+04,
    -343.9592823548));
#4332 = CARTESIAN_POINT('',(2.141595758828E+04,-1.8463479E+04,
    -339.8189099039));
#4333 = CARTESIAN_POINT('',(2.148257144635E+04,-1.8463479E+04,
    -333.8444528607));
#4334 = CARTESIAN_POINT('',(2.154872621521E+04,-1.8463479E+04,
    -326.1748927552));
#4335 = CARTESIAN_POINT('',(2.161410360591E+04,-1.8463479E+04,
    -317.0545069085));
#4336 = CARTESIAN_POINT('',(2.167845969886E+04,-1.8463479E+04,
    -307.0131075446));
#4337 = CARTESIAN_POINT('',(2.17415474785E+04,-1.8463479E+04,
    -296.7910513899));
#4338 = CARTESIAN_POINT('',(2.1802987226E+04,-1.8463479E+04,
    -286.5717527418));
#4339 = CARTESIAN_POINT('',(2.186233707456E+04,-1.8463479E+04,
    -276.5797225818));
#4340 = CARTESIAN_POINT('',(2.191963077522E+04,-1.8463479E+04,
    -268.1038967282));
#4341 = CARTESIAN_POINT('',(2.197392305162E+04,-1.8463479E+04,
    -261.4870732424));
#4342 = CARTESIAN_POINT('',(2.202307059148E+04,-1.8463479E+04,
    -256.5338604496));
#4343 = CARTESIAN_POINT('',(2.207109965055E+04,-1.8463479E+04,
    -252.7685914906));
#4344 = CARTESIAN_POINT('',(2.211596418019E+04,-1.8463479E+04,
    -250.2992594173));
#4345 = CARTESIAN_POINT('',(2.213465594999E+04,-1.8463479E+04,
    -249.6454598769));
#4346 = CARTESIAN_POINT('',(2.2136972E+04,-1.8463479E+04,-249.447));
#4347 = PCURVE('',#3293,#4348);
#4348 = DEFINITIONAL_REPRESENTATION('',(#4349),#4353);
#4349 = LINE('',#4350,#4351);
#4350 = CARTESIAN_POINT('',(0.,1.));
#4351 = VECTOR('',#4352,1.);
#4352 = DIRECTION('',(1.,0.));
#4353 = ( GEOMETRIC_REPRESENTATION_CONTEXT(2) 
PARAMETRIC_REPRESENTATION_CONTEXT() REPRESENTATION_CONTEXT('2D SPACE',''
  ) );
#4354 = ( GEOMETRIC_REPRESENTATION_CONTEXT(3) 
GLOBAL_UNCERTAINTY_ASSIGNED_CONTEXT((#4358)) 
GLOBAL_UNIT_ASSIGNED_CONTEXT((#4355,#4356,#4357)) REPRESENTATION_CONTEXT
('Context #1','3D Context with UNIT and UNCERTAINTY') );
#4355 = ( LENGTH_UNIT() NAMED_UNIT(*) SI_UNIT(.MILLI.,.METRE.) );
#4356 = ( NAMED_UNIT(*) PLANE_ANGLE_UNIT() SI_UNIT($,.RADIAN.) );
#4357 = ( NAMED_UNIT(*) SI_UNIT($,.STERADIAN.) SOLID_ANGLE_UNIT() );
#4358 = UNCERTAINTY_MEASURE_WITH_UNIT(LENGTH_MEASURE(5.E-03),#4355,
  'distance_accuracy_value','confusion accuracy');
#4359 = SHAPE_DEFINITION_REPRESENTATION(#4360,#45);
#4360 = PRODUCT_DEFINITION_SHAPE('','',#4361);
#4361 = PRODUCT_DEFINITION('design','',#4362,#4365);
#4362 = PRODUCT_DEFINITION_FORMATION('','',#4363);
#4363 = PRODUCT('Open CASCADE STEP translator 7.6 3.1',
  'Open CASCADE STEP translator 7.6 3.1','',(#4364));
#4364 = PRODUCT_CONTEXT('',#2,'mechanical');
#4365 = PRODUCT_DEFINITION_CONTEXT('part definition',#2,'design');
#4366 = CONTEXT_DEPENDENT_SHAPE_REPRESENTATION(#4367,#4369);
#4367 = ( REPRESENTATION_RELATIONSHIP('','',#45,#10) 
REPRESENTATION_RELATIONSHIP_WITH_TRANSFORMATION(#4368) 
SHAPE_REPRESENTATION_RELATIONSHIP() );
#4368 = ITEM_DEFINED_TRANSFORMATION('','',#11,#15);
#4369 = PRODUCT_DEFINITION_SHAPE('Placement','Placement of an item',
  #4370);
#4370 = NEXT_ASSEMBLY_USAGE_OCCURRENCE('1','','',#5,#4361,$);
#4371 = PRODUCT_RELATED_PRODUCT_CATEGORY('part',$,(#4363));
#4372 = ADVANCED_BREP_SHAPE_REPRESENTATION('',(#11,#4373),#4553);
#4373 = MANIFOLD_SOLID_BREP('',#4374);
#4374 = CLOSED_SHELL('',(#4375));
#4375 = ADVANCED_FACE('',(#4376),#4424,.T.);
#4376 = FACE_BOUND('',#4377,.T.);
#4377 = EDGE_LOOP('',(#4378,#4505));
#4378 = ORIENTED_EDGE('',*,*,#4379,.F.);
#4379 = EDGE_CURVE('',#4380,#4382,#4384,.T.);
#4380 = VERTEX_POINT('',#4381);
#4381 = CARTESIAN_POINT('',(2.0642041E+04,-1.8463479E+04,-197.243));
#4382 = VERTEX_POINT('',#4383);
#4383 = CARTESIAN_POINT('',(2.2136972E+04,-1.8463479E+04,-249.447));
#4384 = SURFACE_CURVE('',#4385,(#4423),.PCURVE_S1.);
#4385 = B_SPLINE_CURVE_WITH_KNOTS('',3,(#4386,#4387,#4388,#4389,#4390,
    #4391,#4392,#4393,#4394,#4395,#4396,#4397,#4398,#4399,#4400,#4401,
    #4402,#4403,#4404,#4405,#4406,#4407,#4408,#4409,#4410,#4411,#4412,
    #4413,#4414,#4415,#4416,#4417,#4418,#4419,#4420,#4421,#4422),
  .UNSPECIFIED.,.F.,.F.,(4,1,1,1,1,1,1,1,1,1,1,1,1,1,1,1,1,1,1,1,1,1,1,1
    ,1,1,1,1,1,1,1,1,1,1,4),(0.,5.244510569454E-02,5.530551701681E-02,
    8.993444023901E-02,9.382261526764E-02,0.13433492303,0.138387204373,
    0.183984686986,0.18811185501,0.238298118752,0.242709791475,
    0.296584003611,0.301497701721,0.357997325701,0.363560390757,
    0.421666033299,0.427953534854,0.486739958186,0.493742991747,
    0.552372582187,0.560008803627,0.617696698631,0.625838661987,
    0.681780944634,0.690316825951,0.743625231272,0.752510260996,
    0.802135161798,0.811419497895,0.856204856604,0.865986512584,
    0.905717085409,0.916108636134,0.948082075721,1.),.UNSPECIFIED.);
#4386 = CARTESIAN_POINT('',(2.0642041E+04,-1.8463479E+04,-197.243));
#4387 = CARTESIAN_POINT('',(2.064168764348E+04,-1.8463479E+04,
    -190.757178447));
#4388 = CARTESIAN_POINT('',(2.064153604685E+04,-1.8463479E+04,
    -172.0493133635));
#4389 = CARTESIAN_POINT('',(2.065873853402E+04,-1.8463479E+04,
    -148.0116441439));
#4390 = CARTESIAN_POINT('',(2.067238537367E+04,-1.8463479E+04,
    -139.3980130314));
#4391 = CARTESIAN_POINT('',(2.070112117615E+04,-1.8463479E+04,
    -126.1608247377));
#4392 = CARTESIAN_POINT('',(2.071994600247E+04,-1.8463479E+04,
    -120.1912113585));
#4393 = CARTESIAN_POINT('',(2.075809790456E+04,-1.8463479E+04,
    -112.5085332819));
#4394 = CARTESIAN_POINT('',(2.078298592895E+04,-1.8463479E+04,
    -110.1639173744));
#4395 = CARTESIAN_POINT('',(2.083145440449E+04,-1.8463479E+04,
    -107.2370009329));
#4396 = CARTESIAN_POINT('',(2.086127337619E+04,-1.8463479E+04,
    -106.275227096));
#4397 = CARTESIAN_POINT('',(2.091846503088E+04,-1.8463479E+04,
    -106.0396083001));
#4398 = CARTESIAN_POINT('',(2.095308124625E+04,-1.8463479E+04,
    -106.8679822805));
#4399 = CARTESIAN_POINT('',(2.101786844239E+04,-1.8463479E+04,
    -109.7807416412));
#4400 = CARTESIAN_POINT('',(2.105646148927E+04,-1.8463479E+04,
    -112.302809539));
#4401 = CARTESIAN_POINT('',(2.112696562669E+04,-1.8463479E+04,
    -117.4402742286));
#4402 = CARTESIAN_POINT('',(2.116873510156E+04,-1.8463479E+04,
    -120.7443194753));
#4403 = CARTESIAN_POINT('',(2.124306527709E+04,-1.8463479E+04,
    -127.1008156543));
#4404 = CARTESIAN_POINT('',(2.128698848541E+04,-1.8463479E+04,
    -131.1375589889));
#4405 = CARTESIAN_POINT('',(2.136310337026E+04,-1.8463479E+04,
    -138.4146998442));
#4406 = CARTESIAN_POINT('',(2.140806778646E+04,-1.8463479E+04,
    -142.8644711561));
#4407 = CARTESIAN_POINT('',(2.148392159446E+04,-1.8463479E+04,
    -150.6622578895));
#4408 = CARTESIAN_POINT('',(2.152871872581E+04,-1.8463479E+04,
    -155.4407402631));
#4409 = CARTESIAN_POINT('',(2.160224711932E+04,-1.8463479E+04,
    -163.6006377849));
#4410 = CARTESIAN_POINT('',(2.1645638822E+04,-1.8463479E+04,
    -168.6040337226));
#4411 = CARTESIAN_POINT('',(2.171480614698E+04,-1.8463479E+04,
    -177.1389046697));
#4412 = CARTESIAN_POINT('',(2.175560126995E+04,-1.8463479E+04,
    -182.522854059));
#4413 = CARTESIAN_POINT('',(2.181836600029E+04,-1.8463479E+04,
    -191.4230623786));
#4414 = CARTESIAN_POINT('',(2.185538029195E+04,-1.8463479E+04,
    -197.0385928193));
#4415 = CARTESIAN_POINT('',(2.191012781988E+04,-1.8463479E+04,
    -205.8847790791));
#4416 = CARTESIAN_POINT('',(2.194275557477E+04,-1.8463479E+04,
    -211.468606863));
#4417 = CARTESIAN_POINT('',(2.198797985651E+04,-1.8463479E+04,
    -219.6172702243));
#4418 = CARTESIAN_POINT('',(2.20148327302E+04,-1.8463479E+04,
    -224.6995549363));
#4419 = CARTESIAN_POINT('',(2.205077888868E+04,-1.8463479E+04,
    -231.7428179881));
#4420 = CARTESIAN_POINT('',(2.209167582401E+04,-1.8463479E+04,
    -239.9606535817));
#4421 = CARTESIAN_POINT('',(2.212271568551E+04,-1.8463479E+04,
    -246.4305817545));
#4422 = CARTESIAN_POINT('',(2.2136972E+04,-1.8463479E+04,-249.447));
#4423 = PCURVE('',#4424,#4499);
#4424 = B_SPLINE_SURFACE_WITH_KNOTS('',1,3,(
    (#4425,#4426,#4427,#4428,#4429,#4430,#4431,#4432,#4433,#4434,#4435
      ,#4436,#4437,#4438,#4439,#4440,#4441,#4442,#4443,#4444,#4445,#4446
      ,#4447,#4448,#4449,#4450,#4451,#4452,#4453,#4454,#4455,#4456,#4457
      ,#4458,#4459,#4460,#4461)
    ,(#4462,#4463,#4464,#4465,#4466,#4467,#4468,#4469,#4470,#4471,#4472
      ,#4473,#4474,#4475,#4476,#4477,#4478,#4479,#4480,#4481,#4482,#4483
      ,#4484,#4485,#4486,#4487,#4488,#4489,#4490,#4491,#4492,#4493,#4494
      ,#4495,#4496,#4497,#4498
    )),.UNSPECIFIED.,.F.,.F.,.F.,(2,2),(4,1,1,1,1,1,1,1,1,1,1,1,1,1,1,1,
    1,1,1,1,1,1,1,1,1,1,1,1,1,1,1,1,1,1,4),(0.,1.),(0.,
    5.244510569454E-02,5.530551701681E-02,8.993444023901E-02,
    9.382261526764E-02,0.13433492303,0.138387204373,0.183984686986,
    0.18811185501,0.238298118752,0.242709791475,0.296584003611,
    0.301497701721,0.357997325701,0.363560390757,0.421666033299,
    0.427953534854,0.486739958186,0.493742991747,0.552372582187,
    0.560008803627,0.617696698631,0.625838661987,0.681780944634,
    0.690316825951,0.743625231272,0.752510260996,0.802135161798,
    0.811419497895,0.856204856604,0.865986512584,0.905717085409,
    0.916108636134,0.948082075721,1.),.UNSPECIFIED.);
#4425 = CARTESIAN_POINT('',(2.0642041E+04,-1.8463479E+04,-197.243));
#4426 = CARTESIAN_POINT('',(2.064168764348E+04,-1.8463479E+04,
    -190.757178447));
#4427 = CARTESIAN_POINT('',(2.064153604685E+04,-1.8463479E+04,
    -172.0493133635));
#4428 = CARTESIAN_POINT('',(2.065873853402E+04,-1.8463479E+04,
    -148.0116441439));
#4429 = CARTESIAN_POINT('',(2.067238537367E+04,-1.8463479E+04,
    -139.3980130314));
#4430 = CARTESIAN_POINT('',(2.070112117615E+04,-1.8463479E+04,
    -126.1608247377));
#4431 = CARTESIAN_POINT('',(2.071994600247E+04,-1.8463479E+04,
    -120.1912113585));
#4432 = CARTESIAN_POINT('',(2.075809790456E+04,-1.8463479E+04,
    -112.5085332819));
#4433 = CARTESIAN_POINT('',(2.078298592895E+04,-1.8463479E+04,
    -110.1639173744));
#4434 = CARTESIAN_POINT('',(2.083145440449E+04,-1.8463479E+04,
    -107.2370009329));
#4435 = CARTESIAN_POINT('',(2.086127337619E+04,-1.8463479E+04,
    -106.275227096));
#4436 = CARTESIAN_POINT('',(2.091846503088E+04,-1.8463479E+04,
    -106.0396083001));
#4437 = CARTESIAN_POINT('',(2.095308124625E+04,-1.8463479E+04,
    -106.8679822805));
#4438 = CARTESIAN_POINT('',(2.101786844239E+04,-1.8463479E+04,
    -109.7807416412));
#4439 = CARTESIAN_POINT('',(2.105646148927E+04,-1.8463479E+04,
    -112.302809539));
#4440 = CARTESIAN_POINT('',(2.112696562669E+04,-1.8463479E+04,
    -117.4402742286));
#4441 = CARTESIAN_POINT('',(2.116873510156E+04,-1.8463479E+04,
    -120.7443194753));
#4442 = CARTESIAN_POINT('',(2.124306527709E+04,-1.8463479E+04,
    -127.1008156543));
#4443 = CARTESIAN_POINT('',(2.128698848541E+04,-1.8463479E+04,
    -131.1375589889));
#4444 = CARTESIAN_POINT('',(2.136310337026E+04,-1.8463479E+04,
    -138.4146998442));
#4445 = CARTESIAN_POINT('',(2.140806778646E+04,-1.8463479E+04,
    -142.8644711561));
#4446 = CARTESIAN_POINT('',(2.148392159446E+04,-1.8463479E+04,
    -150.6622578895));
#4447 = CARTESIAN_POINT('',(2.152871872581E+04,-1.8463479E+04,
    -155.4407402631));
#4448 = CARTESIAN_POINT('',(2.160224711932E+04,-1.8463479E+04,
    -163.6006377849));
#4449 = CARTESIAN_POINT('',(2.1645638822E+04,-1.8463479E+04,
    -168.6040337226));
#4450 = CARTESIAN_POINT('',(2.171480614698E+04,-1.8463479E+04,
    -177.1389046697));
#4451 = CARTESIAN_POINT('',(2.175560126995E+04,-1.8463479E+04,
    -182.522854059));
#4452 = CARTESIAN_POINT('',(2.181836600029E+04,-1.8463479E+04,
    -191.4230623786));
#4453 = CARTESIAN_POINT('',(2.185538029195E+04,-1.8463479E+04,
    -197.0385928193));
#4454 = CARTESIAN_POINT('',(2.191012781988E+04,-1.8463479E+04,
    -205.8847790791));
#4455 = CARTESIAN_POINT('',(2.194275557477E+04,-1.8463479E+04,
    -211.468606863));
#4456 = CARTESIAN_POINT('',(2.198797985651E+04,-1.8463479E+04,
    -219.6172702243));
#4457 = CARTESIAN_POINT('',(2.20148327302E+04,-1.8463479E+04,
    -224.6995549363));
#4458 = CARTESIAN_POINT('',(2.205077888868E+04,-1.8463479E+04,
    -231.7428179881));
#4459 = CARTESIAN_POINT('',(2.209167582401E+04,-1.8463479E+04,
    -239.9606535817));
#4460 = CARTESIAN_POINT('',(2.212271568551E+04,-1.8463479E+04,
    -246.4305817545));
#4461 = CARTESIAN_POINT('',(2.2136972E+04,-1.8463479E+04,-249.447));
#4462 = CARTESIAN_POINT('',(2.0642041E+04,-1.8463479E+04,-197.243));
#4463 = CARTESIAN_POINT('',(2.064139488573E+04,-1.8463479E+04,
    -204.0901598929));
#4464 = CARTESIAN_POINT('',(2.064047815998E+04,-1.8463479E+04,
    -221.7708178605));
#4465 = CARTESIAN_POINT('',(2.065941043451E+04,-1.8463479E+04,
    -244.1255803538));
#4466 = CARTESIAN_POINT('',(2.06740002531E+04,-1.8463479E+04,
    -252.6058346817));
#4467 = CARTESIAN_POINT('',(2.070176229709E+04,-1.8463479E+04,
    -269.7756193638));
#4468 = CARTESIAN_POINT('',(2.071895776863E+04,-1.8463479E+04,
    -280.6873977592));
#4469 = CARTESIAN_POINT('',(2.075610924047E+04,-1.8463479E+04,
    -295.8241118337));
#4470 = CARTESIAN_POINT('',(2.078148730155E+04,-1.8463479E+04,
    -301.6947548621));
#4471 = CARTESIAN_POINT('',(2.083032345177E+04,-1.8463479E+04,
    -312.5193036223));
#4472 = CARTESIAN_POINT('',(2.086013266326E+04,-1.8463479E+04,
    -318.7486659865));
#4473 = CARTESIAN_POINT('',(2.091773196287E+04,-1.8463479E+04,
    -328.1985204984));
#4474 = CARTESIAN_POINT('',(2.095282017345E+04,-1.8463479E+04,
    -332.4674178735));
#4475 = CARTESIAN_POINT('',(2.101852060443E+04,-1.8463479E+04,
    -338.9273869702));
#4476 = CARTESIAN_POINT('',(2.105769515621E+04,-1.8463479E+04,
    -341.8652322238));
#4477 = CARTESIAN_POINT('',(2.112935233902E+04,-1.8463479E+04,
    -345.459079808));
#4478 = CARTESIAN_POINT('',(2.117185407144E+04,-1.8463479E+04,
    -346.5580896879));
#4479 = CARTESIAN_POINT('',(2.124749342716E+04,-1.8463479E+04,
    -346.8826599546));
#4480 = CARTESIAN_POINT('',(2.129219581798E+04,-1.8463479E+04,
    -346.1077506783));
#4481 = CARTESIAN_POINT('',(2.136962501296E+04,-1.8463479E+04,
    -342.8830742092));
#4482 = CARTESIAN_POINT('',(2.141533973406E+04,-1.8463479E+04,
    -339.871909917));
#4483 = CARTESIAN_POINT('',(2.149234291228E+04,-1.8463479E+04,
    -332.8266363179));
#4484 = CARTESIAN_POINT('',(2.153774632759E+04,-1.8463479E+04,
    -327.5449732842));
#4485 = CARTESIAN_POINT('',(2.161211057311E+04,-1.8463479E+04,
    -317.3715122266));
#4486 = CARTESIAN_POINT('',(2.165590625153E+04,-1.8463479E+04,
    -310.5734038581));
#4487 = CARTESIAN_POINT('',(2.172566197503E+04,-1.8463479E+04,
    -299.393721633));
#4488 = CARTESIAN_POINT('',(2.176675656409E+04,-1.8463479E+04,
    -292.6161680975));
#4489 = CARTESIAN_POINT('',(2.182990551804E+04,-1.8463479E+04,
    -282.038236112));
#4490 = CARTESIAN_POINT('',(2.18671357419E+04,-1.8463479E+04,
    -275.8372924611));
#4491 = CARTESIAN_POINT('',(2.192229209846E+04,-1.8463479E+04,
    -267.8343003772));
#4492 = CARTESIAN_POINT('',(2.195503598811E+04,-1.8463479E+04,
    -263.7294306933));
#4493 = CARTESIAN_POINT('',(2.200007859996E+04,-1.8463479E+04,
    -258.7910624759));
#4494 = CARTESIAN_POINT('',(2.202711962015E+04,-1.8463479E+04,
    -256.2584290858));
#4495 = CARTESIAN_POINT('',(2.206389880429E+04,-1.8463479E+04,
    -253.3824719439));
#4496 = CARTESIAN_POINT('',(2.21048411988E+04,-1.8463479E+04,
    -250.708484239));
#4497 = CARTESIAN_POINT('',(2.21334261925E+04,-1.8463479E+04,
    -249.7161451884));
#4498 = CARTESIAN_POINT('',(2.2136972E+04,-1.8463479E+04,-249.447));
#4499 = DEFINITIONAL_REPRESENTATION('',(#4500),#4504);
#4500 = LINE('',#4501,#4502);
#4501 = CARTESIAN_POINT('',(0.,0.));
#4502 = VECTOR('',#4503,1.);
#4503 = DIRECTION('',(0.,1.));
#4504 = ( GEOMETRIC_REPRESENTATION_CONTEXT(2) 
PARAMETRIC_REPRESENTATION_CONTEXT() REPRESENTATION_CONTEXT('2D SPACE',''
  ) );
#4505 = ORIENTED_EDGE('',*,*,#4506,.T.);
#4506 = EDGE_CURVE('',#4380,#4382,#4507,.T.);
#4507 = SURFACE_CURVE('',#4508,(#4546),.PCURVE_S1.);
#4508 = B_SPLINE_CURVE_WITH_KNOTS('',3,(#4509,#4510,#4511,#4512,#4513,
    #4514,#4515,#4516,#4517,#4518,#4519,#4520,#4521,#4522,#4523,#4524,
    #4525,#4526,#4527,#4528,#4529,#4530,#4531,#4532,#4533,#4534,#4535,
    #4536,#4537,#4538,#4539,#4540,#4541,#4542,#4543,#4544,#4545),
  .UNSPECIFIED.,.F.,.F.,(4,1,1,1,1,1,1,1,1,1,1,1,1,1,1,1,1,1,1,1,1,1,1,1
    ,1,1,1,1,1,1,1,1,1,1,4),(0.,5.244510569454E-02,5.530551701681E-02,
    8.993444023901E-02,9.382261526764E-02,0.13433492303,0.138387204373,
    0.183984686986,0.18811185501,0.238298118752,0.242709791475,
    0.296584003611,0.301497701721,0.357997325701,0.363560390757,
    0.421666033299,0.427953534854,0.486739958186,0.493742991747,
    0.552372582187,0.560008803627,0.617696698631,0.625838661987,
    0.681780944634,0.690316825951,0.743625231272,0.752510260996,
    0.802135161798,0.811419497895,0.856204856604,0.865986512584,
    0.905717085409,0.916108636134,0.948082075721,1.),.UNSPECIFIED.);
#4509 = CARTESIAN_POINT('',(2.0642041E+04,-1.8463479E+04,-197.243));
#4510 = CARTESIAN_POINT('',(2.064139488573E+04,-1.8463479E+04,
    -204.0901598929));
#4511 = CARTESIAN_POINT('',(2.064047815998E+04,-1.8463479E+04,
    -221.7708178605));
#4512 = CARTESIAN_POINT('',(2.065941043451E+04,-1.8463479E+04,
    -244.1255803538));
#4513 = CARTESIAN_POINT('',(2.06740002531E+04,-1.8463479E+04,
    -252.6058346817));
#4514 = CARTESIAN_POINT('',(2.070176229709E+04,-1.8463479E+04,
    -269.7756193638));
#4515 = CARTESIAN_POINT('',(2.071895776863E+04,-1.8463479E+04,
    -280.6873977592));
#4516 = CARTESIAN_POINT('',(2.075610924047E+04,-1.8463479E+04,
    -295.8241118337));
#4517 = CARTESIAN_POINT('',(2.078148730155E+04,-1.8463479E+04,
    -301.6947548621));
#4518 = CARTESIAN_POINT('',(2.083032345177E+04,-1.8463479E+04,
    -312.5193036223));
#4519 = CARTESIAN_POINT('',(2.086013266326E+04,-1.8463479E+04,
    -318.7486659865));
#4520 = CARTESIAN_POINT('',(2.091773196287E+04,-1.8463479E+04,
    -328.1985204984));
#4521 = CARTESIAN_POINT('',(2.095282017345E+04,-1.8463479E+04,
    -332.4674178735));
#4522 = CARTESIAN_POINT('',(2.101852060443E+04,-1.8463479E+04,
    -338.9273869702));
#4523 = CARTESIAN_POINT('',(2.105769515621E+04,-1.8463479E+04,
    -341.8652322238));
#4524 = CARTESIAN_POINT('',(2.112935233902E+04,-1.8463479E+04,
    -345.459079808));
#4525 = CARTESIAN_POINT('',(2.117185407144E+04,-1.8463479E+04,
    -346.5580896879));
#4526 = CARTESIAN_POINT('',(2.124749342716E+04,-1.8463479E+04,
    -346.8826599546));
#4527 = CARTESIAN_POINT('',(2.129219581798E+04,-1.8463479E+04,
    -346.1077506783));
#4528 = CARTESIAN_POINT('',(2.136962501296E+04,-1.8463479E+04,
    -342.8830742092));
#4529 = CARTESIAN_POINT('',(2.141533973406E+04,-1.8463479E+04,
    -339.871909917));
#4530 = CARTESIAN_POINT('',(2.149234291228E+04,-1.8463479E+04,
    -332.8266363179));
#4531 = CARTESIAN_POINT('',(2.153774632759E+04,-1.8463479E+04,
    -327.5449732842));
#4532 = CARTESIAN_POINT('',(2.161211057311E+04,-1.8463479E+04,
    -317.3715122266));
#4533 = CARTESIAN_POINT('',(2.165590625153E+04,-1.8463479E+04,
    -310.5734038581));
#4534 = CARTESIAN_POINT('',(2.172566197503E+04,-1.8463479E+04,
    -299.393721633));
#4535 = CARTESIAN_POINT('',(2.176675656409E+04,-1.8463479E+04,
    -292.6161680975));
#4536 = CARTESIAN_POINT('',(2.182990551804E+04,-1.8463479E+04,
    -282.038236112));
#4537 = CARTESIAN_POINT('',(2.18671357419E+04,-1.8463479E+04,
    -275.8372924611));
#4538 = CARTESIAN_POINT('',(2.192229209846E+04,-1.8463479E+04,
    -267.8343003772));
#4539 = CARTESIAN_POINT('',(2.195503598811E+04,-1.8463479E+04,
    -263.7294306933));
#4540 = CARTESIAN_POINT('',(2.200007859996E+04,-1.8463479E+04,
    -258.7910624759));
#4541 = CARTESIAN_POINT('',(2.202711962015E+04,-1.8463479E+04,
    -256.2584290858));
#4542 = CARTESIAN_POINT('',(2.206389880429E+04,-1.8463479E+04,
    -253.3824719439));
#4543 = CARTESIAN_POINT('',(2.21048411988E+04,-1.8463479E+04,
    -250.708484239));
#4544 = CARTESIAN_POINT('',(2.21334261925E+04,-1.8463479E+04,
    -249.7161451884));
#4545 = CARTESIAN_POINT('',(2.2136972E+04,-1.8463479E+04,-249.447));
#4546 = PCURVE('',#4424,#4547);
#4547 = DEFINITIONAL_REPRESENTATION('',(#4548),#4552);
#4548 = LINE('',#4549,#4550);
#4549 = CARTESIAN_POINT('',(1.,0.));
#4550 = VECTOR('',#4551,1.);
#4551 = DIRECTION('',(0.,1.));
#4552 = ( GEOMETRIC_REPRESENTATION_CONTEXT(2) 
PARAMETRIC_REPRESENTATION_CONTEXT() REPRESENTATION_CONTEXT('2D SPACE',''
  ) );
#4553 = ( GEOMETRIC_REPRESENTATION_CONTEXT(3) 
GLOBAL_UNCERTAINTY_ASSIGNED_CONTEXT((#4557)) 
GLOBAL_UNIT_ASSIGNED_CONTEXT((#4554,#4555,#4556)) REPRESENTATION_CONTEXT
('Context #1','3D Context with UNIT and UNCERTAINTY') );
#4554 = ( LENGTH_UNIT() NAMED_UNIT(*) SI_UNIT(.MILLI.,.METRE.) );
#4555 = ( NAMED_UNIT(*) PLANE_ANGLE_UNIT() SI_UNIT($,.RADIAN.) );
#4556 = ( NAMED_UNIT(*) SI_UNIT($,.STERADIAN.) SOLID_ANGLE_UNIT() );
#4557 = UNCERTAINTY_MEASURE_WITH_UNIT(LENGTH_MEASURE(1.E-07),#4554,
  'distance_accuracy_value','confusion accuracy');
#4558 = SHAPE_DEFINITION_REPRESENTATION(#4559,#4372);
#4559 = PRODUCT_DEFINITION_SHAPE('','',#4560);
#4560 = PRODUCT_DEFINITION('design','',#4561,#4564);
#4561 = PRODUCT_DEFINITION_FORMATION('','',#4562);
#4562 = PRODUCT('Open CASCADE STEP translator 7.6 3.2',
  'Open CASCADE STEP translator 7.6 3.2','',(#4563));
#4563 = PRODUCT_CONTEXT('',#2,'mechanical');
#4564 = PRODUCT_DEFINITION_CONTEXT('part definition',#2,'design');
#4565 = CONTEXT_DEPENDENT_SHAPE_REPRESENTATION(#4566,#4568);
#4566 = ( REPRESENTATION_RELATIONSHIP('','',#4372,#10) 
REPRESENTATION_RELATIONSHIP_WITH_TRANSFORMATION(#4567) 
SHAPE_REPRESENTATION_RELATIONSHIP() );
#4567 = ITEM_DEFINED_TRANSFORMATION('','',#11,#19);
#4568 = PRODUCT_DEFINITION_SHAPE('Placement','Placement of an item',
  #4569);
#4569 = NEXT_ASSEMBLY_USAGE_OCCURRENCE('2','','',#5,#4560,$);
#4570 = PRODUCT_RELATED_PRODUCT_CATEGORY('part',$,(#4562));
#4571 = ADVANCED_BREP_SHAPE_REPRESENTATION('',(#11,#4572),#4677);
#4572 = MANIFOLD_SOLID_BREP('',#4573);
#4573 = CLOSED_SHELL('',(#4574));
#4574 = ADVANCED_FACE('',(#4575),#4591,.T.);
#4575 = FACE_BOUND('',#4576,.T.);
#4576 = EDGE_LOOP('',(#4577,#4640,#4658,#4659));
#4577 = ORIENTED_EDGE('',*,*,#4578,.F.);
#4578 = EDGE_CURVE('',#4579,#4581,#4583,.T.);
#4579 = VERTEX_POINT('',#4580);
#4580 = CARTESIAN_POINT('',(2.3E+04,0.,2.E+03));
#4581 = VERTEX_POINT('',#4582);
#4582 = CARTESIAN_POINT('',(3.75E+04,0.,1.337E+03));
#4583 = SEAM_CURVE('',#4584,(#4590,#4633),.PCURVE_S1.);
#4584 = B_SPLINE_CURVE_WITH_KNOTS('',4,(#4585,#4586,#4587,#4588,#4589),
  .UNSPECIFIED.,.F.,.F.,(5,5),(0.,1.),.PIECEWISE_BEZIER_KNOTS.);
#4585 = CARTESIAN_POINT('',(2.3E+04,0.,2.E+03));
#4586 = CARTESIAN_POINT('',(2.55E+04,0.,2.E+03));
#4587 = CARTESIAN_POINT('',(2.85E+04,0.,2.E+03));
#4588 = CARTESIAN_POINT('',(3.15E+04,0.,1.992E+03));
#4589 = CARTESIAN_POINT('',(3.75E+04,0.,1.337E+03));
#4590 = PCURVE('',#4591,#4627);
#4591 = ( BOUNDED_SURFACE() B_SPLINE_SURFACE(2,4,(
    (#4592,#4593,#4594,#4595,#4596)
    ,(#4597,#4598,#4599,#4600,#4601)
    ,(#4602,#4603,#4604,#4605,#4606)
    ,(#4607,#4608,#4609,#4610,#4611)
    ,(#4612,#4613,#4614,#4615,#4616)
    ,(#4617,#4618,#4619,#4620,#4621)
    ,(#4622,#4623,#4624,#4625,#4626
)),.UNSPECIFIED.,.T.,.F.,.F.) B_SPLINE_SURFACE_WITH_KNOTS((1,2,2,2,2,1),
  (5,5),(-1.,0.,1.,2.,3.,4.),(0.,1.),.UNSPECIFIED.) 
GEOMETRIC_REPRESENTATION_ITEM() RATIONAL_B_SPLINE_SURFACE((
    (1.,1.,1.,1.,1.)
    ,(0.5,0.5,0.5,0.5,0.5)
    ,(1.,1.,1.,1.,1.)
    ,(0.5,0.5,0.5,0.5,0.5)
    ,(1.,1.,1.,1.,1.)
    ,(0.5,0.5,0.5,0.5,0.5)
,(1.,1.,1.,1.,1.))) REPRESENTATION_ITEM('') SURFACE() );
#4592 = CARTESIAN_POINT('',(2.3E+04,0.,2.E+03));
#4593 = CARTESIAN_POINT('',(2.55E+04,0.,2.E+03));
#4594 = CARTESIAN_POINT('',(2.85E+04,0.,2.E+03));
#4595 = CARTESIAN_POINT('',(3.15E+04,0.,1.992E+03));
#4596 = CARTESIAN_POINT('',(3.75E+04,0.,1.337E+03));
#4597 = CARTESIAN_POINT('',(2.3E+04,-3.464101615138E+03,2.E+03));
#4598 = CARTESIAN_POINT('',(2.55E+04,-3.464101615138E+03,2.E+03));
#4599 = CARTESIAN_POINT('',(2.85E+04,-3.464101615138E+03,2.E+03));
#4600 = CARTESIAN_POINT('',(3.15E+04,-3.464E+03,1.992E+03));
#4601 = CARTESIAN_POINT('',(3.75E+04,-631.,1.337E+03));
#4602 = CARTESIAN_POINT('',(2.3E+04,-1.732050807569E+03,-1000.));
#4603 = CARTESIAN_POINT('',(2.55E+04,-1.732050807569E+03,-1000.));
#4604 = CARTESIAN_POINT('',(2.85E+04,-1.732050807569E+03,-1000.));
#4605 = CARTESIAN_POINT('',(3.15E+04,-1.732E+03,-679.));
#4606 = CARTESIAN_POINT('',(3.75E+04,-316.,795.));
#4607 = CARTESIAN_POINT('',(2.3E+04,-4.898587196589E-13,-4.E+03));
#4608 = CARTESIAN_POINT('',(2.55E+04,-4.898587196589E-13,-4.E+03));
#4609 = CARTESIAN_POINT('',(2.85E+04,-4.898587196589E-13,-4.E+03));
#4610 = CARTESIAN_POINT('',(3.15E+04,0.,-3.35E+03));
#4611 = CARTESIAN_POINT('',(3.75E+04,0.,254.));
#4612 = CARTESIAN_POINT('',(2.3E+04,1.732050807569E+03,-1.E+03));
#4613 = CARTESIAN_POINT('',(2.55E+04,1.732050807569E+03,-1.E+03));
#4614 = CARTESIAN_POINT('',(2.85E+04,1.732050807569E+03,-1.E+03));
#4615 = CARTESIAN_POINT('',(3.15E+04,1.732E+03,-679.));
#4616 = CARTESIAN_POINT('',(3.75E+04,316.,795.));
#4617 = CARTESIAN_POINT('',(2.3E+04,3.464101615138E+03,2.E+03));
#4618 = CARTESIAN_POINT('',(2.55E+04,3.464101615138E+03,2.E+03));
#4619 = CARTESIAN_POINT('',(2.85E+04,3.464101615138E+03,2.E+03));
#4620 = CARTESIAN_POINT('',(3.15E+04,3.464E+03,1.992E+03));
#4621 = CARTESIAN_POINT('',(3.75E+04,631.,1.337E+03));
#4622 = CARTESIAN_POINT('',(2.3E+04,0.,2.E+03));
#4623 = CARTESIAN_POINT('',(2.55E+04,0.,2.E+03));
#4624 = CARTESIAN_POINT('',(2.85E+04,0.,2.E+03));
#4625 = CARTESIAN_POINT('',(3.15E+04,0.,1.992E+03));
#4626 = CARTESIAN_POINT('',(3.75E+04,0.,1.337E+03));
#4627 = DEFINITIONAL_REPRESENTATION('',(#4628),#4632);
#4628 = LINE('',#4629,#4630);
#4629 = CARTESIAN_POINT('',(0.,0.));
#4630 = VECTOR('',#4631,1.);
#4631 = DIRECTION('',(0.,1.));
#4632 = ( GEOMETRIC_REPRESENTATION_CONTEXT(2) 
PARAMETRIC_REPRESENTATION_CONTEXT() REPRESENTATION_CONTEXT('2D SPACE',''
  ) );
#4633 = PCURVE('',#4591,#4634);
#4634 = DEFINITIONAL_REPRESENTATION('',(#4635),#4639);
#4635 = LINE('',#4636,#4637);
#4636 = CARTESIAN_POINT('',(3.,0.));
#4637 = VECTOR('',#4638,1.);
#4638 = DIRECTION('',(0.,1.));
#4639 = ( GEOMETRIC_REPRESENTATION_CONTEXT(2) 
PARAMETRIC_REPRESENTATION_CONTEXT() REPRESENTATION_CONTEXT('2D SPACE',''
  ) );
#4640 = ORIENTED_EDGE('',*,*,#4641,.T.);
#4641 = EDGE_CURVE('',#4579,#4579,#4642,.T.);
#4642 = SURFACE_CURVE('',#4643,(#4651),.PCURVE_S1.);
#4643 = ( BOUNDED_CURVE() B_SPLINE_CURVE(2,(#4644,#4645,#4646,#4647,
#4648,#4649,#4650),.UNSPECIFIED.,.T.,.F.) B_SPLINE_CURVE_WITH_KNOTS((1,2
,2,2,2,1),(-1.,0.,1.,2.,3.,4.),.UNSPECIFIED.) CURVE() 
GEOMETRIC_REPRESENTATION_ITEM() RATIONAL_B_SPLINE_CURVE((1.,0.5,1.,0.5,
1.,0.5,1.)) REPRESENTATION_ITEM('') );
#4644 = CARTESIAN_POINT('',(2.3E+04,0.,2.E+03));
#4645 = CARTESIAN_POINT('',(2.3E+04,-3.464101615138E+03,2.E+03));
#4646 = CARTESIAN_POINT('',(2.3E+04,-1.732050807569E+03,-1000.));
#4647 = CARTESIAN_POINT('',(2.3E+04,-4.898587196589E-13,-4.E+03));
#4648 = CARTESIAN_POINT('',(2.3E+04,1.732050807569E+03,-1.E+03));
#4649 = CARTESIAN_POINT('',(2.3E+04,3.464101615138E+03,2.E+03));
#4650 = CARTESIAN_POINT('',(2.3E+04,0.,2.E+03));
#4651 = PCURVE('',#4591,#4652);
#4652 = DEFINITIONAL_REPRESENTATION('',(#4653),#4657);
#4653 = LINE('',#4654,#4655);
#4654 = CARTESIAN_POINT('',(0.,0.));
#4655 = VECTOR('',#4656,1.);
#4656 = DIRECTION('',(1.,0.));
#4657 = ( GEOMETRIC_REPRESENTATION_CONTEXT(2) 
PARAMETRIC_REPRESENTATION_CONTEXT() REPRESENTATION_CONTEXT('2D SPACE',''
  ) );
#4658 = ORIENTED_EDGE('',*,*,#4578,.T.);
#4659 = ORIENTED_EDGE('',*,*,#4660,.F.);
#4660 = EDGE_CURVE('',#4581,#4581,#4661,.T.);
#4661 = SURFACE_CURVE('',#4662,(#4670),.PCURVE_S1.);
#4662 = ( BOUNDED_CURVE() B_SPLINE_CURVE(2,(#4663,#4664,#4665,#4666,
#4667,#4668,#4669),.UNSPECIFIED.,.T.,.F.) B_SPLINE_CURVE_WITH_KNOTS((1,2
,2,2,2,1),(-1.,0.,1.,2.,3.,4.),.UNSPECIFIED.) CURVE() 
GEOMETRIC_REPRESENTATION_ITEM() RATIONAL_B_SPLINE_CURVE((1.,0.5,1.,0.5,
1.,0.5,1.)) REPRESENTATION_ITEM('') );
#4663 = CARTESIAN_POINT('',(3.75E+04,0.,1.337E+03));
#4664 = CARTESIAN_POINT('',(3.75E+04,-631.,1.337E+03));
#4665 = CARTESIAN_POINT('',(3.75E+04,-316.,795.));
#4666 = CARTESIAN_POINT('',(3.75E+04,0.,254.));
#4667 = CARTESIAN_POINT('',(3.75E+04,316.,795.));
#4668 = CARTESIAN_POINT('',(3.75E+04,631.,1.337E+03));
#4669 = CARTESIAN_POINT('',(3.75E+04,0.,1.337E+03));
#4670 = PCURVE('',#4591,#4671);
#4671 = DEFINITIONAL_REPRESENTATION('',(#4672),#4676);
#4672 = LINE('',#4673,#4674);
#4673 = CARTESIAN_POINT('',(0.,1.));
#4674 = VECTOR('',#4675,1.);
#4675 = DIRECTION('',(1.,0.));
#4676 = ( GEOMETRIC_REPRESENTATION_CONTEXT(2) 
PARAMETRIC_REPRESENTATION_CONTEXT() REPRESENTATION_CONTEXT('2D SPACE',''
  ) );
#4677 = ( GEOMETRIC_REPRESENTATION_CONTEXT(3) 
GLOBAL_UNCERTAINTY_ASSIGNED_CONTEXT((#4681)) 
GLOBAL_UNIT_ASSIGNED_CONTEXT((#4678,#4679,#4680)) REPRESENTATION_CONTEXT
('Context #1','3D Context with UNIT and UNCERTAINTY') );
#4678 = ( LENGTH_UNIT() NAMED_UNIT(*) SI_UNIT(.MILLI.,.METRE.) );
#4679 = ( NAMED_UNIT(*) PLANE_ANGLE_UNIT() SI_UNIT($,.RADIAN.) );
#4680 = ( NAMED_UNIT(*) SI_UNIT($,.STERADIAN.) SOLID_ANGLE_UNIT() );
#4681 = UNCERTAINTY_MEASURE_WITH_UNIT(LENGTH_MEASURE(1.E-07),#4678,
  'distance_accuracy_value','confusion accuracy');
#4682 = SHAPE_DEFINITION_REPRESENTATION(#4683,#4571);
#4683 = PRODUCT_DEFINITION_SHAPE('','',#4684);
#4684 = PRODUCT_DEFINITION('design','',#4685,#4688);
#4685 = PRODUCT_DEFINITION_FORMATION('','',#4686);
#4686 = PRODUCT('Open CASCADE STEP translator 7.6 3.3',
  'Open CASCADE STEP translator 7.6 3.3','',(#4687));
#4687 = PRODUCT_CONTEXT('',#2,'mechanical');
#4688 = PRODUCT_DEFINITION_CONTEXT('part definition',#2,'design');
#4689 = CONTEXT_DEPENDENT_SHAPE_REPRESENTATION(#4690,#4692);
#4690 = ( REPRESENTATION_RELATIONSHIP('','',#4571,#10) 
REPRESENTATION_RELATIONSHIP_WITH_TRANSFORMATION(#4691) 
SHAPE_REPRESENTATION_RELATIONSHIP() );
#4691 = ITEM_DEFINED_TRANSFORMATION('','',#11,#23);
#4692 = PRODUCT_DEFINITION_SHAPE('Placement','Placement of an item',
  #4693);
#4693 = NEXT_ASSEMBLY_USAGE_OCCURRENCE('3','','',#5,#4684,$);
#4694 = PRODUCT_RELATED_PRODUCT_CATEGORY('part',$,(#4686));
#4695 = ADVANCED_BREP_SHAPE_REPRESENTATION('',(#11,#4696),#4775);
#4696 = MANIFOLD_SOLID_BREP('',#4697);
#4697 = CLOSED_SHELL('',(#4698));
#4698 = ADVANCED_FACE('',(#4699),#4715,.T.);
#4699 = FACE_BOUND('',#4700,.T.);
#4700 = EDGE_LOOP('',(#4701,#4750,#4774));
#4701 = ORIENTED_EDGE('',*,*,#4702,.F.);
#4702 = EDGE_CURVE('',#4703,#4703,#4705,.T.);
#4703 = VERTEX_POINT('',#4704);
#4704 = CARTESIAN_POINT('',(2.E+03,0.,1000.));
#4705 = SURFACE_CURVE('',#4706,(#4714),.PCURVE_S1.);
#4706 = ( BOUNDED_CURVE() B_SPLINE_CURVE(2,(#4707,#4708,#4709,#4710,
#4711,#4712,#4713),.UNSPECIFIED.,.T.,.F.) B_SPLINE_CURVE_WITH_KNOTS((1,2
    ,2,2,2,1),(-2.094395102393,0.,2.094395102393,4.188790204786,
6.28318530718,8.377580409573),.UNSPECIFIED.) CURVE() 
GEOMETRIC_REPRESENTATION_ITEM() RATIONAL_B_SPLINE_CURVE((1.,0.5,1.,0.5,
1.,0.5,1.)) REPRESENTATION_ITEM('') );
#4707 = CARTESIAN_POINT('',(2.E+03,0.,1000.));
#4708 = CARTESIAN_POINT('',(2.E+03,-1.732050807569E+03,1000.));
#4709 = CARTESIAN_POINT('',(2.E+03,-866.0254037844,-500.));
#4710 = CARTESIAN_POINT('',(2.E+03,-2.449293598295E-13,-2.E+03));
#4711 = CARTESIAN_POINT('',(2.E+03,866.02540378443,-500.));
#4712 = CARTESIAN_POINT('',(2.E+03,1.732050807569E+03,999.99999999999));
#4713 = CARTESIAN_POINT('',(2.E+03,0.,1000.));
#4714 = PCURVE('',#4715,#4744);
#4715 = ( BOUNDED_SURFACE() B_SPLINE_SURFACE(3,2,(
    (#4716,#4717,#4718,#4719,#4720,#4721,#4722)
    ,(#4723,#4724,#4725,#4726,#4727,#4728,#4729)
    ,(#4730,#4731,#4732,#4733,#4734,#4735,#4736)
    ,(#4737,#4738,#4739,#4740,#4741,#4742,#4743
)),.UNSPECIFIED.,.F.,.T.,.F.) B_SPLINE_SURFACE_WITH_KNOTS((4,4),(1,2,2,2
    ,2,1),(0.,1.),(-2.094395102393,0.,2.094395102393,4.188790204786,
    6.28318530718,8.377580409573),.UNSPECIFIED.) 
GEOMETRIC_REPRESENTATION_ITEM() RATIONAL_B_SPLINE_SURFACE((
    (1.,0.5,1.,0.5,1.,0.5,1.)
    ,(1.,0.5,1.,0.5,1.,0.5,1.)
    ,(1.,0.5,1.,0.5,1.,0.5,1.)
,(1.,0.5,1.,0.5,1.,0.5,1.))) REPRESENTATION_ITEM('') SURFACE() );
#4716 = CARTESIAN_POINT('',(2.E+03,0.,1000.));
#4717 = CARTESIAN_POINT('',(2.E+03,-1.732050807569E+03,1000.));
#4718 = CARTESIAN_POINT('',(2.E+03,-866.0254037844,-500.));
#4719 = CARTESIAN_POINT('',(2.E+03,-2.449293598295E-13,-2.E+03));
#4720 = CARTESIAN_POINT('',(2.E+03,866.02540378443,-500.));
#4721 = CARTESIAN_POINT('',(2.E+03,1.732050807569E+03,999.99999999999));
#4722 = CARTESIAN_POINT('',(2.E+03,0.,1000.));
#4723 = CARTESIAN_POINT('',(1.523111133108E+03,0.,801.29630546165));
#4724 = CARTESIAN_POINT('',(1.523111133108E+03,-1.387885912977E+03,
    801.29630546165));
#4725 = CARTESIAN_POINT('',(1.523111133108E+03,-693.9429564884,
    -400.6481527308));
#4726 = CARTESIAN_POINT('',(1.523111133108E+03,-1.962609911304E-13,
    -1.602592610923E+03));
#4727 = CARTESIAN_POINT('',(1.523111133108E+03,693.9429564884,
    -400.6481527308));
#4728 = CARTESIAN_POINT('',(1.523111133108E+03,1.387885912977E+03,
    801.29630546165));
#4729 = CARTESIAN_POINT('',(1.523111133108E+03,0.,801.29630546165));
#4730 = CARTESIAN_POINT('',(1.E+03,0.,550.));
#4731 = CARTESIAN_POINT('',(1.E+03,-952.6279441628,550.));
#4732 = CARTESIAN_POINT('',(1.E+03,-476.3139720814,-275.));
#4733 = CARTESIAN_POINT('',(1.E+03,-1.347111479062E-13,-1.1E+03));
#4734 = CARTESIAN_POINT('',(1.E+03,476.31397208144,-275.));
#4735 = CARTESIAN_POINT('',(1.E+03,952.62794416288,549.99999999999));
#4736 = CARTESIAN_POINT('',(1.E+03,0.,550.));
#4737 = CARTESIAN_POINT('',(1.E+03,0.,0.));
#4738 = CARTESIAN_POINT('',(1.E+03,0.,0.));
#4739 = CARTESIAN_POINT('',(1.E+03,0.,0.));
#4740 = CARTESIAN_POINT('',(1.E+03,0.,0.));
#4741 = CARTESIAN_POINT('',(1.E+03,0.,0.));
#4742 = CARTESIAN_POINT('',(1.E+03,0.,0.));
#4743 = CARTESIAN_POINT('',(1.E+03,0.,0.));
#4744 = DEFINITIONAL_REPRESENTATION('',(#4745),#4749);
#4745 = LINE('',#4746,#4747);
#4746 = CARTESIAN_POINT('',(0.,0.));
#4747 = VECTOR('',#4748,1.);
#4748 = DIRECTION('',(0.,1.));
#4749 = ( GEOMETRIC_REPRESENTATION_CONTEXT(2) 
PARAMETRIC_REPRESENTATION_CONTEXT() REPRESENTATION_CONTEXT('2D SPACE',''
  ) );
#4750 = ORIENTED_EDGE('',*,*,#4751,.T.);
#4751 = EDGE_CURVE('',#4703,#4752,#4754,.T.);
#4752 = VERTEX_POINT('',#4753);
#4753 = CARTESIAN_POINT('',(1.E+03,0.,0.));
#4754 = SEAM_CURVE('',#4755,(#4760,#4767),.PCURVE_S1.);
#4755 = B_SPLINE_CURVE_WITH_KNOTS('',3,(#4756,#4757,#4758,#4759),
  .UNSPECIFIED.,.F.,.F.,(4,4),(0.,1.),.PIECEWISE_BEZIER_KNOTS.);
#4756 = CARTESIAN_POINT('',(2.E+03,0.,1000.));
#4757 = CARTESIAN_POINT('',(1.523111133108E+03,0.,801.29630546165));
#4758 = CARTESIAN_POINT('',(1.E+03,0.,550.));
#4759 = CARTESIAN_POINT('',(1.E+03,0.,0.));
#4760 = PCURVE('',#4715,#4761);
#4761 = DEFINITIONAL_REPRESENTATION('',(#4762),#4766);
#4762 = LINE('',#4763,#4764);
#4763 = CARTESIAN_POINT('',(0.,0.));
#4764 = VECTOR('',#4765,1.);
#4765 = DIRECTION('',(1.,0.));
#4766 = ( GEOMETRIC_REPRESENTATION_CONTEXT(2) 
PARAMETRIC_REPRESENTATION_CONTEXT() REPRESENTATION_CONTEXT('2D SPACE',''
  ) );
#4767 = PCURVE('',#4715,#4768);
#4768 = DEFINITIONAL_REPRESENTATION('',(#4769),#4773);
#4769 = LINE('',#4770,#4771);
#4770 = CARTESIAN_POINT('',(0.,6.28318530718));
#4771 = VECTOR('',#4772,1.);
#4772 = DIRECTION('',(1.,0.));
#4773 = ( GEOMETRIC_REPRESENTATION_CONTEXT(2) 
PARAMETRIC_REPRESENTATION_CONTEXT() REPRESENTATION_CONTEXT('2D SPACE',''
  ) );
#4774 = ORIENTED_EDGE('',*,*,#4751,.F.);
#4775 = ( GEOMETRIC_REPRESENTATION_CONTEXT(3) 
GLOBAL_UNCERTAINTY_ASSIGNED_CONTEXT((#4779)) 
GLOBAL_UNIT_ASSIGNED_CONTEXT((#4776,#4777,#4778)) REPRESENTATION_CONTEXT
('Context #1','3D Context with UNIT and UNCERTAINTY') );
#4776 = ( LENGTH_UNIT() NAMED_UNIT(*) SI_UNIT(.MILLI.,.METRE.) );
#4777 = ( NAMED_UNIT(*) PLANE_ANGLE_UNIT() SI_UNIT($,.RADIAN.) );
#4778 = ( NAMED_UNIT(*) SI_UNIT($,.STERADIAN.) SOLID_ANGLE_UNIT() );
#4779 = UNCERTAINTY_MEASURE_WITH_UNIT(LENGTH_MEASURE(1.E-07),#4776,
  'distance_accuracy_value','confusion accuracy');
#4780 = SHAPE_DEFINITION_REPRESENTATION(#4781,#4695);
#4781 = PRODUCT_DEFINITION_SHAPE('','',#4782);
#4782 = PRODUCT_DEFINITION('design','',#4783,#4786);
#4783 = PRODUCT_DEFINITION_FORMATION('','',#4784);
#4784 = PRODUCT('Open CASCADE STEP translator 7.6 3.4',
  'Open CASCADE STEP translator 7.6 3.4','',(#4785));
#4785 = PRODUCT_CONTEXT('',#2,'mechanical');
#4786 = PRODUCT_DEFINITION_CONTEXT('part definition',#2,'design');
#4787 = CONTEXT_DEPENDENT_SHAPE_REPRESENTATION(#4788,#4790);
#4788 = ( REPRESENTATION_RELATIONSHIP('','',#4695,#10) 
REPRESENTATION_RELATIONSHIP_WITH_TRANSFORMATION(#4789) 
SHAPE_REPRESENTATION_RELATIONSHIP() );
#4789 = ITEM_DEFINED_TRANSFORMATION('','',#11,#27);
#4790 = PRODUCT_DEFINITION_SHAPE('Placement','Placement of an item',
  #4791);
#4791 = NEXT_ASSEMBLY_USAGE_OCCURRENCE('4','','',#5,#4782,$);
#4792 = PRODUCT_RELATED_PRODUCT_CATEGORY('part',$,(#4784));
#4793 = ADVANCED_BREP_SHAPE_REPRESENTATION('',(#11,#4794),#4883);
#4794 = MANIFOLD_SOLID_BREP('',#4795);
#4795 = CLOSED_SHELL('',(#4796));
#4796 = ADVANCED_FACE('',(#4797),#4813,.T.);
#4797 = FACE_BOUND('',#4798,.T.);
#4798 = EDGE_LOOP('',(#4799,#4841,#4864,#4882));
#4799 = ORIENTED_EDGE('',*,*,#4800,.F.);
#4800 = EDGE_CURVE('',#4801,#4801,#4803,.T.);
#4801 = VERTEX_POINT('',#4802);
#4802 = CARTESIAN_POINT('',(7.E+03,0.,2.E+03));
#4803 = SURFACE_CURVE('',#4804,(#4812),.PCURVE_S1.);
#4804 = ( BOUNDED_CURVE() B_SPLINE_CURVE(2,(#4805,#4806,#4807,#4808,
#4809,#4810,#4811),.UNSPECIFIED.,.T.,.F.) B_SPLINE_CURVE_WITH_KNOTS((1,2
    ,2,2,2,1),(-2.094395102393,0.,2.094395102393,4.188790204786,
6.28318530718,8.377580409573),.UNSPECIFIED.) CURVE() 
GEOMETRIC_REPRESENTATION_ITEM() RATIONAL_B_SPLINE_CURVE((1.,0.5,1.,0.5,
1.,0.5,1.)) REPRESENTATION_ITEM('') );
#4805 = CARTESIAN_POINT('',(7.E+03,0.,2.E+03));
#4806 = CARTESIAN_POINT('',(7.E+03,-3.464101615138E+03,2.E+03));
#4807 = CARTESIAN_POINT('',(7.E+03,-1.732050807569E+03,-999.9999999999)
  );
#4808 = CARTESIAN_POINT('',(7.E+03,-4.898587196589E-13,-4.E+03));
#4809 = CARTESIAN_POINT('',(7.E+03,1.732050807569E+03,-1.E+03));
#4810 = CARTESIAN_POINT('',(7.E+03,3.464101615138E+03,2.E+03));
#4811 = CARTESIAN_POINT('',(7.E+03,0.,2.E+03));
#4812 = PCURVE('',#4813,#4835);
#4813 = ( BOUNDED_SURFACE() B_SPLINE_SURFACE(2,2,(
    (#4814,#4815,#4816,#4817,#4818,#4819,#4820)
    ,(#4821,#4822,#4823,#4824,#4825,#4826,#4827)
    ,(#4828,#4829,#4830,#4831,#4832,#4833,#4834
)),.UNSPECIFIED.,.F.,.T.,.F.) B_SPLINE_SURFACE_WITH_KNOTS((3,3),(1,2,2,2
    ,2,1),(3.49805654528E-16,0.3947911197),(-2.094395102393,0.,
    2.094395102393,4.188790204786,6.28318530718,8.377580409573),
.UNSPECIFIED.) GEOMETRIC_REPRESENTATION_ITEM() RATIONAL_B_SPLINE_SURFACE
((
    (1.,0.5,1.,0.5,1.,0.5,1.)
    ,(0.980580675691,0.490290337845,0.980580675691,0.490290337845
      ,0.980580675691,0.490290337845,0.980580675691)
,(1.,0.5,1.,0.5,1.,0.5,1.))) REPRESENTATION_ITEM('') SURFACE() );
#4814 = CARTESIAN_POINT('',(7.E+03,0.,2.E+03));
#4815 = CARTESIAN_POINT('',(7.E+03,-3.464101615138E+03,2.E+03));
#4816 = CARTESIAN_POINT('',(7.E+03,-1.732050807569E+03,-999.9999999999)
  );
#4817 = CARTESIAN_POINT('',(7.E+03,-4.898587196589E-13,-4.E+03));
#4818 = CARTESIAN_POINT('',(7.E+03,1.732050807569E+03,-1.E+03));
#4819 = CARTESIAN_POINT('',(7.E+03,3.464101615138E+03,2.E+03));
#4820 = CARTESIAN_POINT('',(7.E+03,0.,2.E+03));
#4821 = CARTESIAN_POINT('',(4.4E+03,0.,2.E+03));
#4822 = CARTESIAN_POINT('',(4.4E+03,-3.464101615138E+03,2.E+03));
#4823 = CARTESIAN_POINT('',(4.4E+03,-1.732050807569E+03,-999.9999999999)
  );
#4824 = CARTESIAN_POINT('',(4.4E+03,-4.898587196589E-13,-4.E+03));
#4825 = CARTESIAN_POINT('',(4.4E+03,1.732050807569E+03,-999.9999999999)
  );
#4826 = CARTESIAN_POINT('',(4.4E+03,3.464101615138E+03,2.E+03));
#4827 = CARTESIAN_POINT('',(4.4E+03,0.,2.E+03));
#4828 = CARTESIAN_POINT('',(2.E+03,0.,1.E+03));
#4829 = CARTESIAN_POINT('',(2.E+03,-1.732050807569E+03,1.E+03));
#4830 = CARTESIAN_POINT('',(2.E+03,-866.0254037844,-500.));
#4831 = CARTESIAN_POINT('',(2.E+03,-2.449293598295E-13,-2.E+03));
#4832 = CARTESIAN_POINT('',(2.E+03,866.02540378443,-500.));
#4833 = CARTESIAN_POINT('',(2.E+03,1.732050807569E+03,999.99999999999));
#4834 = CARTESIAN_POINT('',(2.E+03,0.,1.E+03));
#4835 = DEFINITIONAL_REPRESENTATION('',(#4836),#4840);
#4836 = LINE('',#4837,#4838);
#4837 = CARTESIAN_POINT('',(3.49805654528E-16,0.));
#4838 = VECTOR('',#4839,1.);
#4839 = DIRECTION('',(0.,1.));
#4840 = ( GEOMETRIC_REPRESENTATION_CONTEXT(2) 
PARAMETRIC_REPRESENTATION_CONTEXT() REPRESENTATION_CONTEXT('2D SPACE',''
  ) );
#4841 = ORIENTED_EDGE('',*,*,#4842,.T.);
#4842 = EDGE_CURVE('',#4801,#4843,#4845,.T.);
#4843 = VERTEX_POINT('',#4844);
#4844 = CARTESIAN_POINT('',(2.E+03,0.,1.E+03));
#4845 = SEAM_CURVE('',#4846,(#4850,#4857),.PCURVE_S1.);
#4846 = ( BOUNDED_CURVE() B_SPLINE_CURVE(2,(#4847,#4848,#4849),
.UNSPECIFIED.,.F.,.F.) B_SPLINE_CURVE_WITH_KNOTS((3,3),(
3.49805654528E-16,0.3947911197),.PIECEWISE_BEZIER_KNOTS.) CURVE() 
GEOMETRIC_REPRESENTATION_ITEM() RATIONAL_B_SPLINE_CURVE((1.,
0.980580675691,1.)) REPRESENTATION_ITEM('') );
#4847 = CARTESIAN_POINT('',(7.E+03,0.,2.E+03));
#4848 = CARTESIAN_POINT('',(4.4E+03,0.,2.E+03));
#4849 = CARTESIAN_POINT('',(2.E+03,0.,1.E+03));
#4850 = PCURVE('',#4813,#4851);
#4851 = DEFINITIONAL_REPRESENTATION('',(#4852),#4856);
#4852 = LINE('',#4853,#4854);
#4853 = CARTESIAN_POINT('',(0.,0.));
#4854 = VECTOR('',#4855,1.);
#4855 = DIRECTION('',(1.,0.));
#4856 = ( GEOMETRIC_REPRESENTATION_CONTEXT(2) 
PARAMETRIC_REPRESENTATION_CONTEXT() REPRESENTATION_CONTEXT('2D SPACE',''
  ) );
#4857 = PCURVE('',#4813,#4858);
#4858 = DEFINITIONAL_REPRESENTATION('',(#4859),#4863);
#4859 = LINE('',#4860,#4861);
#4860 = CARTESIAN_POINT('',(0.,6.28318530718));
#4861 = VECTOR('',#4862,1.);
#4862 = DIRECTION('',(1.,0.));
#4863 = ( GEOMETRIC_REPRESENTATION_CONTEXT(2) 
PARAMETRIC_REPRESENTATION_CONTEXT() REPRESENTATION_CONTEXT('2D SPACE',''
  ) );
#4864 = ORIENTED_EDGE('',*,*,#4865,.T.);
#4865 = EDGE_CURVE('',#4843,#4843,#4866,.T.);
#4866 = SURFACE_CURVE('',#4867,(#4875),.PCURVE_S1.);
#4867 = ( BOUNDED_CURVE() B_SPLINE_CURVE(2,(#4868,#4869,#4870,#4871,
#4872,#4873,#4874),.UNSPECIFIED.,.T.,.F.) B_SPLINE_CURVE_WITH_KNOTS((1,2
    ,2,2,2,1),(-2.094395102393,0.,2.094395102393,4.188790204786,
6.28318530718,8.377580409573),.UNSPECIFIED.) CURVE() 
GEOMETRIC_REPRESENTATION_ITEM() RATIONAL_B_SPLINE_CURVE((1.,0.5,1.,0.5,
1.,0.5,1.)) REPRESENTATION_ITEM('') );
#4868 = CARTESIAN_POINT('',(2.E+03,0.,1.E+03));
#4869 = CARTESIAN_POINT('',(2.E+03,-1.732050807569E+03,1.E+03));
#4870 = CARTESIAN_POINT('',(2.E+03,-866.0254037844,-500.));
#4871 = CARTESIAN_POINT('',(2.E+03,-2.449293598295E-13,-2.E+03));
#4872 = CARTESIAN_POINT('',(2.E+03,866.02540378443,-500.));
#4873 = CARTESIAN_POINT('',(2.E+03,1.732050807569E+03,999.99999999999));
#4874 = CARTESIAN_POINT('',(2.E+03,0.,1.E+03));
#4875 = PCURVE('',#4813,#4876);
#4876 = DEFINITIONAL_REPRESENTATION('',(#4877),#4881);
#4877 = LINE('',#4878,#4879);
#4878 = CARTESIAN_POINT('',(0.3947911197,0.));
#4879 = VECTOR('',#4880,1.);
#4880 = DIRECTION('',(0.,1.));
#4881 = ( GEOMETRIC_REPRESENTATION_CONTEXT(2) 
PARAMETRIC_REPRESENTATION_CONTEXT() REPRESENTATION_CONTEXT('2D SPACE',''
  ) );
#4882 = ORIENTED_EDGE('',*,*,#4842,.F.);
#4883 = ( GEOMETRIC_REPRESENTATION_CONTEXT(3) 
GLOBAL_UNCERTAINTY_ASSIGNED_CONTEXT((#4887)) 
GLOBAL_UNIT_ASSIGNED_CONTEXT((#4884,#4885,#4886)) REPRESENTATION_CONTEXT
('Context #1','3D Context with UNIT and UNCERTAINTY') );
#4884 = ( LENGTH_UNIT() NAMED_UNIT(*) SI_UNIT(.MILLI.,.METRE.) );
#4885 = ( NAMED_UNIT(*) PLANE_ANGLE_UNIT() SI_UNIT($,.RADIAN.) );
#4886 = ( NAMED_UNIT(*) SI_UNIT($,.STERADIAN.) SOLID_ANGLE_UNIT() );
#4887 = UNCERTAINTY_MEASURE_WITH_UNIT(LENGTH_MEASURE(1.E-07),#4884,
  'distance_accuracy_value','confusion accuracy');
#4888 = SHAPE_DEFINITION_REPRESENTATION(#4889,#4793);
#4889 = PRODUCT_DEFINITION_SHAPE('','',#4890);
#4890 = PRODUCT_DEFINITION('design','',#4891,#4894);
#4891 = PRODUCT_DEFINITION_FORMATION('','',#4892);
#4892 = PRODUCT('Open CASCADE STEP translator 7.6 3.5',
  'Open CASCADE STEP translator 7.6 3.5','',(#4893));
#4893 = PRODUCT_CONTEXT('',#2,'mechanical');
#4894 = PRODUCT_DEFINITION_CONTEXT('part definition',#2,'design');
#4895 = CONTEXT_DEPENDENT_SHAPE_REPRESENTATION(#4896,#4898);
#4896 = ( REPRESENTATION_RELATIONSHIP('','',#4793,#10) 
REPRESENTATION_RELATIONSHIP_WITH_TRANSFORMATION(#4897) 
SHAPE_REPRESENTATION_RELATIONSHIP() );
#4897 = ITEM_DEFINED_TRANSFORMATION('','',#11,#31);
#4898 = PRODUCT_DEFINITION_SHAPE('Placement','Placement of an item',
  #4899);
#4899 = NEXT_ASSEMBLY_USAGE_OCCURRENCE('5','','',#5,#4890,$);
#4900 = PRODUCT_RELATED_PRODUCT_CATEGORY('part',$,(#4892));
#4901 = ADVANCED_BREP_SHAPE_REPRESENTATION('',(#11,#4902),#4965);
#4902 = MANIFOLD_SOLID_BREP('',#4903);
#4903 = CLOSED_SHELL('',(#4904));
#4904 = ADVANCED_FACE('',(#4905),#4918,.T.);
#4905 = FACE_BOUND('',#4906,.T.);
#4906 = EDGE_LOOP('',(#4907,#4946,#4964));
#4907 = ORIENTED_EDGE('',*,*,#4908,.F.);
#4908 = EDGE_CURVE('',#4909,#4911,#4913,.T.);
#4909 = VERTEX_POINT('',#4910);
#4910 = CARTESIAN_POINT('',(3.75E+04,0.,1.337E+03));
#4911 = VERTEX_POINT('',#4912);
#4912 = CARTESIAN_POINT('',(3.75E+04,0.,975.66666666666));
#4913 = SEAM_CURVE('',#4914,(#4917,#4939),.PCURVE_S1.);
#4914 = B_SPLINE_CURVE_WITH_KNOTS('',1,(#4915,#4916),.UNSPECIFIED.,.F.,
  .F.,(2,2),(0.,1.),.PIECEWISE_BEZIER_KNOTS.);
#4915 = CARTESIAN_POINT('',(3.75E+04,0.,1.337E+03));
#4916 = CARTESIAN_POINT('',(3.75E+04,0.,975.66666666666));
#4917 = PCURVE('',#4918,#4933);
#4918 = ( BOUNDED_SURFACE() B_SPLINE_SURFACE(2,1,(
    (#4919,#4920)
    ,(#4921,#4922)
    ,(#4923,#4924)
    ,(#4925,#4926)
    ,(#4927,#4928)
    ,(#4929,#4930)
    ,(#4931,#4932
)),.UNSPECIFIED.,.T.,.F.,.F.) B_SPLINE_SURFACE_WITH_KNOTS((1,2,2,2,2,1),
  (2,2),(-1.,0.,1.,2.,3.,4.),(0.,1.),.UNSPECIFIED.) 
GEOMETRIC_REPRESENTATION_ITEM() RATIONAL_B_SPLINE_SURFACE((
    (1.,1.)
    ,(0.5,0.5)
    ,(1.,1.)
    ,(0.5,0.5)
    ,(1.,1.)
    ,(0.5,0.5)
,(1.,1.))) REPRESENTATION_ITEM('') SURFACE() );
#4919 = CARTESIAN_POINT('',(3.75E+04,0.,1.337E+03));
#4920 = CARTESIAN_POINT('',(3.75E+04,0.,975.66666666666));
#4921 = CARTESIAN_POINT('',(3.75E+04,-631.,1.337E+03));
#4922 = CARTESIAN_POINT('',(3.75E+04,0.,975.66666666666));
#4923 = CARTESIAN_POINT('',(3.75E+04,-316.,795.));
#4924 = CARTESIAN_POINT('',(3.75E+04,0.,975.66666666666));
#4925 = CARTESIAN_POINT('',(3.75E+04,0.,254.));
#4926 = CARTESIAN_POINT('',(3.75E+04,0.,975.66666666666));
#4927 = CARTESIAN_POINT('',(3.75E+04,316.,795.));
#4928 = CARTESIAN_POINT('',(3.75E+04,0.,975.66666666666));
#4929 = CARTESIAN_POINT('',(3.75E+04,631.,1.337E+03));
#4930 = CARTESIAN_POINT('',(3.75E+04,0.,975.66666666666));
#4931 = CARTESIAN_POINT('',(3.75E+04,0.,1.337E+03));
#4932 = CARTESIAN_POINT('',(3.75E+04,0.,975.66666666666));
#4933 = DEFINITIONAL_REPRESENTATION('',(#4934),#4938);
#4934 = LINE('',#4935,#4936);
#4935 = CARTESIAN_POINT('',(0.,0.));
#4936 = VECTOR('',#4937,1.);
#4937 = DIRECTION('',(0.,1.));
#4938 = ( GEOMETRIC_REPRESENTATION_CONTEXT(2) 
PARAMETRIC_REPRESENTATION_CONTEXT() REPRESENTATION_CONTEXT('2D SPACE',''
  ) );
#4939 = PCURVE('',#4918,#4940);
#4940 = DEFINITIONAL_REPRESENTATION('',(#4941),#4945);
#4941 = LINE('',#4942,#4943);
#4942 = CARTESIAN_POINT('',(3.,0.));
#4943 = VECTOR('',#4944,1.);
#4944 = DIRECTION('',(0.,1.));
#4945 = ( GEOMETRIC_REPRESENTATION_CONTEXT(2) 
PARAMETRIC_REPRESENTATION_CONTEXT() REPRESENTATION_CONTEXT('2D SPACE',''
  ) );
#4946 = ORIENTED_EDGE('',*,*,#4947,.T.);
#4947 = EDGE_CURVE('',#4909,#4909,#4948,.T.);
#4948 = SURFACE_CURVE('',#4949,(#4957),.PCURVE_S1.);
#4949 = ( BOUNDED_CURVE() B_SPLINE_CURVE(2,(#4950,#4951,#4952,#4953,
#4954,#4955,#4956),.UNSPECIFIED.,.T.,.F.) B_SPLINE_CURVE_WITH_KNOTS((1,2
,2,2,2,1),(-1.,0.,1.,2.,3.,4.),.UNSPECIFIED.) CURVE() 
GEOMETRIC_REPRESENTATION_ITEM() RATIONAL_B_SPLINE_CURVE((1.,0.5,1.,0.5,
1.,0.5,1.)) REPRESENTATION_ITEM('') );
#4950 = CARTESIAN_POINT('',(3.75E+04,0.,1.337E+03));
#4951 = CARTESIAN_POINT('',(3.75E+04,-631.,1.337E+03));
#4952 = CARTESIAN_POINT('',(3.75E+04,-316.,795.));
#4953 = CARTESIAN_POINT('',(3.75E+04,0.,254.));
#4954 = CARTESIAN_POINT('',(3.75E+04,316.,795.));
#4955 = CARTESIAN_POINT('',(3.75E+04,631.,1.337E+03));
#4956 = CARTESIAN_POINT('',(3.75E+04,0.,1.337E+03));
#4957 = PCURVE('',#4918,#4958);
#4958 = DEFINITIONAL_REPRESENTATION('',(#4959),#4963);
#4959 = LINE('',#4960,#4961);
#4960 = CARTESIAN_POINT('',(0.,0.));
#4961 = VECTOR('',#4962,1.);
#4962 = DIRECTION('',(1.,0.));
#4963 = ( GEOMETRIC_REPRESENTATION_CONTEXT(2) 
PARAMETRIC_REPRESENTATION_CONTEXT() REPRESENTATION_CONTEXT('2D SPACE',''
  ) );
#4964 = ORIENTED_EDGE('',*,*,#4908,.T.);
#4965 = ( GEOMETRIC_REPRESENTATION_CONTEXT(3) 
GLOBAL_UNCERTAINTY_ASSIGNED_CONTEXT((#4969)) 
GLOBAL_UNIT_ASSIGNED_CONTEXT((#4966,#4967,#4968)) REPRESENTATION_CONTEXT
('Context #1','3D Context with UNIT and UNCERTAINTY') );
#4966 = ( LENGTH_UNIT() NAMED_UNIT(*) SI_UNIT(.MILLI.,.METRE.) );
#4967 = ( NAMED_UNIT(*) PLANE_ANGLE_UNIT() SI_UNIT($,.RADIAN.) );
#4968 = ( NAMED_UNIT(*) SI_UNIT($,.STERADIAN.) SOLID_ANGLE_UNIT() );
#4969 = UNCERTAINTY_MEASURE_WITH_UNIT(LENGTH_MEASURE(1.E-07),#4966,
  'distance_accuracy_value','confusion accuracy');
#4970 = SHAPE_DEFINITION_REPRESENTATION(#4971,#4901);
#4971 = PRODUCT_DEFINITION_SHAPE('','',#4972);
#4972 = PRODUCT_DEFINITION('design','',#4973,#4976);
#4973 = PRODUCT_DEFINITION_FORMATION('','',#4974);
#4974 = PRODUCT('Open CASCADE STEP translator 7.6 3.6',
  'Open CASCADE STEP translator 7.6 3.6','',(#4975));
#4975 = PRODUCT_CONTEXT('',#2,'mechanical');
#4976 = PRODUCT_DEFINITION_CONTEXT('part definition',#2,'design');
#4977 = CONTEXT_DEPENDENT_SHAPE_REPRESENTATION(#4978,#4980);
#4978 = ( REPRESENTATION_RELATIONSHIP('','',#4901,#10) 
REPRESENTATION_RELATIONSHIP_WITH_TRANSFORMATION(#4979) 
SHAPE_REPRESENTATION_RELATIONSHIP() );
#4979 = ITEM_DEFINED_TRANSFORMATION('','',#11,#35);
#4980 = PRODUCT_DEFINITION_SHAPE('Placement','Placement of an item',
  #4981);
#4981 = NEXT_ASSEMBLY_USAGE_OCCURRENCE('6','','',#5,#4972,$);
#4982 = PRODUCT_RELATED_PRODUCT_CATEGORY('part',$,(#4974));
ENDSEC;
END-ISO-10303-21;
