ISO-10303-21;
HEADER;
FILE_DESCRIPTION(('Open CASCADE Model'),'2;1');
FILE_NAME('Open CASCADE Shape Model','2023-11-02T17:10:06',('Author'),(
    'Open CASCADE'),'Open CASCADE STEP processor 7.6','Open CASCADE 7.6'
  ,'Unknown');
FILE_SCHEMA(('AUTOMOTIVE_DESIGN { 1 0 10303 214 1 1 1 1 }'));
ENDSEC;
DATA;
#1 = APPLICATION_PROTOCOL_DEFINITION('international standard',
  'automotive_design',2000,#2);
#2 = APPLICATION_CONTEXT(
  'core data for automotive mechanical design processes');
#3 = SHAPE_DEFINITION_REPRESENTATION(#4,#10);
#4 = PRODUCT_DEFINITION_SHAPE('','',#5);
#5 = PRODUCT_DEFINITION('design','',#6,#9);
#6 = PRODUCT_DEFINITION_FORMATION('','',#7);
#7 = PRODUCT('Open CASCADE STEP translator 7.6 1',
  'Open CASCADE STEP translator 7.6 1','',(#8));
#8 = PRODUCT_CONTEXT('',#2,'mechanical');
#9 = PRODUCT_DEFINITION_CONTEXT('part definition',#2,'design');
#10 = ADVANCED_BREP_SHAPE_REPRESENTATION('',(#11,#15),#1452);
#11 = AXIS2_PLACEMENT_3D('',#12,#13,#14);
#12 = CARTESIAN_POINT('',(0.,0.,0.));
#13 = DIRECTION('',(0.,0.,1.));
#14 = DIRECTION('',(1.,0.,-0.));
#15 = MANIFOLD_SOLID_BREP('',#16);
#16 = CLOSED_SHELL('',(#17,#549,#1096,#1274));
#17 = ADVANCED_FACE('',(#18),#59,.T.);
#18 = FACE_BOUND('',#19,.T.);
#19 = EDGE_LOOP('',(#20,#456,#482,#525));
#20 = ORIENTED_EDGE('',*,*,#21,.F.);
#21 = EDGE_CURVE('',#22,#24,#26,.T.);
#22 = VERTEX_POINT('',#23);
#23 = CARTESIAN_POINT('',(1.2743744E+04,-375.046,-1.2423E+03));
#24 = VERTEX_POINT('',#25);
#25 = CARTESIAN_POINT('',(1.8815763E+04,-375.046,-1.45434E+03));
#26 = SURFACE_CURVE('',#27,(#58),.PCURVE_S1.);
#27 = B_SPLINE_CURVE_WITH_KNOTS('',3,(#28,#29,#30,#31,#32,#33,#34,#35,
    #36,#37,#38,#39,#40,#41,#42,#43,#44,#45,#46,#47,#48,#49,#50,#51,#52,
    #53,#54,#55,#56,#57),.UNSPECIFIED.,.F.,.F.,(4,1,1,1,1,1,1,1,1,1,1,1,
    1,1,1,1,1,1,1,1,1,1,1,1,1,1,1,4),(0.,3.703703703704E-02,
    7.407407407407E-02,0.111111111111,0.148148148148,0.185185185185,
    0.222222222222,0.259259259259,0.296296296296,0.333333333333,
    0.37037037037,0.407407407407,0.444444444444,0.481481481481,
    0.518518518519,0.555555555556,0.592592592593,0.62962962963,
    0.666666666667,0.703703703704,0.740740740741,0.777777777778,
    0.814814814815,0.851851851852,0.888888888889,0.925925925926,
    0.962962962963,1.),.QUASI_UNIFORM_KNOTS.);
#28 = CARTESIAN_POINT('',(1.2743744E+04,-375.046,-1.2423E+03));
#29 = CARTESIAN_POINT('',(1.274333227808E+04,-375.046,
    -1.230514887103E+03));
#30 = CARTESIAN_POINT('',(1.273988932313E+04,-375.046,
    -1.129945447058E+03));
#31 = CARTESIAN_POINT('',(1.282994148438E+04,-375.046,
    -1.018387481421E+03));
#32 = CARTESIAN_POINT('',(1.30113584504E+04,-375.046,-941.4873442716));
#33 = CARTESIAN_POINT('',(1.318742759474E+04,-375.046,-899.8776946392));
#34 = CARTESIAN_POINT('',(1.340482205982E+04,-375.046,-881.7916980233));
#35 = CARTESIAN_POINT('',(1.362717101171E+04,-375.046,-872.5016732381));
#36 = CARTESIAN_POINT('',(1.386720623202E+04,-375.046,-871.5601226677));
#37 = CARTESIAN_POINT('',(1.411525557976E+04,-375.046,-879.0234991802));
#38 = CARTESIAN_POINT('',(1.437277641536E+04,-375.046,-893.4284100251));
#39 = CARTESIAN_POINT('',(1.46360768136E+04,-375.0459999999,
    -912.321005355));
#40 = CARTESIAN_POINT('',(1.49049952826E+04,-375.046,-933.3237764507));
#41 = CARTESIAN_POINT('',(1.517749879745E+04,-375.046,-956.7404808751));
#42 = CARTESIAN_POINT('',(1.545264543866E+04,-375.046,-982.1708785354));
#43 = CARTESIAN_POINT('',(1.572910361434E+04,-375.046,
    -1.008900766418E+03));
#44 = CARTESIAN_POINT('',(1.600579462989E+04,-375.046,-1.03671605815E+03
    ));
#45 = CARTESIAN_POINT('',(1.628148028121E+04,-375.046,
    -1.065640654924E+03));
#46 = CARTESIAN_POINT('',(1.655501127069E+04,-375.046,-1.09559765411E+03
    ));
#47 = CARTESIAN_POINT('',(1.682506482679E+04,-375.046,
    -1.126550790893E+03));
#48 = CARTESIAN_POINT('',(1.709043730115E+04,-375.0459999999,
    -1.159186134878E+03));
#49 = CARTESIAN_POINT('',(1.734941904823E+04,-375.046,
    -1.193797941982E+03));
#50 = CARTESIAN_POINT('',(1.760042106562E+04,-375.0459999999,
    -1.230318452232E+03));
#51 = CARTESIAN_POINT('',(1.784136105542E+04,-375.046,
    -1.268417223092E+03));
#52 = CARTESIAN_POINT('',(1.807262799167E+04,-375.046,
    -1.307925836594E+03));
#53 = CARTESIAN_POINT('',(1.828269162823E+04,-375.0459999999,
    -1.346536585412E+03));
#54 = CARTESIAN_POINT('',(1.848012590593E+04,-375.046,
    -1.385159392816E+03));
#55 = CARTESIAN_POINT('',(1.867194019547E+04,-375.046,
    -1.424146844257E+03));
#56 = CARTESIAN_POINT('',(1.877417408609E+04,-375.046,
    -1.445545897537E+03));
#57 = CARTESIAN_POINT('',(1.8815763E+04,-375.046,-1.45434E+03));
#58 = PCURVE('',#59,#450);
#59 = B_SPLINE_SURFACE_WITH_KNOTS('',3,3,(
    (#60,#61,#62,#63,#64,#65,#66,#67,#68,#69,#70,#71,#72,#73,#74,#75,#76
      ,#77,#78,#79,#80,#81,#82,#83,#84,#85,#86,#87,#88,#89)
    ,(#90,#91,#92,#93,#94,#95,#96,#97,#98,#99,#100,#101,#102,#103,#104
      ,#105,#106,#107,#108,#109,#110,#111,#112,#113,#114,#115,#116,#117
      ,#118,#119)
    ,(#120,#121,#122,#123,#124,#125,#126,#127,#128,#129,#130,#131,#132
      ,#133,#134,#135,#136,#137,#138,#139,#140,#141,#142,#143,#144,#145
      ,#146,#147,#148,#149)
    ,(#150,#151,#152,#153,#154,#155,#156,#157,#158,#159,#160,#161,#162
      ,#163,#164,#165,#166,#167,#168,#169,#170,#171,#172,#173,#174,#175
      ,#176,#177,#178,#179)
    ,(#180,#181,#182,#183,#184,#185,#186,#187,#188,#189,#190,#191,#192
      ,#193,#194,#195,#196,#197,#198,#199,#200,#201,#202,#203,#204,#205
      ,#206,#207,#208,#209)
    ,(#210,#211,#212,#213,#214,#215,#216,#217,#218,#219,#220,#221,#222
      ,#223,#224,#225,#226,#227,#228,#229,#230,#231,#232,#233,#234,#235
      ,#236,#237,#238,#239)
    ,(#240,#241,#242,#243,#244,#245,#246,#247,#248,#249,#250,#251,#252
      ,#253,#254,#255,#256,#257,#258,#259,#260,#261,#262,#263,#264,#265
      ,#266,#267,#268,#269)
    ,(#270,#271,#272,#273,#274,#275,#276,#277,#278,#279,#280,#281,#282
      ,#283,#284,#285,#286,#287,#288,#289,#290,#291,#292,#293,#294,#295
      ,#296,#297,#298,#299)
    ,(#300,#301,#302,#303,#304,#305,#306,#307,#308,#309,#310,#311,#312
      ,#313,#314,#315,#316,#317,#318,#319,#320,#321,#322,#323,#324,#325
      ,#326,#327,#328,#329)
    ,(#330,#331,#332,#333,#334,#335,#336,#337,#338,#339,#340,#341,#342
      ,#343,#344,#345,#346,#347,#348,#349,#350,#351,#352,#353,#354,#355
      ,#356,#357,#358,#359)
    ,(#360,#361,#362,#363,#364,#365,#366,#367,#368,#369,#370,#371,#372
      ,#373,#374,#375,#376,#377,#378,#379,#380,#381,#382,#383,#384,#385
      ,#386,#387,#388,#389)
    ,(#390,#391,#392,#393,#394,#395,#396,#397,#398,#399,#400,#401,#402
      ,#403,#404,#405,#406,#407,#408,#409,#410,#411,#412,#413,#414,#415
      ,#416,#417,#418,#419)
    ,(#420,#421,#422,#423,#424,#425,#426,#427,#428,#429,#430,#431,#432
      ,#433,#434,#435,#436,#437,#438,#439,#440,#441,#442,#443,#444,#445
      ,#446,#447,#448,#449
    )),.UNSPECIFIED.,.F.,.F.,.F.,(4,1,1,1,1,1,1,1,1,1,4),(4,1,1,1,1,1,1,
    1,1,1,1,1,1,1,1,1,1,1,1,1,1,1,1,1,1,1,1,4),(0.,0.1,0.2,0.3,0.4,0.5,
    0.6,0.7,0.8,0.9,1.),(0.,3.703703703704E-02,7.407407407407E-02,
    0.111111111111,0.148148148148,0.185185185185,0.222222222222,
    0.259259259259,0.296296296296,0.333333333333,0.37037037037,
    0.407407407407,0.444444444444,0.481481481481,0.518518518519,
    0.555555555556,0.592592592593,0.62962962963,0.666666666667,
    0.703703703704,0.740740740741,0.777777777778,0.814814814815,
    0.851851851852,0.888888888889,0.925925925926,0.962962962963,1.),
  .QUASI_UNIFORM_KNOTS.);
#60 = CARTESIAN_POINT('',(1.2743744E+04,-375.046,-1.2423E+03));
#61 = CARTESIAN_POINT('',(1.274333227808E+04,-375.046,
    -1.230514887103E+03));
#62 = CARTESIAN_POINT('',(1.273988932313E+04,-375.046,
    -1.129945447058E+03));
#63 = CARTESIAN_POINT('',(1.282994148438E+04,-375.046,
    -1.018387481421E+03));
#64 = CARTESIAN_POINT('',(1.30113584504E+04,-375.046,-941.4873442716));
#65 = CARTESIAN_POINT('',(1.318742759474E+04,-375.046,-899.8776946392));
#66 = CARTESIAN_POINT('',(1.340482205982E+04,-375.046,-881.7916980233));
#67 = CARTESIAN_POINT('',(1.362717101171E+04,-375.046,-872.5016732381));
#68 = CARTESIAN_POINT('',(1.386720623202E+04,-375.046,-871.5601226677));
#69 = CARTESIAN_POINT('',(1.411525557976E+04,-375.046,-879.0234991802));
#70 = CARTESIAN_POINT('',(1.437277641536E+04,-375.046,-893.4284100251));
#71 = CARTESIAN_POINT('',(1.46360768136E+04,-375.0459999999,
    -912.321005355));
#72 = CARTESIAN_POINT('',(1.49049952826E+04,-375.046,-933.3237764507));
#73 = CARTESIAN_POINT('',(1.517749879745E+04,-375.046,-956.7404808751));
#74 = CARTESIAN_POINT('',(1.545264543866E+04,-375.046,-982.1708785354));
#75 = CARTESIAN_POINT('',(1.572910361434E+04,-375.046,
    -1.008900766418E+03));
#76 = CARTESIAN_POINT('',(1.600579462989E+04,-375.046,-1.03671605815E+03
    ));
#77 = CARTESIAN_POINT('',(1.628148028121E+04,-375.046,
    -1.065640654924E+03));
#78 = CARTESIAN_POINT('',(1.655501127069E+04,-375.046,-1.09559765411E+03
    ));
#79 = CARTESIAN_POINT('',(1.682506482679E+04,-375.046,
    -1.126550790893E+03));
#80 = CARTESIAN_POINT('',(1.709043730115E+04,-375.0459999999,
    -1.159186134878E+03));
#81 = CARTESIAN_POINT('',(1.734941904823E+04,-375.046,
    -1.193797941982E+03));
#82 = CARTESIAN_POINT('',(1.760042106562E+04,-375.0459999999,
    -1.230318452232E+03));
#83 = CARTESIAN_POINT('',(1.784136105542E+04,-375.046,
    -1.268417223092E+03));
#84 = CARTESIAN_POINT('',(1.807262799167E+04,-375.046,
    -1.307925836594E+03));
#85 = CARTESIAN_POINT('',(1.828269162823E+04,-375.0459999999,
    -1.346536585412E+03));
#86 = CARTESIAN_POINT('',(1.848012590593E+04,-375.046,
    -1.385159392816E+03));
#87 = CARTESIAN_POINT('',(1.867194019547E+04,-375.046,
    -1.424146844257E+03));
#88 = CARTESIAN_POINT('',(1.877417408609E+04,-375.046,
    -1.445545897537E+03));
#89 = CARTESIAN_POINT('',(1.8815763E+04,-375.046,-1.45434E+03));
#90 = CARTESIAN_POINT('',(1.288395619626E+04,-780.7932818731,
    -1.223747945584E+03));
#91 = CARTESIAN_POINT('',(1.288356766199E+04,-780.8044718179,
    -1.21237748883E+03));
#92 = CARTESIAN_POINT('',(1.288026352805E+04,-780.8268517073,
    -1.115350891785E+03));
#93 = CARTESIAN_POINT('',(1.296716788389E+04,-780.8604215415,
    -1.00772255628E+03));
#94 = CARTESIAN_POINT('',(1.314221666017E+04,-780.8939913756,
    -933.5303905064));
#95 = CARTESIAN_POINT('',(1.331210599583E+04,-780.9275612098,
    -893.3846846805));
#96 = CARTESIAN_POINT('',(1.352186424687E+04,-780.9611310439,
    -875.9336173387));
#97 = CARTESIAN_POINT('',(1.373640216109E+04,-780.9947008781,
    -866.9683999429));
#98 = CARTESIAN_POINT('',(1.396800299742E+04,-781.0282707123,
    -866.0574556856));
#99 = CARTESIAN_POINT('',(1.420733554094E+04,-781.0618405464,
    -873.2552612201));
#100 = CARTESIAN_POINT('',(1.445580572833E+04,-781.0954103806,
    -887.1498929123));
#101 = CARTESIAN_POINT('',(1.47098517375E+04,-781.1289802147,
    -905.3739933057));
#102 = CARTESIAN_POINT('',(1.496931775814E+04,-781.1625500489,
    -925.6338590181));
#103 = CARTESIAN_POINT('',(1.523224249126E+04,-781.1961198831,
    -948.222585698));
#104 = CARTESIAN_POINT('',(1.549771722395E+04,-781.2296897172,
    -972.7540508094));
#105 = CARTESIAN_POINT('',(1.57644572057E+04,-781.2632595514,
    -998.5391912861));
#106 = CARTESIAN_POINT('',(1.603142180298E+04,-781.2968293855,
    -1.025371462559E+03));
#107 = CARTESIAN_POINT('',(1.629741656446E+04,-781.3303992197,
    -1.053273916119E+03));
#108 = CARTESIAN_POINT('',(1.65613326096E+04,-781.3639690539,
    -1.08217241681E+03));
#109 = CARTESIAN_POINT('',(1.682189369419E+04,-781.397538888,
    -1.112032036901E+03));
#110 = CARTESIAN_POINT('',(1.707793871879E+04,-781.4311087222,
    -1.143514491658E+03));
#111 = CARTESIAN_POINT('',(1.732781833924E+04,-781.4646785563,
    -1.176903621359E+03));
#112 = CARTESIAN_POINT('',(1.756999944616E+04,-781.4982483905,
    -1.212134313323E+03));
#113 = CARTESIAN_POINT('',(1.780247316564E+04,-781.5318182246,
    -1.248887702223E+03));
#114 = CARTESIAN_POINT('',(1.802561481156E+04,-781.5653880588,
    -1.287001161171E+03));
#115 = CARTESIAN_POINT('',(1.822830054561E+04,-781.598957893,
    -1.324248375965E+03));
#116 = CARTESIAN_POINT('',(1.841880204753E+04,-781.6325277271,
    -1.36150723795E+03));
#117 = CARTESIAN_POINT('',(1.860388159985E+04,-781.6660975613,
    -1.399117937365E+03));
#118 = CARTESIAN_POINT('',(1.870252948486E+04,-781.6884774507,
    -1.419761007463E+03));
#119 = CARTESIAN_POINT('',(1.874266123458E+04,-781.6996673954,
    -1.428244266095E+03));
#120 = CARTESIAN_POINT('',(1.318913284256E+04,-1.631951861571E+03,
    -1.183368759038E+03));
#121 = CARTESIAN_POINT('',(1.318878384263E+04,-1.631977716658E+03,
    -1.172804332989E+03));
#122 = CARTESIAN_POINT('',(1.318573832925E+04,-1.632029426832E+03,
    -1.082661084517E+03));
#123 = CARTESIAN_POINT('',(1.326651125414E+04,-1.632106992093E+03,
    -982.6679730842));
#124 = CARTESIAN_POINT('',(1.342917278169E+04,-1.632184557354E+03,
    -913.7378729415));
#125 = CARTESIAN_POINT('',(1.358704081506E+04,-1.632262122615E+03,
    -876.4376319625));
#126 = CARTESIAN_POINT('',(1.378194856547E+04,-1.632339687876E+03,
    -860.2215902113));
#127 = CARTESIAN_POINT('',(1.398129639797E+04,-1.632417253138E+03,
    -851.8889754072));
#128 = CARTESIAN_POINT('',(1.41964962518E+04,-1.632494818399E+03,
    -851.0391217485));
#129 = CARTESIAN_POINT('',(1.441887918117E+04,-1.63257238366E+03,
    -857.7226643227));
#130 = CARTESIAN_POINT('',(1.464975124027E+04,-1.632649948921E+03,
    -870.6276687983));
#131 = CARTESIAN_POINT('',(1.488580334284E+04,-1.632727514182E+03,
    -887.5548008476));
#132 = CARTESIAN_POINT('',(1.512689071581E+04,-1.632805079443E+03,
    -906.3731594428));
#133 = CARTESIAN_POINT('',(1.537119138457E+04,-1.632882644705E+03,
    -927.3551187289));
#134 = CARTESIAN_POINT('',(1.561786114227E+04,-1.632960209966E+03,
    -950.1419773109));
#135 = CARTESIAN_POINT('',(1.586570624535E+04,-1.633037775227E+03,
    -974.0935090982));
#136 = CARTESIAN_POINT('',(1.611375999041E+04,-1.633115340488E+03,
    -999.0178242197));
#137 = CARTESIAN_POINT('',(1.636091290186E+04,-1.633192905749E+03,
    -1.024936333364E+03));
#138 = CARTESIAN_POINT('',(1.660613462717E+04,-1.633270471011E+03,
    -1.051780262806E+03));
#139 = CARTESIAN_POINT('',(1.684823932052E+04,-1.633348036272E+03,
    -1.079517267009E+03));
#140 = CARTESIAN_POINT('',(1.70861485154E+04,-1.633425601533E+03,
    -1.108761781305E+03));
#141 = CARTESIAN_POINT('',(1.731833000067E+04,-1.633503166794E+03,
    -1.139777421725E+03));
#142 = CARTESIAN_POINT('',(1.754335926549E+04,-1.633580732055E+03,
    -1.17250418327E+03));
#143 = CARTESIAN_POINT('',(1.775937006134E+04,-1.633658297316E+03,
    -1.206645695869E+03));
#144 = CARTESIAN_POINT('',(1.796671115502E+04,-1.633735862578E+03,
    -1.242050594211E+03));
#145 = CARTESIAN_POINT('',(1.815504818938E+04,-1.633813427839E+03,
    -1.276650685175E+03));
#146 = CARTESIAN_POINT('',(1.833206568677E+04,-1.6338909931E+03,
    -1.311261623332E+03));
#147 = CARTESIAN_POINT('',(1.850404594532E+04,-1.633968558361E+03,
    -1.346199504584E+03));
#148 = CARTESIAN_POINT('',(1.859571670386E+04,-1.634020268535E+03,
    -1.365375110315E+03));
#149 = CARTESIAN_POINT('',(1.863301228146E+04,-1.634046123622E+03,
    -1.373255079392E+03));
#150 = CARTESIAN_POINT('',(1.372102899006E+04,-3.027480024404E+03,
    -1.112991362546E+03));
#151 = CARTESIAN_POINT('',(1.372072261843E+04,-3.027509662094E+03,
    -1.103565757821E+03));
#152 = CARTESIAN_POINT('',(1.371801567091E+04,-3.027568937473E+03,
    -1.023139759934E+03));
#153 = CARTESIAN_POINT('',(1.379009553802E+04,-3.027657850541E+03,
    -933.9262360679));
#154 = CARTESIAN_POINT('',(1.393523513376E+04,-3.02774676361E+03,
    -872.4264630333));
#155 = CARTESIAN_POINT('',(1.407609770794E+04,-3.027835676678E+03,
    -839.146011051));
#156 = CARTESIAN_POINT('',(1.425000703888E+04,-3.027924589747E+03,
    -824.6768688379));
#157 = CARTESIAN_POINT('',(1.442787727861E+04,-3.028013502815E+03,
    -817.2409813843));
#158 = CARTESIAN_POINT('',(1.461989056414E+04,-3.028102415884E+03,
    -816.4812575656));
#159 = CARTESIAN_POINT('',(1.481831260419E+04,-3.028191328952E+03,
    -822.4429027119));
#160 = CARTESIAN_POINT('',(1.502430852422E+04,-3.028280242021E+03,
    -833.9551196536));
#161 = CARTESIAN_POINT('',(1.523492593067E+04,-3.028369155089E+03,
    -849.0557237996));
#162 = CARTESIAN_POINT('',(1.54500356283E+04,-3.028458068158E+03,
    -865.8435926908));
#163 = CARTESIAN_POINT('',(1.566801224686E+04,-3.028546981226E+03,
    -884.561825197));
#164 = CARTESIAN_POINT('',(1.588810261731E+04,-3.028635894295E+03,
    -904.8904097159));
#165 = CARTESIAN_POINT('',(1.610924147896E+04,-3.028724807363E+03,
    -926.2580468634));
#166 = CARTESIAN_POINT('',(1.633056644774E+04,-3.028813720432E+03,
    -948.4935420797));
#167 = CARTESIAN_POINT('',(1.655108792208E+04,-3.0289026335E+03,
    -971.6160206692));
#168 = CARTESIAN_POINT('',(1.676988642326E+04,-3.028991546569E+03,
    -995.5642304799));
#169 = CARTESIAN_POINT('',(1.69859037341E+04,-3.029080459637E+03,
    -1.020309423363E+03));
#170 = CARTESIAN_POINT('',(1.719817794281E+04,-3.029169372706E+03,
    -1.04639940098E+03));
#171 = CARTESIAN_POINT('',(1.740534212862E+04,-3.029258285774E+03,
    -1.07406926408E+03));
#172 = CARTESIAN_POINT('',(1.760612511586E+04,-3.029347198843E+03,
    -1.103266108482E+03));
#173 = CARTESIAN_POINT('',(1.779886192631E+04,-3.029436111911E+03,
    -1.133725329505E+03));
#174 = CARTESIAN_POINT('',(1.798386382601E+04,-3.02952502498E+03,
    -1.165311492472E+03));
#175 = CARTESIAN_POINT('',(1.815191067589E+04,-3.029613938048E+03,
    -1.196179590363E+03));
#176 = CARTESIAN_POINT('',(1.830985835654E+04,-3.029702851117E+03,
    -1.22705740384E+03));
#177 = CARTESIAN_POINT('',(1.846331176554E+04,-3.029791764185E+03,
    -1.258226975528E+03));
#178 = CARTESIAN_POINT('',(1.854510918801E+04,-3.029851039564E+03,
    -1.275334130726E+03));
#179 = CARTESIAN_POINT('',(1.857838882583E+04,-3.029880677254E+03,
    -1.2823639798E+03));
#180 = CARTESIAN_POINT('',(1.432693080082E+04,-4.541596836114E+03,
    -1.032821956785E+03));
#181 = CARTESIAN_POINT('',(1.43266542344E+04,-4.541616970398E+03,
    -1.024464568671E+03));
#182 = CARTESIAN_POINT('',(1.432424418793E+04,-4.541657238966E+03,
    -953.1472891484));
#183 = CARTESIAN_POINT('',(1.438814663618E+04,-4.541717641819E+03,
    -874.0389643795));
#184 = CARTESIAN_POINT('',(1.451683479167E+04,-4.541778044671E+03,
    -819.5056071889));
#185 = CARTESIAN_POINT('',(1.464172995121E+04,-4.541838447524E+03,
    -789.9953960034));
#186 = CARTESIAN_POINT('',(1.479592974442E+04,-4.541898850376E+03,
    -777.1663745543));
#187 = CARTESIAN_POINT('',(1.495364147148E+04,-4.541959253229E+03,
    -770.5738979883));
#188 = CARTESIAN_POINT('',(1.512389464446E+04,-4.542019656081E+03,
    -769.9016580256));
#189 = CARTESIAN_POINT('',(1.529983087737E+04,-4.542080058934E+03,
    -775.1897628303));
#190 = CARTESIAN_POINT('',(1.5482483262E+04,-4.542140461787E+03,
    -785.3997056029));
#191 = CARTESIAN_POINT('',(1.566923368636E+04,-4.542200864639E+03,
    -798.7915665321));
#192 = CARTESIAN_POINT('',(1.585996755513E+04,-4.542261267492E+03,
    -813.6795767653));
#193 = CARTESIAN_POINT('',(1.605324372011E+04,-4.542321670344E+03,
    -830.2793668761));
#194 = CARTESIAN_POINT('',(1.62483943288E+04,-4.542382073197E+03,
    -848.3071731367));
#195 = CARTESIAN_POINT('',(1.64444745759E+04,-4.542442476049E+03,
    -867.2562941124));
#196 = CARTESIAN_POINT('',(1.664071982072E+04,-4.542502878902E+03,
    -886.9749438193));
#197 = CARTESIAN_POINT('',(1.683625274615E+04,-4.542563281754E+03,
    -907.4801379951));
#198 = CARTESIAN_POINT('',(1.703025782911E+04,-4.542623684607E+03,
    -928.7176254929));
#199 = CARTESIAN_POINT('',(1.722179651211E+04,-4.542684087459E+03,
    -950.6619796414));
#200 = CARTESIAN_POINT('',(1.741001604334E+04,-4.542744490312E+03,
    -973.7986546663));
#201 = CARTESIAN_POINT('',(1.759370438327E+04,-4.542804893164E+03,
    -998.3360571196));
#202 = CARTESIAN_POINT('',(1.777173412879E+04,-4.542865296017E+03,
    -1.024227822937E+03));
#203 = CARTESIAN_POINT('',(1.794262890417E+04,-4.542925698869E+03,
    -1.051239135334E+03));
#204 = CARTESIAN_POINT('',(1.810666479453E+04,-4.542986101722E+03,
    -1.079249528535E+03));
#205 = CARTESIAN_POINT('',(1.825566587527E+04,-4.543046504575E+03,
    -1.106623186101E+03));
#206 = CARTESIAN_POINT('',(1.839571147954E+04,-4.543106907427E+03,
    -1.13400549603E+03));
#207 = CARTESIAN_POINT('',(1.853177168037E+04,-4.54316731028E+03,
    -1.161646535912E+03));
#208 = CARTESIAN_POINT('',(1.86042958206E+04,-4.543207578848E+03,
    -1.176817226643E+03));
#209 = CARTESIAN_POINT('',(1.863380168714E+04,-4.543227713132E+03,
    -1.183051390067E+03));
#210 = CARTESIAN_POINT('',(1.50067128306E+04,-6.174100765554E+03,
    -942.877139823));
#211 = CARTESIAN_POINT('',(1.500645709681E+04,-6.174103039509E+03,
    -935.5169836529));
#212 = CARTESIAN_POINT('',(1.500430998765E+04,-6.174107587419E+03,
    -872.699130353));
#213 = CARTESIAN_POINT('',(1.506056220751E+04,-6.174114409283E+03,
    -803.0204763351));
#214 = CARTESIAN_POINT('',(1.517388096591E+04,-6.174121231147E+03,
    -754.988483847));
#215 = CARTESIAN_POINT('',(1.52838583069E+04,-6.174128053011E+03,
    -728.9978253816));
#216 = CARTESIAN_POINT('',(1.541964899569E+04,-6.174134874876E+03,
    -717.7010060452));
#217 = CARTESIAN_POINT('',(1.555853284175E+04,-6.17414169674E+03,
    -711.8974840269));
#218 = CARTESIAN_POINT('',(1.570846390947E+04,-6.174148518604E+03,
    -711.308942059));
#219 = CARTESIAN_POINT('',(1.586340096902E+04,-6.174155340468E+03,
    -715.9707237314));
#220 = CARTESIAN_POINT('',(1.602425397348E+04,-6.174162162333E+03,
    -724.9677658227));
#221 = CARTESIAN_POINT('',(1.618871668137E+04,-6.174168984197E+03,
    -736.7675283447));
#222 = CARTESIAN_POINT('',(1.635668811928E+04,-6.174175806061E+03,
    -749.8851710885));
#223 = CARTESIAN_POINT('',(1.652689897888E+04,-6.174182627925E+03,
    -764.5106633116));
#224 = CARTESIAN_POINT('',(1.669876100289E+04,-6.17418944979E+03,
    -780.3940472415));
#225 = CARTESIAN_POINT('',(1.687144181389E+04,-6.174196271654E+03,
    -797.0888906363));
#226 = CARTESIAN_POINT('',(1.704426793863E+04,-6.174203093518E+03,
    -814.4615293526));
#227 = CARTESIAN_POINT('',(1.721646675494E+04,-6.174209915382E+03,
    -832.5270453792));
#228 = CARTESIAN_POINT('',(1.738731977714E+04,-6.174216737247E+03,
    -851.2376680049));
#229 = CARTESIAN_POINT('',(1.755600013851E+04,-6.174223559111E+03,
    -870.5710161277));
#230 = CARTESIAN_POINT('',(1.772175685253E+04,-6.174230380975E+03,
    -890.9544827684));
#231 = CARTESIAN_POINT('',(1.788352235175E+04,-6.174237202839E+03,
    -912.5716013728));
#232 = CARTESIAN_POINT('',(1.804030344296E+04,-6.174244024703E+03,
    -935.3819872876));
#233 = CARTESIAN_POINT('',(1.819079968517E+04,-6.174250846568E+03,
    -959.178634133));
#234 = CARTESIAN_POINT('',(1.83352543024E+04,-6.174257668432E+03,
    -983.8550832983));
#235 = CARTESIAN_POINT('',(1.846646558091E+04,-6.174264490296E+03,
    -1.007970713408E+03));
#236 = CARTESIAN_POINT('',(1.858978840072E+04,-6.17427131216E+03,
    -1.032094001046E+03));
#237 = CARTESIAN_POINT('',(1.870960058633E+04,-6.174278134025E+03,
    -1.056445147002E+03));
#238 = CARTESIAN_POINT('',(1.877345919919E+04,-6.174282681934E+03,
    -1.069810599413E+03));
#239 = CARTESIAN_POINT('',(1.879943731347E+04,-6.174284955889E+03,
    -1.075303131582E+03));
#240 = CARTESIAN_POINT('',(1.576024970673E+04,-7.924790396597E+03,
    -843.1735002617));
#241 = CARTESIAN_POINT('',(1.576000968394E+04,-7.924771382357E+03,
    -836.7392114231));
#242 = CARTESIAN_POINT('',(1.575809925024E+04,-7.924733353878E+03,
    -781.8107323213));
#243 = CARTESIAN_POINT('',(1.58072399851E+04,-7.924676311158E+03,
    -720.8850808816));
#244 = CARTESIAN_POINT('',(1.590628294238E+04,-7.924619268439E+03,
    -678.8882621284));
#245 = CARTESIAN_POINT('',(1.60024036138E+04,-7.924562225719E+03,
    -656.1653284796));
#246 = CARTESIAN_POINT('',(1.612109718435E+04,-7.924505183E+03,
    -646.2916527784));
#247 = CARTESIAN_POINT('',(1.624249533395E+04,-7.92444814028E+03,
    -641.2214891411));
#248 = CARTESIAN_POINT('',(1.637355385659E+04,-7.924391097561E+03,
    -640.7117194805));
#249 = CARTESIAN_POINT('',(1.650898992939E+04,-7.924334054841E+03,
    -644.7932554033));
#250 = CARTESIAN_POINT('',(1.664959926178E+04,-7.924277012122E+03,
    -652.6656304745));
#251 = CARTESIAN_POINT('',(1.679336507168E+04,-7.924219969402E+03,
    -662.9887995723));
#252 = CARTESIAN_POINT('',(1.694019902964E+04,-7.924162926682E+03,
    -674.4644261692));
#253 = CARTESIAN_POINT('',(1.70889912849E+04,-7.924105883963E+03,
    -687.2586251857));
#254 = CARTESIAN_POINT('',(1.723922745416E+04,-7.924048841243E+03,
    -701.1528028861));
#255 = CARTESIAN_POINT('',(1.739017956038E+04,-7.923991798524E+03,
    -715.7564674645));
#256 = CARTESIAN_POINT('',(1.754125872179E+04,-7.923934755804E+03,
    -730.9527898824));
#257 = CARTESIAN_POINT('',(1.769178942164E+04,-7.923877713085E+03,
    -746.7550941975));
#258 = CARTESIAN_POINT('',(1.78411432934E+04,-7.923820670365E+03,
    -763.1215695654));
#259 = CARTESIAN_POINT('',(1.798859719224E+04,-7.923763627646E+03,
    -780.032604545));
#260 = CARTESIAN_POINT('',(1.813349450218E+04,-7.923706584926E+03,
    -797.8618171835));
#261 = CARTESIAN_POINT('',(1.827490171871E+04,-7.923649542207E+03,
    -816.76968891));
#262 = CARTESIAN_POINT('',(1.84119502959E+04,-7.923592499487E+03,
    -836.7212537778));
#263 = CARTESIAN_POINT('',(1.854350305971E+04,-7.923535456768E+03,
    -857.535338318));
#264 = CARTESIAN_POINT('',(1.86697726929E+04,-7.923478414048E+03,
    -879.118529352));
#265 = CARTESIAN_POINT('',(1.878446168894E+04,-7.923421371329E+03,
    -900.2114050501));
#266 = CARTESIAN_POINT('',(1.889225256908E+04,-7.923364328609E+03,
    -921.3110118261));
#267 = CARTESIAN_POINT('',(1.899697348527E+04,-7.92330728589E+03,
    -942.6097619093));
#268 = CARTESIAN_POINT('',(1.905278202755E+04,-7.92326925741E+03,
    -954.3004422639));
#269 = CARTESIAN_POINT('',(1.907548225956E+04,-7.92325024317E+03,
    -959.1050176313));
#270 = CARTESIAN_POINT('',(1.658741612584E+04,-9.793464424441E+03,
    -733.7276175303));
#271 = CARTESIAN_POINT('',(1.658719054381E+04,-9.793425623179E+03,
    -728.1474514856));
#272 = CARTESIAN_POINT('',(1.658549822649E+04,-9.793348020656E+03,
    -680.4975347052));
#273 = CARTESIAN_POINT('',(1.662807777381E+04,-9.79323161687E+03,
    -627.6470778929));
#274 = CARTESIAN_POINT('',(1.671395008011E+04,-9.793115213085E+03,
    -591.2181021289));
#275 = CARTESIAN_POINT('',(1.679728678506E+04,-9.792998809299E+03,
    -571.5099256155));
#276 = CARTESIAN_POINT('',(1.690020677767E+04,-9.792882405514E+03,
    -562.9491952939));
#277 = CARTESIAN_POINT('',(1.700547296947E+04,-9.792766001729E+03,
    -558.5556540932));
#278 = CARTESIAN_POINT('',(1.711912006133E+04,-9.792649597943E+03,
    -558.1185912742));
#279 = CARTESIAN_POINT('',(1.723656488814E+04,-9.792533194158E+03,
    -561.6648190523));
#280 = CARTESIAN_POINT('',(1.735849781068E+04,-9.792416790372E+03,
    -568.4996209867));
#281 = CARTESIAN_POINT('',(1.748316909518E+04,-9.792300386587E+03,
    -577.4605618654));
#282 = CARTESIAN_POINT('',(1.761050207821E+04,-9.792183982802E+03,
    -587.4213838797));
#283 = CARTESIAN_POINT('',(1.773953398432E+04,-9.792067579016E+03,
    -598.5261545926));
#284 = CARTESIAN_POINT('',(1.786981858291E+04,-9.791951175231E+03,
    -610.5852023866));
#285 = CARTESIAN_POINT('',(1.800072426978E+04,-9.791834771445E+03,
    -623.2596471352));
#286 = CARTESIAN_POINT('',(1.813174017874E+04,-9.79171836766E+03,
    -636.4482081691));
#287 = CARTESIAN_POINT('',(1.826228030889E+04,-9.791601963875E+03,
    -650.1626274326));
#288 = CARTESIAN_POINT('',(1.839179949469E+04,-9.791485560089E+03,
    -664.3665333792));
#289 = CARTESIAN_POINT('',(1.85196703442E+04,-9.791369156304E+03,
    -679.0428083197));
#290 = CARTESIAN_POINT('',(1.864532321733E+04,-9.791252752518E+03,
    -694.5155815603));
#291 = CARTESIAN_POINT('',(1.87679482633E+04,-9.791136348733E+03,
    -710.9241036017));
#292 = CARTESIAN_POINT('',(1.888679202088E+04,-9.791019944948E+03,
    -728.2382665001));
#293 = CARTESIAN_POINT('',(1.90008679152E+04,-9.790903541162E+03,
    -746.3007522039));
#294 = CARTESIAN_POINT('',(1.911036040755E+04,-9.790787137377E+03,
    -765.0302312331));
#295 = CARTESIAN_POINT('',(1.920980619502E+04,-9.790670733591E+03,
    -783.334485785));
#296 = CARTESIAN_POINT('',(1.93032675344E+04,-9.790554329806E+03,
    -801.6446133511));
#297 = CARTESIAN_POINT('',(1.939406548113E+04,-9.790437926021E+03,
    -820.1273258375));
#298 = CARTESIAN_POINT('',(1.944244711236E+04,-9.790360323497E+03,
    -830.2729405462));
#299 = CARTESIAN_POINT('',(1.946212318345E+04,-9.790321522235E+03,
    -834.4428536388));
#300 = CARTESIAN_POINT('',(1.748808685616E+04,-1.177992165928E+04,
    -614.5560615884));
#301 = CARTESIAN_POINT('',(1.748787829643E+04,-1.177986950118E+04,
    -609.7578938907));
#302 = CARTESIAN_POINT('',(1.748639324001E+04,-1.177976518499E+04,
    -568.7749677366));
#303 = CARTESIAN_POINT('',(1.752297345271E+04,-1.17796087107E+04,
    -523.3207578735));
#304 = CARTESIAN_POINT('',(1.759679181359E+04,-1.177945223641E+04,
    -491.9911546253));
#305 = CARTESIAN_POINT('',(1.766842881059E+04,-1.177929576212E+04,
    -475.0436278383));
#306 = CARTESIAN_POINT('',(1.775691032099E+04,-1.177913928783E+04,
    -467.684504913));
#307 = CARTESIAN_POINT('',(1.784740984908E+04,-1.177898281354E+04,
    -463.9097104768));
#308 = CARTESIAN_POINT('',(1.794511817988E+04,-1.177882633925E+04,
    -463.5381493064));
#309 = CARTESIAN_POINT('',(1.804609305687E+04,-1.177866986496E+04,
    -466.5928668168));
#310 = CARTESIAN_POINT('',(1.815092838722E+04,-1.177851339067E+04,
    -472.4760497703));
#311 = CARTESIAN_POINT('',(1.825811907437E+04,-1.177835691638E+04,
    -480.1879879073));
#312 = CARTESIAN_POINT('',(1.83675991429E+04,-1.177820044209E+04,
    -488.7600771757));
#313 = CARTESIAN_POINT('',(1.847854051048E+04,-1.17780439678E+04,
    -498.3161447606));
#314 = CARTESIAN_POINT('',(1.859055937788E+04,-1.177788749351E+04,
    -508.6929992439));
#315 = CARTESIAN_POINT('',(1.870311248626E+04,-1.177773101922E+04,
    -519.5990434216));
#316 = CARTESIAN_POINT('',(1.881576040908E+04,-1.177757454493E+04,
    -530.9472582582));
#317 = CARTESIAN_POINT('',(1.892799907175E+04,-1.177741807064E+04,
    -542.7479794023));
#318 = CARTESIAN_POINT('',(1.903935959145E+04,-1.177726159635E+04,
    -554.9697540363));
#319 = CARTESIAN_POINT('',(1.914930236029E+04,-1.177710512206E+04,
    -567.5976823144));
#320 = CARTESIAN_POINT('',(1.925733731928E+04,-1.177694864777E+04,
    -580.9106910337));
#321 = CARTESIAN_POINT('',(1.936276786228E+04,-1.177679217348E+04,
    -595.0286208555));
#322 = CARTESIAN_POINT('',(1.946494605009E+04,-1.177663569919E+04,
    -609.9256611343));
#323 = CARTESIAN_POINT('',(1.956302323923E+04,-1.17764792249E+04,
    -625.4663717431));
#324 = CARTESIAN_POINT('',(1.965715798937E+04,-1.177632275061E+04,
    -641.5805451664));
#325 = CARTESIAN_POINT('',(1.97426511976E+04,-1.177616627632E+04,
    -657.3291721098));
#326 = CARTESIAN_POINT('',(1.982299695057E+04,-1.177600980203E+04,
    -673.0828823903));
#327 = CARTESIAN_POINT('',(1.99010517832E+04,-1.177585332774E+04,
    -688.984775828));
#328 = CARTESIAN_POINT('',(1.994263736652E+04,-1.177574901154E+04,
    -697.7142714834));
#329 = CARTESIAN_POINT('',(1.995954684986E+04,-1.177569685345E+04,
    -701.302436919));
#330 = CARTESIAN_POINT('',(1.846213673612E+04,-1.388396102416E+04,
    -485.6753931003));
#331 = CARTESIAN_POINT('',(1.84619516325E+04,-1.38839068684E+04,
    -481.5867194103));
#332 = CARTESIAN_POINT('',(1.846067068598E+04,-1.38837985569E+04,
    -446.6584524016));
#333 = CARTESIAN_POINT('',(1.849182497367E+04,-1.388363608964E+04,
    -407.920402131));
#334 = CARTESIAN_POINT('',(1.855471765139E+04,-1.388347362238E+04,
    -381.2205612471));
#335 = CARTESIAN_POINT('',(1.861575075565E+04,-1.388331115513E+04,
    -366.7784370992));
#336 = CARTESIAN_POINT('',(1.869114043629E+04,-1.388314868787E+04,
    -360.5084439089));
#337 = CARTESIAN_POINT('',(1.876825015146E+04,-1.388298622061E+04,
    -357.2933808869));
#338 = CARTESIAN_POINT('',(1.885150394762E+04,-1.388282375336E+04,
    -356.9789764935));
#339 = CARTESIAN_POINT('',(1.893754172768E+04,-1.38826612861E+04,
    -359.5848419353));
#340 = CARTESIAN_POINT('',(1.902686984019E+04,-1.388249881884E+04,
    -364.6012203851));
#341 = CARTESIAN_POINT('',(1.911820541471E+04,-1.388233635159E+04,
    -371.1762415796));
#342 = CARTESIAN_POINT('',(1.921149218591E+04,-1.388217388433E+04,
    -378.4845302607));
#343 = CARTESIAN_POINT('',(1.930602438225E+04,-1.388201141707E+04,
    -386.6314802147));
#344 = CARTESIAN_POINT('',(1.940147491466E+04,-1.388184894981E+04,
    -395.4779383046));
#345 = CARTESIAN_POINT('',(1.949738084212E+04,-1.388168648256E+04,
    -404.7752614921));
#346 = CARTESIAN_POINT('',(1.95933676018E+04,-1.38815240153E+04,
    -414.4494056398));
#347 = CARTESIAN_POINT('',(1.968900545589E+04,-1.388136154804E+04,
    -424.5094759185));
#348 = CARTESIAN_POINT('',(1.97838948861E+04,-1.388119908079E+04,
    -434.9284176705));
#349 = CARTESIAN_POINT('',(1.98775760996E+04,-1.388103661353E+04,
    -445.6932729846));
#350 = CARTESIAN_POINT('',(1.996963122384E+04,-1.388087414627E+04,
    -457.0420523809));
#351 = CARTESIAN_POINT('',(2.005946648815E+04,-1.388071167902E+04,
    -469.0770077701));
#352 = CARTESIAN_POINT('',(2.014652991272E+04,-1.388054921176E+04,
    -481.7760651009));
#353 = CARTESIAN_POINT('',(2.023009811771E+04,-1.38803867445E+04,
    -495.0236846777));
#354 = CARTESIAN_POINT('',(2.031030608098E+04,-1.388022427724E+04,
    -508.7598192156));
#355 = CARTESIAN_POINT('',(2.038314889599E+04,-1.388006180999E+04,
    -522.1846724104));
#356 = CARTESIAN_POINT('',(2.04516045736E+04,-1.387989934273E+04,
    -535.6138876511));
#357 = CARTESIAN_POINT('',(2.05181077042E+04,-1.387973687547E+04,
    -549.1690409098));
#358 = CARTESIAN_POINT('',(2.055353580723E+04,-1.387962856397E+04,
    -556.6106043191));
#359 = CARTESIAN_POINT('',(2.056794012822E+04,-1.387957440822E+04,
    -559.6695568226));
#360 = CARTESIAN_POINT('',(1.950944067472E+04,-1.61053815554E+04,
    -347.1021634007));
#361 = CARTESIAN_POINT('',(1.950928931366E+04,-1.610534169015E+04,
    -343.6500995025));
#362 = CARTESIAN_POINT('',(1.950821703135E+04,-1.610526195963E+04,
    -314.1634004059));
#363 = CARTESIAN_POINT('',(1.953453036163E+04,-1.610514236385E+04,
    -281.4602827426));
#364 = CARTESIAN_POINT('',(1.958763717642E+04,-1.610502276807E+04,
    -258.9194544425));
#365 = CARTESIAN_POINT('',(1.963917376117E+04,-1.61049031723E+04,
    -246.7263462179));
#366 = CARTESIAN_POINT('',(1.970282982245E+04,-1.610478357652E+04,
    -241.4318654723));
#367 = CARTESIAN_POINT('',(1.976793813348E+04,-1.610466398074E+04,
    -238.7163788853));
#368 = CARTESIAN_POINT('',(1.983823317942E+04,-1.610454438496E+04,
    -238.4496467688));
#369 = CARTESIAN_POINT('',(1.991087827341E+04,-1.610442478919E+04,
    -240.648178712));
#370 = CARTESIAN_POINT('',(1.998630110041E+04,-1.610430519341E+04,
    -244.8814275069));
#371 = CARTESIAN_POINT('',(2.006341860503E+04,-1.610418559763E+04,
    -250.4304779294));
#372 = CARTESIAN_POINT('',(2.014218325401E+04,-1.610406600186E+04,
    -256.5987585528));
#373 = CARTESIAN_POINT('',(2.022199920443E+04,-1.610394640608E+04,
    -263.4750367446));
#374 = CARTESIAN_POINT('',(2.030259035602E+04,-1.61038268103E+04,
    -270.9417557296));
#375 = CARTESIAN_POINT('',(2.038356605811E+04,-1.610370721452E+04,
    -278.7888978787));
#376 = CARTESIAN_POINT('',(2.046461003565E+04,-1.610358761875E+04,
    -286.9541072172));
#377 = CARTESIAN_POINT('',(2.054535929804E+04,-1.610346802297E+04,
    -295.4454342558));
#378 = CARTESIAN_POINT('',(2.062547677333E+04,-1.610334842719E+04,
    -304.2397019274));
#379 = CARTESIAN_POINT('',(2.070457451482E+04,-1.610322883142E+04,
    -313.3256183473));
#380 = CARTESIAN_POINT('',(2.078229944169E+04,-1.610310923564E+04,
    -322.9045639901));
#381 = CARTESIAN_POINT('',(2.085815020956E+04,-1.610298963986E+04,
    -333.063023105));
#382 = CARTESIAN_POINT('',(2.093166123543E+04,-1.610287004408E+04,
    -343.7820975306));
#383 = CARTESIAN_POINT('',(2.100222173527E+04,-1.610275044831E+04,
    -354.9641705098));
#384 = CARTESIAN_POINT('',(2.1069945425E+04,-1.610263085253E+04,
    -366.5583932541));
#385 = CARTESIAN_POINT('',(2.11314515908E+04,-1.610251125675E+04,
    -377.8901869313));
#386 = CARTESIAN_POINT('',(2.118925426206E+04,-1.610239166098E+04,
    -389.2256897494));
#387 = CARTESIAN_POINT('',(2.124540866069E+04,-1.61022720652E+04,
    -400.6670420701));
#388 = CARTESIAN_POINT('',(2.127532555638E+04,-1.610219233468E+04,
    -406.9481002879));
#389 = CARTESIAN_POINT('',(2.128748999308E+04,-1.610215246942E+04,
    -409.5299947079));
#390 = CARTESIAN_POINT('',(2.025639599302E+04,-1.766444878768E+04,
    -248.2693307322));
#391 = CARTESIAN_POINT('',(2.025627655336E+04,-1.766443259414E+04,
    -245.1928306449));
#392 = CARTESIAN_POINT('',(2.02553515542E+04,-1.766440020708E+04,
    -218.9246095216));
#393 = CARTESIAN_POINT('',(2.027883526411E+04,-1.766435162648E+04,
    -189.7898692204));
#394 = CARTESIAN_POINT('',(2.032618575663E+04,-1.766430304588E+04,
    -169.7071230702));
#395 = CARTESIAN_POINT('',(2.037213728337E+04,-1.766425446528E+04,
    -158.8416745981));
#396 = CARTESIAN_POINT('',(2.042888411154E+04,-1.766420588468E+04,
    -154.1210309029));
#397 = CARTESIAN_POINT('',(2.048692479851E+04,-1.766415730408E+04,
    -151.6977322341));
#398 = CARTESIAN_POINT('',(2.054958557342E+04,-1.766410872348E+04,
    -151.4556989162));
#399 = CARTESIAN_POINT('',(2.061433952346E+04,-1.766406014288E+04,
    -153.4095945215));
#400 = CARTESIAN_POINT('',(2.068156782121E+04,-1.766401156228E+04,
    -157.1757803931));
#401 = CARTESIAN_POINT('',(2.075030568055E+04,-1.766396298168E+04,
    -162.1140546954));
#402 = CARTESIAN_POINT('',(2.082051073766E+04,-1.766391440108E+04,
    -167.6040985811));
#403 = CARTESIAN_POINT('',(2.089165218051E+04,-1.766386582048E+04,
    -173.7247997911));
#404 = CARTESIAN_POINT('',(2.096348408719E+04,-1.766381723988E+04,
    -180.3713711796));
#405 = CARTESIAN_POINT('',(2.103565864892E+04,-1.766376865929E+04,
    -187.3566595518));
#406 = CARTESIAN_POINT('',(2.110789406521E+04,-1.766372007869E+04,
    -194.6252432182));
#407 = CARTESIAN_POINT('',(2.117986678392E+04,-1.766367149809E+04,
    -202.1845867945));
#408 = CARTESIAN_POINT('',(2.125127675183E+04,-1.766362291749E+04,
    -210.0137512279));
#409 = CARTESIAN_POINT('',(2.132177860705E+04,-1.766357433689E+04,
    -218.1023713789));
#410 = CARTESIAN_POINT('',(2.139105753343E+04,-1.766352575629E+04,
    -226.63026518));
#411 = CARTESIAN_POINT('',(2.14586668647E+04,-1.766347717569E+04,
    -235.6746191651));
#412 = CARTESIAN_POINT('',(2.152419224063E+04,-1.766342859509E+04,
    -245.21827863));
#413 = CARTESIAN_POINT('',(2.158708949591E+04,-1.766338001449E+04,
    -255.1742571145));
#414 = CARTESIAN_POINT('',(2.164745971833E+04,-1.766333143389E+04,
    -265.4971970053));
#415 = CARTESIAN_POINT('',(2.170229165352E+04,-1.766328285329E+04,
    -275.5866674388));
#416 = CARTESIAN_POINT('',(2.175382473942E+04,-1.766323427269E+04,
    -285.6794573342));
#417 = CARTESIAN_POINT('',(2.180388966962E+04,-1.766318569209E+04,
    -295.8661421378));
#418 = CARTESIAN_POINT('',(2.183056841317E+04,-1.766315330503E+04,
    -301.4579751183));
#419 = CARTESIAN_POINT('',(2.184141901444E+04,-1.766313711149E+04,
    -303.7563474754));
#420 = CARTESIAN_POINT('',(2.0642041E+04,-1.8463479E+04,-197.243));
#421 = CARTESIAN_POINT('',(2.064194051988E+04,-1.8463479E+04,
    -194.3420078316));
#422 = CARTESIAN_POINT('',(2.064109249022E+04,-1.8463479E+04,
    -169.5805905883));
#423 = CARTESIAN_POINT('',(2.066326273785E+04,-1.8463479E+04,
    -142.1161212857));
#424 = CARTESIAN_POINT('',(2.070792889257E+04,-1.8463479E+04,
    -123.1835780621));
#425 = CARTESIAN_POINT('',(2.07512763058E+04,-1.8463479E+04,
    -112.9388484952));
#426 = CARTESIAN_POINT('',(2.080479873912E+04,-1.8463479E+04,
    -108.4858072587));
#427 = CARTESIAN_POINT('',(2.085954086882E+04,-1.8463479E+04,
    -106.1981968675));
#428 = CARTESIAN_POINT('',(2.091863765892E+04,-1.8463479E+04,
    -105.9665523473));
#429 = CARTESIAN_POINT('',(2.09797072921E+04,-1.8463479E+04,
    -107.8046696936));
#430 = CARTESIAN_POINT('',(2.104310916723E+04,-1.8463479E+04,
    -111.3508900601));
#431 = CARTESIAN_POINT('',(2.110793389769E+04,-1.8463479E+04,
    -116.0018874791));
#432 = CARTESIAN_POINT('',(2.117414154136E+04,-1.8463479E+04,
    -121.1730652326));
#433 = CARTESIAN_POINT('',(2.124123173793E+04,-1.8463479E+04,
    -126.9386724116));
#434 = CARTESIAN_POINT('',(2.130897270115E+04,-1.8463479E+04,
    -133.1998996982));
#435 = CARTESIAN_POINT('',(2.137703670526E+04,-1.8463479E+04,
    -139.7803046558));
#436 = CARTESIAN_POINT('',(2.144515809105E+04,-1.8463479E+04,
    -146.6277182811));
#437 = CARTESIAN_POINT('',(2.15130317607E+04,-1.8463479E+04,
    -153.7493415455));
#438 = CARTESIAN_POINT('',(2.158037501731E+04,-1.8463479E+04,
    -161.1252676419));
#439 = CARTESIAN_POINT('',(2.164686246325E+04,-1.8463479E+04,
    -168.7455488184));
#440 = CARTESIAN_POINT('',(2.171219718225E+04,-1.8463479E+04,
    -176.7799361086));
#441 = CARTESIAN_POINT('',(2.177595811223E+04,-1.8463479E+04,
    -185.3012707037));
#442 = CARTESIAN_POINT('',(2.183775491058E+04,-1.8463479E+04,
    -194.2931761771));
#443 = CARTESIAN_POINT('',(2.189707461004E+04,-1.8463479E+04,
    -203.673651635));
#444 = CARTESIAN_POINT('',(2.195401237099E+04,-1.8463479E+04,
    -213.3999247626));
#445 = CARTESIAN_POINT('',(2.200573000151E+04,-1.8463479E+04,
    -222.9063060946));
#446 = CARTESIAN_POINT('',(2.205433832621E+04,-1.8463479E+04,
    -232.4158234465));
#447 = CARTESIAN_POINT('',(2.210156287049E+04,-1.8463479E+04,
    -242.0136178468));
#448 = CARTESIAN_POINT('',(2.2126732819E+04,-1.8463479E+04,
    -247.2818228167));
#449 = CARTESIAN_POINT('',(2.2136972E+04,-1.8463479E+04,-249.447));
#450 = DEFINITIONAL_REPRESENTATION('',(#451),#455);
#451 = LINE('',#452,#453);
#452 = CARTESIAN_POINT('',(0.,0.));
#453 = VECTOR('',#454,1.);
#454 = DIRECTION('',(0.,1.));
#455 = ( GEOMETRIC_REPRESENTATION_CONTEXT(2) 
PARAMETRIC_REPRESENTATION_CONTEXT() REPRESENTATION_CONTEXT('2D SPACE',''
  ) );
#456 = ORIENTED_EDGE('',*,*,#457,.T.);
#457 = EDGE_CURVE('',#22,#458,#460,.T.);
#458 = VERTEX_POINT('',#459);
#459 = CARTESIAN_POINT('',(2.0642041E+04,-1.8463479E+04,-197.243));
#460 = SURFACE_CURVE('',#461,(#475),.PCURVE_S1.);
#461 = B_SPLINE_CURVE_WITH_KNOTS('',3,(#462,#463,#464,#465,#466,#467,
    #468,#469,#470,#471,#472,#473,#474),.UNSPECIFIED.,.F.,.F.,(4,1,1,1,1
    ,1,1,1,1,1,4),(0.,0.1,0.2,0.3,0.4,0.5,0.6,0.7,0.8,0.9,1.),
  .QUASI_UNIFORM_KNOTS.);
#462 = CARTESIAN_POINT('',(1.2743744E+04,-375.046,-1.2423E+03));
#463 = CARTESIAN_POINT('',(1.288395619626E+04,-780.7932818731,
    -1.223747945584E+03));
#464 = CARTESIAN_POINT('',(1.318913284256E+04,-1.631951861571E+03,
    -1.183368759038E+03));
#465 = CARTESIAN_POINT('',(1.372102899006E+04,-3.027480024404E+03,
    -1.112991362546E+03));
#466 = CARTESIAN_POINT('',(1.432693080082E+04,-4.541596836114E+03,
    -1.032821956785E+03));
#467 = CARTESIAN_POINT('',(1.50067128306E+04,-6.174100765554E+03,
    -942.877139823));
#468 = CARTESIAN_POINT('',(1.576024970673E+04,-7.924790396597E+03,
    -843.1735002617));
#469 = CARTESIAN_POINT('',(1.658741612584E+04,-9.793464424441E+03,
    -733.7276175303));
#470 = CARTESIAN_POINT('',(1.748808685616E+04,-1.177992165928E+04,
    -614.5560615884));
#471 = CARTESIAN_POINT('',(1.846213673612E+04,-1.388396102416E+04,
    -485.6753931003));
#472 = CARTESIAN_POINT('',(1.950944067472E+04,-1.61053815554E+04,
    -347.1021634007));
#473 = CARTESIAN_POINT('',(2.025639599302E+04,-1.766444878768E+04,
    -248.2693307322));
#474 = CARTESIAN_POINT('',(2.0642041E+04,-1.8463479E+04,-197.243));
#475 = PCURVE('',#59,#476);
#476 = DEFINITIONAL_REPRESENTATION('',(#477),#481);
#477 = LINE('',#478,#479);
#478 = CARTESIAN_POINT('',(0.,0.));
#479 = VECTOR('',#480,1.);
#480 = DIRECTION('',(1.,0.));
#481 = ( GEOMETRIC_REPRESENTATION_CONTEXT(2) 
PARAMETRIC_REPRESENTATION_CONTEXT() REPRESENTATION_CONTEXT('2D SPACE',''
  ) );
#482 = ORIENTED_EDGE('',*,*,#483,.T.);
#483 = EDGE_CURVE('',#458,#484,#486,.T.);
#484 = VERTEX_POINT('',#485);
#485 = CARTESIAN_POINT('',(2.2136972E+04,-1.8463479E+04,-249.447));
#486 = SURFACE_CURVE('',#487,(#518),.PCURVE_S1.);
#487 = B_SPLINE_CURVE_WITH_KNOTS('',3,(#488,#489,#490,#491,#492,#493,
    #494,#495,#496,#497,#498,#499,#500,#501,#502,#503,#504,#505,#506,
    #507,#508,#509,#510,#511,#512,#513,#514,#515,#516,#517),
  .UNSPECIFIED.,.F.,.F.,(4,1,1,1,1,1,1,1,1,1,1,1,1,1,1,1,1,1,1,1,1,1,1,1
    ,1,1,1,4),(0.,3.703703703704E-02,7.407407407407E-02,0.111111111111,
    0.148148148148,0.185185185185,0.222222222222,0.259259259259,
    0.296296296296,0.333333333333,0.37037037037,0.407407407407,
    0.444444444444,0.481481481481,0.518518518519,0.555555555556,
    0.592592592593,0.62962962963,0.666666666667,0.703703703704,
    0.740740740741,0.777777777778,0.814814814815,0.851851851852,
    0.888888888889,0.925925925926,0.962962962963,1.),
  .QUASI_UNIFORM_KNOTS.);
#488 = CARTESIAN_POINT('',(2.0642041E+04,-1.8463479E+04,-197.243));
#489 = CARTESIAN_POINT('',(2.064194051988E+04,-1.8463479E+04,
    -194.3420078316));
#490 = CARTESIAN_POINT('',(2.064109249022E+04,-1.8463479E+04,
    -169.5805905883));
#491 = CARTESIAN_POINT('',(2.066326273785E+04,-1.8463479E+04,
    -142.1161212857));
#492 = CARTESIAN_POINT('',(2.070792889257E+04,-1.8463479E+04,
    -123.1835780621));
#493 = CARTESIAN_POINT('',(2.07512763058E+04,-1.8463479E+04,
    -112.9388484952));
#494 = CARTESIAN_POINT('',(2.080479873912E+04,-1.8463479E+04,
    -108.4858072587));
#495 = CARTESIAN_POINT('',(2.085954086882E+04,-1.8463479E+04,
    -106.1981968675));
#496 = CARTESIAN_POINT('',(2.091863765892E+04,-1.8463479E+04,
    -105.9665523473));
#497 = CARTESIAN_POINT('',(2.09797072921E+04,-1.8463479E+04,
    -107.8046696936));
#498 = CARTESIAN_POINT('',(2.104310916723E+04,-1.8463479E+04,
    -111.3508900601));
#499 = CARTESIAN_POINT('',(2.110793389769E+04,-1.8463479E+04,
    -116.0018874791));
#500 = CARTESIAN_POINT('',(2.117414154136E+04,-1.8463479E+04,
    -121.1730652326));
#501 = CARTESIAN_POINT('',(2.124123173793E+04,-1.8463479E+04,
    -126.9386724116));
#502 = CARTESIAN_POINT('',(2.130897270115E+04,-1.8463479E+04,
    -133.1998996982));
#503 = CARTESIAN_POINT('',(2.137703670526E+04,-1.8463479E+04,
    -139.7803046558));
#504 = CARTESIAN_POINT('',(2.144515809105E+04,-1.8463479E+04,
    -146.6277182811));
#505 = CARTESIAN_POINT('',(2.15130317607E+04,-1.8463479E+04,
    -153.7493415455));
#506 = CARTESIAN_POINT('',(2.158037501731E+04,-1.8463479E+04,
    -161.1252676419));
#507 = CARTESIAN_POINT('',(2.164686246325E+04,-1.8463479E+04,
    -168.7455488184));
#508 = CARTESIAN_POINT('',(2.171219718225E+04,-1.8463479E+04,
    -176.7799361086));
#509 = CARTESIAN_POINT('',(2.177595811223E+04,-1.8463479E+04,
    -185.3012707037));
#510 = CARTESIAN_POINT('',(2.183775491058E+04,-1.8463479E+04,
    -194.2931761771));
#511 = CARTESIAN_POINT('',(2.189707461004E+04,-1.8463479E+04,
    -203.673651635));
#512 = CARTESIAN_POINT('',(2.195401237099E+04,-1.8463479E+04,
    -213.3999247626));
#513 = CARTESIAN_POINT('',(2.200573000151E+04,-1.8463479E+04,
    -222.9063060946));
#514 = CARTESIAN_POINT('',(2.205433832621E+04,-1.8463479E+04,
    -232.4158234465));
#515 = CARTESIAN_POINT('',(2.210156287049E+04,-1.8463479E+04,
    -242.0136178468));
#516 = CARTESIAN_POINT('',(2.2126732819E+04,-1.8463479E+04,
    -247.2818228167));
#517 = CARTESIAN_POINT('',(2.2136972E+04,-1.8463479E+04,-249.447));
#518 = PCURVE('',#59,#519);
#519 = DEFINITIONAL_REPRESENTATION('',(#520),#524);
#520 = LINE('',#521,#522);
#521 = CARTESIAN_POINT('',(1.,0.));
#522 = VECTOR('',#523,1.);
#523 = DIRECTION('',(0.,1.));
#524 = ( GEOMETRIC_REPRESENTATION_CONTEXT(2) 
PARAMETRIC_REPRESENTATION_CONTEXT() REPRESENTATION_CONTEXT('2D SPACE',''
  ) );
#525 = ORIENTED_EDGE('',*,*,#526,.F.);
#526 = EDGE_CURVE('',#24,#484,#527,.T.);
#527 = SURFACE_CURVE('',#528,(#542),.PCURVE_S1.);
#528 = B_SPLINE_CURVE_WITH_KNOTS('',3,(#529,#530,#531,#532,#533,#534,
    #535,#536,#537,#538,#539,#540,#541),.UNSPECIFIED.,.F.,.F.,(4,1,1,1,1
    ,1,1,1,1,1,4),(0.,0.1,0.2,0.3,0.4,0.5,0.6,0.7,0.8,0.9,1.),
  .QUASI_UNIFORM_KNOTS.);
#529 = CARTESIAN_POINT('',(1.8815763E+04,-375.046,-1.45434E+03));
#530 = CARTESIAN_POINT('',(1.874266123458E+04,-781.6996673954,
    -1.428244266095E+03));
#531 = CARTESIAN_POINT('',(1.863301228146E+04,-1.634046123622E+03,
    -1.373255079392E+03));
#532 = CARTESIAN_POINT('',(1.857838882583E+04,-3.029880677254E+03,
    -1.2823639798E+03));
#533 = CARTESIAN_POINT('',(1.863380168714E+04,-4.543227713132E+03,
    -1.183051390067E+03));
#534 = CARTESIAN_POINT('',(1.879943731347E+04,-6.174284955889E+03,
    -1.075303131582E+03));
#535 = CARTESIAN_POINT('',(1.907548225956E+04,-7.92325024317E+03,
    -959.1050176313));
#536 = CARTESIAN_POINT('',(1.946212318345E+04,-9.790321522235E+03,
    -834.4428536388));
#537 = CARTESIAN_POINT('',(1.995954684986E+04,-1.177569685345E+04,
    -701.302436919));
#538 = CARTESIAN_POINT('',(2.056794012822E+04,-1.387957440822E+04,
    -559.6695568226));
#539 = CARTESIAN_POINT('',(2.128748999308E+04,-1.610215246942E+04,
    -409.5299947079));
#540 = CARTESIAN_POINT('',(2.184141901444E+04,-1.766313711149E+04,
    -303.7563474754));
#541 = CARTESIAN_POINT('',(2.2136972E+04,-1.8463479E+04,-249.447));
#542 = PCURVE('',#59,#543);
#543 = DEFINITIONAL_REPRESENTATION('',(#544),#548);
#544 = LINE('',#545,#546);
#545 = CARTESIAN_POINT('',(0.,1.));
#546 = VECTOR('',#547,1.);
#547 = DIRECTION('',(1.,0.));
#548 = ( GEOMETRIC_REPRESENTATION_CONTEXT(2) 
PARAMETRIC_REPRESENTATION_CONTEXT() REPRESENTATION_CONTEXT('2D SPACE',''
  ) );
#549 = ADVANCED_FACE('',(#550),#574,.T.);
#550 = FACE_BOUND('',#551,.T.);
#551 = EDGE_LOOP('',(#552,#984,#1028,#1054));
#552 = ORIENTED_EDGE('',*,*,#553,.F.);
#553 = EDGE_CURVE('',#554,#556,#558,.T.);
#554 = VERTEX_POINT('',#555);
#555 = CARTESIAN_POINT('',(1.2743744E+04,-375.046,-1.2423E+03));
#556 = VERTEX_POINT('',#557);
#557 = CARTESIAN_POINT('',(2.0642041E+04,-1.8463479E+04,-197.243));
#558 = SURFACE_CURVE('',#559,(#573),.PCURVE_S1.);
#559 = B_SPLINE_CURVE_WITH_KNOTS('',3,(#560,#561,#562,#563,#564,#565,
    #566,#567,#568,#569,#570,#571,#572),.UNSPECIFIED.,.F.,.F.,(4,1,1,1,1
    ,1,1,1,1,1,4),(0.,0.1,0.2,0.3,0.4,0.5,0.6,0.7,0.8,0.9,1.),
  .QUASI_UNIFORM_KNOTS.);
#560 = CARTESIAN_POINT('',(1.2743744E+04,-375.046,-1.2423E+03));
#561 = CARTESIAN_POINT('',(1.288395619613E+04,-780.793281487,
    -1.223747945602E+03));
#562 = CARTESIAN_POINT('',(1.318913284214E+04,-1.631951860413E+03,
    -1.183368759094E+03));
#563 = CARTESIAN_POINT('',(1.372102898919E+04,-3.027480022163E+03,
    -1.112991362662E+03));
#564 = CARTESIAN_POINT('',(1.432693079952E+04,-4.541596832929E+03,
    -1.032821956956E+03));
#565 = CARTESIAN_POINT('',(1.500671282894E+04,-6.174100761636E+03,
    -942.8771400425));
#566 = CARTESIAN_POINT('',(1.576024970481E+04,-7.924790392222E+03,
    -843.1735005145));
#567 = CARTESIAN_POINT('',(1.658741612383E+04,-9.793464419955E+03,
    -733.7276177965));
#568 = CARTESIAN_POINT('',(1.748808685424E+04,-1.177992165509E+04,
    -614.5560618424));
#569 = CARTESIAN_POINT('',(1.846213673453E+04,-1.388396102076E+04,
    -485.675393311));
#570 = CARTESIAN_POINT('',(1.950944067374E+04,-1.610538155334E+04,
    -347.1021635312));
#571 = CARTESIAN_POINT('',(2.025639599265E+04,-1.766444878691E+04,
    -248.2693307811));
#572 = CARTESIAN_POINT('',(2.0642041E+04,-1.8463479E+04,-197.243));
#573 = PCURVE('',#574,#978);
#574 = B_SPLINE_SURFACE_WITH_KNOTS('',3,3,(
    (#575,#576,#577,#578,#579,#580,#581,#582,#583,#584,#585,#586,#587)
    ,(#588,#589,#590,#591,#592,#593,#594,#595,#596,#597,#598,#599,#600)
    ,(#601,#602,#603,#604,#605,#606,#607,#608,#609,#610,#611,#612,#613)
    ,(#614,#615,#616,#617,#618,#619,#620,#621,#622,#623,#624,#625,#626)
    ,(#627,#628,#629,#630,#631,#632,#633,#634,#635,#636,#637,#638,#639)
    ,(#640,#641,#642,#643,#644,#645,#646,#647,#648,#649,#650,#651,#652)
    ,(#653,#654,#655,#656,#657,#658,#659,#660,#661,#662,#663,#664,#665)
    ,(#666,#667,#668,#669,#670,#671,#672,#673,#674,#675,#676,#677,#678)
    ,(#679,#680,#681,#682,#683,#684,#685,#686,#687,#688,#689,#690,#691)
    ,(#692,#693,#694,#695,#696,#697,#698,#699,#700,#701,#702,#703,#704)
    ,(#705,#706,#707,#708,#709,#710,#711,#712,#713,#714,#715,#716,#717)
    ,(#718,#719,#720,#721,#722,#723,#724,#725,#726,#727,#728,#729,#730)
    ,(#731,#732,#733,#734,#735,#736,#737,#738,#739,#740,#741,#742,#743)
    ,(#744,#745,#746,#747,#748,#749,#750,#751,#752,#753,#754,#755,#756)
    ,(#757,#758,#759,#760,#761,#762,#763,#764,#765,#766,#767,#768,#769)
    ,(#770,#771,#772,#773,#774,#775,#776,#777,#778,#779,#780,#781,#782)
    ,(#783,#784,#785,#786,#787,#788,#789,#790,#791,#792,#793,#794,#795)
    ,(#796,#797,#798,#799,#800,#801,#802,#803,#804,#805,#806,#807,#808)
    ,(#809,#810,#811,#812,#813,#814,#815,#816,#817,#818,#819,#820,#821)
    ,(#822,#823,#824,#825,#826,#827,#828,#829,#830,#831,#832,#833,#834)
    ,(#835,#836,#837,#838,#839,#840,#841,#842,#843,#844,#845,#846,#847)
    ,(#848,#849,#850,#851,#852,#853,#854,#855,#856,#857,#858,#859,#860)
    ,(#861,#862,#863,#864,#865,#866,#867,#868,#869,#870,#871,#872,#873)
    ,(#874,#875,#876,#877,#878,#879,#880,#881,#882,#883,#884,#885,#886)
    ,(#887,#888,#889,#890,#891,#892,#893,#894,#895,#896,#897,#898,#899)
    ,(#900,#901,#902,#903,#904,#905,#906,#907,#908,#909,#910,#911,#912)
    ,(#913,#914,#915,#916,#917,#918,#919,#920,#921,#922,#923,#924,#925)
    ,(#926,#927,#928,#929,#930,#931,#932,#933,#934,#935,#936,#937,#938)
    ,(#939,#940,#941,#942,#943,#944,#945,#946,#947,#948,#949,#950,#951)
    ,(#952,#953,#954,#955,#956,#957,#958,#959,#960,#961,#962,#963,#964)
    ,(#965,#966,#967,#968,#969,#970,#971,#972,#973,#974,#975,#976,#977
  )),.UNSPECIFIED.,.F.,.F.,.F.,(4,1,1,1,1,1,1,1,1,1,1,1,1,1,1,1,1,1,1,1,
    1,1,1,1,1,1,1,1,4),(4,1,1,1,1,1,1,1,1,1,4),(0.,3.571428571429E-02,
    7.142857142857E-02,0.107142857143,0.142857142857,0.178571428571,
    0.214285714286,0.25,0.285714285714,0.321428571429,0.357142857143,
    0.392857142857,0.428571428571,0.464285714286,0.5,0.535714285714,
    0.571428571429,0.607142857143,0.642857142857,0.678571428571,
    0.714285714286,0.75,0.785714285714,0.821428571429,0.857142857143,
    0.892857142857,0.928571428571,0.964285714286,1.),(0.,0.1,0.2,0.3,0.4
    ,0.5,0.6,0.7,0.8,0.9,1.),.QUASI_UNIFORM_KNOTS.);
#575 = CARTESIAN_POINT('',(1.2743744E+04,-375.046,-1.2423E+03));
#576 = CARTESIAN_POINT('',(1.288395619613E+04,-780.793281487,
    -1.223747945602E+03));
#577 = CARTESIAN_POINT('',(1.318913284214E+04,-1.631951860413E+03,
    -1.183368759094E+03));
#578 = CARTESIAN_POINT('',(1.372102898919E+04,-3.027480022163E+03,
    -1.112991362662E+03));
#579 = CARTESIAN_POINT('',(1.432693079952E+04,-4.541596832929E+03,
    -1.032821956956E+03));
#580 = CARTESIAN_POINT('',(1.500671282894E+04,-6.174100761636E+03,
    -942.8771400425));
#581 = CARTESIAN_POINT('',(1.576024970481E+04,-7.924790392222E+03,
    -843.1735005145));
#582 = CARTESIAN_POINT('',(1.658741612383E+04,-9.793464419955E+03,
    -733.7276177965));
#583 = CARTESIAN_POINT('',(1.748808685424E+04,-1.177992165509E+04,
    -614.5560618424));
#584 = CARTESIAN_POINT('',(1.846213673453E+04,-1.388396102076E+04,
    -485.675393311));
#585 = CARTESIAN_POINT('',(1.950944067374E+04,-1.610538155334E+04,
    -347.1021635312));
#586 = CARTESIAN_POINT('',(2.025639599265E+04,-1.766444878691E+04,
    -248.2693307811));
#587 = CARTESIAN_POINT('',(2.0642041E+04,-1.8463479E+04,-197.243));
#588 = CARTESIAN_POINT('',(1.274285751524E+04,-375.046,
    -1.251066470378E+03));
#589 = CARTESIAN_POINT('',(1.288310941187E+04,-780.8040718001,
    -1.232204489773E+03));
#590 = CARTESIAN_POINT('',(1.318835784709E+04,-1.631976792132E+03,
    -1.191223787595E+03));
#591 = CARTESIAN_POINT('',(1.372034255474E+04,-3.027508601417E+03,
    -1.119998761472E+03));
#592 = CARTESIAN_POINT('',(1.432631751507E+04,-4.541616248208E+03,
    -1.039036003483E+03));
#593 = CARTESIAN_POINT('',(1.500616099687E+04,-6.174102954471E+03,
    -948.3517453049));
#594 = CARTESIAN_POINT('',(1.575975134095E+04,-7.924772057166E+03,
    -847.9622091591));
#595 = CARTESIAN_POINT('',(1.658696695779E+04,-9.793427004559E+03,
    -737.8836081126));
#596 = CARTESIAN_POINT('',(1.748768632991E+04,-1.177987135988E+04,
    -618.1321457786));
#597 = CARTESIAN_POINT('',(1.846178801044E+04,-1.388390879922E+04,
    -488.7240164908));
#598 = CARTESIAN_POINT('',(1.950915062348E+04,-1.610534311189E+04,
    -349.675405269));
#599 = CARTESIAN_POINT('',(2.025615211767E+04,-1.766443317174E+04,
    -250.560126905));
#600 = CARTESIAN_POINT('',(2.064182259682E+04,-1.8463479E+04,
    -199.4011311076));
#601 = CARTESIAN_POINT('',(1.273541291957E+04,-375.046,
    -1.352285406859E+03));
#602 = CARTESIAN_POINT('',(1.287594403121E+04,-780.8256524262,
    -1.329854315493E+03));
#603 = CARTESIAN_POINT('',(1.318172421802E+04,-1.63202665557E+03,
    -1.281941370257E+03));
#604 = CARTESIAN_POINT('',(1.371443394214E+04,-3.027565759925E+03,
    -1.200935182089E+03));
#605 = CARTESIAN_POINT('',(1.432106873319E+04,-4.541655078765E+03,
    -1.11080773179E+03));
#606 = CARTESIAN_POINT('',(1.500151428599E+04,-6.174107340142E+03,
    -1.011574518259E+03));
#607 = CARTESIAN_POINT('',(1.575565636816E+04,-7.924735387055E+03,
    -903.2510309715));
#608 = CARTESIAN_POINT('',(1.658338081787E+04,-9.793352173768E+03,
    -785.8527502806));
#609 = CARTESIAN_POINT('',(1.748457354609E+04,-1.177977076947E+04,
    -659.3951471174));
#610 = CARTESIAN_POINT('',(1.845912053528E+04,-1.388380435614E+04,
    -523.8936831658));
#611 = CARTESIAN_POINT('',(1.950690783966E+04,-1.610526622899E+04,
    -379.3638108272));
#612 = CARTESIAN_POINT('',(2.02541836705E+04,-1.766440194139E+04,
    -277.0019190261));
#613 = CARTESIAN_POINT('',(2.063999035888E+04,-1.8463479E+04,
    -224.3213845777));
#614 = CARTESIAN_POINT('',(1.282599670679E+04,-375.046,
    -1.442375130882E+03));
#615 = CARTESIAN_POINT('',(1.296336025962E+04,-780.8580233654,
    -1.416765916009E+03));
#616 = CARTESIAN_POINT('',(1.326297124746E+04,-1.632101450726E+03,
    -1.362680842683E+03));
#617 = CARTESIAN_POINT('',(1.378693606574E+04,-3.027651497687E+03,
    -1.272967719886E+03));
#618 = CARTESIAN_POINT('',(1.438534598134E+04,-4.5417133246E+03,
    -1.174683493253E+03));
#619 = CARTESIAN_POINT('',(1.505809782807E+04,-6.174113918648E+03,
    -1.067842562514E+03));
#620 = CARTESIAN_POINT('',(1.580508851382E+04,-7.924680381888E+03,
    -952.4593180276));
#621 = CARTESIAN_POINT('',(1.662621501822E+04,-9.79323992758E+03,
    -828.5481410752));
#622 = CARTESIAN_POINT('',(1.752137439498E+04,-1.177961988384E+04,
    -696.1234035656));
#623 = CARTESIAN_POINT('',(1.849046377053E+04,-1.388364769153E+04,
    -555.1994682072));
#624 = CARTESIAN_POINT('',(1.953338034426E+04,-1.610515090463E+04,
    -405.7906884744));
#625 = CARTESIAN_POINT('',(2.027780770763E+04,-1.766435509586E+04,
    -300.537835166));
#626 = CARTESIAN_POINT('',(2.066229169179E+04,-1.8463479E+04,
    -246.5020476807));
#627 = CARTESIAN_POINT('',(1.299626272368E+04,-375.046,
    -1.543061497606E+03));
#628 = CARTESIAN_POINT('',(1.312765022064E+04,-780.8903943046,
    -1.513900850915E+03));
#629 = CARTESIAN_POINT('',(1.34156362854E+04,-1.632176245882E+03,
    -1.452918434648E+03));
#630 = CARTESIAN_POINT('',(1.392315642155E+04,-3.027737235449E+03,
    -1.353474760268E+03));
#631 = CARTESIAN_POINT('',(1.450612549528E+04,-4.541771570436E+03,
    -1.246074345664E+03));
#632 = CARTESIAN_POINT('',(1.51644514794E+04,-6.174120497154E+03,
    -1.1307304914E+03));
#633 = CARTESIAN_POINT('',(1.589804242208E+04,-7.92462537672E+03,
    -1.007456488717E+03));
#634 = CARTESIAN_POINT('',(1.670680644442E+04,-9.793127681393E+03,
    -876.2656198256));
#635 = CARTESIAN_POINT('',(1.759065174286E+04,-1.177946899822E+04,
    -737.171157611));
#636 = CARTESIAN_POINT('',(1.854948658777E+04,-1.388349102692E+04,
    -590.1863658069));
#637 = CARTESIAN_POINT('',(1.958321932376E+04,-1.610503558028E+04,
    -435.3244989601));
#638 = CARTESIAN_POINT('',(2.032224535486E+04,-1.766430825034E+04,
    -326.840701211));
#639 = CARTESIAN_POINT('',(2.070421083737E+04,-1.8463479E+04,
    -271.2903701086));
#640 = CARTESIAN_POINT('',(1.314871566898E+04,-375.046,
    -1.62889619559E+03));
#641 = CARTESIAN_POINT('',(1.327475478394E+04,-780.9227652438,
    -1.596707750198E+03));
#642 = CARTESIAN_POINT('',(1.355233526349E+04,-1.632251041038E+03,
    -1.529845167781E+03));
#643 = CARTESIAN_POINT('',(1.404513169484E+04,-3.027822973212E+03,
    -1.422106438671E+03));
#644 = CARTESIAN_POINT('',(1.461427287452E+04,-4.541829816271E+03,
    -1.306935064618E+03));
#645 = CARTESIAN_POINT('',(1.525967791439E+04,-6.174127075661E+03,
    -1.18434324702E+03));
#646 = CARTESIAN_POINT('',(1.598126600286E+04,-7.924570371553E+03,
    -1.054343177999E+03));
#647 = CARTESIAN_POINT('',(1.677895640249E+04,-9.793015435206E+03,
    -916.9470406931));
#648 = CARTESIAN_POINT('',(1.765266845246E+04,-1.17793181126E+04,
    -772.1670089667));
#649 = CARTESIAN_POINT('',(1.860232156711E+04,-1.388333436231E+04,
    -620.0152475779));
#650 = CARTESIAN_POINT('',(1.962783523624E+04,-1.610492025593E+04,
    -460.503912146));
#651 = CARTESIAN_POINT('',(2.036203109599E+04,-1.766426140482E+04,
    -349.2647367539));
#652 = CARTESIAN_POINT('',(2.074174565241E+04,-1.8463479E+04,
    -292.4226007113));
#653 = CARTESIAN_POINT('',(1.336194052944E+04,-375.046,
    -1.677931224277E+03));
#654 = CARTESIAN_POINT('',(1.348048938346E+04,-780.955136183,
    -1.644011844365E+03));
#655 = CARTESIAN_POINT('',(1.374350348596E+04,-1.632325836194E+03,
    -1.573788383907E+03));
#656 = CARTESIAN_POINT('',(1.421570392269E+04,-3.027908710974E+03,
    -1.461310211479E+03));
#657 = CARTESIAN_POINT('',(1.476551381652E+04,-4.541888062107E+03,
    -1.341700168634E+03));
#658 = CARTESIAN_POINT('',(1.539286341827E+04,-6.174133654167E+03,
    -1.214969357604E+03));
#659 = CARTESIAN_POINT('',(1.609768305664E+04,-7.924515366386E+03,
    -1.081128871392E+03));
#660 = CARTESIAN_POINT('',(1.687990313567E+04,-9.792903189019E+03,
    -940.1897940673));
#661 = CARTESIAN_POINT('',(1.773945413725E+04,-1.177916722697E+04,
    -792.1632004697));
#662 = CARTESIAN_POINT('',(1.86762666197E+04,-1.388317769769E+04,
    -637.0601563826));
#663 = CARTESIAN_POINT('',(1.969027121799E+04,-1.610480493158E+04,
    -474.8917184982));
#664 = CARTESIAN_POINT('',(2.04176895024E+04,-1.766421455929E+04,
    -362.0765290487));
#665 = CARTESIAN_POINT('',(2.079424091372E+04,-1.8463479E+04,
    -304.495049733));
#666 = CARTESIAN_POINT('',(1.357256460208E+04,-375.046,
    -1.724948030865E+03));
#667 = CARTESIAN_POINT('',(1.36837148141E+04,-780.9875071222,
    -1.689368920692E+03));
#668 = CARTESIAN_POINT('',(1.393234052987E+04,-1.63240063135E+03,
    -1.615922894067E+03));
#669 = CARTESIAN_POINT('',(1.438419621492E+04,-3.027994448736E+03,
    -1.498900456186E+03));
#670 = CARTESIAN_POINT('',(1.491491032326E+04,-4.541946307942E+03,
    -1.375034632472E+03));
#671 = CARTESIAN_POINT('',(1.552442424472E+04,-6.174140232673E+03,
    -1.244335425992E+03));
#672 = CARTESIAN_POINT('',(1.621267944825E+04,-7.924460361219E+03,
    -1.106812830629E+03));
#673 = CARTESIAN_POINT('',(1.697961747937E+04,-9.792790942832E+03,
    -962.4768313822));
#674 = CARTESIAN_POINT('',(1.782517996272E+04,-1.177901634135E+04,
    -811.3374040683));
#675 = CARTESIAN_POINT('',(1.874930860053E+04,-1.388302103308E+04,
    -653.4045154957));
#676 = CARTESIAN_POINT('',(1.975194517301E+04,-1.610468960723E+04,
    -488.6881234293));
#677 = CARTESIAN_POINT('',(2.047266941705E+04,-1.766416771377E+04,
    -374.3614921413));
#678 = CARTESIAN_POINT('',(2.0846096827E+04,-1.8463479E+04,
    -316.0709073383));
#679 = CARTESIAN_POINT('',(1.380333124826E+04,-375.046,
    -1.765970025267E+03));
#680 = CARTESIAN_POINT('',(1.390637287146E+04,-781.0198780614,
    -1.728942538527E+03));
#681 = CARTESIAN_POINT('',(1.41392310716E+04,-1.632475426507E+03,
    -1.65268450901E+03));
#682 = CARTESIAN_POINT('',(1.456879560576E+04,-3.028080186498E+03,
    -1.531697218247E+03));
#683 = CARTESIAN_POINT('',(1.507858982351E+04,-4.542004553777E+03,
    -1.404118593898E+03));
#684 = CARTESIAN_POINT('',(1.566856625372E+04,-6.174146811179E+03,
    -1.269957539858E+03));
#685 = CARTESIAN_POINT('',(1.633867750558E+04,-7.924405356052E+03,
    -1.129222950897E+03));
#686 = CARTESIAN_POINT('',(1.70888762661E+04,-9.792678696644E+03,
    -981.9237129388));
#687 = CARTESIAN_POINT('',(1.791911530262E+04,-1.177886545572E+04,
    -828.0687027799));
#688 = CARTESIAN_POINT('',(1.882934746137E+04,-1.388286436847E+04,
    -667.6667882528));
#689 = CARTESIAN_POINT('',(1.981952566772E+04,-1.610457428287E+04,
    -500.726828195));
#690 = CARTESIAN_POINT('',(2.053291050727E+04,-1.766412086825E+04,
    -385.0807243023));
#691 = CARTESIAN_POINT('',(2.090291161614E+04,-1.8463479E+04,
    -326.1709465721));
#692 = CARTESIAN_POINT('',(1.40425272842E+04,-375.046,
    -1.795821496176E+03));
#693 = CARTESIAN_POINT('',(1.413716314132E+04,-781.0522490006,
    -1.757739393761E+03));
#694 = CARTESIAN_POINT('',(1.435367654447E+04,-1.632550221663E+03,
    -1.679434266108E+03));
#695 = CARTESIAN_POINT('',(1.476013522523E+04,-3.02816592426E+03,
    -1.555561628533E+03));
#696 = CARTESIAN_POINT('',(1.524824606946E+04,-4.542062799613E+03,
    -1.425281858545E+03));
#697 = CARTESIAN_POINT('',(1.581797274502E+04,-6.174153389685E+03,
    -1.288602760875E+03));
#698 = CARTESIAN_POINT('',(1.646927900137E+04,-7.924350350885E+03,
    -1.145532131174E+03));
#699 = CARTESIAN_POINT('',(1.720212866698E+04,-9.792566450457E+03,
    -996.0777562944));
#700 = CARTESIAN_POINT('',(1.801648565194E+04,-1.17787145701E+04,
    -840.2474140102));
#701 = CARTESIAN_POINT('',(1.891231394643E+04,-1.388270770386E+04,
    -678.0488731788));
#702 = CARTESIAN_POINT('',(1.988957762102E+04,-1.610445895852E+04,
    -509.4898937103));
#703 = CARTESIAN_POINT('',(2.059535309201E+04,-1.766407402272E+04,
    -392.8821155535));
#704 = CARTESIAN_POINT('',(2.096180145437E+04,-1.8463479E+04,
    -333.5207355548));
#705 = CARTESIAN_POINT('',(1.429251226945E+04,-375.046,
    -1.819505259174E+03));
#706 = CARTESIAN_POINT('',(1.43783621336E+04,-781.0846199398,
    -1.780585854E+03));
#707 = CARTESIAN_POINT('',(1.457779211387E+04,-1.632625016819E+03,
    -1.700655781451E+03));
#708 = CARTESIAN_POINT('',(1.496010248614E+04,-3.028251662022E+03,
    -1.574493609134E+03));
#709 = CARTESIAN_POINT('',(1.542555298548E+04,-4.542121045448E+03,
    -1.442071087793E+03));
#710 = CARTESIAN_POINT('',(1.597411841875E+04,-6.174159968191E+03,
    -1.303394922992E+03));
#711 = CARTESIAN_POINT('',(1.660577367566E+04,-7.924295345717E+03,
    -1.158471811263E+03));
#712 = CARTESIAN_POINT('',(1.732049372618E+04,-9.79245420427E+03,
    -1.007308440389E+03));
#713 = CARTESIAN_POINT('',(1.811825362311E+04,-1.177856368448E+04,
    -849.9114891193));
#714 = CARTESIAN_POINT('',(1.899902850059E+04,-1.388255103924E+04,
    -686.2876273375));
#715 = CARTESIAN_POINT('',(1.996279357439E+04,-1.610434363417E+04,
    -516.4435160261));
#716 = CARTESIAN_POINT('',(2.06606139533E+04,-1.76640271772E+04,
    -399.0717101263));
#717 = CARTESIAN_POINT('',(2.102334762133E+04,-1.8463479E+04,
    -339.351314822));
#718 = CARTESIAN_POINT('',(1.45480993964E+04,-375.046,
    -1.836712530335E+03));
#719 = CARTESIAN_POINT('',(1.462496582451E+04,-781.116990879,
    -1.797184071658E+03));
#720 = CARTESIAN_POINT('',(1.480692883293E+04,-1.632699811975E+03,
    -1.716072448154E+03));
#721 = CARTESIAN_POINT('',(1.516454958462E+04,-3.028337399784E+03,
    -1.588246518296E+03));
#722 = CARTESIAN_POINT('',(1.560683243833E+04,-4.542179291284E+03,
    -1.45426770909E+03));
#723 = CARTESIAN_POINT('',(1.613376333994E+04,-6.174166546697E+03,
    -1.314141626934E+03));
#724 = CARTESIAN_POINT('',(1.674532831942E+04,-7.92424034055E+03,
    -1.167873869242E+03));
#725 = CARTESIAN_POINT('',(1.744151348822E+04,-9.792341958083E+03,
    -1.015470024726E+03));
#726 = CARTESIAN_POINT('',(1.822230504186E+04,-1.177841279885E+04,
    -856.9356731124));
#727 = CARTESIAN_POINT('',(1.908768925845E+04,-1.388239437463E+04,
    -692.2763853095));
#728 = CARTESIAN_POINT('',(2.003765249895E+04,-1.610422830982E+04,
    -521.4977233724));
#729 = CARTESIAN_POINT('',(2.0727338305E+04,-1.766398033168E+04,
    -403.5694013998));
#730 = CARTESIAN_POINT('',(2.108627320689E+04,-1.8463479E+04,
    -343.5871943397));
#731 = CARTESIAN_POINT('',(1.481014806694E+04,-375.046,
    -1.846942662254E+03));
#732 = CARTESIAN_POINT('',(1.487780329623E+04,-781.1493618182,
    -1.807051164251E+03));
#733 = CARTESIAN_POINT('',(1.504185688861E+04,-1.632774607131E+03,
    -1.725235883558E+03));
#734 = CARTESIAN_POINT('',(1.537416359768E+04,-3.028423137546E+03,
    -1.596420633038E+03));
#735 = CARTESIAN_POINT('',(1.579269362796E+04,-4.542237537119E+03,
    -1.461517569082E+03));
#736 = CARTESIAN_POINT('',(1.629744406434E+04,-6.174173125204E+03,
    -1.320531198918E+03));
#737 = CARTESIAN_POINT('',(1.688841207707E+04,-7.924185335383E+03,
    -1.173466020844E+03));
#738 = CARTESIAN_POINT('',(1.756559491905E+04,-9.792229711896E+03,
    -1.020326524498E+03));
#739 = CARTESIAN_POINT('',(1.832898992854E+04,-1.177826191323E+04,
    -861.1171905869));
#740 = CARTESIAN_POINT('',(1.91785945276E+04,-1.388223771002E+04,
    -695.842491042));
#741 = CARTESIAN_POINT('',(2.01144062224E+04,-1.610411298547E+04,
    -524.5068889918));
#742 = CARTESIAN_POINT('',(2.079575047683E+04,-1.766393348615E+04,
    -406.2455221101));
#743 = CARTESIAN_POINT('',(2.115078966389E+04,-1.8463479E+04,
    -346.1061715814));
#744 = CARTESIAN_POINT('',(1.507610598481E+04,-375.046,
    -1.850559216071E+03));
#745 = CARTESIAN_POINT('',(1.513441221946E+04,-781.1817327574,
    -1.810537762603E+03));
#746 = CARTESIAN_POINT('',(1.528028871761E+04,-1.632849402288E+03,
    -1.728471610414E+03));
#747 = CARTESIAN_POINT('',(1.558690360698E+04,-3.028508875309E+03,
    -1.599306071696E+03));
#748 = CARTESIAN_POINT('',(1.598132677701E+04,-4.542295782955E+03,
    -1.464077639371E+03));
#749 = CARTESIAN_POINT('',(1.64635664516E+04,-6.17417970371E+03,
    -1.322789721502E+03));
#750 = CARTESIAN_POINT('',(1.703363094125E+04,-7.924130330216E+03,
    -1.175445717267E+03));
#751 = CARTESIAN_POINT('',(1.769152864032E+04,-9.792117465708E+03,
    -1.022049017235E+03));
#752 = CARTESIAN_POINT('',(1.843726802983E+04,-1.17781110276E+04,
    -862.6030030882));
#753 = CARTESIAN_POINT('',(1.927085767579E+04,-1.388208104541E+04,
    -697.1110477843));
#754 = CARTESIAN_POINT('',(2.019230622955E+04,-1.610399766111E+04,
    -525.5765155238));
#755 = CARTESIAN_POINT('',(2.086518369563E+04,-1.766388664063E+04,
    -407.1940129484));
#756 = CARTESIAN_POINT('',(2.121626850621E+04,-1.8463479E+04,
    -346.9967825457));
#757 = CARTESIAN_POINT('',(1.534517446449E+04,-375.046,
    -1.847868119694E+03));
#758 = CARTESIAN_POINT('',(1.539402206954E+04,-781.2141036966,
    -1.807938936525E+03));
#759 = CARTESIAN_POINT('',(1.552150849767E+04,-1.632924197444E+03,
    -1.726053612226E+03));
#760 = CARTESIAN_POINT('',(1.580213098614E+04,-3.028594613071E+03,
    -1.597147077961E+03));
#761 = CARTESIAN_POINT('',(1.617216559716E+04,-4.54235402879E+03,
    -1.462164313493E+03));
#762 = CARTESIAN_POINT('',(1.663163169364E+04,-6.174186282216E+03,
    -1.321107627718E+03));
#763 = CARTESIAN_POINT('',(1.718054872634E+04,-7.924075325049E+03,
    -1.173979320696E+03));
#764 = CARTESIAN_POINT('',(1.78189362311E+04,-9.792005219521E+03,
    -1.020781683926E+03));
#765 = CARTESIAN_POINT('',(1.854681383166E+04,-1.177796014198E+04,
    -861.5170000656));
#766 = CARTESIAN_POINT('',(1.936420123799E+04,-1.388192438079E+04,
    -696.1875430981));
#767 = CARTESIAN_POINT('',(2.027111824664E+04,-1.610388233676E+04,
    -524.7955782967));
#768 = CARTESIAN_POINT('',(2.093542924329E+04,-1.766383979511E+04,
    -406.4941008565));
#769 = CARTESIAN_POINT('',(2.128251298392E+04,-1.8463479E+04,
    -346.3336949231));
#770 = CARTESIAN_POINT('',(1.561587006572E+04,-375.046,
    -1.838224402191E+03));
#771 = CARTESIAN_POINT('',(1.565520166715E+04,-781.2464746358,
    -1.79863262607E+03));
#772 = CARTESIAN_POINT('',(1.576418657603E+04,-1.6329989926E+03,
    -1.717404317786E+03));
#773 = CARTESIAN_POINT('',(1.601865938625E+04,-3.028680350833E+03,
    -1.589428814036E+03));
#774 = CARTESIAN_POINT('',(1.636415805741E+04,-4.542412274626E+03,
    -1.455321487359E+03));
#775 = CARTESIAN_POINT('',(1.680071309142E+04,-6.174192860722E+03,
    -1.315083547486E+03));
#776 = CARTESIAN_POINT('',(1.732835507929E+04,-7.924020319882E+03,
    -1.168716195359E+03));
#777 = CARTESIAN_POINT('',(1.794711469836E+04,-9.791892973334E+03,
    -1.016220623404E+03));
#778 = CARTESIAN_POINT('',(1.865702271508E+04,-1.177780925636E+04,
    -857.5980152587));
#779 = CARTESIAN_POINT('',(1.945810998339E+04,-1.388176771618E+04,
    -692.8495459295));
#780 = CARTESIAN_POINT('',(2.035040744503E+04,-1.610376701241E+04,
    -521.9763817626));
#781 = CARTESIAN_POINT('',(2.100609990198E+04,-1.766379294958E+04,
    -403.9785808235));
#782 = CARTESIAN_POINT('',(2.134915818693E+04,-1.8463479E+04,
    -343.9592823548));
#783 = CARTESIAN_POINT('',(1.588719119058E+04,-375.046,
    -1.821405012522E+03));
#784 = CARTESIAN_POINT('',(1.59169847175E+04,-781.278845575,
    -1.78240368069E+03));
#785 = CARTESIAN_POINT('',(1.600742523739E+04,-1.633073787756E+03,
    -1.7023239202E+03));
#786 = CARTESIAN_POINT('',(1.623568788075E+04,-3.028766088595E+03,
    -1.575973116534E+03));
#787 = CARTESIAN_POINT('',(1.655659393945E+04,-4.542470520461E+03,
    -1.443391269121E+03));
#788 = CARTESIAN_POINT('',(1.697018505442E+04,-6.174199439228E+03,
    -1.304578488525E+03));
#789 = CARTESIAN_POINT('',(1.747650295693E+04,-7.923965314715E+03,
    -1.15953487657E+03));
#790 = CARTESIAN_POINT('',(1.807558946579E+04,-9.791780727147E+03,
    -1.008260526611E+03));
#791 = CARTESIAN_POINT('',(1.876748649018E+04,-1.177765837073E+04,
    -850.7555232614));
#792 = CARTESIAN_POINT('',(1.955223602799E+04,-1.388161105157E+04,
    -687.0199425542));
#793 = CARTESIAN_POINT('',(2.042988016618E+04,-1.610365168806E+04,
    -517.0538519077));
#794 = CARTESIAN_POINT('',(2.10769341098E+04,-1.766374610406E+04,
    -399.5894906617));
#795 = CARTESIAN_POINT('',(2.141595758828E+04,-1.8463479E+04,
    -339.8189099039));
#796 = CARTESIAN_POINT('',(1.615775919468E+04,-375.046,
    -1.797137851912E+03));
#797 = CARTESIAN_POINT('',(1.6178041222E+04,-781.3112165142,
    -1.758989382519E+03));
#798 = CARTESIAN_POINT('',(1.624998897158E+04,-1.633148582912E+03,
    -1.680567947071E+03));
#799 = CARTESIAN_POINT('',(1.645211428272E+04,-3.028851826357E+03,
    -1.556561332197E+03));
#800 = CARTESIAN_POINT('',(1.674849597021E+04,-4.542528766296E+03,
    -1.426179275593E+03));
#801 = CARTESIAN_POINT('',(1.713918681398E+04,-6.174206017734E+03,
    -1.289420788655E+03));
#802 = CARTESIAN_POINT('',(1.762423968558E+04,-7.923910309547E+03,
    -1.146284874088E+03));
#803 = CARTESIAN_POINT('',(1.820370754527E+04,-9.79166848096E+03,
    -996.7705261773));
#804 = CARTESIAN_POINT('',(1.887764344498E+04,-1.177750748511E+04,
    -840.8767305135));
#805 = CARTESIAN_POINT('',(1.964610052656E+04,-1.388145438696E+04,
    -678.6024641538));
#806 = CARTESIAN_POINT('',(2.050913202215E+04,-1.61035363637E+04,
    -509.9466955896));
#807 = CARTESIAN_POINT('',(2.114757151076E+04,-1.766369925854E+04,
    -393.2544883022));
#808 = CARTESIAN_POINT('',(2.148257144635E+04,-1.8463479E+04,
    -333.8444528607));
#809 = CARTESIAN_POINT('',(1.642646319569E+04,-375.046,
    -1.765987692483E+03));
#810 = CARTESIAN_POINT('',(1.643729945227E+04,-781.3435874534,
    -1.728934601089E+03));
#811 = CARTESIAN_POINT('',(1.649088210959E+04,-1.633223378068E+03,
    -1.652642604662E+03));
#812 = CARTESIAN_POINT('',(1.666705026654E+04,-3.028937564119E+03,
    -1.531645098129E+03));
#813 = CARTESIAN_POINT('',(1.693907642181E+04,-4.542587012132E+03,
    -1.404086000462E+03));
#814 = CARTESIAN_POINT('',(1.730702449434E+04,-6.174212596241E+03,
    -1.269963223888E+03));
#815 = CARTESIAN_POINT('',(1.777095849593E+04,-7.92385530438E+03,
    -1.129274671996E+03));
#816 = CARTESIAN_POINT('',(1.833094252833E+04,-9.791556234772E+03,
    -982.0182399985));
#817 = CARTESIAN_POINT('',(1.898704078619E+04,-1.177735659948E+04,
    -828.1918144648));
#818 = CARTESIAN_POINT('',(1.973931755532E+04,-1.388129772234E+04,
    -667.7932734763));
#819 = CARTESIAN_POINT('',(2.058783721305E+04,-1.610342103935E+04,
    -500.8204865972));
#820 = CARTESIAN_POINT('',(2.121772189045E+04,-1.766365241301E+04,
    -385.121038723));
#821 = CARTESIAN_POINT('',(2.154872621521E+04,-1.8463479E+04,
    -326.1748927552));
#822 = CARTESIAN_POINT('',(1.669201019367E+04,-375.046,
    -1.728944154585E+03));
#823 = CARTESIAN_POINT('',(1.669351193219E+04,-781.3759583926,
    -1.693194255414E+03));
#824 = CARTESIAN_POINT('',(1.672894561623E+04,-1.633298173225E+03,
    -1.619435380631E+03));
#825 = CARTESIAN_POINT('',(1.687946163834E+04,-3.029023301881E+03,
    -1.502016668893E+03));
#826 = CARTESIAN_POINT('',(1.712741812164E+04,-4.542645257967E+03,
    -1.377814379135E+03));
#827 = CARTESIAN_POINT('',(1.747289012407E+04,-6.174219174747E+03,
    -1.246825324419E+03));
#828 = CARTESIAN_POINT('',(1.791595279769E+04,-7.923800299213E+03,
    -1.109046309214E+03));
#829 = CARTESIAN_POINT('',(1.845668138574E+04,-9.791443988585E+03,
    -964.4741296632));
#830 = CARTESIAN_POINT('',(1.909515122557E+04,-1.177720571386E+04,
    -813.105573312));
#831 = CARTESIAN_POINT('',(1.983143774697E+04,-1.388114105773E+04,
    -654.9374192671));
#832 = CARTESIAN_POINT('',(2.066561647246E+04,-1.6103305715E+04,
    -489.9664381651));
#833 = CARTESIAN_POINT('',(2.128704750299E+04,-1.766360556749E+04,
    -375.4484074455));
#834 = CARTESIAN_POINT('',(2.161410360591E+04,-1.8463479E+04,
    -317.0545069085));
#835 = CARTESIAN_POINT('',(1.695340851394E+04,-375.046,
    -1.688158629928E+03));
#836 = CARTESIAN_POINT('',(1.694572195221E+04,-781.4083293318,
    -1.65384386845E+03));
#837 = CARTESIAN_POINT('',(1.696329070423E+04,-1.633372968381E+03,
    -1.582874423644E+03));
#838 = CARTESIAN_POINT('',(1.708855547032E+04,-3.029109039644E+03,
    -1.469396221385E+03));
#839 = CARTESIAN_POINT('',(1.731281797737E+04,-4.542703503803E+03,
    -1.348889706403E+03));
#840 = CARTESIAN_POINT('',(1.763616442234E+04,-6.174225753253E+03,
    -1.221350592594E+03));
#841 = CARTESIAN_POINT('',(1.805868109753E+04,-7.923745294046E+03,
    -1.086774585309E+03));
#842 = CARTESIAN_POINT('',(1.858045438767E+04,-9.791331742398E+03,
    -945.1573816205));
#843 = CARTESIAN_POINT('',(1.920157077284E+04,-1.177705482823E+04,
    -796.4946700505));
#844 = CARTESIAN_POINT('',(1.992211682678E+04,-1.388098439312E+04,
    -640.7821307309));
#845 = CARTESIAN_POINT('',(2.074217921721E+04,-1.610319039065E+04,
    -478.0154353709));
#846 = CARTESIAN_POINT('',(2.135528954359E+04,-1.766355872197E+04,
    -364.7986432377));
#847 = CARTESIAN_POINT('',(2.167845969886E+04,-1.8463479E+04,
    -307.0131075446));
#848 = CARTESIAN_POINT('',(1.720965298401E+04,-375.046,
    -1.646637493981E+03));
#849 = CARTESIAN_POINT('',(1.719295980318E+04,-781.440700271,
    -1.613783745192E+03));
#850 = CARTESIAN_POINT('',(1.719301655281E+04,-1.633447763537E+03,
    -1.545654005054E+03));
#851 = CARTESIAN_POINT('',(1.729352815938E+04,-3.029194777406E+03,
    -1.436187298399E+03));
#852 = CARTESIAN_POINT('',(1.749456348874E+04,-4.542761749638E+03,
    -1.319443118412E+03));
#853 = CARTESIAN_POINT('',(1.779621987684E+04,-6.174232331759E+03,
    -1.195416079822E+03));
#854 = CARTESIAN_POINT('',(1.819859475627E+04,-7.923690288879E+03,
    -1.064100788861E+03));
#855 = CARTESIAN_POINT('',(1.870178565321E+04,-9.791219496211E+03,
    -925.4918435309));
#856 = CARTESIAN_POINT('',(1.930589019049E+04,-1.177690394261E+04,
    -779.5838333305));
#857 = CARTESIAN_POINT('',(2.001100608579E+04,-1.388082772851E+04,
    -626.3713394168));
#858 = CARTESIAN_POINT('',(2.081723115204E+04,-1.61030750663E+04,
    -465.8489345718));
#859 = CARTESIAN_POINT('',(2.142218591624E+04,-1.766351187644E+04,
    -353.9571002685));
#860 = CARTESIAN_POINT('',(2.17415474785E+04,-1.8463479E+04,
    -296.7910513899));
#861 = CARTESIAN_POINT('',(1.745920372592E+04,-375.046,
    -1.605128268458E+03));
#862 = CARTESIAN_POINT('',(1.743373985348E+04,-781.4730712102,
    -1.573735110434E+03));
#863 = CARTESIAN_POINT('',(1.741674290819E+04,-1.633522558693E+03,
    -1.508444254478E+03));
#864 = CARTESIAN_POINT('',(1.749314817386E+04,-3.029280515168E+03,
    -1.402987882799E+03));
#865 = CARTESIAN_POINT('',(1.767156250157E+04,-4.542819995474E+03,
    -1.290004947274E+03));
#866 = CARTESIAN_POINT('',(1.795209436628E+04,-6.174238910265E+03,
    -1.169488963466E+03));
#867 = CARTESIAN_POINT('',(1.833485234084E+04,-7.923635283712E+03,
    -1.041433438489E+03));
#868 = CARTESIAN_POINT('',(1.88199450929E+04,-9.791107250024E+03,
    -905.8318712735));
#869 = CARTESIAN_POINT('',(1.940748138802E+04,-1.177675305699E+04,
    -762.6777522958));
#870 = CARTESIAN_POINT('',(2.009757008785E+04,-1.388067106389E+04,
    -611.9645637377));
#871 = CARTESIAN_POINT('',(2.08903201505E+04,-1.610295974194E+04,
    -453.6857794538));
#872 = CARTESIAN_POINT('',(2.148733380451E+04,-1.766346503092E+04,
    -343.1185030756));
#873 = CARTESIAN_POINT('',(2.1802987226E+04,-1.8463479E+04,
    -286.5717527418));
#874 = CARTESIAN_POINT('',(1.770026801762E+04,-375.046,
    -1.564545099312E+03));
#875 = CARTESIAN_POINT('',(1.766633254294E+04,-781.5054421494,
    -1.534579931805E+03));
#876 = CARTESIAN_POINT('',(1.763286290728E+04,-1.633597353849E+03,
    -1.472064621003E+03));
#877 = CARTESIAN_POINT('',(1.768598181627E+04,-3.02936625293E+03,
    -1.370529160144E+03));
#878 = CARTESIAN_POINT('',(1.784254360395E+04,-4.542878241309E+03,
    -1.261223629317E+03));
#879 = CARTESIAN_POINT('',(1.810266788429E+04,-6.174245488771E+03,
    -1.144140444916E+03));
#880 = CARTESIAN_POINT('',(1.846647437041E+04,-7.923580278544E+03,
    -1.019272014939E+03));
#881 = CARTESIAN_POINT('',(1.893408287141E+04,-9.790995003836E+03,
    -886.6107392444));
#882 = CARTESIAN_POINT('',(1.950561329561E+04,-1.177660217136E+04,
    -746.1490092859));
#883 = CARTESIAN_POINT('',(2.018118564859E+04,-1.388051439928E+04,
    -597.8792082703));
#884 = CARTESIAN_POINT('',(2.096092003368E+04,-1.610284441759E+04,
    -441.7937111247));
#885 = CARTESIAN_POINT('',(2.155026444646E+04,-1.76634181854E+04,
    -332.5211599833));
#886 = CARTESIAN_POINT('',(2.186233707456E+04,-1.8463479E+04,
    -276.5797225818));
#887 = CARTESIAN_POINT('',(1.793298174416E+04,-375.046,
    -1.530118597181E+03));
#888 = CARTESIAN_POINT('',(1.789086901834E+04,-781.5378130886,
    -1.501364338844E+03));
#889 = CARTESIAN_POINT('',(1.784149848706E+04,-1.633672149005E+03,
    -1.441202890348E+03));
#890 = CARTESIAN_POINT('',(1.787213800919E+04,-3.029451990692E+03,
    -1.342993255596E+03));
#891 = CARTESIAN_POINT('',(1.800760350435E+04,-4.542936487145E+03,
    -1.236807484307E+03));
#892 = CARTESIAN_POINT('',(1.824802572553E+04,-6.174252067277E+03,
    -1.122636893711E+03));
#893 = CARTESIAN_POINT('',(1.859353552607E+04,-7.923525273377E+03,
    -1.000472792686E+03));
#894 = CARTESIAN_POINT('',(1.90442638566E+04,-9.790882757649E+03,
    -870.3064820182));
#895 = CARTESIAN_POINT('',(1.960034176812E+04,-1.177645128574E+04,
    -732.1292541408));
#896 = CARTESIAN_POINT('',(2.026190041021E+04,-1.388035773467E+04,
    -585.9323932845));
#897 = CARTESIAN_POINT('',(2.102907103136E+04,-1.610272909324E+04,
    -431.7071754492));
#898 = CARTESIAN_POINT('',(2.161101366379E+04,-1.766337133987E+04,
    -323.5323040292));
#899 = CARTESIAN_POINT('',(2.191963077522E+04,-1.8463479E+04,
    -268.1038967282));
#900 = CARTESIAN_POINT('',(1.815350385859E+04,-375.046,
    -1.50324148992E+03));
#901 = CARTESIAN_POINT('',(1.81036436429E+04,-781.5701840278,
    -1.475432018312E+03));
#902 = CARTESIAN_POINT('',(1.803920705421E+04,-1.633746944162E+03,
    -1.417107475784E+03));
#903 = CARTESIAN_POINT('',(1.80485453938E+04,-3.029537728454E+03,
    -1.321494098242E+03));
#904 = CARTESIAN_POINT('',(1.816401874774E+04,-4.54299473298E+03,
    -1.21774438321E+03));
#905 = CARTESIAN_POINT('',(1.838576900804E+04,-6.174258645784E+03,
    -1.105848548747E+03));
#906 = CARTESIAN_POINT('',(1.871393816831E+04,-7.92347026821E+03,
    -985.7968046171));
#907 = CARTESIAN_POINT('',(1.914866832064E+04,-9.790770511462E+03,
    -857.5793525337));
#908 = CARTESIAN_POINT('',(1.969010165876E+04,-1.177630040011E+04,
    -721.1863859068));
#909 = CARTESIAN_POINT('',(2.033838047622E+04,-1.388020107006E+04,
    -576.6080899926));
#910 = CARTESIAN_POINT('',(2.10936471667E+04,-1.610261376889E+04,
    -423.8346418634));
#911 = CARTESIAN_POINT('',(2.166857853894E+04,-1.766332449435E+04,
    -316.5156875043));
#912 = CARTESIAN_POINT('',(2.197392305162E+04,-1.8463479E+04,
    -261.4870732424));
#913 = CARTESIAN_POINT('',(1.835312504489E+04,-375.046,
    -1.483124875364E+03));
#914 = CARTESIAN_POINT('',(1.8296254125E+04,-781.602554967,
    -1.456022070655E+03));
#915 = CARTESIAN_POINT('',(1.821818273439E+04,-1.633821739318E+03,
    -1.399071839185E+03));
#916 = CARTESIAN_POINT('',(1.820823982709E+04,-3.029623466216E+03,
    -1.305401760748E+03));
#917 = CARTESIAN_POINT('',(1.83056140279E+04,-4.543052978815E+03,
    -1.203476078123E+03));
#918 = CARTESIAN_POINT('',(1.851045836784E+04,-6.17426522429E+03,
    -1.093283910206E+03));
#919 = CARTESIAN_POINT('',(1.882292598077E+04,-7.923415263043E+03,
    -974.8143676404));
#920 = CARTESIAN_POINT('',(1.924317010027E+04,-9.790658265275E+03,
    -848.0565530691));
#921 = CARTESIAN_POINT('',(1.977134406281E+04,-1.177614951449E+04,
    -712.9995608793));
#922 = CARTESIAN_POINT('',(2.040760130586E+04,-1.388004440544E+04,
    -569.6324773521));
#923 = CARTESIAN_POINT('',(2.115209536833E+04,-1.610249844454E+04,
    -417.9443806325));
#924 = CARTESIAN_POINT('',(2.172068505045E+04,-1.766327764883E+04,
    -311.2643539754));
#925 = CARTESIAN_POINT('',(2.202307059148E+04,-1.8463479E+04,
    -256.5338604496));
#926 = CARTESIAN_POINT('',(1.854820721668E+04,-375.046,
    -1.467831221835E+03));
#927 = CARTESIAN_POINT('',(1.848448542939E+04,-781.6349259062,
    -1.441264975115E+03));
#928 = CARTESIAN_POINT('',(1.839308974665E+04,-1.633896534474E+03,
    -1.385358625216E+03));
#929 = CARTESIAN_POINT('',(1.836430386573E+04,-3.029709203978E+03,
    -1.293165566656E+03));
#930 = CARTESIAN_POINT('',(1.844398969529E+04,-4.543111224651E+03,
    -1.192627002215E+03));
#931 = CARTESIAN_POINT('',(1.863231140534E+04,-6.174271802796E+03,
    -1.08373095162E+03));
#932 = CARTESIAN_POINT('',(1.892943327002E+04,-7.923360257876E+03,
    -966.4654263981));
#933 = CARTESIAN_POINT('',(1.933551966436E+04,-9.790546019088E+03,
    -840.8184301206));
#934 = CARTESIAN_POINT('',(1.985073506757E+04,-1.177599862887E+04,
    -706.777958152));
#935 = CARTESIAN_POINT('',(2.047524406109E+04,-1.387988774083E+04,
    -564.3319977982));
#936 = CARTESIAN_POINT('',(2.120921132901E+04,-1.610238312018E+04,
    -413.4685282771));
#937 = CARTESIAN_POINT('',(2.177160488238E+04,-1.76632308033E+04,
    -307.2731898495));
#938 = CARTESIAN_POINT('',(2.207109965055E+04,-1.8463479E+04,
    -252.7685914906));
#939 = CARTESIAN_POINT('',(1.873043547348E+04,-375.046,
    -1.457801251254E+03));
#940 = CARTESIAN_POINT('',(1.866031594577E+04,-781.6672968454,
    -1.431585970371E+03));
#941 = CARTESIAN_POINT('',(1.855647619539E+04,-1.63397132963E+03,
    -1.376362984528E+03));
#942 = CARTESIAN_POINT('',(1.851008958911E+04,-3.029794941741E+03,
    -1.285138169943E+03));
#943 = CARTESIAN_POINT('',(1.857325120718E+04,-4.543169470486E+03,
    -1.185509948153E+03));
#944 = CARTESIAN_POINT('',(1.874613635863E+04,-6.174278381302E+03,
    -1.077465239719E+03));
#945 = CARTESIAN_POINT('',(1.902892045784E+04,-7.923305252709E+03,
    -960.9909570493));
#946 = CARTESIAN_POINT('',(1.942177902134E+04,-9.7904337729E+03,
    -836.0740046445));
#947 = CARTESIAN_POINT('',(1.992488767106E+04,-1.177584774324E+04,
    -702.7012788463));
#948 = CARTESIAN_POINT('',(2.053842213239E+04,-1.387973107622E+04,
    -560.8596679855));
#949 = CARTESIAN_POINT('',(2.126255823462E+04,-1.610226779583E+04,
    -410.5360523525));
#950 = CARTESIAN_POINT('',(2.181916735284E+04,-1.766318395778E+04,
    -304.656886861));
#951 = CARTESIAN_POINT('',(2.211596418019E+04,-1.8463479E+04,
    -250.2992594173));
#952 = CARTESIAN_POINT('',(1.880635462585E+04,-375.046,
    -1.455146573508E+03));
#953 = CARTESIAN_POINT('',(1.873357611714E+04,-781.6888774715,
    -1.429023223483E+03));
#954 = CARTESIAN_POINT('',(1.86245604339E+04,-1.634021193068E+03,
    -1.37397986657E+03));
#955 = CARTESIAN_POINT('',(1.857084344023E+04,-3.029852100249E+03,
    -1.283011064177E+03));
#956 = CARTESIAN_POINT('',(1.862711560799E+04,-4.543208301043E+03,
    -1.183624690567E+03));
#957 = CARTESIAN_POINT('',(1.879355967219E+04,-6.174282766973E+03,
    -1.075806933522E+03));
#958 = CARTESIAN_POINT('',(1.907035847408E+04,-7.923268582597E+03,
    -959.5439727062));
#959 = CARTESIAN_POINT('',(1.945769495781E+04,-9.790358942109E+03,
    -834.821979905));
#960 = CARTESIAN_POINT('',(1.995575217381E+04,-1.177574715283E+04,
    -701.6271187787));
#961 = CARTESIAN_POINT('',(2.056471327678E+04,-1.387962663314E+04,
    -559.9455450079));
#962 = CARTESIAN_POINT('',(2.128476152615E+04,-1.610219091293E+04,
    -409.7634062649));
#963 = CARTESIAN_POINT('',(2.183897403342E+04,-1.766315272743E+04,
    -303.9656968428));
#964 = CARTESIAN_POINT('',(2.213465594999E+04,-1.8463479E+04,
    -249.6454598769));
#965 = CARTESIAN_POINT('',(1.8815763E+04,-375.046,-1.45434E+03));
#966 = CARTESIAN_POINT('',(1.874266123451E+04,-781.6996677846,
    -1.42824426607E+03));
#967 = CARTESIAN_POINT('',(1.863301228133E+04,-1.634046124786E+03,
    -1.373255079317E+03));
#968 = CARTESIAN_POINT('',(1.857838882581E+04,-3.029880679503E+03,
    -1.282363979653E+03));
#969 = CARTESIAN_POINT('',(1.863380168735E+04,-4.543227716322E+03,
    -1.183051389857E+03));
#970 = CARTESIAN_POINT('',(1.879943731398E+04,-6.174284959808E+03,
    -1.075303131323E+03));
#971 = CARTESIAN_POINT('',(1.907548226036E+04,-7.923250247542E+03,
    -959.1050173401));
#972 = CARTESIAN_POINT('',(1.946212318448E+04,-9.790321526713E+03,
    -834.4428533392));
#973 = CARTESIAN_POINT('',(1.9959546851E+04,-1.177569685762E+04,
    -701.3024366385));
#974 = CARTESIAN_POINT('',(2.056794012928E+04,-1.387957441161E+04,
    -559.669556594));
#975 = CARTESIAN_POINT('',(2.12874899938E+04,-1.610215247148E+04,
    -409.5299945686));
#976 = CARTESIAN_POINT('',(2.184141901472E+04,-1.766313711225E+04,
    -303.7563474238));
#977 = CARTESIAN_POINT('',(2.2136972E+04,-1.8463479E+04,-249.447));
#978 = DEFINITIONAL_REPRESENTATION('',(#979),#983);
#979 = LINE('',#980,#981);
#980 = CARTESIAN_POINT('',(0.,0.));
#981 = VECTOR('',#982,1.);
#982 = DIRECTION('',(0.,1.));
#983 = ( GEOMETRIC_REPRESENTATION_CONTEXT(2) 
PARAMETRIC_REPRESENTATION_CONTEXT() REPRESENTATION_CONTEXT('2D SPACE',''
  ) );
#984 = ORIENTED_EDGE('',*,*,#985,.T.);
#985 = EDGE_CURVE('',#554,#986,#988,.T.);
#986 = VERTEX_POINT('',#987);
#987 = CARTESIAN_POINT('',(1.8815763E+04,-375.046,-1.45434E+03));
#988 = SURFACE_CURVE('',#989,(#1021),.PCURVE_S1.);
#989 = B_SPLINE_CURVE_WITH_KNOTS('',3,(#990,#991,#992,#993,#994,#995,
    #996,#997,#998,#999,#1000,#1001,#1002,#1003,#1004,#1005,#1006,#1007,
    #1008,#1009,#1010,#1011,#1012,#1013,#1014,#1015,#1016,#1017,#1018,
    #1019,#1020),.UNSPECIFIED.,.F.,.F.,(4,1,1,1,1,1,1,1,1,1,1,1,1,1,1,1,
    1,1,1,1,1,1,1,1,1,1,1,1,4),(0.,3.571428571429E-02,7.142857142857E-02
    ,0.107142857143,0.142857142857,0.178571428571,0.214285714286,0.25,
    0.285714285714,0.321428571429,0.357142857143,0.392857142857,
    0.428571428571,0.464285714286,0.5,0.535714285714,0.571428571429,
    0.607142857143,0.642857142857,0.678571428571,0.714285714286,0.75,
    0.785714285714,0.821428571429,0.857142857143,0.892857142857,
    0.928571428571,0.964285714286,1.),.QUASI_UNIFORM_KNOTS.);
#990 = CARTESIAN_POINT('',(1.2743744E+04,-375.046,-1.2423E+03));
#991 = CARTESIAN_POINT('',(1.274285751524E+04,-375.046,
    -1.251066470378E+03));
#992 = CARTESIAN_POINT('',(1.273541291957E+04,-375.046,
    -1.352285406859E+03));
#993 = CARTESIAN_POINT('',(1.282599670679E+04,-375.046,
    -1.442375130882E+03));
#994 = CARTESIAN_POINT('',(1.299626272368E+04,-375.046,
    -1.543061497606E+03));
#995 = CARTESIAN_POINT('',(1.314871566898E+04,-375.046,
    -1.62889619559E+03));
#996 = CARTESIAN_POINT('',(1.336194052944E+04,-375.046,
    -1.677931224277E+03));
#997 = CARTESIAN_POINT('',(1.357256460208E+04,-375.046,
    -1.724948030865E+03));
#998 = CARTESIAN_POINT('',(1.380333124826E+04,-375.046,
    -1.765970025267E+03));
#999 = CARTESIAN_POINT('',(1.40425272842E+04,-375.046,
    -1.795821496176E+03));
#1000 = CARTESIAN_POINT('',(1.429251226945E+04,-375.046,
    -1.819505259174E+03));
#1001 = CARTESIAN_POINT('',(1.45480993964E+04,-375.046,
    -1.836712530335E+03));
#1002 = CARTESIAN_POINT('',(1.481014806694E+04,-375.046,
    -1.846942662254E+03));
#1003 = CARTESIAN_POINT('',(1.507610598481E+04,-375.046,
    -1.850559216071E+03));
#1004 = CARTESIAN_POINT('',(1.534517446449E+04,-375.046,
    -1.847868119694E+03));
#1005 = CARTESIAN_POINT('',(1.561587006572E+04,-375.046,
    -1.838224402191E+03));
#1006 = CARTESIAN_POINT('',(1.588719119058E+04,-375.046,
    -1.821405012522E+03));
#1007 = CARTESIAN_POINT('',(1.615775919468E+04,-375.046,
    -1.797137851912E+03));
#1008 = CARTESIAN_POINT('',(1.642646319569E+04,-375.046,
    -1.765987692483E+03));
#1009 = CARTESIAN_POINT('',(1.669201019367E+04,-375.046,
    -1.728944154585E+03));
#1010 = CARTESIAN_POINT('',(1.695340851394E+04,-375.046,
    -1.688158629928E+03));
#1011 = CARTESIAN_POINT('',(1.720965298401E+04,-375.046,
    -1.646637493981E+03));
#1012 = CARTESIAN_POINT('',(1.745920372592E+04,-375.046,
    -1.605128268458E+03));
#1013 = CARTESIAN_POINT('',(1.770026801762E+04,-375.046,
    -1.564545099312E+03));
#1014 = CARTESIAN_POINT('',(1.793298174416E+04,-375.046,
    -1.530118597181E+03));
#1015 = CARTESIAN_POINT('',(1.815350385859E+04,-375.046,
    -1.50324148992E+03));
#1016 = CARTESIAN_POINT('',(1.835312504489E+04,-375.046,
    -1.483124875364E+03));
#1017 = CARTESIAN_POINT('',(1.854820721668E+04,-375.046,
    -1.467831221835E+03));
#1018 = CARTESIAN_POINT('',(1.873043547348E+04,-375.046,
    -1.457801251254E+03));
#1019 = CARTESIAN_POINT('',(1.880635462585E+04,-375.046,
    -1.455146573508E+03));
#1020 = CARTESIAN_POINT('',(1.8815763E+04,-375.046,-1.45434E+03));
#1021 = PCURVE('',#574,#1022);
#1022 = DEFINITIONAL_REPRESENTATION('',(#1023),#1027);
#1023 = LINE('',#1024,#1025);
#1024 = CARTESIAN_POINT('',(0.,0.));
#1025 = VECTOR('',#1026,1.);
#1026 = DIRECTION('',(1.,0.));
#1027 = ( GEOMETRIC_REPRESENTATION_CONTEXT(2) 
PARAMETRIC_REPRESENTATION_CONTEXT() REPRESENTATION_CONTEXT('2D SPACE',''
  ) );
#1028 = ORIENTED_EDGE('',*,*,#1029,.T.);
#1029 = EDGE_CURVE('',#986,#1030,#1032,.T.);
#1030 = VERTEX_POINT('',#1031);
#1031 = CARTESIAN_POINT('',(2.2136972E+04,-1.8463479E+04,-249.447));
#1032 = SURFACE_CURVE('',#1033,(#1047),.PCURVE_S1.);
#1033 = B_SPLINE_CURVE_WITH_KNOTS('',3,(#1034,#1035,#1036,#1037,#1038,
    #1039,#1040,#1041,#1042,#1043,#1044,#1045,#1046),.UNSPECIFIED.,.F.,
  .F.,(4,1,1,1,1,1,1,1,1,1,4),(0.,0.1,0.2,0.3,0.4,0.5,0.6,0.7,0.8,0.9,1.
    ),.QUASI_UNIFORM_KNOTS.);
#1034 = CARTESIAN_POINT('',(1.8815763E+04,-375.046,-1.45434E+03));
#1035 = CARTESIAN_POINT('',(1.874266123451E+04,-781.6996677846,
    -1.42824426607E+03));
#1036 = CARTESIAN_POINT('',(1.863301228133E+04,-1.634046124786E+03,
    -1.373255079317E+03));
#1037 = CARTESIAN_POINT('',(1.857838882581E+04,-3.029880679503E+03,
    -1.282363979653E+03));
#1038 = CARTESIAN_POINT('',(1.863380168735E+04,-4.543227716322E+03,
    -1.183051389857E+03));
#1039 = CARTESIAN_POINT('',(1.879943731398E+04,-6.174284959808E+03,
    -1.075303131323E+03));
#1040 = CARTESIAN_POINT('',(1.907548226036E+04,-7.923250247542E+03,
    -959.1050173401));
#1041 = CARTESIAN_POINT('',(1.946212318448E+04,-9.790321526713E+03,
    -834.4428533392));
#1042 = CARTESIAN_POINT('',(1.9959546851E+04,-1.177569685762E+04,
    -701.3024366385));
#1043 = CARTESIAN_POINT('',(2.056794012928E+04,-1.387957441161E+04,
    -559.669556594));
#1044 = CARTESIAN_POINT('',(2.12874899938E+04,-1.610215247148E+04,
    -409.5299945686));
#1045 = CARTESIAN_POINT('',(2.184141901472E+04,-1.766313711225E+04,
    -303.7563474238));
#1046 = CARTESIAN_POINT('',(2.2136972E+04,-1.8463479E+04,-249.447));
#1047 = PCURVE('',#574,#1048);
#1048 = DEFINITIONAL_REPRESENTATION('',(#1049),#1053);
#1049 = LINE('',#1050,#1051);
#1050 = CARTESIAN_POINT('',(1.,0.));
#1051 = VECTOR('',#1052,1.);
#1052 = DIRECTION('',(0.,1.));
#1053 = ( GEOMETRIC_REPRESENTATION_CONTEXT(2) 
PARAMETRIC_REPRESENTATION_CONTEXT() REPRESENTATION_CONTEXT('2D SPACE',''
  ) );
#1054 = ORIENTED_EDGE('',*,*,#1055,.F.);
#1055 = EDGE_CURVE('',#556,#1030,#1056,.T.);
#1056 = SURFACE_CURVE('',#1057,(#1089),.PCURVE_S1.);
#1057 = B_SPLINE_CURVE_WITH_KNOTS('',3,(#1058,#1059,#1060,#1061,#1062,
    #1063,#1064,#1065,#1066,#1067,#1068,#1069,#1070,#1071,#1072,#1073,
    #1074,#1075,#1076,#1077,#1078,#1079,#1080,#1081,#1082,#1083,#1084,
    #1085,#1086,#1087,#1088),.UNSPECIFIED.,.F.,.F.,(4,1,1,1,1,1,1,1,1,1,
    1,1,1,1,1,1,1,1,1,1,1,1,1,1,1,1,1,1,4),(0.,3.571428571429E-02,
    7.142857142857E-02,0.107142857143,0.142857142857,0.178571428571,
    0.214285714286,0.25,0.285714285714,0.321428571429,0.357142857143,
    0.392857142857,0.428571428571,0.464285714286,0.5,0.535714285714,
    0.571428571429,0.607142857143,0.642857142857,0.678571428571,
    0.714285714286,0.75,0.785714285714,0.821428571429,0.857142857143,
    0.892857142857,0.928571428571,0.964285714286,1.),
  .QUASI_UNIFORM_KNOTS.);
#1058 = CARTESIAN_POINT('',(2.0642041E+04,-1.8463479E+04,-197.243));
#1059 = CARTESIAN_POINT('',(2.064182259682E+04,-1.8463479E+04,
    -199.4011311076));
#1060 = CARTESIAN_POINT('',(2.063999035888E+04,-1.8463479E+04,
    -224.3213845777));
#1061 = CARTESIAN_POINT('',(2.066229169179E+04,-1.8463479E+04,
    -246.5020476807));
#1062 = CARTESIAN_POINT('',(2.070421083737E+04,-1.8463479E+04,
    -271.2903701086));
#1063 = CARTESIAN_POINT('',(2.074174565241E+04,-1.8463479E+04,
    -292.4226007113));
#1064 = CARTESIAN_POINT('',(2.079424091372E+04,-1.8463479E+04,
    -304.495049733));
#1065 = CARTESIAN_POINT('',(2.0846096827E+04,-1.8463479E+04,
    -316.0709073383));
#1066 = CARTESIAN_POINT('',(2.090291161614E+04,-1.8463479E+04,
    -326.1709465721));
#1067 = CARTESIAN_POINT('',(2.096180145437E+04,-1.8463479E+04,
    -333.5207355548));
#1068 = CARTESIAN_POINT('',(2.102334762133E+04,-1.8463479E+04,
    -339.351314822));
#1069 = CARTESIAN_POINT('',(2.108627320689E+04,-1.8463479E+04,
    -343.5871943397));
#1070 = CARTESIAN_POINT('',(2.115078966389E+04,-1.8463479E+04,
    -346.1061715814));
#1071 = CARTESIAN_POINT('',(2.121626850621E+04,-1.8463479E+04,
    -346.9967825457));
#1072 = CARTESIAN_POINT('',(2.128251298392E+04,-1.8463479E+04,
    -346.3336949231));
#1073 = CARTESIAN_POINT('',(2.134915818693E+04,-1.8463479E+04,
    -343.9592823548));
#1074 = CARTESIAN_POINT('',(2.141595758828E+04,-1.8463479E+04,
    -339.8189099039));
#1075 = CARTESIAN_POINT('',(2.148257144635E+04,-1.8463479E+04,
    -333.8444528607));
#1076 = CARTESIAN_POINT('',(2.154872621521E+04,-1.8463479E+04,
    -326.1748927552));
#1077 = CARTESIAN_POINT('',(2.161410360591E+04,-1.8463479E+04,
    -317.0545069085));
#1078 = CARTESIAN_POINT('',(2.167845969886E+04,-1.8463479E+04,
    -307.0131075446));
#1079 = CARTESIAN_POINT('',(2.17415474785E+04,-1.8463479E+04,
    -296.7910513899));
#1080 = CARTESIAN_POINT('',(2.1802987226E+04,-1.8463479E+04,
    -286.5717527418));
#1081 = CARTESIAN_POINT('',(2.186233707456E+04,-1.8463479E+04,
    -276.5797225818));
#1082 = CARTESIAN_POINT('',(2.191963077522E+04,-1.8463479E+04,
    -268.1038967282));
#1083 = CARTESIAN_POINT('',(2.197392305162E+04,-1.8463479E+04,
    -261.4870732424));
#1084 = CARTESIAN_POINT('',(2.202307059148E+04,-1.8463479E+04,
    -256.5338604496));
#1085 = CARTESIAN_POINT('',(2.207109965055E+04,-1.8463479E+04,
    -252.7685914906));
#1086 = CARTESIAN_POINT('',(2.211596418019E+04,-1.8463479E+04,
    -250.2992594173));
#1087 = CARTESIAN_POINT('',(2.213465594999E+04,-1.8463479E+04,
    -249.6454598769));
#1088 = CARTESIAN_POINT('',(2.2136972E+04,-1.8463479E+04,-249.447));
#1089 = PCURVE('',#574,#1090);
#1090 = DEFINITIONAL_REPRESENTATION('',(#1091),#1095);
#1091 = LINE('',#1092,#1093);
#1092 = CARTESIAN_POINT('',(0.,1.));
#1093 = VECTOR('',#1094,1.);
#1094 = DIRECTION('',(1.,0.));
#1095 = ( GEOMETRIC_REPRESENTATION_CONTEXT(2) 
PARAMETRIC_REPRESENTATION_CONTEXT() REPRESENTATION_CONTEXT('2D SPACE',''
  ) );
#1096 = ADVANCED_FACE('',(#1097),#1145,.T.);
#1097 = FACE_BOUND('',#1098,.T.);
#1098 = EDGE_LOOP('',(#1099,#1226));
#1099 = ORIENTED_EDGE('',*,*,#1100,.T.);
#1100 = EDGE_CURVE('',#1101,#1103,#1105,.T.);
#1101 = VERTEX_POINT('',#1102);
#1102 = CARTESIAN_POINT('',(1.2743744E+04,-375.046,-1.2423E+03));
#1103 = VERTEX_POINT('',#1104);
#1104 = CARTESIAN_POINT('',(1.8815763E+04,-375.046,-1.45434E+03));
#1105 = SURFACE_CURVE('',#1106,(#1144),.PCURVE_S1.);
#1106 = B_SPLINE_CURVE_WITH_KNOTS('',3,(#1107,#1108,#1109,#1110,#1111,
    #1112,#1113,#1114,#1115,#1116,#1117,#1118,#1119,#1120,#1121,#1122,
    #1123,#1124,#1125,#1126,#1127,#1128,#1129,#1130,#1131,#1132,#1133,
    #1134,#1135,#1136,#1137,#1138,#1139,#1140,#1141,#1142,#1143),
  .UNSPECIFIED.,.F.,.F.,(4,1,1,1,1,1,1,1,1,1,1,1,1,1,1,1,1,1,1,1,1,1,1,1
    ,1,1,1,1,1,1,1,1,1,1,4),(0.,5.244507851439E-02,5.530559402962E-02,
    8.993427372049E-02,9.382265108168E-02,0.134334820224,0.138387282528,
    0.18398449262,0.188111982525,0.238297891845,0.242709983163,
    0.296583724727,0.301497815281,0.357997026785,0.363560424596,
    0.421665713076,0.427953519982,0.486739583752,0.493742989113,
    0.552372203184,0.560008807678,0.617696329861,0.625838613352,
    0.681780525334,0.69031677217,0.743624783935,0.752510125833,
    0.802134720571,0.811419350389,0.856204379118,0.865986282961,
    0.905716577469,0.916108458748,0.948081478224,1.),.UNSPECIFIED.);
#1107 = CARTESIAN_POINT('',(1.2743744E+04,-375.046,-1.2423E+03));
#1108 = CARTESIAN_POINT('',(1.274230360157E+04,-375.046,
    -1.215955183741E+03));
#1109 = CARTESIAN_POINT('',(1.274169159594E+04,-375.046,
    -1.13997052589E+03));
#1110 = CARTESIAN_POINT('',(1.281156450003E+04,-375.046,
    -1.042335422156E+03));
#1111 = CARTESIAN_POINT('',(1.286699294628E+04,-375.046,
    -1.007347523586E+03));
#1112 = CARTESIAN_POINT('',(1.298370840675E+04,-375.046,-953.5802987991)
  );
#1113 = CARTESIAN_POINT('',(1.306017054311E+04,-375.046,-929.333759263)
  );
#1114 = CARTESIAN_POINT('',(1.321513414623E+04,-375.046,-898.1300002151)
  );
#1115 = CARTESIAN_POINT('',(1.331622401328E+04,-375.046,-888.6073101655)
  );
#1116 = CARTESIAN_POINT('',(1.35130904097E+04,-375.046,-876.7201789847)
  );
#1117 = CARTESIAN_POINT('',(1.36342079106E+04,-375.046,-872.8144426384)
  );
#1118 = CARTESIAN_POINT('',(1.386650454174E+04,-375.046,-871.8568465133)
  );
#1119 = CARTESIAN_POINT('',(1.400710749858E+04,-375.046,-875.2198102303)
  );
#1120 = CARTESIAN_POINT('',(1.427025463431E+04,-375.046,-887.0499861761)
  );
#1121 = CARTESIAN_POINT('',(1.442700948637E+04,-375.046,-897.2953973156)
  );
#1122 = CARTESIAN_POINT('',(1.471337731684E+04,-375.046,-918.1630757133)
  );
#1123 = CARTESIAN_POINT('',(1.488303499105E+04,-375.046,-931.5823562692)
  );
#1124 = CARTESIAN_POINT('',(1.518494440476E+04,-375.046,-957.3989119549)
  );
#1125 = CARTESIAN_POINT('',(1.536335019655E+04,-375.046,-973.7942081509)
  );
#1126 = CARTESIAN_POINT('',(1.567250823598E+04,-375.046,
    -1.003353101074E+03));
#1127 = CARTESIAN_POINT('',(1.585514262492E+04,-375.046,
    -1.021429507825E+03));
#1128 = CARTESIAN_POINT('',(1.616324021636E+04,-375.046,
    -1.053102756109E+03));
#1129 = CARTESIAN_POINT('',(1.634519580377E+04,-375.046,
    -1.072509717106E+03));
#1130 = CARTESIAN_POINT('',(1.664384774373E+04,-375.046,
    -1.10565195947E+03));
#1131 = CARTESIAN_POINT('',(1.682009344047E+04,-375.046,
    -1.125975880444E+03));
#1132 = CARTESIAN_POINT('',(1.710103213761E+04,-375.046,
    -1.16064387308E+03));
#1133 = CARTESIAN_POINT('',(1.726673298139E+04,-375.046,
    -1.182512572829E+03));
#1134 = CARTESIAN_POINT('',(1.752166641878E+04,-375.046,
    -1.218661437522E+03));
#1135 = CARTESIAN_POINT('',(1.767200868352E+04,-375.046,
    -1.241468317405E+03));
#1136 = CARTESIAN_POINT('',(1.789437767068E+04,-375.046,
    -1.277398554868E+03));
#1137 = CARTESIAN_POINT('',(1.802690393359E+04,-375.046,
    -1.300080274076E+03));
#1138 = CARTESIAN_POINT('',(1.821059290153E+04,-375.046,
    -1.333178000603E+03));
#1139 = CARTESIAN_POINT('',(1.831966283168E+04,-375.046,
    -1.353819144939E+03));
#1140 = CARTESIAN_POINT('',(1.846566618886E+04,-375.046,
    -1.382426051304E+03));
#1141 = CARTESIAN_POINT('',(1.863178013137E+04,-375.046,
    -1.415806724403E+03));
#1142 = CARTESIAN_POINT('',(1.875785689153E+04,-375.046,
    -1.44208851936E+03));
#1143 = CARTESIAN_POINT('',(1.8815763E+04,-375.046,-1.45434E+03));
#1144 = PCURVE('',#1145,#1220);
#1145 = B_SPLINE_SURFACE_WITH_KNOTS('',3,1,(
    (#1146,#1147)
    ,(#1148,#1149)
    ,(#1150,#1151)
    ,(#1152,#1153)
    ,(#1154,#1155)
    ,(#1156,#1157)
    ,(#1158,#1159)
    ,(#1160,#1161)
    ,(#1162,#1163)
    ,(#1164,#1165)
    ,(#1166,#1167)
    ,(#1168,#1169)
    ,(#1170,#1171)
    ,(#1172,#1173)
    ,(#1174,#1175)
    ,(#1176,#1177)
    ,(#1178,#1179)
    ,(#1180,#1181)
    ,(#1182,#1183)
    ,(#1184,#1185)
    ,(#1186,#1187)
    ,(#1188,#1189)
    ,(#1190,#1191)
    ,(#1192,#1193)
    ,(#1194,#1195)
    ,(#1196,#1197)
    ,(#1198,#1199)
    ,(#1200,#1201)
    ,(#1202,#1203)
    ,(#1204,#1205)
    ,(#1206,#1207)
    ,(#1208,#1209)
    ,(#1210,#1211)
    ,(#1212,#1213)
    ,(#1214,#1215)
    ,(#1216,#1217)
    ,(#1218,#1219
    )),.UNSPECIFIED.,.F.,.F.,.F.,(4,1,1,1,1,1,1,1,1,1,1,1,1,1,1,1,1,1,1,
    1,1,1,1,1,1,1,1,1,1,1,1,1,1,1,4),(2,2),(0.,5.244507851439E-02,
    5.530559402962E-02,8.993427372049E-02,9.382265108168E-02,
    0.134334820224,0.138387282528,0.18398449262,0.188111982525,
    0.238297891845,0.242709983163,0.296583724727,0.301497815281,
    0.357997026785,0.363560424596,0.421665713076,0.427953519982,
    0.486739583752,0.493742989113,0.552372203184,0.560008807678,
    0.617696329861,0.625838613352,0.681780525334,0.69031677217,
    0.743624783935,0.752510125833,0.802134720571,0.811419350389,
    0.856204379118,0.865986282961,0.905716577469,0.916108458748,
    0.948081478224,1.),(0.,1.),.UNSPECIFIED.);
#1146 = CARTESIAN_POINT('',(1.2743744E+04,-375.046,-1.2423E+03));
#1147 = CARTESIAN_POINT('',(1.2743744E+04,-375.046,-1.2423E+03));
#1148 = CARTESIAN_POINT('',(1.274230360157E+04,-375.046,
    -1.215955183741E+03));
#1149 = CARTESIAN_POINT('',(1.274112024223E+04,-375.046,
    -1.270112969623E+03));
#1150 = CARTESIAN_POINT('',(1.274169159594E+04,-375.046,
    -1.13997052589E+03));
#1151 = CARTESIAN_POINT('',(1.273739440439E+04,-375.046,
    -1.341924938036E+03));
#1152 = CARTESIAN_POINT('',(1.281156450003E+04,-375.046,
    -1.042335422156E+03));
#1153 = CARTESIAN_POINT('',(1.281429306548E+04,-375.046,
    -1.432723015251E+03));
#1154 = CARTESIAN_POINT('',(1.286699294628E+04,-375.046,
    -1.007347523586E+03));
#1155 = CARTESIAN_POINT('',(1.287355460937E+04,-375.046,
    -1.467168108417E+03));
#1156 = CARTESIAN_POINT('',(1.298370840675E+04,-375.046,-953.5802987991)
  );
#1157 = CARTESIAN_POINT('',(1.298631654923E+04,-375.046,
    -1.536908367188E+03));
#1158 = CARTESIAN_POINT('',(1.306017054311E+04,-375.046,-929.333759263)
  );
#1159 = CARTESIAN_POINT('',(1.305615885693E+04,-375.046,
    -1.581230269498E+03));
#1160 = CARTESIAN_POINT('',(1.321513414623E+04,-375.046,-898.1300002151)
  );
#1161 = CARTESIAN_POINT('',(1.320705747695E+04,-375.046,
    -1.642712180147E+03));
#1162 = CARTESIAN_POINT('',(1.331622401328E+04,-375.046,-888.6073101655)
  );
#1163 = CARTESIAN_POINT('',(1.331013791646E+04,-375.046,
    -1.666557187032E+03));
#1164 = CARTESIAN_POINT('',(1.35130904097E+04,-375.046,-876.7201789847)
  );
#1165 = CARTESIAN_POINT('',(1.350849726296E+04,-375.046,
    -1.710522687336E+03));
#1166 = CARTESIAN_POINT('',(1.36342079106E+04,-375.046,-872.8144426384)
  );
#1167 = CARTESIAN_POINT('',(1.362957461606E+04,-375.046,
    -1.735823986447E+03));
#1168 = CARTESIAN_POINT('',(1.386650454174E+04,-375.046,-871.8568465133)
  );
#1169 = CARTESIAN_POINT('',(1.38635270606E+04,-375.046,
    -1.774204981024E+03));
#1170 = CARTESIAN_POINT('',(1.400710749858E+04,-375.046,-875.2198102303)
  );
#1171 = CARTESIAN_POINT('',(1.400604764443E+04,-375.046,
    -1.791543350135E+03));
#1172 = CARTESIAN_POINT('',(1.427025463431E+04,-375.046,-887.0499861761)
  );
#1173 = CARTESIAN_POINT('',(1.427290506525E+04,-375.046,
    -1.817782971058E+03));
#1174 = CARTESIAN_POINT('',(1.442700948637E+04,-375.046,-897.2953973156)
  );
#1175 = CARTESIAN_POINT('',(1.443202255613E+04,-375.046,
    -1.829717692785E+03));
#1176 = CARTESIAN_POINT('',(1.471337731684E+04,-375.046,-918.1630757133)
  );
#1177 = CARTESIAN_POINT('',(1.472307395956E+04,-375.046,
    -1.844315102702E+03));
#1178 = CARTESIAN_POINT('',(1.488303499105E+04,-375.046,-931.5823562692)
  );
#1179 = CARTESIAN_POINT('',(1.489570533333E+04,-375.046,
    -1.848777521233E+03));
#1180 = CARTESIAN_POINT('',(1.518494440476E+04,-375.046,-957.3989119549)
  );
#1181 = CARTESIAN_POINT('',(1.520293194669E+04,-375.046,
    -1.850096428268E+03));
#1182 = CARTESIAN_POINT('',(1.536335019655E+04,-375.046,-973.7942081509)
  );
#1183 = CARTESIAN_POINT('',(1.538450273239E+04,-375.046,
    -1.846950803191E+03));
#1184 = CARTESIAN_POINT('',(1.567250823598E+04,-375.046,
    -1.003353101074E+03));
#1185 = CARTESIAN_POINT('',(1.569899893618E+04,-375.046,
    -1.83385275339E+03));
#1186 = CARTESIAN_POINT('',(1.585514262492E+04,-375.046,
    -1.021429507825E+03));
#1187 = CARTESIAN_POINT('',(1.588468065112E+04,-375.046,
    -1.821620286355E+03));
#1188 = CARTESIAN_POINT('',(1.616324021636E+04,-375.046,
    -1.053102756109E+03));
#1189 = CARTESIAN_POINT('',(1.619744651208E+04,-375.046,
    -1.793004057975E+03));
#1190 = CARTESIAN_POINT('',(1.634519580377E+04,-375.046,
    -1.072509717106E+03));
#1191 = CARTESIAN_POINT('',(1.638186460109E+04,-375.046,
    -1.77155250283E+03));
#1192 = CARTESIAN_POINT('',(1.664384774373E+04,-375.046,
    -1.10565195947E+03));
#1193 = CARTESIAN_POINT('',(1.668391286926E+04,-375.046,
    -1.730232004922E+03));
#1194 = CARTESIAN_POINT('',(1.682009344047E+04,-375.046,
    -1.125975880444E+03));
#1195 = CARTESIAN_POINT('',(1.686180099894E+04,-375.046,
    -1.702619986544E+03));
#1196 = CARTESIAN_POINT('',(1.710103213761E+04,-375.046,
    -1.16064387308E+03));
#1197 = CARTESIAN_POINT('',(1.714512864939E+04,-375.046,
    -1.65720985564E+03));
#1198 = CARTESIAN_POINT('',(1.726673298139E+04,-375.046,
    -1.182512572829E+03));
#1199 = CARTESIAN_POINT('',(1.73120433517E+04,-375.046,
    -1.629679662349E+03));
#1200 = CARTESIAN_POINT('',(1.752166641878E+04,-375.046,
    -1.218661437522E+03));
#1201 = CARTESIAN_POINT('',(1.756853665454E+04,-375.046,
    -1.586715343382E+03));
#1202 = CARTESIAN_POINT('',(1.767200868352E+04,-375.046,
    -1.241468317405E+03));
#1203 = CARTESIAN_POINT('',(1.771975752138E+04,-375.046,
    -1.561529882604E+03));
#1204 = CARTESIAN_POINT('',(1.789437767068E+04,-375.046,
    -1.277398554868E+03));
#1205 = CARTESIAN_POINT('',(1.794378911512E+04,-375.046,
    -1.529023747967E+03));
#1206 = CARTESIAN_POINT('',(1.802690393359E+04,-375.046,
    -1.300080274076E+03));
#1207 = CARTESIAN_POINT('',(1.80767875874E+04,-375.046,
    -1.512349896012E+03));
#1208 = CARTESIAN_POINT('',(1.821059290153E+04,-375.046,
    -1.333178000603E+03));
#1209 = CARTESIAN_POINT('',(1.825973707569E+04,-375.046,
    -1.492292148173E+03));
#1210 = CARTESIAN_POINT('',(1.831966283168E+04,-375.046,
    -1.353819144939E+03));
#1211 = CARTESIAN_POINT('',(1.836956967608E+04,-375.046,
    -1.482006205797E+03));
#1212 = CARTESIAN_POINT('',(1.846566618886E+04,-375.046,
    -1.382426051304E+03));
#1213 = CARTESIAN_POINT('',(1.851895665462E+04,-375.046,
    -1.470324921746E+03));
#1214 = CARTESIAN_POINT('',(1.863178013137E+04,-375.046,
    -1.415806724403E+03));
#1215 = CARTESIAN_POINT('',(1.868525621576E+04,-375.046,
    -1.459463158718E+03));
#1216 = CARTESIAN_POINT('',(1.875785689153E+04,-375.046,
    -1.44208851936E+03));
#1217 = CARTESIAN_POINT('',(1.880135930774E+04,-375.046,
    -1.4554337377E+03));
#1218 = CARTESIAN_POINT('',(1.8815763E+04,-375.046,-1.45434E+03));
#1219 = CARTESIAN_POINT('',(1.8815763E+04,-375.046,-1.45434E+03));
#1220 = DEFINITIONAL_REPRESENTATION('',(#1221),#1225);
#1221 = LINE('',#1222,#1223);
#1222 = CARTESIAN_POINT('',(0.,0.));
#1223 = VECTOR('',#1224,1.);
#1224 = DIRECTION('',(1.,0.));
#1225 = ( GEOMETRIC_REPRESENTATION_CONTEXT(2) 
PARAMETRIC_REPRESENTATION_CONTEXT() REPRESENTATION_CONTEXT('2D SPACE',''
  ) );
#1226 = ORIENTED_EDGE('',*,*,#1227,.F.);
#1227 = EDGE_CURVE('',#1101,#1103,#1228,.T.);
#1228 = SURFACE_CURVE('',#1229,(#1267),.PCURVE_S1.);
#1229 = B_SPLINE_CURVE_WITH_KNOTS('',3,(#1230,#1231,#1232,#1233,#1234,
    #1235,#1236,#1237,#1238,#1239,#1240,#1241,#1242,#1243,#1244,#1245,
    #1246,#1247,#1248,#1249,#1250,#1251,#1252,#1253,#1254,#1255,#1256,
    #1257,#1258,#1259,#1260,#1261,#1262,#1263,#1264,#1265,#1266),
  .UNSPECIFIED.,.F.,.F.,(4,1,1,1,1,1,1,1,1,1,1,1,1,1,1,1,1,1,1,1,1,1,1,1
    ,1,1,1,1,1,1,1,1,1,1,4),(0.,5.244507851439E-02,5.530559402962E-02,
    8.993427372049E-02,9.382265108168E-02,0.134334820224,0.138387282528,
    0.18398449262,0.188111982525,0.238297891845,0.242709983163,
    0.296583724727,0.301497815281,0.357997026785,0.363560424596,
    0.421665713076,0.427953519982,0.486739583752,0.493742989113,
    0.552372203184,0.560008807678,0.617696329861,0.625838613352,
    0.681780525334,0.69031677217,0.743624783935,0.752510125833,
    0.802134720571,0.811419350389,0.856204379118,0.865986282961,
    0.905716577469,0.916108458748,0.948081478224,1.),.UNSPECIFIED.);
#1230 = CARTESIAN_POINT('',(1.2743744E+04,-375.046,-1.2423E+03));
#1231 = CARTESIAN_POINT('',(1.274112024223E+04,-375.046,
    -1.270112969623E+03));
#1232 = CARTESIAN_POINT('',(1.273739440439E+04,-375.046,
    -1.341924938036E+03));
#1233 = CARTESIAN_POINT('',(1.281429306548E+04,-375.046,
    -1.432723015251E+03));
#1234 = CARTESIAN_POINT('',(1.287355460937E+04,-375.046,
    -1.467168108417E+03));
#1235 = CARTESIAN_POINT('',(1.298631654923E+04,-375.046,
    -1.536908367188E+03));
#1236 = CARTESIAN_POINT('',(1.305615885693E+04,-375.046,
    -1.581230269498E+03));
#1237 = CARTESIAN_POINT('',(1.320705747695E+04,-375.046,
    -1.642712180147E+03));
#1238 = CARTESIAN_POINT('',(1.331013791646E+04,-375.046,
    -1.666557187032E+03));
#1239 = CARTESIAN_POINT('',(1.350849726296E+04,-375.046,
    -1.710522687336E+03));
#1240 = CARTESIAN_POINT('',(1.362957461606E+04,-375.046,
    -1.735823986447E+03));
#1241 = CARTESIAN_POINT('',(1.38635270606E+04,-375.046,
    -1.774204981024E+03));
#1242 = CARTESIAN_POINT('',(1.400604764443E+04,-375.046,
    -1.791543350135E+03));
#1243 = CARTESIAN_POINT('',(1.427290506525E+04,-375.046,
    -1.817782971058E+03));
#1244 = CARTESIAN_POINT('',(1.443202255613E+04,-375.046,
    -1.829717692785E+03));
#1245 = CARTESIAN_POINT('',(1.472307395956E+04,-375.046,
    -1.844315102702E+03));
#1246 = CARTESIAN_POINT('',(1.489570533333E+04,-375.046,
    -1.848777521233E+03));
#1247 = CARTESIAN_POINT('',(1.520293194669E+04,-375.046,
    -1.850096428268E+03));
#1248 = CARTESIAN_POINT('',(1.538450273239E+04,-375.046,
    -1.846950803191E+03));
#1249 = CARTESIAN_POINT('',(1.569899893618E+04,-375.046,
    -1.83385275339E+03));
#1250 = CARTESIAN_POINT('',(1.588468065112E+04,-375.046,
    -1.821620286355E+03));
#1251 = CARTESIAN_POINT('',(1.619744651208E+04,-375.046,
    -1.793004057975E+03));
#1252 = CARTESIAN_POINT('',(1.638186460109E+04,-375.046,
    -1.77155250283E+03));
#1253 = CARTESIAN_POINT('',(1.668391286926E+04,-375.046,
    -1.730232004922E+03));
#1254 = CARTESIAN_POINT('',(1.686180099894E+04,-375.046,
    -1.702619986544E+03));
#1255 = CARTESIAN_POINT('',(1.714512864939E+04,-375.046,
    -1.65720985564E+03));
#1256 = CARTESIAN_POINT('',(1.73120433517E+04,-375.046,
    -1.629679662349E+03));
#1257 = CARTESIAN_POINT('',(1.756853665454E+04,-375.046,
    -1.586715343382E+03));
#1258 = CARTESIAN_POINT('',(1.771975752138E+04,-375.046,
    -1.561529882604E+03));
#1259 = CARTESIAN_POINT('',(1.794378911512E+04,-375.046,
    -1.529023747967E+03));
#1260 = CARTESIAN_POINT('',(1.80767875874E+04,-375.046,
    -1.512349896012E+03));
#1261 = CARTESIAN_POINT('',(1.825973707569E+04,-375.046,
    -1.492292148173E+03));
#1262 = CARTESIAN_POINT('',(1.836956967608E+04,-375.046,
    -1.482006205797E+03));
#1263 = CARTESIAN_POINT('',(1.851895665462E+04,-375.046,
    -1.470324921746E+03));
#1264 = CARTESIAN_POINT('',(1.868525621576E+04,-375.046,
    -1.459463158718E+03));
#1265 = CARTESIAN_POINT('',(1.880135930774E+04,-375.046,
    -1.4554337377E+03));
#1266 = CARTESIAN_POINT('',(1.8815763E+04,-375.046,-1.45434E+03));
#1267 = PCURVE('',#1145,#1268);
#1268 = DEFINITIONAL_REPRESENTATION('',(#1269),#1273);
#1269 = LINE('',#1270,#1271);
#1270 = CARTESIAN_POINT('',(0.,1.));
#1271 = VECTOR('',#1272,1.);
#1272 = DIRECTION('',(1.,0.));
#1273 = ( GEOMETRIC_REPRESENTATION_CONTEXT(2) 
PARAMETRIC_REPRESENTATION_CONTEXT() REPRESENTATION_CONTEXT('2D SPACE',''
  ) );
#1274 = ADVANCED_FACE('',(#1275),#1323,.T.);
#1275 = FACE_BOUND('',#1276,.T.);
#1276 = EDGE_LOOP('',(#1277,#1404));
#1277 = ORIENTED_EDGE('',*,*,#1278,.F.);
#1278 = EDGE_CURVE('',#1279,#1281,#1283,.T.);
#1279 = VERTEX_POINT('',#1280);
#1280 = CARTESIAN_POINT('',(2.0642041E+04,-1.8463479E+04,-197.243));
#1281 = VERTEX_POINT('',#1282);
#1282 = CARTESIAN_POINT('',(2.2136972E+04,-1.8463479E+04,-249.447));
#1283 = SURFACE_CURVE('',#1284,(#1322),.PCURVE_S1.);
#1284 = B_SPLINE_CURVE_WITH_KNOTS('',3,(#1285,#1286,#1287,#1288,#1289,
    #1290,#1291,#1292,#1293,#1294,#1295,#1296,#1297,#1298,#1299,#1300,
    #1301,#1302,#1303,#1304,#1305,#1306,#1307,#1308,#1309,#1310,#1311,
    #1312,#1313,#1314,#1315,#1316,#1317,#1318,#1319,#1320,#1321),
  .UNSPECIFIED.,.F.,.F.,(4,1,1,1,1,1,1,1,1,1,1,1,1,1,1,1,1,1,1,1,1,1,1,1
    ,1,1,1,1,1,1,1,1,1,1,4),(0.,5.244510569454E-02,5.530551701681E-02,
    8.993444023901E-02,9.382261526764E-02,0.13433492303,0.138387204373,
    0.183984686986,0.18811185501,0.238298118752,0.242709791475,
    0.296584003611,0.301497701721,0.357997325701,0.363560390757,
    0.421666033299,0.427953534854,0.486739958186,0.493742991747,
    0.552372582187,0.560008803627,0.617696698631,0.625838661987,
    0.681780944634,0.690316825951,0.743625231272,0.752510260996,
    0.802135161798,0.811419497895,0.856204856604,0.865986512584,
    0.905717085409,0.916108636134,0.948082075721,1.),.UNSPECIFIED.);
#1285 = CARTESIAN_POINT('',(2.0642041E+04,-1.8463479E+04,-197.243));
#1286 = CARTESIAN_POINT('',(2.064168764348E+04,-1.8463479E+04,
    -190.757178447));
#1287 = CARTESIAN_POINT('',(2.064153604685E+04,-1.8463479E+04,
    -172.0493133635));
#1288 = CARTESIAN_POINT('',(2.065873853402E+04,-1.8463479E+04,
    -148.0116441439));
#1289 = CARTESIAN_POINT('',(2.067238537367E+04,-1.8463479E+04,
    -139.3980130314));
#1290 = CARTESIAN_POINT('',(2.070112117615E+04,-1.8463479E+04,
    -126.1608247377));
#1291 = CARTESIAN_POINT('',(2.071994600247E+04,-1.8463479E+04,
    -120.1912113585));
#1292 = CARTESIAN_POINT('',(2.075809790456E+04,-1.8463479E+04,
    -112.5085332819));
#1293 = CARTESIAN_POINT('',(2.078298592895E+04,-1.8463479E+04,
    -110.1639173744));
#1294 = CARTESIAN_POINT('',(2.083145440449E+04,-1.8463479E+04,
    -107.2370009329));
#1295 = CARTESIAN_POINT('',(2.086127337619E+04,-1.8463479E+04,
    -106.275227096));
#1296 = CARTESIAN_POINT('',(2.091846503088E+04,-1.8463479E+04,
    -106.0396083001));
#1297 = CARTESIAN_POINT('',(2.095308124625E+04,-1.8463479E+04,
    -106.8679822805));
#1298 = CARTESIAN_POINT('',(2.101786844239E+04,-1.8463479E+04,
    -109.7807416412));
#1299 = CARTESIAN_POINT('',(2.105646148927E+04,-1.8463479E+04,
    -112.302809539));
#1300 = CARTESIAN_POINT('',(2.112696562669E+04,-1.8463479E+04,
    -117.4402742286));
#1301 = CARTESIAN_POINT('',(2.116873510156E+04,-1.8463479E+04,
    -120.7443194753));
#1302 = CARTESIAN_POINT('',(2.124306527709E+04,-1.8463479E+04,
    -127.1008156543));
#1303 = CARTESIAN_POINT('',(2.128698848541E+04,-1.8463479E+04,
    -131.1375589889));
#1304 = CARTESIAN_POINT('',(2.136310337026E+04,-1.8463479E+04,
    -138.4146998442));
#1305 = CARTESIAN_POINT('',(2.140806778646E+04,-1.8463479E+04,
    -142.8644711561));
#1306 = CARTESIAN_POINT('',(2.148392159446E+04,-1.8463479E+04,
    -150.6622578895));
#1307 = CARTESIAN_POINT('',(2.152871872581E+04,-1.8463479E+04,
    -155.4407402631));
#1308 = CARTESIAN_POINT('',(2.160224711932E+04,-1.8463479E+04,
    -163.6006377849));
#1309 = CARTESIAN_POINT('',(2.1645638822E+04,-1.8463479E+04,
    -168.6040337226));
#1310 = CARTESIAN_POINT('',(2.171480614698E+04,-1.8463479E+04,
    -177.1389046697));
#1311 = CARTESIAN_POINT('',(2.175560126995E+04,-1.8463479E+04,
    -182.522854059));
#1312 = CARTESIAN_POINT('',(2.181836600029E+04,-1.8463479E+04,
    -191.4230623786));
#1313 = CARTESIAN_POINT('',(2.185538029195E+04,-1.8463479E+04,
    -197.0385928193));
#1314 = CARTESIAN_POINT('',(2.191012781988E+04,-1.8463479E+04,
    -205.8847790791));
#1315 = CARTESIAN_POINT('',(2.194275557477E+04,-1.8463479E+04,
    -211.468606863));
#1316 = CARTESIAN_POINT('',(2.198797985651E+04,-1.8463479E+04,
    -219.6172702243));
#1317 = CARTESIAN_POINT('',(2.20148327302E+04,-1.8463479E+04,
    -224.6995549363));
#1318 = CARTESIAN_POINT('',(2.205077888868E+04,-1.8463479E+04,
    -231.7428179881));
#1319 = CARTESIAN_POINT('',(2.209167582401E+04,-1.8463479E+04,
    -239.9606535817));
#1320 = CARTESIAN_POINT('',(2.212271568551E+04,-1.8463479E+04,
    -246.4305817545));
#1321 = CARTESIAN_POINT('',(2.2136972E+04,-1.8463479E+04,-249.447));
#1322 = PCURVE('',#1323,#1398);
#1323 = B_SPLINE_SURFACE_WITH_KNOTS('',1,3,(
    (#1324,#1325,#1326,#1327,#1328,#1329,#1330,#1331,#1332,#1333,#1334
      ,#1335,#1336,#1337,#1338,#1339,#1340,#1341,#1342,#1343,#1344,#1345
      ,#1346,#1347,#1348,#1349,#1350,#1351,#1352,#1353,#1354,#1355,#1356
      ,#1357,#1358,#1359,#1360)
    ,(#1361,#1362,#1363,#1364,#1365,#1366,#1367,#1368,#1369,#1370,#1371
      ,#1372,#1373,#1374,#1375,#1376,#1377,#1378,#1379,#1380,#1381,#1382
      ,#1383,#1384,#1385,#1386,#1387,#1388,#1389,#1390,#1391,#1392,#1393
      ,#1394,#1395,#1396,#1397
    )),.UNSPECIFIED.,.F.,.F.,.F.,(2,2),(4,1,1,1,1,1,1,1,1,1,1,1,1,1,1,1,
    1,1,1,1,1,1,1,1,1,1,1,1,1,1,1,1,1,1,4),(0.,1.),(0.,
    5.244510569454E-02,5.530551701681E-02,8.993444023901E-02,
    9.382261526764E-02,0.13433492303,0.138387204373,0.183984686986,
    0.18811185501,0.238298118752,0.242709791475,0.296584003611,
    0.301497701721,0.357997325701,0.363560390757,0.421666033299,
    0.427953534854,0.486739958186,0.493742991747,0.552372582187,
    0.560008803627,0.617696698631,0.625838661987,0.681780944634,
    0.690316825951,0.743625231272,0.752510260996,0.802135161798,
    0.811419497895,0.856204856604,0.865986512584,0.905717085409,
    0.916108636134,0.948082075721,1.),.UNSPECIFIED.);
#1324 = CARTESIAN_POINT('',(2.0642041E+04,-1.8463479E+04,-197.243));
#1325 = CARTESIAN_POINT('',(2.064168764348E+04,-1.8463479E+04,
    -190.757178447));
#1326 = CARTESIAN_POINT('',(2.064153604685E+04,-1.8463479E+04,
    -172.0493133635));
#1327 = CARTESIAN_POINT('',(2.065873853402E+04,-1.8463479E+04,
    -148.0116441439));
#1328 = CARTESIAN_POINT('',(2.067238537367E+04,-1.8463479E+04,
    -139.3980130314));
#1329 = CARTESIAN_POINT('',(2.070112117615E+04,-1.8463479E+04,
    -126.1608247377));
#1330 = CARTESIAN_POINT('',(2.071994600247E+04,-1.8463479E+04,
    -120.1912113585));
#1331 = CARTESIAN_POINT('',(2.075809790456E+04,-1.8463479E+04,
    -112.5085332819));
#1332 = CARTESIAN_POINT('',(2.078298592895E+04,-1.8463479E+04,
    -110.1639173744));
#1333 = CARTESIAN_POINT('',(2.083145440449E+04,-1.8463479E+04,
    -107.2370009329));
#1334 = CARTESIAN_POINT('',(2.086127337619E+04,-1.8463479E+04,
    -106.275227096));
#1335 = CARTESIAN_POINT('',(2.091846503088E+04,-1.8463479E+04,
    -106.0396083001));
#1336 = CARTESIAN_POINT('',(2.095308124625E+04,-1.8463479E+04,
    -106.8679822805));
#1337 = CARTESIAN_POINT('',(2.101786844239E+04,-1.8463479E+04,
    -109.7807416412));
#1338 = CARTESIAN_POINT('',(2.105646148927E+04,-1.8463479E+04,
    -112.302809539));
#1339 = CARTESIAN_POINT('',(2.112696562669E+04,-1.8463479E+04,
    -117.4402742286));
#1340 = CARTESIAN_POINT('',(2.116873510156E+04,-1.8463479E+04,
    -120.7443194753));
#1341 = CARTESIAN_POINT('',(2.124306527709E+04,-1.8463479E+04,
    -127.1008156543));
#1342 = CARTESIAN_POINT('',(2.128698848541E+04,-1.8463479E+04,
    -131.1375589889));
#1343 = CARTESIAN_POINT('',(2.136310337026E+04,-1.8463479E+04,
    -138.4146998442));
#1344 = CARTESIAN_POINT('',(2.140806778646E+04,-1.8463479E+04,
    -142.8644711561));
#1345 = CARTESIAN_POINT('',(2.148392159446E+04,-1.8463479E+04,
    -150.6622578895));
#1346 = CARTESIAN_POINT('',(2.152871872581E+04,-1.8463479E+04,
    -155.4407402631));
#1347 = CARTESIAN_POINT('',(2.160224711932E+04,-1.8463479E+04,
    -163.6006377849));
#1348 = CARTESIAN_POINT('',(2.1645638822E+04,-1.8463479E+04,
    -168.6040337226));
#1349 = CARTESIAN_POINT('',(2.171480614698E+04,-1.8463479E+04,
    -177.1389046697));
#1350 = CARTESIAN_POINT('',(2.175560126995E+04,-1.8463479E+04,
    -182.522854059));
#1351 = CARTESIAN_POINT('',(2.181836600029E+04,-1.8463479E+04,
    -191.4230623786));
#1352 = CARTESIAN_POINT('',(2.185538029195E+04,-1.8463479E+04,
    -197.0385928193));
#1353 = CARTESIAN_POINT('',(2.191012781988E+04,-1.8463479E+04,
    -205.8847790791));
#1354 = CARTESIAN_POINT('',(2.194275557477E+04,-1.8463479E+04,
    -211.468606863));
#1355 = CARTESIAN_POINT('',(2.198797985651E+04,-1.8463479E+04,
    -219.6172702243));
#1356 = CARTESIAN_POINT('',(2.20148327302E+04,-1.8463479E+04,
    -224.6995549363));
#1357 = CARTESIAN_POINT('',(2.205077888868E+04,-1.8463479E+04,
    -231.7428179881));
#1358 = CARTESIAN_POINT('',(2.209167582401E+04,-1.8463479E+04,
    -239.9606535817));
#1359 = CARTESIAN_POINT('',(2.212271568551E+04,-1.8463479E+04,
    -246.4305817545));
#1360 = CARTESIAN_POINT('',(2.2136972E+04,-1.8463479E+04,-249.447));
#1361 = CARTESIAN_POINT('',(2.0642041E+04,-1.8463479E+04,-197.243));
#1362 = CARTESIAN_POINT('',(2.064139488573E+04,-1.8463479E+04,
    -204.0901598929));
#1363 = CARTESIAN_POINT('',(2.064047815998E+04,-1.8463479E+04,
    -221.7708178605));
#1364 = CARTESIAN_POINT('',(2.065941043451E+04,-1.8463479E+04,
    -244.1255803538));
#1365 = CARTESIAN_POINT('',(2.06740002531E+04,-1.8463479E+04,
    -252.6058346817));
#1366 = CARTESIAN_POINT('',(2.070176229709E+04,-1.8463479E+04,
    -269.7756193638));
#1367 = CARTESIAN_POINT('',(2.071895776863E+04,-1.8463479E+04,
    -280.6873977592));
#1368 = CARTESIAN_POINT('',(2.075610924047E+04,-1.8463479E+04,
    -295.8241118337));
#1369 = CARTESIAN_POINT('',(2.078148730155E+04,-1.8463479E+04,
    -301.6947548621));
#1370 = CARTESIAN_POINT('',(2.083032345177E+04,-1.8463479E+04,
    -312.5193036223));
#1371 = CARTESIAN_POINT('',(2.086013266326E+04,-1.8463479E+04,
    -318.7486659865));
#1372 = CARTESIAN_POINT('',(2.091773196287E+04,-1.8463479E+04,
    -328.1985204984));
#1373 = CARTESIAN_POINT('',(2.095282017345E+04,-1.8463479E+04,
    -332.4674178735));
#1374 = CARTESIAN_POINT('',(2.101852060443E+04,-1.8463479E+04,
    -338.9273869702));
#1375 = CARTESIAN_POINT('',(2.105769515621E+04,-1.8463479E+04,
    -341.8652322238));
#1376 = CARTESIAN_POINT('',(2.112935233902E+04,-1.8463479E+04,
    -345.459079808));
#1377 = CARTESIAN_POINT('',(2.117185407144E+04,-1.8463479E+04,
    -346.5580896879));
#1378 = CARTESIAN_POINT('',(2.124749342716E+04,-1.8463479E+04,
    -346.8826599546));
#1379 = CARTESIAN_POINT('',(2.129219581798E+04,-1.8463479E+04,
    -346.1077506783));
#1380 = CARTESIAN_POINT('',(2.136962501296E+04,-1.8463479E+04,
    -342.8830742092));
#1381 = CARTESIAN_POINT('',(2.141533973406E+04,-1.8463479E+04,
    -339.871909917));
#1382 = CARTESIAN_POINT('',(2.149234291228E+04,-1.8463479E+04,
    -332.8266363179));
#1383 = CARTESIAN_POINT('',(2.153774632759E+04,-1.8463479E+04,
    -327.5449732842));
#1384 = CARTESIAN_POINT('',(2.161211057311E+04,-1.8463479E+04,
    -317.3715122266));
#1385 = CARTESIAN_POINT('',(2.165590625153E+04,-1.8463479E+04,
    -310.5734038581));
#1386 = CARTESIAN_POINT('',(2.172566197503E+04,-1.8463479E+04,
    -299.393721633));
#1387 = CARTESIAN_POINT('',(2.176675656409E+04,-1.8463479E+04,
    -292.6161680975));
#1388 = CARTESIAN_POINT('',(2.182990551804E+04,-1.8463479E+04,
    -282.038236112));
#1389 = CARTESIAN_POINT('',(2.18671357419E+04,-1.8463479E+04,
    -275.8372924611));
#1390 = CARTESIAN_POINT('',(2.192229209846E+04,-1.8463479E+04,
    -267.8343003772));
#1391 = CARTESIAN_POINT('',(2.195503598811E+04,-1.8463479E+04,
    -263.7294306933));
#1392 = CARTESIAN_POINT('',(2.200007859996E+04,-1.8463479E+04,
    -258.7910624759));
#1393 = CARTESIAN_POINT('',(2.202711962015E+04,-1.8463479E+04,
    -256.2584290858));
#1394 = CARTESIAN_POINT('',(2.206389880429E+04,-1.8463479E+04,
    -253.3824719439));
#1395 = CARTESIAN_POINT('',(2.21048411988E+04,-1.8463479E+04,
    -250.708484239));
#1396 = CARTESIAN_POINT('',(2.21334261925E+04,-1.8463479E+04,
    -249.7161451884));
#1397 = CARTESIAN_POINT('',(2.2136972E+04,-1.8463479E+04,-249.447));
#1398 = DEFINITIONAL_REPRESENTATION('',(#1399),#1403);
#1399 = LINE('',#1400,#1401);
#1400 = CARTESIAN_POINT('',(0.,0.));
#1401 = VECTOR('',#1402,1.);
#1402 = DIRECTION('',(0.,1.));
#1403 = ( GEOMETRIC_REPRESENTATION_CONTEXT(2) 
PARAMETRIC_REPRESENTATION_CONTEXT() REPRESENTATION_CONTEXT('2D SPACE',''
  ) );
#1404 = ORIENTED_EDGE('',*,*,#1405,.T.);
#1405 = EDGE_CURVE('',#1279,#1281,#1406,.T.);
#1406 = SURFACE_CURVE('',#1407,(#1445),.PCURVE_S1.);
#1407 = B_SPLINE_CURVE_WITH_KNOTS('',3,(#1408,#1409,#1410,#1411,#1412,
    #1413,#1414,#1415,#1416,#1417,#1418,#1419,#1420,#1421,#1422,#1423,
    #1424,#1425,#1426,#1427,#1428,#1429,#1430,#1431,#1432,#1433,#1434,
    #1435,#1436,#1437,#1438,#1439,#1440,#1441,#1442,#1443,#1444),
  .UNSPECIFIED.,.F.,.F.,(4,1,1,1,1,1,1,1,1,1,1,1,1,1,1,1,1,1,1,1,1,1,1,1
    ,1,1,1,1,1,1,1,1,1,1,4),(0.,5.244510569454E-02,5.530551701681E-02,
    8.993444023901E-02,9.382261526764E-02,0.13433492303,0.138387204373,
    0.183984686986,0.18811185501,0.238298118752,0.242709791475,
    0.296584003611,0.301497701721,0.357997325701,0.363560390757,
    0.421666033299,0.427953534854,0.486739958186,0.493742991747,
    0.552372582187,0.560008803627,0.617696698631,0.625838661987,
    0.681780944634,0.690316825951,0.743625231272,0.752510260996,
    0.802135161798,0.811419497895,0.856204856604,0.865986512584,
    0.905717085409,0.916108636134,0.948082075721,1.),.UNSPECIFIED.);
#1408 = CARTESIAN_POINT('',(2.0642041E+04,-1.8463479E+04,-197.243));
#1409 = CARTESIAN_POINT('',(2.064139488573E+04,-1.8463479E+04,
    -204.0901598929));
#1410 = CARTESIAN_POINT('',(2.064047815998E+04,-1.8463479E+04,
    -221.7708178605));
#1411 = CARTESIAN_POINT('',(2.065941043451E+04,-1.8463479E+04,
    -244.1255803538));
#1412 = CARTESIAN_POINT('',(2.06740002531E+04,-1.8463479E+04,
    -252.6058346817));
#1413 = CARTESIAN_POINT('',(2.070176229709E+04,-1.8463479E+04,
    -269.7756193638));
#1414 = CARTESIAN_POINT('',(2.071895776863E+04,-1.8463479E+04,
    -280.6873977592));
#1415 = CARTESIAN_POINT('',(2.075610924047E+04,-1.8463479E+04,
    -295.8241118337));
#1416 = CARTESIAN_POINT('',(2.078148730155E+04,-1.8463479E+04,
    -301.6947548621));
#1417 = CARTESIAN_POINT('',(2.083032345177E+04,-1.8463479E+04,
    -312.5193036223));
#1418 = CARTESIAN_POINT('',(2.086013266326E+04,-1.8463479E+04,
    -318.7486659865));
#1419 = CARTESIAN_POINT('',(2.091773196287E+04,-1.8463479E+04,
    -328.1985204984));
#1420 = CARTESIAN_POINT('',(2.095282017345E+04,-1.8463479E+04,
    -332.4674178735));
#1421 = CARTESIAN_POINT('',(2.101852060443E+04,-1.8463479E+04,
    -338.9273869702));
#1422 = CARTESIAN_POINT('',(2.105769515621E+04,-1.8463479E+04,
    -341.8652322238));
#1423 = CARTESIAN_POINT('',(2.112935233902E+04,-1.8463479E+04,
    -345.459079808));
#1424 = CARTESIAN_POINT('',(2.117185407144E+04,-1.8463479E+04,
    -346.5580896879));
#1425 = CARTESIAN_POINT('',(2.124749342716E+04,-1.8463479E+04,
    -346.8826599546));
#1426 = CARTESIAN_POINT('',(2.129219581798E+04,-1.8463479E+04,
    -346.1077506783));
#1427 = CARTESIAN_POINT('',(2.136962501296E+04,-1.8463479E+04,
    -342.8830742092));
#1428 = CARTESIAN_POINT('',(2.141533973406E+04,-1.8463479E+04,
    -339.871909917));
#1429 = CARTESIAN_POINT('',(2.149234291228E+04,-1.8463479E+04,
    -332.8266363179));
#1430 = CARTESIAN_POINT('',(2.153774632759E+04,-1.8463479E+04,
    -327.5449732842));
#1431 = CARTESIAN_POINT('',(2.161211057311E+04,-1.8463479E+04,
    -317.3715122266));
#1432 = CARTESIAN_POINT('',(2.165590625153E+04,-1.8463479E+04,
    -310.5734038581));
#1433 = CARTESIAN_POINT('',(2.172566197503E+04,-1.8463479E+04,
    -299.393721633));
#1434 = CARTESIAN_POINT('',(2.176675656409E+04,-1.8463479E+04,
    -292.6161680975));
#1435 = CARTESIAN_POINT('',(2.182990551804E+04,-1.8463479E+04,
    -282.038236112));
#1436 = CARTESIAN_POINT('',(2.18671357419E+04,-1.8463479E+04,
    -275.8372924611));
#1437 = CARTESIAN_POINT('',(2.192229209846E+04,-1.8463479E+04,
    -267.8343003772));
#1438 = CARTESIAN_POINT('',(2.195503598811E+04,-1.8463479E+04,
    -263.7294306933));
#1439 = CARTESIAN_POINT('',(2.200007859996E+04,-1.8463479E+04,
    -258.7910624759));
#1440 = CARTESIAN_POINT('',(2.202711962015E+04,-1.8463479E+04,
    -256.2584290858));
#1441 = CARTESIAN_POINT('',(2.206389880429E+04,-1.8463479E+04,
    -253.3824719439));
#1442 = CARTESIAN_POINT('',(2.21048411988E+04,-1.8463479E+04,
    -250.708484239));
#1443 = CARTESIAN_POINT('',(2.21334261925E+04,-1.8463479E+04,
    -249.7161451884));
#1444 = CARTESIAN_POINT('',(2.2136972E+04,-1.8463479E+04,-249.447));
#1445 = PCURVE('',#1323,#1446);
#1446 = DEFINITIONAL_REPRESENTATION('',(#1447),#1451);
#1447 = LINE('',#1448,#1449);
#1448 = CARTESIAN_POINT('',(1.,0.));
#1449 = VECTOR('',#1450,1.);
#1450 = DIRECTION('',(0.,1.));
#1451 = ( GEOMETRIC_REPRESENTATION_CONTEXT(2) 
PARAMETRIC_REPRESENTATION_CONTEXT() REPRESENTATION_CONTEXT('2D SPACE',''
  ) );
#1452 = ( GEOMETRIC_REPRESENTATION_CONTEXT(3) 
GLOBAL_UNCERTAINTY_ASSIGNED_CONTEXT((#1456)) 
GLOBAL_UNIT_ASSIGNED_CONTEXT((#1453,#1454,#1455)) REPRESENTATION_CONTEXT
('Context #1','3D Context with UNIT and UNCERTAINTY') );
#1453 = ( LENGTH_UNIT() NAMED_UNIT(*) SI_UNIT(.MILLI.,.METRE.) );
#1454 = ( NAMED_UNIT(*) PLANE_ANGLE_UNIT() SI_UNIT($,.RADIAN.) );
#1455 = ( NAMED_UNIT(*) SI_UNIT($,.STERADIAN.) SOLID_ANGLE_UNIT() );
#1456 = UNCERTAINTY_MEASURE_WITH_UNIT(LENGTH_MEASURE(1.E-07),#1453,
  'distance_accuracy_value','confusion accuracy');
#1457 = PRODUCT_RELATED_PRODUCT_CATEGORY('part',$,(#7));
ENDSEC;
END-ISO-10303-21;
